field_id,label_class,sample_type,source,source_point_id,source_queue_id,source_labeler,blob_share,field_coverage,promoted_by,n_labels_touching,area_m2,crop_class,note
-75139518_38413701,0,negative,negative_pass,,933,mike,,,,,420907.14,5,
-75145133_38282276,0,negative,negative_pass,,395,tien,,,,,16189.22,5,
-75162419_38423267,0,negative,negative_pass,,640,sienna,,,,,34176.14,5,
-75165563_38276487,0,negative,negative_pass,,103,maddie,,,,,16189.24,5,
-75168334_38370899,0,negative,negative_pass,,943,mike,,,,,48566.68,5,
-75190129_38304963,0,negative,negative_pass,,133,maddie,,,,,14390.34,5,
-75200214_38307683,0,negative,negative_pass,,178,maddie,,,,,67454.69,5,
-75201427_38389048,0,negative,negative_pass,,406,taryn,,,,,59359.03,1,
-75202344_38322519,0,negative,negative_pass,,761,mara,,,,,39573.29,5,
-75206149_38264610,0,negative,negative_pass,,636,sienna,,,,,17988.1,5,
-75214221_38403461,,excluded_band,legacy_seed,138,,mike,0.0014,0.0049,,1,102528.9,5,blob only clips this field; see Q-03
-75219864_38403293,1,positive,legacy_seed,138,,mike,0.8765,0.8779,both,1,358851.15,1,
-75221173_38405567,1,positive,legacy_seed,138,,mike,0.0975,0.7645,field_coverage,1,45868.17,5,
-75225529_38407950,0,negative,negative_pass,,338,tien,,,,,253623.84,1,
-75226922_38286653,0,negative,negative_pass,,600,sienna,,,,,286009.28,5,
-75231347_38286074,,excluded_band,legacy_seed,73,,ayush,0.0002,0.0272,,1,10792.8,1,blob only clips this field; see Q-03
-75233875_38317869,0,negative,negative_pass,,418,taryn,,,,,256327.25,1,
-75236817_38393070,1,positive,legacy_seed,128,,ayush,0.9455,0.618,blob_share,2,1215959.62,1,
-75237671_38285902,1,positive,legacy_seed,59,,sienna,0.179,0.9629,both,1,14390.41,1,
-75238561_38285714,1,positive,legacy_seed,59,,sienna,0.6593,0.3558,blob_share,2,143904.07,5,
-75238652_38381275,,excluded_band,legacy_seed,123,,maddie,0.0,0.0,,1,1155704.38,1,blob only clips this field; see Q-03
-75239780_38296722,1,positive,legacy_seed,73,,ayush,0.4355,0.9031,both,1,872416.26,5,
-75242165_38290094,1,positive,legacy_seed,64,,ayush,1.0,0.5914,blob_share,2,1602729.98,1,
-75244065_38385909,1,positive,legacy_seed,123,,maddie,0.4735,0.7041,both,1,558514.92,26,
-75244554_38398117,,excluded_band,legacy_seed,127,,maddie,0.0,0.0015,,1,37773.85,26,blob only clips this field; see Q-03
-75244741_38400324,,excluded_band,legacy_seed,127,,maddie,0.0,0.0004,,1,12591.28,5,blob only clips this field; see Q-03
-75246111_38393771,1,positive,legacy_seed,127,,maddie,0.013,0.9874,field_coverage,1,26081.97,26,
-75251412_38297492,,excluded_band,legacy_seed,73,,ayush,0.0,0.0001,,1,207760.95,26,blob only clips this field; see Q-03
-75252936_38228779,,excluded_band,legacy_seed,50,,mara,0.0015,0.0014,,1,367859.54,1,blob only clips this field; see Q-03
-75253565_38393427,1,positive,legacy_seed,127,,maddie,0.9567,0.9805,both,2,1936361.58,1,
-75253898_38371148,0,negative,negative_pass,,988,ayush,,,,,26082.1,1,
-75256516_38381553,,excluded_band,legacy_seed,127,,maddie,0.0001,0.0003,,1,371444.26,5,blob only clips this field; see Q-03
-75257056_38231775,1,positive,legacy_seed,50,,mara,0.9679,0.9067,both,1,348072.24,5,
-75257145_38437309,,excluded_band,legacy_seed,204,,sienna,0.0003,0.0004,,1,195163.15,26,blob only clips this field; see Q-03
-75257776_38451375,0,negative,negative_pass,,633,sienna,,,,,899.37,1,
-75260474_38403327,,excluded_band,legacy_seed,127,,maddie,0.0028,0.0048,,1,1187176.63,5,blob only clips this field; see Q-03
-75263074_38447230,1,positive,legacy_seed,231,,sienna,0.9269,0.556,blob_share,1,288696.91,59,
-75265520_38446460,,excluded_band,legacy_seed,231,,sienna,0.0037,0.0338,,1,18886.72,5,blob only clips this field; see Q-03
-75265854_38445011,,excluded_band,legacy_seed,231,,sienna,0.0008,0.0008,,1,187068.49,26,blob only clips this field; see Q-03
-75268658_38433325,1,positive,legacy_seed,197,,ayush,0.9521,0.3239,blob_share,2,656540.22,1,
-75275870_38442637,1,positive,legacy_seed,230,,ayush,0.9447,0.2141,blob_share,1,965921.52,1,
-75277944_38336196,0,negative,negative_pass,,615,sienna,,,,,172682.9,5,
-75284690_38443639,,excluded_band,legacy_seed,230,,ayush,0.0028,0.0012,,1,487457.46,26,blob only clips this field; see Q-03
-75288489_38448218,1,positive,legacy_seed,233,,maddie,0.6735,0.3272,blob_share,1,302187.34,59,
-75290257_38427467,,excluded_band,legacy_seed,191,,sienna,0.1417,0.4506,,1,124113.25,5,blob only clips this field; see Q-03
-75290267_38443439,1,positive,legacy_seed,233,,maddie,0.1771,0.9958,both,1,26081.67,26,
-75292328_38292833,0,negative,negative_pass,,3,maddie,,,,,303996.85,1,
-75293714_38430664,1,positive,legacy_seed,191,,sienna,0.8312,0.4329,blob_share,1,758169.53,1,
-75296301_38139530,0,negative,negative_pass,,430,taryn,,,,,48569.24,1,
-75300541_38440711,1,positive,legacy_seed,208,,sienna,0.9481,0.5947,blob_share,4,2292490.63,5,
-75305194_38419677,1,positive,legacy_seed,170,,taryn,0.0459,0.9283,field_coverage,1,14389.96,26,
-75306110_38421984,1,positive,legacy_seed,170,,taryn,0.7692,0.9857,both,1,246428.06,5,
-75326407_38203012,0,negative,negative_pass,,904,mike,,,,,88142.9,1,
-75333907_38173430,0,negative,negative_pass,,707,sienna,,,,,49468.29,1,
-75334411_38372917,1,positive,legacy_seed,107,,mike,0.9592,0.3006,blob_share,1,226644.4,1,
-75342746_38405012,,excluded_band,legacy_seed,143,,taryn,0.003,0.0677,,1,15289.39,5,blob only clips this field; see Q-03
-75343809_38412768,,excluded_band,legacy_seed,143,,taryn,0.006,0.1197,,1,17088.11,5,blob only clips this field; see Q-03
-75348193_38440490,0,negative,negative_pass,,212,tien,,,,,107924.24,26,
-75348611_38246717,0,negative,negative_pass,,336,tien,,,,,384047.4,1,
-75361684_38367037,0,negative,negative_pass,,834,mara,,,,,142102.64,1,
-75364742_38085451,0,negative,negative_pass,,848,mike,,,,,17089.39,1,
-75365465_38118169,0,negative,negative_pass,,791,mara,,,,,120524.26,1,
-75365844_38184103,1,positive,negative_pass,,,tien,,,,,593618.02,1,rescued from rejection: truss
-75368437_38439690,,excluded_band,legacy_seed,196,,maddie,0.0041,0.0068,,1,235634.64,1,blob only clips this field; see Q-03
-75373142_38437799,1,positive,legacy_seed,196,,maddie,0.842,0.545,blob_share,1,598080.55,5,
-75376767_38147248,0,negative,negative_pass,,417,taryn,,,,,18888.01,5,
-75377116_38437153,,excluded_band,legacy_seed,196,,maddie,0.1406,0.22,,1,247326.58,1,blob only clips this field; see Q-03
-75377666_38331729,,excluded_band,legacy_seed,79,,ayush,0.0022,0.0096,,1,73750.06,1,blob only clips this field; see Q-03
-75377860_38299227,0,negative,negative_pass,,340,tien,,,,,165489.17,5,
-75378026_38182568,0,negative,negative_pass,,959,mike,,,,,32379.18,5,
-75379993_38330716,,excluded_band,legacy_seed,79,,ayush,0.0783,0.4905,,1,51265.3,5,blob only clips this field; see Q-03
-75380613_38391803,1,positive,legacy_seed,126,,ayush,0.9754,0.4134,blob_share,1,719502.93,1,
-75382030_38302967,0,negative,negative_pass,,758,mara,,,,,25183.11,26,
-75383896_38331268,1,positive,legacy_seed,79,,ayush,0.8273,0.9749,both,1,272515.51,1,
-75384081_38399397,1,positive,legacy_seed,135,,sienna,0.9286,0.2744,blob_share,1,954239.12,1,
-75385894_38313760,0,negative,negative_pass,,45,maddie,,,,,71052.18,1,
-75386382_38044632,1,positive,legacy_seed,24,,ayush,0.9713,0.8852,both,1,750141.16,5,
-75386876_38105112,0,negative,negative_pass,,11,maddie,,,,,413741.21,1,
-75391114_38097503,0,negative,negative_pass,,251,tien,,,,,80050.07,1,
-75392299_38449578,1,positive,negative_pass,,,taryn,,,,,143898.69,1,rescued from rejection: Truss
-75393171_38266767,0,negative,negative_pass,,836,mara,,,,,96236.26,5,
-75394422_38392475,,excluded_band,legacy_seed,126,,ayush,0.0023,0.001,,1,669137.63,5,blob only clips this field; see Q-03
-75395713_38156768,1,positive,legacy_seed,40,,mara,0.6629,0.2583,blob_share,1,919214.24,1,
-75395739_38059264,1,positive,legacy_seed,30,,taryn,0.1216,0.9457,field_coverage,1,143911.49,5,
-75396265_38188728,,excluded_band,legacy_seed,46,,sienna,0.0932,0.3019,,1,136711.89,1,blob only clips this field; see Q-03
-75396554_38052417,1,positive,legacy_seed,30,,taryn,0.01,0.7869,field_coverage,1,11692.83,1,
-75397840_38193251,1,positive,legacy_seed,46,,sienna,0.2057,0.2496,blob_share,1,365164.27,5,
-75398372_38057963,1,positive,legacy_seed,30,,taryn,0.2061,0.9571,both,1,198777.8,1,
-75398485_38187828,,excluded_band,legacy_seed,46,,sienna,0.0129,0.2643,,1,23384.93,5,blob only clips this field; see Q-03
-75398915_38054283,1,positive,legacy_seed,30,,taryn,0.3936,0.7769,both,1,467712.86,5,
-75399220_38162225,1,positive,legacy_seed,40,,mara,0.1003,0.9999,field_coverage,1,35977.03,26,
-75400486_38020132,0,negative,negative_pass,,502,taryn,,,,,33279.83,1,
-75401618_38061092,1,positive,legacy_seed,30,,taryn,0.0135,0.9884,field_coverage,1,12592.25,5,
-75401952_38014040,0,negative,negative_pass,,99,maddie,,,,,18888.58,1,
-75401963_38190045,1,positive,legacy_seed,46,,sienna,0.608,0.9884,both,1,272524.27,26,
-75402134_38056518,1,positive,legacy_seed,30,,taryn,0.0817,0.9983,field_coverage,1,75553.58,1,
-75402667_38160600,1,positive,legacy_seed,40,,mara,0.1892,0.1544,blob_share,1,438919.92,5,
-75402675_38308147,0,negative,negative_pass,,661,sienna,,,,,281510.9,1,
-75403026_38058168,1,positive,legacy_seed,30,,taryn,0.0214,0.9999,field_coverage,1,19787.83,5,
-75404491_38072031,1,positive,legacy_seed,33,,sienna,0.9451,0.8566,both,1,250944.93,1,
-75405189_38053833,1,positive,legacy_seed,30,,taryn,0.0421,0.8152,field_coverage,1,47670.74,1,
-75405823_38061080,1,positive,legacy_seed,32,,mara,0.946,0.9466,both,1,309409.57,1,
-75411897_38215133,0,negative,negative_pass,,921,mike,,,,,26982.45,5,
-75415260_38438902,1,positive,legacy_seed,220,,mara,0.9455,0.092,blob_share,2,554011.31,5,
-75415424_38428627,0,negative,negative_pass,,6,maddie,,,,,127710.7,1,
-75416977_38448819,,excluded_band,legacy_seed,251,,tien,0.0054,0.0183,,1,154691.12,1,blob only clips this field; see Q-03
-75422093_38436419,1,positive,legacy_seed,194,,mike,0.963,0.8475,both,1,455980.35,1,
-75426446_38027684,0,negative,negative_pass,,752,mara,,,,,381368.18,1,
-75426519_38016294,1,positive,legacy_seed,10,,tien,0.1373,0.9865,field_coverage,1,141214.53,43,
-75426951_38011632,,excluded_band,legacy_seed,10,,tien,0.0,0.0012,,1,14391.3,1,blob only clips this field; see Q-03
-75427881_38448734,1,positive,legacy_seed,251,,tien,0.9456,0.6155,blob_share,1,802235.39,5,
-75429936_38017931,1,positive,legacy_seed,10,,tien,0.2909,0.8917,both,1,330999.53,26,
-75430710_38013350,1,positive,legacy_seed,10,,tien,0.1917,0.9914,both,1,196081.45,1,
-75432559_38019694,1,positive,legacy_seed,10,,tien,0.0299,0.9908,field_coverage,1,30581.47,43,
-75433483_38011605,,excluded_band,legacy_seed,10,,tien,0.0206,0.2004,,1,104336.96,43,blob only clips this field; see Q-03
-75435407_38017441,1,positive,legacy_seed,10,,tien,0.2001,0.8358,both,1,242852.95,1,
-75435466_38430647,1,positive,legacy_seed,184,,tien,0.9764,0.4242,blob_share,1,606175.86,1,
-75435574_38182836,0,negative,negative_pass,,42,maddie,,,,,50367.6,1,
-75436965_38057210,1,positive,legacy_seed,29,,mara,0.3464,0.9699,both,2,400254.01,1,
-75438076_38052933,1,positive,legacy_seed,28,,mara,0.1512,0.9987,both,2,53966.89,5,
-75439143_38051347,1,positive,legacy_seed,28,,mara,0.031,0.9999,field_coverage,2,10793.38,42,
-75439332_38055254,1,positive,legacy_seed,28,,mara,0.0195,0.9999,field_coverage,2,16190.06,5,
-75441282_38051042,1,positive,legacy_seed,28,,mara,0.0861,0.9553,field_coverage,2,32380.14,5,
-75441521_38054767,1,positive,legacy_seed,29,,mara,0.0289,0.9999,field_coverage,2,32380.12,42,
-75443025_38055548,1,positive,legacy_seed,29,,mara,0.1775,0.9786,both,2,203275.15,5,
-75444367_38050536,1,positive,legacy_seed,28,,mara,0.562,0.972,both,4,294119.69,1,
-75445122_38169204,0,negative,negative_pass,,807,mara,,,,,84545.88,1,
-75446904_38200752,0,negative,negative_pass,,952,mike,,,,,165492.89,1,
-75451648_38046275,1,positive,legacy_seed,27,,mike,0.6349,0.9975,both,3,402953.36,43,
-75453568_38049869,1,positive,legacy_seed,27,,mike,0.2341,0.984,both,2,148409.04,5,
-75455164_38212580,0,negative,negative_pass,,302,tien,,,,,223055.02,1,
-75457650_38046202,1,positive,legacy_seed,27,,mike,0.028,0.9832,field_coverage,2,17988.99,5,
-75458590_38012324,1,positive,legacy_seed,5,,ayush,0.9065,0.6525,both,1,155605.96,26,
-75459356_38442547,1,positive,legacy_seed,218,,ayush,0.9523,0.4635,blob_share,1,693412.93,1,
-75463496_38387782,0,negative,negative_pass,,213,tien,,,,,14390.07,1,
-75464784_38016233,1,positive,legacy_seed,11,,ayush,0.9526,0.3273,blob_share,1,250948.11,1,
-75503064_38063690,0,negative,negative_pass,,851,mike,,,,,13491.69,5,
-75505148_38022514,0,negative,negative_pass,,975,ayush,,,,,369675.73,5,
-75506724_38051132,0,negative,negative_pass,,768,mara,,,,,10793.38,5,
-75514103_38333711,0,negative,negative_pass,,724,mara,,,,,15289.64,5,
-75521324_38413314,0,negative,negative_pass,,298,tien,,,,,10792.49,5,
-75521596_38039993,0,negative,negative_pass,,884,mike,,,,,95341.78,5,
-75521824_38119729,0,negative,negative_pass,,611,sienna,,,,,37776.25,1,
-75530532_38400342,0,negative,negative_pass,,400,taryn,,,,,15289.41,1,
-75531351_38126450,0,negative,negative_pass,,75,maddie,,,,,588229.22,1,
-75534913_38384517,1,positive,legacy_seed,114,,maddie,0.9614,0.8809,both,1,188869.84,5,
-75545974_38399406,1,positive,legacy_seed,134,,maddie,0.7702,0.9464,both,1,46767.61,26,
-75546923_38002974,1,positive,legacy_seed,1,,taryn,0.9561,0.6584,both,1,222166.2,1,
-75549401_38415178,1,positive,legacy_seed,151,,mara,0.9426,0.1715,blob_share,2,916461.98,1,
-75550324_38340251,,excluded_band,legacy_seed,82,,maddie,0.0006,0.0018,,1,22484.73,1,blob only clips this field; see Q-03
-75552609_38014670,,excluded_band,legacy_seed,4,,tien,0.0002,0.0019,,1,26084.22,5,blob only clips this field; see Q-03
-75553554_38012169,1,positive,legacy_seed,4,,tien,0.382,0.8907,both,1,120527.16,43,
-75553749_38337956,1,positive,legacy_seed,82,,maddie,0.8994,0.9541,both,1,65655.44,1,
-75555928_38408782,1,positive,legacy_seed,146,,ayush,0.2493,0.9635,both,1,18886.88,5,
-75556530_38409959,1,positive,legacy_seed,146,,ayush,0.3503,0.8366,both,1,32377.5,59,
-75557516_38012551,1,positive,legacy_seed,4,,tien,0.6025,0.6213,blob_share,1,272535.27,1,
-75559372_38114108,1,positive,legacy_seed,36,,sienna,0.2661,0.2205,blob_share,1,272528.98,5,
-75560966_38115278,1,positive,legacy_seed,36,,sienna,0.1438,0.9262,field_coverage,1,35077.98,1,
-75563052_38116814,1,positive,legacy_seed,36,,sienna,0.4392,0.9931,both,1,99837.29,1,
-75565556_38120267,,excluded_band,legacy_seed,36,,sienna,0.0441,0.049,,1,203272.15,5,blob only clips this field; see Q-03
-75568146_38012967,0,negative,negative_pass,,684,sienna,,,,,395760.76,1,
-75570377_38185768,0,negative,negative_pass,,808,mara,,,,,228452.93,1,
-75571799_38445606,0,negative,negative_pass,,728,mara,,,,,11691.78,1,
-75574622_38416886,1,positive,legacy_seed,161,,tien,0.8495,0.3794,blob_share,1,240132.74,5,
-75575870_38312097,1,positive,legacy_seed,75,,ayush,0.9469,0.5615,blob_share,1,766284.57,5,
-75579322_38416289,,excluded_band,legacy_seed,161,,tien,0.0162,0.0388,,1,44968.68,59,blob only clips this field; see Q-03
-75581362_38447388,1,positive,legacy_seed,241,,taryn,0.0416,0.9514,field_coverage,1,10792.41,1,
-75583441_38264181,0,negative,negative_pass,,166,maddie,,,,,82745.24,5,
-75583530_38450488,,excluded_band,legacy_seed,241,,taryn,0.0033,0.0606,,1,13490.5,1,blob only clips this field; see Q-03
-75584156_38316321,,excluded_band,legacy_seed,75,,ayush,0.0,0.0001,,1,235641.27,5,blob only clips this field; see Q-03
-75585395_38059892,0,negative,negative_pass,,310,tien,,,,,146609.8,1,
-75586206_38127138,0,negative,negative_pass,,627,sienna,,,,,376862.39,26,
-75586742_38441066,,excluded_band,legacy_seed,213,,mike,0.0001,0.0001,,2,237433.28,26,blob only clips this field; see Q-03
-75587698_38452604,1,positive,legacy_seed,241,,taryn,0.1687,0.0768,blob_share,1,542317.82,5,
-75588538_38450196,,excluded_band,legacy_seed,241,,taryn,0.1329,0.3172,,1,103427.17,1,blob only clips this field; see Q-03
-75588781_38443393,,excluded_band,legacy_seed,213,,mike,0.0172,0.3799,,2,17987.36,5,blob only clips this field; see Q-03
-75589126_38260235,0,negative,negative_pass,,112,maddie,,,,,58461.36,5,
-75590893_38447085,1,positive,legacy_seed,241,,taryn,0.5042,0.3174,blob_share,3,397520.36,59,
-75593741_38441204,1,positive,legacy_seed,226,,taryn,0.8622,0.9981,both,2,306684.67,48,
-75595242_38445303,,excluded_band,legacy_seed,213,,mike,0.0416,0.2973,,2,53062.7,5,blob only clips this field; see Q-03
-75597022_38419856,1,positive,legacy_seed,179,,sienna,0.8175,0.3935,blob_share,2,467673.92,1,
-75597650_38426445,,excluded_band,legacy_seed,169,,mike,0.0356,0.0337,,2,239232.84,26,blob only clips this field; see Q-03
-75601492_38033807,0,negative,negative_pass,,258,tien,,,,,132219.44,5,
-75602882_38102203,0,negative,negative_pass,,606,sienna,,,,,377763.97,5,
-75604151_38442681,,excluded_band,legacy_seed,236,,sienna,0.0001,0.0003,,1,79144.4,5,blob only clips this field; see Q-03
-75604389_38062432,0,negative,negative_pass,,847,mike,,,,,41374.52,4,
-75604449_38444698,1,positive,legacy_seed,236,,sienna,0.457,0.7729,both,1,116917.82,59,
-75604680_38453321,1,positive,legacy_seed,261,,ayush,0.9786,0.6896,both,1,909259.09,1,
-75605945_38447399,1,positive,legacy_seed,236,,sienna,0.225,0.2312,blob_share,1,192464.61,5,
-75606550_38450936,,excluded_band,legacy_seed,261,,ayush,0.0055,0.1878,,1,18886.7,5,blob only clips this field; see Q-03
-75608327_38036913,1,positive,legacy_seed,23,,sienna,0.9695,0.2361,blob_share,1,1574039.9,1,
-75611686_38451583,0,negative,negative_pass,,966,ayush,,,,,20685.43,5,
-75613776_38274348,0,negative,negative_pass,,564,taryn,,,,,272519.04,5,
-75622043_38444642,1,positive,legacy_seed,222,,mara,0.98,0.881,both,3,247326.15,5,
-75622420_38454998,1,positive,legacy_seed,263,,ayush,0.9535,0.9388,both,2,256319.23,5,
-75623970_38449573,1,positive,legacy_seed,234,,tien,0.5989,0.1782,blob_share,1,413708.74,59,
-75627596_38455216,1,positive,legacy_seed,264,,ayush,0.6711,0.9946,both,1,185269.33,26,
-75628036_38420112,,excluded_band,legacy_seed,172,,maddie,0.0262,0.0268,,1,106126.0,5,blob only clips this field; see Q-03
-75629125_38422612,1,positive,legacy_seed,172,,maddie,0.9223,0.9433,both,1,106125.94,26,
-75629937_38081500,0,negative,negative_pass,,516,taryn,,,,,156502.95,1,
-75631469_38427506,1,positive,legacy_seed,180,,mike,0.9541,0.7542,both,1,171779.93,5,
-75633753_38363144,0,negative,negative_pass,,767,mara,,,,,23384.0,5,
-75633943_38442603,1,positive,legacy_seed,235,,mara,0.021,0.7701,field_coverage,1,17987.36,5,
-75634895_38419728,,excluded_band,legacy_seed,176,,taryn,0.0471,0.0417,,1,375038.53,5,blob only clips this field; see Q-03
-75636081_38446435,1,positive,legacy_seed,235,,mara,0.7288,0.8841,both,1,545016.69,26,
-75636487_38451350,,excluded_band,legacy_seed,235,,mara,0.001,0.0041,,1,163684.7,5,blob only clips this field; see Q-03
-75637438_38425157,1,positive,legacy_seed,176,,taryn,0.8195,0.9921,both,1,299490.82,43,
-75637994_38372087,1,positive,legacy_seed,104,,mara,0.0583,0.9959,field_coverage,1,39572.84,1,
-75638657_38429073,,excluded_band,legacy_seed,176,,taryn,0.0301,0.1041,,1,96232.7,5,blob only clips this field; see Q-03
-75639756_38372539,1,positive,legacy_seed,104,,mara,0.0373,0.9999,field_coverage,1,25182.71,59,
-75640542_38066708,0,negative,negative_pass,,657,sienna,,,,,17988.91,26,
-75641502_38371204,1,positive,legacy_seed,104,,mara,0.0744,0.9992,field_coverage,1,50365.44,5,
-75642023_38446775,1,positive,legacy_seed,235,,mara,0.2065,0.8246,both,1,165483.6,5,
-75643543_38415271,1,positive,legacy_seed,159,,mara,0.9475,0.4514,blob_share,2,484762.51,1,
-75643851_38413214,,excluded_band,legacy_seed,156,,sienna,0.0039,0.0188,,2,64754.95,48,blob only clips this field; see Q-03
-75644336_38435587,1,positive,legacy_seed,205,,mara,0.1443,0.984,field_coverage,1,24282.98,36,
-75644670_38371668,1,positive,legacy_seed,104,,mara,0.1436,0.9999,field_coverage,1,97133.34,59,
-75644782_38441024,1,positive,legacy_seed,225,,ayush,0.9674,0.3785,blob_share,4,666432.12,1,
-75644898_38425158,,excluded_band,legacy_seed,176,,taryn,0.0067,0.0077,,1,285100.87,5,blob only clips this field; see Q-03
-75645519_38437589,1,positive,legacy_seed,205,,mara,0.236,0.9891,both,1,39572.25,36,
-75645613_38439417,1,positive,legacy_seed,205,,mara,0.2009,0.9999,both,1,33276.65,36,
-75645768_38432646,1,positive,legacy_seed,189,,maddie,0.8451,0.9865,both,2,114220.03,26,
-75647871_38325938,0,negative,negative_pass,,206,tien,,,,,16189.06,1,
-75649717_38429704,,excluded_band,legacy_seed,190,,maddie,0.0948,0.054,,2,297691.77,5,blob only clips this field; see Q-03
-75649944_38376154,1,positive,legacy_seed,110,,taryn,0.8755,0.7374,both,2,1168297.08,5,
-75650650_38413432,1,positive,legacy_seed,156,,sienna,0.1396,0.8007,field_coverage,1,46767.46,26,
-75650999_38439273,,excluded_band,legacy_seed,205,,mara,0.0107,0.01,,2,207754.23,5,blob only clips this field; see Q-03
-75651534_38433055,1,positive,legacy_seed,190,,maddie,0.5337,0.9182,both,1,95333.25,1,
-75651595_38442119,,excluded_band,legacy_seed,225,,ayush,0.0013,0.0018,,1,167282.52,59,blob only clips this field; see Q-03
-75652992_38384442,,excluded_band,legacy_seed,110,,taryn,0.0028,0.0089,,1,230241.33,1,blob only clips this field; see Q-03
-75653292_38351608,0,negative,negative_pass,,291,tien,,,,,12591.42,5,
-75653746_38410132,0,negative,negative_pass,,655,sienna,,,,,132208.12,5,
-75654361_38414297,,excluded_band,legacy_seed,156,,sienna,0.0004,0.0015,,1,71949.93,5,blob only clips this field; see Q-03
-75656416_38314465,0,negative,negative_pass,,782,mara,,,,,210458.32,5,
-75659081_38027389,,excluded_band,legacy_seed,19,,sienna,0.0004,0.0006,,1,317507.02,26,blob only clips this field; see Q-03
-75659660_38031897,,excluded_band,legacy_seed,19,,sienna,0.0006,0.0131,,1,18888.5,5,blob only clips this field; see Q-03
-75660342_38051398,0,negative,negative_pass,,81,maddie,,,,,353483.23,1,
-75660767_38410655,,excluded_band,legacy_seed,157,,taryn,0.0457,0.0093,,1,507247.38,1,blob only clips this field; see Q-03
-75660987_38450756,0,negative,negative_pass,,881,mike,,,,,79144.26,37,
-75663641_38414633,1,positive,legacy_seed,157,,taryn,0.73,0.9989,both,1,75547.42,36,
-75664614_38031912,1,positive,legacy_seed,19,,sienna,0.9805,0.9563,both,1,455122.92,1,
-75665973_38399183,,excluded_band,legacy_seed,130,,sienna,0.0172,0.1186,,1,34176.33,5,blob only clips this field; see Q-03
-75667484_38432416,,excluded_band,legacy_seed,192,,mara,0.0332,0.0629,,2,165484.15,5,blob only clips this field; see Q-03
-75667907_38410001,,excluded_band,legacy_seed,157,,taryn,0.0052,0.0024,,1,222145.6,26,blob only clips this field; see Q-03
-75669305_38438310,1,positive,legacy_seed,203,,ayush,0.9867,0.7051,both,4,1718694.41,1,
-75669718_38363357,1,positive,legacy_seed,93,,ayush,0.989,0.9422,both,2,289601.81,1,
-75670642_38119954,0,negative,negative_pass,,25,maddie,,,,,14390.95,1,
-75671013_38398386,1,positive,legacy_seed,132,,mara,0.9785,0.9359,both,2,641256.01,1,
-75671879_38421608,1,positive,legacy_seed,175,,tien,0.5362,0.4139,blob_share,1,395723.93,1,
-75673161_38365522,,excluded_band,legacy_seed,95,,maddie,0.0021,0.0198,,2,30579.06,5,blob only clips this field; see Q-03
-75674947_38434945,,excluded_band,legacy_seed,192,,mara,0.0049,0.0127,,2,101628.79,5,blob only clips this field; see Q-03
-75675776_38420672,1,positive,legacy_seed,175,,tien,0.4147,0.3417,blob_share,1,370541.58,26,
-75676561_38203321,0,negative,negative_pass,,234,tien,,,,,26083.1,1,
-75676691_38383657,,excluded_band,legacy_seed,112,,tien,0.0055,0.0218,,1,43170.26,5,blob only clips this field; see Q-03
-75676890_38400175,,excluded_band,legacy_seed,132,,mara,0.0,0.0001,,1,17987.54,5,blob only clips this field; see Q-03
-75677188_38373300,1,positive,legacy_seed,106,,tien,0.0825,0.9999,field_coverage,1,17088.27,48,
-75677498_38425793,,excluded_band,legacy_seed,175,,tien,0.0,0.0002,,1,11691.83,37,blob only clips this field; see Q-03
-75677911_38372278,1,positive,legacy_seed,106,,tien,0.076,0.8315,field_coverage,1,18887.04,1,
-75678444_38373866,1,positive,legacy_seed,106,,tien,0.0916,0.9999,field_coverage,1,18887.03,5,
-75678589_38380821,1,positive,legacy_seed,112,,tien,0.0848,0.9031,field_coverage,1,16188.86,1,
-75678752_38383243,1,positive,legacy_seed,112,,tien,0.0815,0.9773,field_coverage,1,14390.09,1,
-75678865_38375058,1,positive,legacy_seed,106,,tien,0.4119,0.9651,both,1,88139.45,1,
-75679653_38446671,1,positive,legacy_seed,227,,mike,0.4618,0.4423,blob_share,2,566601.48,5,
-75679725_38373347,1,positive,legacy_seed,106,,tien,0.0566,0.9999,field_coverage,1,11691.97,48,
-75680105_38421390,,excluded_band,legacy_seed,175,,tien,0.0003,0.0006,,1,144798.99,1,blob only clips this field; see Q-03
-75680140_38372202,1,positive,legacy_seed,106,,tien,0.1022,0.6898,field_coverage,1,35975.31,5,
-75680265_38385423,,excluded_band,legacy_seed,112,,tien,0.016,0.0095,,1,292298.51,1,blob only clips this field; see Q-03
-75682039_38382255,1,positive,legacy_seed,112,,tien,0.0677,0.9288,field_coverage,1,12591.33,1,
-75684718_38123765,0,negative,negative_pass,,864,mike,,,,,37776.21,1,
-75685086_38332958,0,negative,negative_pass,,998,ayush,,,,,27881.11,5,
-75685725_38453654,1,positive,legacy_seed,258,,mike,0.0635,0.7417,field_coverage,1,18886.69,1,
-75685809_38451946,1,positive,legacy_seed,258,,mike,0.1126,0.9863,field_coverage,1,25182.26,5,
-75686449_38166889,0,negative,negative_pass,,208,tien,,,,,82747.08,5,
-75686530_38381818,,excluded_band,legacy_seed,122,,mike,0.002,0.0054,,2,143900.92,5,blob only clips this field; see Q-03
-75687165_38270605,0,negative,negative_pass,,410,taryn,,,,,662860.4,5,
-75687230_38453073,1,positive,legacy_seed,258,,mike,0.11,0.9999,field_coverage,1,24282.89,48,
-75687303_38450846,1,positive,legacy_seed,258,,mike,0.5335,0.9355,both,1,125911.32,1,
-75687933_38386469,1,positive,legacy_seed,116,,mara,0.9414,0.9574,both,2,331871.14,59,
-75687971_38371753,1,positive,legacy_seed,94,,tien,0.9783,0.2129,blob_share,4,1329287.77,5,
-75688523_38453848,1,positive,legacy_seed,258,,mike,0.0715,0.9235,field_coverage,1,17087.95,5,
-75690215_38150890,0,negative,negative_pass,,926,mike,,,,,54865.11,5,
-75690483_38454026,,excluded_band,legacy_seed,258,,mike,0.0011,0.0083,,1,29679.08,1,blob only clips this field; see Q-03
-75690905_37968960,0,negative,negative_pass,,789,mara,,,,,13491.98,1,
-75691828_38386694,1,positive,legacy_seed,122,,mike,0.0657,0.9864,field_coverage,2,25182.64,5,
-75695422_38470340,,excluded_band,legacy_seed,269,,mara,0.0045,0.0645,,1,26081.51,5,blob only clips this field; see Q-03
-75696057_38355365,0,negative,negative_pass,,623,sienna,,,,,33277.29,5,
-75697546_38469338,1,positive,legacy_seed,269,,mara,0.0477,0.9454,field_coverage,1,18886.62,26,
-75697759_38478770,,excluded_band,legacy_seed,273,,tien,0.0723,0.0572,,1,98030.33,5,blob only clips this field; see Q-03
-75698851_38470471,1,positive,legacy_seed,269,,mara,0.182,0.8825,both,1,86338.8,5,
-75699563_38509321,1,positive,legacy_seed,297,,maddie,0.6051,0.9884,both,2,78243.84,48,
-75699635_38507889,1,positive,legacy_seed,297,,maddie,0.2098,0.9302,both,2,28779.36,5,
-75700204_38472033,1,positive,legacy_seed,269,,mara,0.519,0.5874,blob_share,2,330965.3,1,
-75700315_38469043,1,positive,legacy_seed,269,,mara,0.042,0.9711,field_coverage,1,16188.53,26,
-75700422_38526224,1,positive,legacy_seed,332,,mike,0.0439,0.9999,field_coverage,1,13490.27,1,
-75700620_38525450,1,positive,legacy_seed,332,,mike,0.5994,0.9912,both,1,186165.71,43,
-75700785_38503060,,excluded_band,legacy_seed,297,,maddie,0.0765,0.056,,2,174475.03,1,blob only clips this field; see Q-03
-75701289_38425259,0,negative,negative_pass,,59,maddie,,,,,19786.18,5,
-75701785_38523074,1,positive,legacy_seed,332,,mike,0.0408,0.9317,field_coverage,1,13490.27,5,
-75702006_38475230,,excluded_band,legacy_seed,273,,tien,0.0488,0.0752,,1,50364.25,5,blob only clips this field; see Q-03
-75702218_38509673,1,positive,legacy_seed,298,,mike,0.118,0.94,field_coverage,1,18886.44,1,
-75702416_38508687,1,positive,legacy_seed,298,,mike,0.0653,0.9158,field_coverage,2,10792.26,5,
-75702743_38528410,1,positive,legacy_seed,332,,mike,0.133,0.9491,field_coverage,1,43168.83,1,
-75704441_38468613,,excluded_band,legacy_seed,269,,mara,0.0699,0.4161,,1,62955.4,5,blob only clips this field; see Q-03
-75705318_38533900,1,positive,legacy_seed,357,,taryn,0.8588,0.4405,blob_share,3,538710.36,5,
-75705965_38473969,0,negative,negative_pass,,476,taryn,,,,,40471.28,1,
-75706178_38595732,,excluded_band,legacy_seed,482,,mike,0.0014,0.0786,,1,14389.39,5,blob only clips this field; see Q-03
-75706213_38587557,,excluded_band,legacy_seed,482,,mike,0.0,0.0,,1,67450.39,5,blob only clips this field; see Q-03
-75706874_38094079,0,negative,negative_pass,,537,taryn,,,,,23385.43,26,
-75707242_38526661,,excluded_band,legacy_seed,332,,mike,0.0044,0.0033,,1,410104.04,48,blob only clips this field; see Q-03
-75707450_38583431,,excluded_band,legacy_seed,432,,mike,0.0059,0.0082,,1,181666.55,5,blob only clips this field; see Q-03
-75708401_38597467,1,positive,legacy_seed,482,,mike,0.3838,0.3757,blob_share,1,714073.14,26,
-75708659_38194728,0,negative,negative_pass,,708,sienna,,,,,1338335.53,1,
-75709884_38579196,1,positive,legacy_seed,432,,mike,0.8022,0.9872,both,1,195156.82,12,
-75710228_38589463,1,positive,legacy_seed,482,,mike,0.4516,0.985,both,3,321963.04,1,
-75710249_38293383,1,positive,legacy_seed,69,,mike,0.2066,0.9909,both,1,33277.76,5,
-75710356_38294968,1,positive,legacy_seed,69,,mike,0.7099,0.9621,both,1,117821.21,59,
-75710424_38412844,0,negative,negative_pass,,80,maddie,,,,,53962.46,26,
-75710615_38575052,,excluded_band,legacy_seed,432,,mike,0.0122,0.0179,,1,163680.07,5,blob only clips this field; see Q-03
-75711092_38591858,1,positive,legacy_seed,482,,mike,0.0888,0.9999,field_coverage,1,62054.29,5,
-75711313_38460087,,excluded_band,legacy_seed,266,,maddie,0.0233,0.1477,,1,31477.76,5,blob only clips this field; see Q-03
-75711370_38643440,0,negative,negative_pass,,471,taryn,,,,,63852.22,1,
-75711714_38532964,1,positive,legacy_seed,352,,mike,0.969,0.8475,both,2,140298.55,1,
-75711852_38606463,1,positive,legacy_seed,523,,sienna,0.9554,0.9616,both,4,176269.58,5,
-75713187_38288188,0,negative,negative_pass,,963,ayush,,,,,205063.18,1,
-75713218_38524140,1,positive,legacy_seed,324,,sienna,0.9651,0.4844,blob_share,1,319269.77,1,
-75713530_38623436,1,positive,legacy_seed,571,,sienna,0.9852,0.3663,blob_share,1,895733.79,1,
-75713906_38603969,1,positive,legacy_seed,517,,mara,0.9483,0.4888,blob_share,2,371425.41,26,
-75713990_38295254,,excluded_band,legacy_seed,69,,mike,0.0167,0.0262,,1,101632.02,5,blob only clips this field; see Q-03
-75714254_38682276,1,positive,legacy_seed,727,,sienna,0.5154,0.9961,both,2,369620.12,1,
-75714993_38292335,,excluded_band,legacy_seed,69,,mike,0.0,0.0,,1,126815.31,5,blob only clips this field; see Q-03
-75715296_38486534,1,positive,legacy_seed,283,,maddie,0.9538,0.9605,both,1,236531.48,5,
-75715636_38596877,,excluded_band,legacy_seed,482,,mike,0.007,0.0098,,4,586367.44,5,blob only clips this field; see Q-03
-75716618_38460437,1,positive,legacy_seed,266,,maddie,0.9495,0.5943,blob_share,1,319274.43,1,
-75717293_38609020,1,positive,legacy_seed,532,,taryn,0.3279,0.4049,blob_share,1,82738.74,1,
-75717848_38639281,1,positive,legacy_seed,602,,mara,0.9839,0.6462,blob_share,3,1519864.1,1,
-75717876_38607094,1,positive,legacy_seed,532,,taryn,0.61,0.4564,blob_share,3,137598.18,26,
-75718061_38590628,1,positive,legacy_seed,478,,mara,0.8372,0.9861,both,4,232029.18,12,
-75718065_38670780,1,positive,legacy_seed,704,,mara,0.9573,0.9297,both,1,223031.66,1,
-75718653_38659902,,excluded_band,legacy_seed,678,,tien,0.0018,0.0043,,1,116012.75,1,blob only clips this field; see Q-03
-75718816_38530895,1,positive,legacy_seed,347,,ayush,0.9641,0.164,blob_share,1,321068.0,5,
-75719712_38584681,1,positive,legacy_seed,460,,sienna,0.9715,0.7611,both,4,819297.94,1,
-75719998_38491239,,excluded_band,legacy_seed,283,,maddie,0.0077,0.0023,,1,804026.3,1,blob only clips this field; see Q-03
-75720139_38683893,1,positive,legacy_seed,733,,tien,0.9675,0.8934,both,3,446062.06,5,
-75720223_38657641,1,positive,legacy_seed,678,,tien,0.6027,0.7606,both,1,217636.43,5,
-75720769_38601049,,excluded_band,legacy_seed,511,,mike,0.0091,0.0995,,2,43168.1,5,blob only clips this field; see Q-03
-75720812_38289936,1,positive,legacy_seed,61,,tien,0.7621,0.9359,both,1,255429.48,5,
-75721666_38442788,1,positive,legacy_seed,221,,maddie,0.975,0.9347,both,1,353451.71,5,
-75722168_38611989,,excluded_band,legacy_seed,542,,ayush,0.003,0.0011,,1,370525.4,5,blob only clips this field; see Q-03
-75722310_38656063,1,positive,legacy_seed,678,,tien,0.3497,0.9202,both,1,104321.63,1,
-75722711_38722816,1,positive,legacy_seed,808,,taryn,0.3055,0.9335,both,1,332744.96,26,
-75722812_38591380,1,positive,legacy_seed,479,,ayush,0.2104,0.9182,both,4,34174.83,5,
-75722884_38698175,,excluded_band,legacy_seed,754,,tien,0.0042,0.0016,,1,868739.02,1,blob only clips this field; see Q-03
-75722936_38575327,,excluded_band,legacy_seed,403,,taryn,0.0105,0.0124,,1,99826.85,26,blob only clips this field; see Q-03
-75723034_38727345,1,positive,legacy_seed,808,,taryn,0.0489,0.9528,field_coverage,1,52159.97,5,
-75723432_38649706,,excluded_band,legacy_seed,646,,taryn,0.0002,0.0005,,1,129502.9,26,blob only clips this field; see Q-03
-75723500_38717609,0,negative,negative_pass,,581,taryn,,,,,11691.05,37,
-75723528_38287230,1,positive,legacy_seed,61,,tien,0.1312,0.9943,field_coverage,1,41372.41,59,
-75723741_38449300,1,positive,legacy_seed,248,,maddie,0.8765,0.9686,both,1,289596.13,5,
-75724311_38672282,,excluded_band,legacy_seed,704,,mara,0.002,0.0027,,1,164575.76,5,blob only clips this field; see Q-03
-75724570_38683206,,excluded_band,legacy_seed,733,,tien,0.0057,0.0158,,2,154682.84,1,blob only clips this field; see Q-03
-75725054_38022416,0,negative,negative_pass,,714,sienna,,,,,18888.54,5,
-75725115_38600096,1,positive,legacy_seed,511,,mike,0.8905,0.9608,both,2,442473.27,26,
-75725340_38590307,,excluded_band,legacy_seed,460,,sienna,0.0,0.0012,,1,13490.07,5,blob only clips this field; see Q-03
-75725757_38558389,,excluded_band,legacy_seed,377,,ayush,0.0077,0.2408,,1,10792.13,5,blob only clips this field; see Q-03
-75726086_38560463,1,positive,legacy_seed,377,,ayush,0.2764,0.9341,both,1,99827.19,12,
-75726257_38563708,,excluded_band,legacy_seed,377,,ayush,0.0385,0.1204,,1,107921.21,5,blob only clips this field; see Q-03
-75726390_38651283,,excluded_band,legacy_seed,666,,maddie,0.0,0.0003,,1,19785.16,5,blob only clips this field; see Q-03
-75726891_38611844,1,positive,legacy_seed,542,,ayush,0.9306,0.68,both,1,182564.72,1,
-75726995_38606368,1,positive,legacy_seed,533,,sienna,0.971,0.6855,both,3,516218.08,5,
-75727557_38444356,0,negative,negative_pass,,795,mara,,,,,12591.15,26,
-75727633_38558647,1,positive,legacy_seed,377,,ayush,0.0397,0.9905,field_coverage,1,13490.17,12,
-75727883_38644318,1,positive,legacy_seed,646,,taryn,0.9799,0.3586,blob_share,3,678991.74,5,
-75728019_38557498,,excluded_band,legacy_seed,377,,ayush,0.0001,0.0014,,1,17087.55,5,blob only clips this field; see Q-03
-75728038_38654024,1,positive,legacy_seed,666,,maddie,0.1814,0.9535,both,2,137596.7,1,
-75728058_38583859,,excluded_band,legacy_seed,433,,sienna,0.0015,0.0574,,1,13490.09,5,blob only clips this field; see Q-03
-75728279_38569174,,excluded_band,legacy_seed,397,,maddie,0.0025,0.0722,,2,11691.45,5,blob only clips this field; see Q-03
-75728336_38726515,1,positive,legacy_seed,808,,taryn,0.4635,0.9979,both,1,472137.72,12,
-75728562_38660133,,excluded_band,legacy_seed,678,,tien,0.0042,0.0082,,1,140294.49,36,blob only clips this field; see Q-03
-75728789_38576223,1,positive,legacy_seed,395,,tien,0.9728,0.7537,both,7,1465026.24,1,
-75728837_38558649,1,positive,legacy_seed,377,,ayush,0.0371,0.9919,field_coverage,1,12590.82,26,
-75728843_38595803,,excluded_band,legacy_seed,511,,mike,0.0012,0.0075,,1,75544.29,5,blob only clips this field; see Q-03
-75729055_38730572,1,positive,legacy_seed,808,,taryn,0.045,0.8768,field_coverage,1,52159.93,5,
-75729623_38436313,0,negative,negative_pass,,695,sienna,,,,,175377.06,26,
-75729631_38672235,,excluded_band,legacy_seed,707,,sienna,0.0004,0.0042,,1,62952.48,5,blob only clips this field; see Q-03
-75729662_38789816,,excluded_band,legacy_seed,957,,mike,0.0013,0.011,,1,44964.84,26,blob only clips this field; see Q-03
-75730002_38271491,0,negative,negative_pass,,644,sienna,,,,,17088.66,5,
-75730098_38560017,1,positive,legacy_seed,377,,ayush,0.1063,0.7531,field_coverage,1,47665.24,26,
-75730457_38562509,1,positive,legacy_seed,377,,ayush,0.207,0.9961,both,1,70148.8,26,
-75730592_38320604,0,negative,negative_pass,,785,mara,,,,,11692.11,37,
-75730727_38287191,,excluded_band,legacy_seed,62,,ayush,0.0185,0.0036,,2,733910.54,5,blob only clips this field; see Q-03
-75730856_38655423,,excluded_band,legacy_seed,666,,maddie,0.0,0.0017,,1,12590.54,37,blob only clips this field; see Q-03
-75730880_38794009,1,positive,legacy_seed,957,,mike,0.1555,0.9726,both,1,59353.54,5,
-75731038_38576479,1,positive,legacy_seed,428,,taryn,0.0509,0.9786,field_coverage,2,22483.52,5,
-75731150_38631954,,excluded_band,legacy_seed,606,,mara,0.002,0.009,,1,98026.91,5,blob only clips this field; see Q-03
-75731287_38718644,1,positive,legacy_seed,798,,ayush,0.9679,0.758,both,1,669087.79,1,
-75731416_38554239,0,negative,negative_pass,,897,mike,,,,,94431.26,26,
-75731812_38468859,,excluded_band,legacy_seed,268,,tien,0.0001,0.0001,,1,125910.79,43,blob only clips this field; see Q-03
-75732004_38674155,,excluded_band,legacy_seed,707,,sienna,0.0002,0.0053,,1,24281.66,5,blob only clips this field; see Q-03
-75732820_38636186,1,positive,legacy_seed,606,,mara,0.9899,0.6959,both,2,1129556.55,1,
-75732979_38725022,1,positive,legacy_seed,808,,taryn,0.0111,0.9602,field_coverage,1,11691.03,5,
-75733109_38571524,1,positive,legacy_seed,405,,maddie,0.9261,0.9964,both,2,309373.57,12,
-75733392_38367485,1,positive,legacy_seed,97,,taryn,0.4441,0.2545,blob_share,1,112422.96,5,
-75733504_38697114,1,positive,legacy_seed,754,,tien,0.9695,0.7264,both,1,438866.17,26,
-75733627_38575669,,excluded_band,legacy_seed,428,,taryn,0.1139,0.6133,,3,93531.46,37,blob only clips this field; see Q-03
-75733943_38790637,1,positive,legacy_seed,952,,mara,0.9739,0.8263,both,2,701451.45,1,
-75734428_38650388,1,positive,legacy_seed,659,,mike,0.9722,0.7546,both,2,787809.21,5,
-75734801_38949765,,excluded_band,legacy_seed,1136,,mike,0.0031,0.0044,,1,374093.81,5,blob only clips this field; see Q-03
-75734805_38565010,0,negative,negative_pass,,489,taryn,,,,,13490.15,26,
-75734831_38562577,,excluded_band,legacy_seed,377,,ayush,0.0014,0.0048,,1,101625.83,5,blob only clips this field; see Q-03
-75734959_38659972,1,positive,legacy_seed,681,,ayush,0.9562,0.9424,both,1,379514.56,1,
-75735246_38465840,1,positive,legacy_seed,268,,tien,0.941,0.9643,both,1,251821.78,1,
-75735449_38369482,1,positive,legacy_seed,97,,taryn,0.2878,0.9822,both,1,18887.05,48,
-75735594_38829421,0,negative,negative_pass,,813,mara,,,,,97123.18,5,
-75736159_38655283,,excluded_band,legacy_seed,659,,mike,0.0,0.0002,,1,24281.77,36,blob only clips this field; see Q-03
-75736635_38670525,1,positive,legacy_seed,699,,maddie,0.9836,0.6376,blob_share,3,1958722.1,1,
-75736687_38166366,0,negative,negative_pass,,923,mike,,,,,160997.05,1,
-75736712_38781985,1,positive,legacy_seed,934,,mara,0.4348,0.3332,blob_share,2,684366.17,26,
-75736917_38983769,1,positive,negative_pass,,,mike,,,,,162765.5,1,rescued from rejection: pivot arm
-75737020_38583035,1,positive,legacy_seed,445,,mara,0.9509,0.9769,both,3,240123.62,26,
-75737129_38690244,1,positive,legacy_seed,745,,tien,0.9834,0.412,blob_share,1,785104.08,1,
-75737166_38289034,1,positive,legacy_seed,67,,sienna,0.9444,0.5727,blob_share,2,254530.12,59,
-75737987_38573136,,excluded_band,legacy_seed,428,,taryn,0.0456,0.1604,,3,132203.19,5,blob only clips this field; see Q-03
-75739266_38464594,,excluded_band,legacy_seed,268,,tien,0.0027,0.0228,,1,30578.36,5,blob only clips this field; see Q-03
-75740181_38663336,,excluded_band,legacy_seed,681,,ayush,0.002,0.0452,,1,16187.81,5,blob only clips this field; see Q-03
-75740466_38924519,1,positive,legacy_seed,1103,,mike,0.0205,0.9257,field_coverage,1,17985.38,1,
-75740516_38288160,,excluded_band,legacy_seed,62,,ayush,0.0219,0.013,,2,154696.79,5,blob only clips this field; see Q-03
-75741661_38581886,1,positive,legacy_seed,443,,mara,0.9524,0.8571,both,4,123209.53,1,
-75741789_39044706,1,positive,legacy_seed,1288,,maddie,0.1081,0.9741,field_coverage,1,26977.33,12,
-75741850_39047996,,excluded_band,legacy_seed,1288,,maddie,0.0228,0.2563,,1,21581.85,5,blob only clips this field; see Q-03
-75741907_38781930,1,positive,legacy_seed,943,,taryn,0.9385,0.6499,blob_share,2,774296.06,1,
-75742020_38654092,,excluded_band,legacy_seed,677,,mike,0.0159,0.013,,3,485635.41,1,blob only clips this field; see Q-03
-75742544_38944976,1,positive,legacy_seed,1136,,mike,0.9712,0.9183,both,4,1044046.62,1,
-75742591_38641471,,excluded_band,legacy_seed,620,,mike,0.0,0.0,,1,129503.15,5,blob only clips this field; see Q-03
-75742729_39047386,1,positive,legacy_seed,1288,,maddie,0.0453,0.8772,field_coverage,1,12589.41,12,
-75743084_38763269,0,negative,negative_pass,,323,tien,,,,,53958.14,37,
-75743119_38645201,,excluded_band,legacy_seed,653,,taryn,0.0005,0.0083,,1,35073.74,37,blob only clips this field; see Q-03
-75743374_38669771,,excluded_band,legacy_seed,707,,sienna,0.0005,0.0271,,1,12590.5,5,blob only clips this field; see Q-03
-75743980_38808507,1,positive,legacy_seed,976,,tien,0.9571,0.9463,both,1,197844.47,26,
-75744199_38571004,,excluded_band,legacy_seed,430,,mara,0.0105,0.0114,,1,352542.02,1,blob only clips this field; see Q-03
-75744257_39045446,1,positive,legacy_seed,1288,,maddie,0.0925,0.9999,field_coverage,1,22481.11,12,
-75744341_38615806,,excluded_band,legacy_seed,566,,mike,0.0002,0.0007,,1,145691.89,5,blob only clips this field; see Q-03
-75744847_38393612,1,positive,negative_pass,,,sienna,,,,,95334.1,1,rescued from rejection: truss
-75745006_39061489,1,positive,legacy_seed,1302,,tien,0.9623,0.7436,both,1,724788.2,5,
-75745263_38660446,1,positive,legacy_seed,692,,tien,0.9512,0.5685,blob_share,4,439769.19,5,
-75745340_38921737,1,positive,legacy_seed,1103,,mike,0.0603,0.9721,field_coverage,1,50359.11,1,
-75745535_38586884,1,positive,legacy_seed,462,,mike,0.5519,0.3351,blob_share,2,328258.57,1,
-75745645_38583226,1,positive,legacy_seed,446,,ayush,0.9354,0.9748,both,3,357937.08,12,
-75745815_38691255,1,positive,legacy_seed,748,,maddie,0.9399,0.9793,both,1,289580.13,26,
-75746032_38647836,1,positive,legacy_seed,653,,taryn,0.523,0.916,both,1,336347.94,1,
-75746120_38576718,1,positive,legacy_seed,430,,mara,0.8895,0.9779,both,2,349843.54,48,
-75746712_38473018,0,negative,negative_pass,,799,mara,,,,,44068.74,5,
-75746939_38687193,,excluded_band,legacy_seed,748,,maddie,0.0126,0.0076,,1,572865.61,5,blob only clips this field; see Q-03
-75747151_38562855,1,positive,legacy_seed,384,,tien,0.4889,0.6162,blob_share,1,720374.19,5,
-75747244_38927602,1,positive,legacy_seed,1103,,mike,0.0211,0.9999,field_coverage,1,17086.1,1,
-75748330_38811205,,excluded_band,legacy_seed,976,,tien,0.0002,0.0001,,1,322846.02,1,blob only clips this field; see Q-03
-75748378_38596463,1,positive,legacy_seed,507,,maddie,0.4566,0.376,blob_share,2,1170936.46,1,
-75748722_38617455,1,positive,legacy_seed,566,,mike,0.963,0.959,both,3,501827.45,1,
-75749191_38579570,,excluded_band,legacy_seed,430,,mara,0.0123,0.3106,,2,22483.5,5,blob only clips this field; see Q-03
-75749258_38918956,,excluded_band,legacy_seed,1103,,mike,0.0001,0.0001,,1,327334.4,1,blob only clips this field; see Q-03
-75749368_38646187,1,positive,legacy_seed,653,,taryn,0.0184,0.9239,field_coverage,1,11691.24,5,
-75749370_38815123,0,negative,negative_pass,,331,tien,,,,,19784.42,5,
-75749431_38660622,1,positive,legacy_seed,684,,tien,0.9491,0.5053,blob_share,2,117811.38,1,
-75749858_38604991,1,positive,legacy_seed,514,,mara,0.9745,0.8096,both,5,1540560.71,5,
-75750138_38651052,1,positive,legacy_seed,653,,taryn,0.4355,0.9172,both,1,279690.2,5,
-75750152_38584032,,excluded_band,legacy_seed,446,,ayush,0.0062,0.1038,,1,17087.45,5,blob only clips this field; see Q-03
-75750397_39108804,0,negative,negative_pass,,271,tien,,,,,129489.29,1,
-75750415_38937270,,excluded_band,legacy_seed,1129,,mike,0.0046,0.0109,,2,165465.04,26,blob only clips this field; see Q-03
-75751003_38941854,1,positive,legacy_seed,1129,,mike,0.9603,0.9568,both,4,446935.01,5,
-75751518_38789639,1,positive,legacy_seed,951,,sienna,0.227,0.8718,both,1,55756.42,5,
-75752065_38566113,1,positive,legacy_seed,384,,tien,0.5027,0.8107,both,1,562988.66,1,
-75752084_38787665,1,positive,legacy_seed,951,,sienna,0.7355,0.9791,both,1,160974.22,26,
-75752249_38750358,,excluded_band,legacy_seed,869,,maddie,0.0008,0.0014,,1,149284.63,5,blob only clips this field; see Q-03
-75752469_38627605,1,positive,legacy_seed,585,,mike,0.9655,0.9842,both,2,618739.22,26,
-75752786_38445204,0,negative,negative_pass,,979,ayush,,,,,144798.2,26,
-75753579_39210488,,excluded_band,legacy_seed,1408,,taryn,0.0001,0.003,,1,15286.57,5,blob only clips this field; see Q-03
-75754039_38866241,,excluded_band,legacy_seed,1032,,sienna,0.0011,0.0007,,1,703237.89,5,blob only clips this field; see Q-03
-75754193_39205160,,excluded_band,legacy_seed,1408,,taryn,0.0003,0.0017,,1,151067.5,5,blob only clips this field; see Q-03
-75754533_38922234,,excluded_band,legacy_seed,1103,,mike,0.0,0.001,,1,37769.33,5,blob only clips this field; see Q-03
-75755429_38816225,0,negative,negative_pass,,953,mike,,,,,338133.59,26,
-75755515_38613737,,excluded_band,legacy_seed,531,,mike,0.0031,0.0231,,2,35973.32,1,blob only clips this field; see Q-03
-75756054_39001540,0,negative,negative_pass,,787,mara,,,,,115104.42,5,
-75756090_38932160,,excluded_band,legacy_seed,1130,,mike,0.0003,0.0003,,1,768873.8,5,blob only clips this field; see Q-03
-75756113_38618900,1,positive,legacy_seed,562,,mara,0.7899,0.6989,both,2,418189.41,5,
-75756361_38875022,1,positive,legacy_seed,1032,,sienna,0.9914,0.765,both,1,584531.58,1,
-75756372_38578416,,excluded_band,negative_pass,,,sienna,,,,,10792.08,5,truss at boundary: truss on neighboring field
-75757108_38746057,1,positive,legacy_seed,869,,maddie,0.942,0.5662,blob_share,1,428968.93,1,
-75757285_39040221,1,positive,legacy_seed,1281,,tien,0.9818,0.5409,blob_share,3,641161.93,1,
-75757971_38640518,1,positive,legacy_seed,617,,mara,0.4098,0.9841,both,1,135798.47,24,
-75758019_38637759,1,positive,legacy_seed,617,,mara,0.0414,0.9999,field_coverage,1,13489.92,24,
-75758114_38911312,,excluded_band,legacy_seed,1066,,mara,0.1055,0.0509,,3,765280.28,26,blob only clips this field; see Q-03
-75758444_39213502,1,positive,legacy_seed,1408,,taryn,0.5152,0.9494,both,1,443310.33,26,
-75758698_38649596,1,positive,legacy_seed,654,,sienna,0.9898,0.2993,blob_share,2,655608.47,1,
-75759083_38638251,1,positive,legacy_seed,617,,mara,0.3722,0.944,both,1,128603.92,5,
-75759328_38618642,1,positive,legacy_seed,562,,mara,0.1448,0.9999,field_coverage,1,53060.59,1,
-75759343_38628090,1,positive,legacy_seed,590,,tien,0.9696,0.8025,both,2,317463.55,1,
-75759463_38577827,,excluded_band,legacy_seed,402,,ayush,0.0046,0.1935,,1,13490.11,1,blob only clips this field; see Q-03
-75759676_39045817,,excluded_band,legacy_seed,1281,,tien,0.0,0.0001,,1,28775.82,5,blob only clips this field; see Q-03
-75760164_38643089,,excluded_band,legacy_seed,618,,mara,0.094,0.1703,,2,284187.36,5,blob only clips this field; see Q-03
-75760237_38739258,0,negative,negative_pass,,495,taryn,,,,,322851.32,1,
-75760959_38573092,1,positive,legacy_seed,402,,ayush,0.9509,0.8956,both,1,598062.07,5,
-75760974_38946465,,excluded_band,legacy_seed,1135,,maddie,0.0035,0.0101,,2,404669.1,1,blob only clips this field; see Q-03
-75761314_38877084,,excluded_band,legacy_seed,1032,,sienna,0.0008,0.0127,,1,27877.65,5,blob only clips this field; see Q-03
-75761465_39034666,,excluded_band,legacy_seed,1270,,sienna,0.0036,0.0014,,2,299449.07,26,blob only clips this field; see Q-03
-75761521_38905279,1,positive,legacy_seed,1071,,mara,0.0538,0.9644,field_coverage,2,18884.73,26,
-75761552_38794845,0,negative,negative_pass,,126,maddie,,,,,11690.85,1,
-75761599_38653343,,excluded_band,legacy_seed,654,,sienna,0.0001,0.0004,,1,59355.45,5,blob only clips this field; see Q-03
-75761833_38610498,,excluded_band,legacy_seed,531,,mike,0.0099,0.0058,,2,458660.21,43,blob only clips this field; see Q-03
-75762588_38858343,0,negative,negative_pass,,983,ayush,,,,,40467.73,5,
-75762622_39212149,1,positive,legacy_seed,1408,,taryn,0.4506,0.9563,both,1,384861.84,1,
-75763269_38911638,1,positive,legacy_seed,1073,,maddie,0.9334,0.4036,blob_share,3,421758.48,1,
-75763286_38799378,,excluded_band,legacy_seed,961,,ayush,0.0,0.0,,1,131297.06,5,blob only clips this field; see Q-03
-75763292_38907698,1,positive,legacy_seed,1071,,mara,0.6925,0.6018,blob_share,3,396579.24,5,
-75764523_38820594,0,negative,negative_pass,,16,maddie,,,,,53058.15,42,
-75764597_39038333,1,positive,legacy_seed,1270,,sienna,0.9838,0.858,both,4,146577.05,5,
-75765209_38831714,,excluded_band,legacy_seed,992,,tien,0.0,0.0,,1,386693.97,1,blob only clips this field; see Q-03
-75765253_38563372,1,positive,legacy_seed,387,,tien,0.9178,0.3705,blob_share,1,216741.77,1,
-75765351_38916760,1,positive,legacy_seed,1085,,maddie,0.0414,0.9272,field_coverage,1,22481.78,5,
-75765409_38852462,0,negative,negative_pass,,732,mara,,,,,1201443.41,5,
-75765511_38639419,1,positive,legacy_seed,618,,mara,0.0827,0.9999,field_coverage,1,34174.41,5,
-75765756_38567217,,excluded_band,legacy_seed,387,,tien,0.003,0.0043,,1,62054.64,5,blob only clips this field; see Q-03
-75766002_38637468,1,positive,legacy_seed,618,,mara,0.4402,0.9852,both,1,184362.32,26,
-75766443_38409399,1,positive,legacy_seed,144,,ayush,0.0831,0.9999,field_coverage,1,12591.25,1,
-75766629_38903651,,excluded_band,legacy_seed,1066,,mara,0.0095,0.0158,,2,222120.3,5,blob only clips this field; see Q-03
-75766668_38914877,1,positive,legacy_seed,1085,,maddie,0.1751,0.9996,both,1,80934.4,42,
-75766784_38729764,1,positive,legacy_seed,821,,ayush,0.427,0.9309,both,1,157379.12,1,
-75766971_38935319,,excluded_band,legacy_seed,1130,,mike,0.0002,0.0002,,1,957719.31,1,blob only clips this field; see Q-03
-75767159_38793088,1,positive,legacy_seed,961,,ayush,0.4662,0.6741,both,1,428065.01,1,
-75767188_38727381,,excluded_band,legacy_seed,821,,ayush,0.0006,0.0183,,1,11691.03,5,blob only clips this field; see Q-03
-75767189_38942706,,excluded_band,legacy_seed,1130,,mike,0.0103,0.0491,,1,169961.17,26,blob only clips this field; see Q-03
-75767195_39086667,0,negative,negative_pass,,84,maddie,,,,,16186.24,37,
-75767282_38575483,1,positive,legacy_seed,418,,mara,0.4255,0.9904,both,1,244620.74,43,
-75767332_39197363,,excluded_band,legacy_seed,1382,,ayush,0.0103,0.0092,,1,475683.64,5,blob only clips this field; see Q-03
-75767352_38642483,,excluded_band,legacy_seed,618,,mara,0.0164,0.5386,,1,12590.58,5,blob only clips this field; see Q-03
-75767536_39035388,1,positive,legacy_seed,1263,,taryn,0.931,0.9606,both,3,190640.22,1,
-75767666_39025145,1,positive,legacy_seed,1249,,ayush,0.0544,0.9999,field_coverage,1,17984.97,5,
-75767727_39193088,1,positive,legacy_seed,1382,,ayush,0.9779,0.9291,both,1,445110.83,1,
-75767848_39023366,1,positive,legacy_seed,1249,,ayush,0.0714,0.9388,field_coverage,1,25178.97,5,
-75767966_39030057,,excluded_band,legacy_seed,1249,,ayush,0.059,0.0622,,1,313837.35,5,blob only clips this field; see Q-03
-75767972_38405618,,excluded_band,legacy_seed,144,,ayush,0.0002,0.0003,,1,88138.83,1,blob only clips this field; see Q-03
-75768020_39112671,0,negative,negative_pass,,408,taryn,,,,,13488.46,1,
-75768034_38964181,1,positive,legacy_seed,1152,,tien,0.0122,0.8845,field_coverage,1,11690.39,1,
-75768365_38755027,1,positive,legacy_seed,891,,ayush,0.9698,0.1727,blob_share,1,648398.24,5,
-75768862_38572669,1,positive,legacy_seed,418,,mara,0.0178,0.9389,field_coverage,1,10792.1,5,
-75768888_38916128,1,positive,legacy_seed,1085,,maddie,0.0253,0.9999,field_coverage,1,11690.52,5,
-75768900_38786516,0,negative,negative_pass,,2,maddie,,,,,10791.57,1,
-75769198_38731570,1,positive,legacy_seed,821,,ayush,0.5422,0.9536,both,1,195150.03,5,
-75769246_39025523,1,positive,legacy_seed,1249,,ayush,0.0707,0.9999,field_coverage,1,23380.46,5,
-75769375_38917024,1,positive,legacy_seed,1085,,maddie,0.0857,0.9999,field_coverage,1,39567.91,42,
-75769588_38912902,,excluded_band,legacy_seed,1085,,maddie,0.0335,0.4006,,1,38668.68,5,blob only clips this field; see Q-03
-75769612_38577651,1,positive,legacy_seed,418,,mara,0.4997,0.9793,both,1,290486.99,5,
-75769700_38585445,1,positive,legacy_seed,458,,maddie,0.9216,0.963,both,2,605255.1,1,
-75770207_38408126,1,positive,legacy_seed,144,,ayush,0.5385,0.2983,blob_share,1,273410.1,26,
-75770352_38959846,,excluded_band,legacy_seed,1152,,tien,0.0064,0.0421,,1,129493.71,5,blob only clips this field; see Q-03
-75770404_39025741,1,positive,legacy_seed,1249,,ayush,0.0733,0.9999,field_coverage,1,24279.71,1,
-75770406_38915037,1,positive,legacy_seed,1085,,maddie,0.0233,0.9999,field_coverage,1,10791.25,42,
-75770514_38353793,0,negative,negative_pass,,131,maddie,,,,,26981.59,1,
-75770924_38408937,,excluded_band,legacy_seed,144,,ayush,0.0147,0.0516,,1,43170.01,5,blob only clips this field; see Q-03
-75770981_38796801,1,positive,legacy_seed,961,,ayush,0.5076,0.9597,both,1,327343.56,26,
-75771047_38916741,1,positive,legacy_seed,1085,,maddie,0.267,0.8765,both,2,143883.33,5,
-75771086_38644032,1,positive,legacy_seed,630,,mike,0.0935,0.983,field_coverage,1,45865.67,12,
-75771117_38962447,1,positive,legacy_seed,1152,,tien,0.0232,0.9967,field_coverage,1,19783.75,1,
-75771203_38195076,0,negative,negative_pass,,596,taryn,,,,,26982.57,37,
-75771376_39035060,,excluded_band,legacy_seed,1263,,taryn,0.0004,0.0033,,1,24279.65,37,blob only clips this field; see Q-03
-75771722_38639713,1,positive,legacy_seed,630,,mike,0.5163,0.9753,both,1,255409.07,26,
-75771784_38436416,1,positive,legacy_seed,206,,taryn,0.7826,0.9765,both,1,214949.32,48,
-75772402_38319288,0,negative,negative_pass,,150,maddie,,,,,61158.76,5,
-75772664_38376032,0,negative,negative_pass,,297,tien,,,,,96233.86,5,
-75772788_38656284,1,positive,legacy_seed,680,,maddie,0.9642,0.4837,blob_share,1,344441.25,1,
-75772807_38614515,1,positive,legacy_seed,557,,sienna,0.9824,0.5232,blob_share,1,404699.86,26,
-75773247_38539718,0,negative,negative_pass,,771,mara,,,,,20685.01,5,
-75773258_38989268,,excluded_band,legacy_seed,1190,,tien,0.0004,0.0061,,1,20682.88,1,blob only clips this field; see Q-03
-75773462_38810777,1,positive,legacy_seed,977,,maddie,0.0272,0.9999,field_coverage,1,13489.39,37,
-75773638_38643140,1,positive,legacy_seed,630,,mike,0.2064,0.9883,both,1,100724.63,5,
-75773692_38963008,1,positive,legacy_seed,1152,,tien,0.0179,0.8476,field_coverage,1,17985.23,1,
-75774288_38452868,0,negative,negative_pass,,63,maddie,,,,,84540.42,1,
-75774340_38837307,1,positive,legacy_seed,991,,ayush,0.9562,0.966,both,2,383995.6,26,
-75774713_39236277,1,positive,legacy_seed,1431,,maddie,0.9488,0.4782,blob_share,1,2696715.49,5,
-75774855_38831027,1,positive,legacy_seed,988,,ayush,0.9615,0.9571,both,1,351621.78,5,
-75775854_38591810,1,positive,legacy_seed,481,,ayush,0.8752,0.2195,blob_share,2,168176.13,26,
-75776146_39479733,0,negative,negative_pass,,90,maddie,,,,,53949.28,26,
-75776270_38435903,,excluded_band,legacy_seed,206,,taryn,0.0279,0.0273,,1,273408.37,5,blob only clips this field; see Q-03
-75776340_38981600,0,negative,negative_pass,,670,sienna,,,,,372292.57,5,
-75776445_38596974,,excluded_band,legacy_seed,489,,sienna,0.0091,0.0467,,1,67450.24,26,blob only clips this field; see Q-03
-75776525_38235905,0,negative,negative_pass,,100,maddie,,,,,1310441.3,1,
-75776745_38915542,1,positive,legacy_seed,1082,,mara,0.9358,0.9676,both,3,320140.48,1,
-75776859_38924365,,excluded_band,legacy_seed,1094,,tien,0.002,0.0011,,1,371398.17,26,blob only clips this field; see Q-03
-75777135_38546461,0,negative,negative_pass,,106,maddie,,,,,15288.9,1,
-75777437_39030348,1,positive,legacy_seed,1258,,tien,0.4673,0.9614,both,1,589906.29,1,
-75777519_38755620,1,positive,legacy_seed,892,,mike,0.9195,0.0829,blob_share,1,998227.38,1,
-75777717_38986198,1,positive,legacy_seed,1190,,tien,0.1974,0.9619,both,1,69242.75,1,
-75777770_38840981,,excluded_band,legacy_seed,992,,tien,0.0139,0.0111,,1,496406.09,1,blob only clips this field; see Q-03
-75777912_38816800,,excluded_band,legacy_seed,979,,tien,0.0001,0.0001,,1,400184.65,1,blob only clips this field; see Q-03
-75777933_38648656,1,positive,legacy_seed,655,,tien,0.985,0.5007,blob_share,2,357931.72,1,
-75778037_38986049,1,positive,legacy_seed,1190,,tien,0.7384,0.6368,blob_share,1,391176.59,5,
-75778090_38589275,,excluded_band,legacy_seed,458,,maddie,0.001,0.0029,,5,274298.13,48,blob only clips this field; see Q-03
-75778195_38935606,1,positive,legacy_seed,1122,,mike,0.0383,0.9688,field_coverage,1,31474.34,5,
-75778612_38990149,0,negative,negative_pass,,442,taryn,,,,,19783.63,1,
-75779201_38969485,1,positive,legacy_seed,1152,,tien,0.3556,0.5074,blob_share,1,595310.07,1,
-75779352_39364911,0,negative,negative_pass,,712,sienna,,,,,87220.31,37,
-75779534_38599951,1,positive,legacy_seed,513,,mara,0.9755,0.7285,both,2,482044.08,5,
-75779697_38738351,1,positive,legacy_seed,850,,ayush,0.9516,0.42,blob_share,1,347132.69,5,
-75780040_38794386,1,positive,legacy_seed,965,,ayush,0.0369,0.7881,field_coverage,1,19784.51,12,
-75780190_38578188,1,positive,legacy_seed,431,,ayush,0.9716,0.8949,both,1,203250.93,5,
-75780231_38119282,0,negative,negative_pass,,401,taryn,,,,,97138.93,5,
-75780384_39414034,0,negative,negative_pass,,326,tien,,,,,10790.02,37,
-75780523_39378385,,excluded_band,legacy_seed,1534,,sienna,0.0016,0.0328,,1,17084.34,5,blob only clips this field; see Q-03
-75781036_38809325,1,positive,legacy_seed,979,,tien,0.9758,0.71,both,3,1012603.79,26,
-75781069_38546520,,excluded_band,legacy_seed,366,,sienna,0.0006,0.0034,,1,15288.9,5,blob only clips this field; see Q-03
-75781367_38044308,0,negative,negative_pass,,817,mara,,,,,62062.04,1,
-75781468_38594041,1,positive,legacy_seed,489,,sienna,0.0856,0.9964,field_coverage,1,29678.13,26,
-75781540_38585365,1,positive,legacy_seed,451,,mara,0.973,0.9332,both,3,505428.5,5,
-75781744_38592176,1,positive,legacy_seed,489,,sienna,0.0803,0.9983,field_coverage,1,27879.46,26,
-75781978_38592971,1,positive,legacy_seed,489,,sienna,0.0567,0.9916,field_coverage,1,19785.42,5,
-75782183_38795326,1,positive,legacy_seed,965,,ayush,0.0446,0.9999,field_coverage,1,18885.21,12,
-75782236_38915005,1,positive,legacy_seed,1081,,sienna,0.8501,0.9336,both,2,122300.87,26,
-75782394_38921259,1,positive,legacy_seed,1094,,tien,0.8646,0.965,both,1,189745.94,1,
-75782810_39024960,,excluded_band,legacy_seed,1258,,tien,0.002,0.0964,,1,25178.96,5,blob only clips this field; see Q-03
-75782990_38829732,1,positive,legacy_seed,987,,sienna,0.9636,0.2409,blob_share,1,518889.57,1,
-75783125_38792471,,excluded_band,legacy_seed,965,,ayush,0.0876,0.3958,,1,93526.82,5,blob only clips this field; see Q-03
-75783171_39014437,1,positive,legacy_seed,1238,,maddie,0.9618,0.7421,both,1,323730.23,1,
-75783309_38778000,1,positive,legacy_seed,928,,tien,0.9308,0.786,both,1,78239.05,1,
-75783466_38797861,1,positive,legacy_seed,965,,ayush,0.4038,0.7466,both,1,228420.99,12,
-75783526_38610739,1,positive,legacy_seed,555,,taryn,0.9606,0.2959,blob_share,2,1288745.2,1,
-75783546_39030625,1,positive,legacy_seed,1258,,tien,0.4528,0.9433,both,1,582712.26,26,
-75783657_38932545,1,positive,legacy_seed,1122,,mike,0.5991,0.5318,blob_share,1,897469.0,1,
-75784044_38806594,,excluded_band,legacy_seed,979,,tien,0.0006,0.0058,,1,45863.97,1,blob only clips this field; see Q-03
-75784360_38594835,,excluded_band,legacy_seed,474,,maddie,0.0008,0.0157,,1,24282.1,5,blob only clips this field; see Q-03
-75784418_38558795,1,positive,legacy_seed,375,,sienna,0.9706,0.6536,both,3,365133.83,1,
-75784788_38448703,1,positive,legacy_seed,255,,sienna,0.18,0.2506,blob_share,1,280602.5,5,
-75784833_39376850,1,positive,legacy_seed,1534,,sienna,0.9659,0.9478,both,1,351577.75,26,
-75784973_38546690,1,positive,legacy_seed,366,,sienna,0.962,0.4894,blob_share,2,388517.85,26,
-75785014_38249623,0,negative,negative_pass,,620,sienna,,,,,35076.91,5,
-75785279_38770140,,excluded_band,legacy_seed,928,,tien,0.0004,0.0001,,1,381303.64,5,blob only clips this field; see Q-03
-75785287_38563142,1,positive,legacy_seed,385,,taryn,0.3927,0.9981,both,2,150190.37,42,
-75785844_38780057,,excluded_band,legacy_seed,928,,tien,0.005,0.0063,,1,53058.63,26,blob only clips this field; see Q-03
-75786507_38919297,,excluded_band,legacy_seed,1094,,tien,0.0352,0.0353,,1,211328.51,5,blob only clips this field; see Q-03
-75786547_38954171,0,negative,negative_pass,,97,maddie,,,,,19783.79,26,
-75786619_38676049,1,positive,legacy_seed,726,,ayush,0.9778,0.3077,blob_share,1,688879.36,1,
-75786702_38566463,1,positive,legacy_seed,385,,taryn,0.0682,0.9988,field_coverage,1,26080.94,48,
-75786972_38519132,1,positive,legacy_seed,320,,maddie,0.8602,0.0928,blob_share,1,395715.13,5,
-75786984_38565208,1,positive,legacy_seed,385,,taryn,0.158,0.9999,both,1,60255.99,1,
-75787166_38969565,,excluded_band,legacy_seed,1152,,tien,0.0012,0.0029,,1,368696.58,26,blob only clips this field; see Q-03
-75787262_37987899,0,negative,negative_pass,,169,maddie,,,,,22486.53,1,
-75787598_38590660,1,positive,legacy_seed,474,,maddie,0.9594,0.9656,both,1,470353.7,1,
-75787891_38600575,1,positive,legacy_seed,508,,tien,0.983,0.8059,both,1,356136.98,5,
-75788195_39338513,0,negative,negative_pass,,262,tien,,,,,17084.49,5,
-75788458_38939580,1,positive,legacy_seed,1122,,mike,0.2774,0.9751,both,1,232010.65,5,
-75788496_38934666,1,positive,legacy_seed,1122,,mike,0.0393,0.9422,field_coverage,1,33272.88,5,
-75789265_38786140,1,positive,legacy_seed,950,,sienna,0.938,0.486,blob_share,1,168168.66,5,
-75789644_38423124,0,negative,negative_pass,,587,taryn,,,,,12591.21,5,
-75789772_38452481,1,positive,legacy_seed,255,,sienna,0.2935,0.4668,blob_share,2,252721.91,1,
-75789894_39114226,0,negative,negative_pass,,671,sienna,,,,,382172.79,5,
-75790529_38468246,0,negative,negative_pass,,850,mike,,,,,13490.45,5,
-75791907_38667981,0,negative,negative_pass,,246,tien,,,,,14389.15,5,
-75792592_39006746,,excluded_band,legacy_seed,1212,,sienna,0.0007,0.0016,,1,321033.02,1,blob only clips this field; see Q-03
-75792640_38568086,,excluded_band,legacy_seed,404,,mike,0.0021,0.0622,,1,13490.14,5,blob only clips this field; see Q-03
-75792904_38944103,0,negative,negative_pass,,177,maddie,,,,,54855.18,37,
-75793927_37995298,0,negative,negative_pass,,117,maddie,,,,,366979.63,5,
-75794225_38563697,1,positive,legacy_seed,383,,ayush,0.9814,0.9148,both,3,223037.16,1,
-75794408_38453001,1,positive,legacy_seed,262,,tien,0.9605,0.8375,both,2,455978.62,5,
-75794464_38572516,1,positive,legacy_seed,404,,mike,0.3836,0.947,both,1,158284.12,5,
-75795042_38740311,,excluded_band,legacy_seed,844,,taryn,0.001,0.0007,,1,88132.09,1,blob only clips this field; see Q-03
-75795060_38158524,0,negative,negative_pass,,969,ayush,,,,,184382.43,5,
-75795169_38293800,0,negative,negative_pass,,159,maddie,,,,,44969.94,5,
-75796243_39649595,0,negative,negative_pass,,230,tien,,,,,110591.69,26,
-75796743_38736972,,excluded_band,legacy_seed,844,,taryn,0.0024,0.0026,,1,61152.93,26,blob only clips this field; see Q-03
-75796816_38570830,1,positive,legacy_seed,404,,mike,0.5507,0.9689,both,1,222137.46,1,
-75797613_38568523,,excluded_band,legacy_seed,404,,mike,0.0007,0.0249,,1,11691.45,5,blob only clips this field; see Q-03
-75797632_39353665,1,positive,legacy_seed,1532,,ayush,0.4078,0.4449,blob_share,1,766101.91,5,
-75798759_39689812,0,negative,negative_pass,,278,tien,,,,,11688.44,37,
-75798906_38737379,,excluded_band,legacy_seed,844,,taryn,0.0002,0.0008,,1,13489.62,5,blob only clips this field; see Q-03
-75799184_38739128,1,positive,legacy_seed,844,,taryn,0.8415,0.8876,both,3,65649.43,1,
-75799672_38425495,1,positive,legacy_seed,178,,mara,0.9021,0.9256,both,1,191566.19,1,
-75800045_38738242,,excluded_band,legacy_seed,844,,taryn,0.0313,0.1274,,1,16187.54,5,blob only clips this field; see Q-03
-75800344_38735467,,excluded_band,legacy_seed,835,,tien,0.0001,0.0001,,1,186156.78,1,blob only clips this field; see Q-03
-75800859_38994084,1,positive,legacy_seed,1212,,sienna,0.9761,0.8751,both,2,1794013.42,5,
-75800905_38570277,,excluded_band,legacy_seed,404,,mike,0.0031,0.0214,,1,57557.89,5,blob only clips this field; see Q-03
-75800925_38783995,1,positive,legacy_seed,940,,tien,0.9568,0.7219,both,1,284178.2,26,
-75801069_39299439,,excluded_band,legacy_seed,1486,,sienna,0.0036,0.0049,,3,628535.1,5,blob only clips this field; see Q-03
-75801678_39324732,,excluded_band,legacy_seed,1515,,mike,0.1245,0.1152,,2,446895.75,1,blob only clips this field; see Q-03
-75801911_39318503,,excluded_band,legacy_seed,1510,,ayush,0.0129,0.2277,,1,12588.63,1,blob only clips this field; see Q-03
-75802463_38521784,1,positive,legacy_seed,344,,tien,0.9779,0.4662,blob_share,4,2220500.1,1,
-75803046_39208081,0,negative,negative_pass,,190,maddie,,,,,12588.95,5,
-75803053_38356834,,excluded_band,legacy_seed,92,,sienna,0.0041,0.0022,,1,560317.39,1,blob only clips this field; see Q-03
-75803136_38407465,0,negative,negative_pass,,515,taryn,,,,,17987.51,1,
-75803328_39316364,1,positive,legacy_seed,1510,,ayush,0.2545,0.2236,blob_share,2,275151.63,1,
-75803392_38729175,1,positive,legacy_seed,817,,mike,0.852,0.9288,both,1,49462.02,26,
-75803551_38740475,1,positive,legacy_seed,835,,tien,0.0627,0.8862,field_coverage,2,17986.14,1,
-75803581_38780843,1,positive,legacy_seed,935,,tien,0.2679,0.1841,blob_share,1,230220.48,1,
-75803913_38425415,,excluded_band,legacy_seed,178,,mara,0.0148,0.1795,,1,16188.69,5,blob only clips this field; see Q-03
-75804032_39293322,,excluded_band,legacy_seed,1486,,sienna,0.0001,0.0005,,2,248177.3,26,blob only clips this field; see Q-03
-75804177_38362654,1,positive,legacy_seed,92,,sienna,0.9646,0.8567,both,1,344464.32,26,
-75804759_39305452,,excluded_band,legacy_seed,1505,,taryn,0.0001,0.0026,,1,325507.0,1,blob only clips this field; see Q-03
-75805053_38824040,0,negative,negative_pass,,858,mike,,,,,607919.95,1,
-75805063_38744335,1,positive,legacy_seed,863,,tien,0.551,0.6061,blob_share,3,314757.19,26,
-75805176_38743348,1,positive,legacy_seed,863,,tien,0.1796,0.9736,both,1,63850.76,5,
-75805382_38713479,,excluded_band,legacy_seed,785,,mike,0.0003,0.0049,,2,26080.07,26,blob only clips this field; see Q-03
-75805391_38748128,1,positive,legacy_seed,863,,tien,0.0303,0.7765,field_coverage,1,13489.58,26,
-75805527_38746810,1,positive,legacy_seed,863,,tien,0.1478,0.9794,field_coverage,1,52159.73,5,
-75805953_38779689,1,positive,legacy_seed,935,,tien,0.6928,0.6886,both,1,159175.92,26,
-75806134_39416546,1,positive,legacy_seed,1535,,tien,0.6004,0.8006,both,1,599744.83,1,
-75806226_39359240,1,positive,legacy_seed,1532,,ayush,0.553,0.5703,blob_share,1,810160.72,1,
-75806412_38737754,1,positive,legacy_seed,835,,tien,0.3935,0.9703,both,3,103420.38,1,
-75806626_39423591,1,positive,legacy_seed,1535,,tien,0.2889,0.339,blob_share,1,681567.97,26,
-75806876_38723156,,excluded_band,legacy_seed,817,,mike,0.0016,0.0002,,1,383106.33,1,blob only clips this field; see Q-03
-75807145_38803528,1,positive,negative_pass,,,sienna,,,,,1045879.0,26,rescued from rejection: truss
-75807315_39314408,,excluded_band,legacy_seed,1503,,maddie,0.0,0.0,,1,16185.4,5,blob only clips this field; see Q-03
-75807562_38919701,0,negative,negative_pass,,88,maddie,,,,,10791.24,37,
-75807699_39315971,,excluded_band,legacy_seed,1510,,ayush,0.0002,0.0045,,1,10790.26,5,blob only clips this field; see Q-03
-75807804_39350422,,excluded_band,legacy_seed,1532,,ayush,0.0031,0.0237,,1,108800.94,5,blob only clips this field; see Q-03
-75808049_39284562,,excluded_band,legacy_seed,1505,,taryn,0.0023,0.0112,,2,1462990.14,5,blob only clips this field; see Q-03
-75808132_39329259,,excluded_band,legacy_seed,1515,,mike,0.0001,0.0001,,1,379456.36,26,blob only clips this field; see Q-03
-75808157_38710143,,excluded_band,legacy_seed,785,,mike,0.0005,0.0099,,2,26979.4,26,blob only clips this field; see Q-03
-75808230_38517974,,excluded_band,legacy_seed,316,,taryn,0.0,0.0,,1,687105.53,5,blob only clips this field; see Q-03
-75808245_38787048,,excluded_band,legacy_seed,940,,tien,0.0018,0.0012,,1,327344.28,26,blob only clips this field; see Q-03
-75808397_38737397,1,positive,legacy_seed,853,,ayush,0.398,0.3195,blob_share,3,186156.69,26,
-75808453_38578384,1,positive,legacy_seed,436,,taryn,0.8526,0.2696,blob_share,1,303077.71,5,
-75808481_38728642,1,positive,legacy_seed,822,,maddie,0.4566,0.9827,both,2,195150.16,1,
-75808793_38707170,1,positive,legacy_seed,770,,mara,0.0689,0.9884,field_coverage,1,86334.13,36,
-75808934_39240134,1,positive,legacy_seed,1440,,mike,0.3038,0.9253,both,1,136679.02,5,
-75809280_39231838,,excluded_band,legacy_seed,1435,,mara,0.0165,0.0152,,2,557507.55,5,blob only clips this field; see Q-03
-75809291_39408700,,excluded_band,legacy_seed,1535,,tien,0.0,0.0,,1,857807.47,5,blob only clips this field; see Q-03
-75809789_39313341,,excluded_band,legacy_seed,1501,,tien,0.0194,0.1065,,2,46757.83,1,blob only clips this field; see Q-03
-75810271_38702151,1,positive,legacy_seed,770,,mara,0.0109,0.9999,field_coverage,1,13489.72,36,
-75810392_38714249,1,positive,legacy_seed,797,,mike,0.9621,0.97,both,2,502715.66,1,
-75810917_38740339,1,positive,legacy_seed,853,,ayush,0.5056,0.8071,both,1,91729.32,1,
-75810986_39296236,1,positive,legacy_seed,1481,,mara,0.9689,0.6585,both,3,1190530.88,1,
-75811007_38729937,1,positive,legacy_seed,815,,mike,0.5641,0.8986,both,2,249108.66,26,
-75811157_38708639,1,positive,legacy_seed,769,,mara,0.0652,0.8835,field_coverage,2,65649.91,5,
-75811361_39495217,0,negative,negative_pass,,325,tien,,,,,51251.63,37,
-75811623_39328231,,excluded_band,legacy_seed,1515,,mike,0.0005,0.0169,,1,10790.23,5,blob only clips this field; see Q-03
-75811797_38702446,1,positive,legacy_seed,770,,mara,0.5739,0.9871,both,2,720351.21,5,
-75811842_38990508,,excluded_band,legacy_seed,1195,,mara,0.0,0.0,,1,659154.34,26,blob only clips this field; see Q-03
-75812090_38394611,0,negative,negative_pass,,566,taryn,,,,,12591.29,5,
-75812356_38705722,1,positive,legacy_seed,770,,mara,0.0327,0.9999,field_coverage,2,40469.14,1,
-75812377_38768908,1,positive,legacy_seed,907,,tien,0.3377,0.6071,blob_share,1,100721.74,26,
-75812587_38732027,,excluded_band,legacy_seed,825,,maddie,0.0045,0.006,,3,167271.44,1,blob only clips this field; see Q-03
-75812906_39266034,,excluded_band,legacy_seed,1505,,taryn,0.0023,0.008,,1,2034886.77,5,blob only clips this field; see Q-03
-75813255_38712973,,excluded_band,legacy_seed,785,,mike,0.0043,0.1901,,2,11691.07,5,blob only clips this field; see Q-03
-75813559_38707216,1,positive,legacy_seed,769,,mara,0.0558,0.9999,field_coverage,2,20684.22,5,
-75813686_38677854,,excluded_band,legacy_seed,721,,sienna,0.0303,0.5378,,1,19785.04,5,blob only clips this field; see Q-03
-75814229_39314154,,excluded_band,legacy_seed,1507,,maddie,0.0109,0.1174,,1,22479.72,1,blob only clips this field; see Q-03
-75814263_38713688,,excluded_band,legacy_seed,785,,mike,0.0001,0.0008,,2,39569.75,26,blob only clips this field; see Q-03
-75814403_38755287,1,positive,legacy_seed,889,,ayush,0.8663,0.7621,both,1,135794.91,5,
-75814646_39241518,1,positive,legacy_seed,1440,,mike,0.6294,0.9843,both,2,266164.28,26,
-75814795_39234551,1,positive,legacy_seed,1435,,mara,0.9599,0.963,both,2,511647.81,1,
-75814956_38498063,,excluded_band,legacy_seed,293,,sienna,0.0026,0.0016,,1,582783.25,1,blob only clips this field; see Q-03
-75815353_38768448,1,positive,legacy_seed,907,,tien,0.6013,0.9249,both,1,117808.47,1,
-75815367_39417094,,excluded_band,legacy_seed,1535,,tien,0.0064,0.0068,,1,756199.89,5,blob only clips this field; see Q-03
-75815544_38736495,1,positive,legacy_seed,825,,maddie,0.9203,0.2558,blob_share,1,439761.55,5,
-75815658_38708128,1,positive,legacy_seed,769,,mara,0.2881,0.9999,both,2,83636.18,36,
-75815704_38674930,1,positive,legacy_seed,721,,sienna,0.9275,0.8648,both,1,376815.31,1,
-75815713_39403168,0,negative,negative_pass,,649,sienna,,,,,35067.65,1,
-75815847_38724278,,excluded_band,legacy_seed,813,,tien,0.0128,0.0063,,1,67448.28,26,blob only clips this field; see Q-03
-75815876_38759679,,excluded_band,legacy_seed,889,,ayush,0.0044,0.001,,1,455047.38,26,blob only clips this field; see Q-03
-75816492_38923726,0,negative,negative_pass,,522,taryn,,,,,43164.93,5,
-75816774_39325659,1,positive,legacy_seed,1521,,tien,0.4972,0.6227,blob_share,3,1021475.73,1,
-75816879_39304115,1,positive,legacy_seed,1495,,taryn,0.9749,0.4612,blob_share,1,717554.33,1,
-75817170_39237958,,excluded_band,legacy_seed,1505,,taryn,0.0001,0.0195,,2,24278.52,26,blob only clips this field; see Q-03
-75817276_39251668,,excluded_band,legacy_seed,1505,,taryn,0.0025,0.0173,,1,1005307.51,5,blob only clips this field; see Q-03
-75817508_38638971,1,positive,legacy_seed,613,,mara,0.9696,0.9089,both,1,225731.31,1,
-75817571_38769728,,excluded_band,legacy_seed,907,,tien,0.0026,0.0276,,1,17086.72,5,blob only clips this field; see Q-03
-75817576_38650834,1,positive,legacy_seed,643,,taryn,0.9786,0.6035,blob_share,1,461353.97,5,
-75817993_39311546,,excluded_band,legacy_seed,1507,,maddie,0.0202,0.0188,,2,416324.67,1,blob only clips this field; see Q-03
-75818434_39228319,,excluded_band,legacy_seed,1505,,taryn,0.0015,0.0988,,1,107005.58,26,blob only clips this field; see Q-03
-75818596_38724065,,excluded_band,legacy_seed,813,,tien,0.0132,0.0059,,1,74642.76,5,blob only clips this field; see Q-03
-75819021_38643836,,excluded_band,legacy_seed,613,,mara,0.007,0.0039,,1,379515.97,5,blob only clips this field; see Q-03
-75819420_39048843,0,negative,negative_pass,,352,tien,,,,,19783.36,5,
-75819481_38803768,1,positive,legacy_seed,972,,maddie,0.9387,0.9524,both,2,228420.68,1,
-75819496_38943035,0,negative,negative_pass,,529,taryn,,,,,17985.31,37,
-75819617_38786221,1,positive,legacy_seed,949,,mara,0.9528,0.9524,both,1,409180.43,1,
-75819683_38503426,1,positive,legacy_seed,293,,sienna,0.0883,0.991,field_coverage,1,32376.81,26,
-75820103_38648656,,excluded_band,legacy_seed,643,,taryn,0.0014,0.0057,,1,67449.45,1,blob only clips this field; see Q-03
-75820121_38726196,1,positive,legacy_seed,813,,tien,0.8538,0.0899,blob_share,1,324650.91,1,
-75820376_39236305,,excluded_band,legacy_seed,1505,,taryn,0.0,0.0001,,1,84525.26,26,blob only clips this field; see Q-03
-75820861_38987806,1,positive,legacy_seed,1178,,sienna,0.3848,0.2939,blob_share,2,271575.35,5,
-75820996_38993554,0,negative,negative_pass,,241,tien,,,,,32373.18,1,
-75821336_38572022,1,positive,legacy_seed,406,,mara,0.9667,0.2139,blob_share,1,1434450.04,1,
-75821509_38523347,1,positive,legacy_seed,329,,ayush,0.9919,0.9159,both,3,554899.99,5,
-75821774_39279289,0,negative,negative_pass,,488,taryn,,,,,17983.92,5,
-75821806_38780680,,excluded_band,legacy_seed,949,,mara,0.0007,0.0012,,1,222126.8,26,blob only clips this field; see Q-03
-75822018_38730699,1,positive,legacy_seed,819,,taryn,0.0803,0.883,field_coverage,1,25180.65,26,
-75822226_38999912,0,negative,negative_pass,,725,mara,,,,,26078.36,37,
-75822653_39301498,1,positive,legacy_seed,1492,,sienna,0.9829,0.4618,blob_share,2,511639.92,5,
-75822673_38500048,1,positive,legacy_seed,293,,sienna,0.7865,0.6314,blob_share,1,453275.65,12,
-75822723_39207316,,excluded_band,legacy_seed,1505,,taryn,0.0021,0.0594,,1,249980.62,1,blob only clips this field; see Q-03
-75822897_38702939,,excluded_band,legacy_seed,770,,mara,0.0001,0.0008,,1,187956.78,5,blob only clips this field; see Q-03
-75823115_38981715,,excluded_band,legacy_seed,1178,,sienna,0.1221,0.3572,,2,70142.08,5,blob only clips this field; see Q-03
-75823304_38722455,1,positive,negative_pass,,,maddie,,,,,112413.84,26,rescued from rejection: Truss
-75823384_39199039,,excluded_band,legacy_seed,1505,,taryn,0.0026,0.0783,,1,234694.48,5,blob only clips this field; see Q-03
-75823558_38666115,,excluded_band,legacy_seed,701,,tien,0.0025,0.0026,,1,230226.52,26,blob only clips this field; see Q-03
-75823816_38539399,,excluded_band,legacy_seed,365,,maddie,0.0107,0.0065,,1,333658.25,5,blob only clips this field; see Q-03
-75823935_38985950,1,positive,legacy_seed,1188,,maddie,0.5035,0.4388,blob_share,2,304847.99,26,
-75823996_38508080,,excluded_band,legacy_seed,305,,maddie,0.0038,0.004,,1,380427.09,1,blob only clips this field; see Q-03
-75824018_38727742,,excluded_band,legacy_seed,819,,taryn,0.0,0.0002,,1,38670.32,26,blob only clips this field; see Q-03
-75824582_39194856,,excluded_band,legacy_seed,1505,,taryn,0.0011,0.1517,,1,49456.74,5,blob only clips this field; see Q-03
-75824779_38806467,1,positive,legacy_seed,974,,sienna,0.9869,0.2956,blob_share,2,910984.3,5,
-75824840_38544338,1,positive,legacy_seed,365,,maddie,0.9412,0.9368,both,1,203252.5,1,
-75825056_39285734,,excluded_band,legacy_seed,1492,,sienna,0.0104,0.0013,,1,1924276.6,1,blob only clips this field; see Q-03
-75825449_39204076,,excluded_band,legacy_seed,1505,,taryn,0.0009,0.1176,,1,52154.27,37,blob only clips this field; see Q-03
-75825565_39220419,,excluded_band,legacy_seed,1505,,taryn,0.0,0.0005,,1,282351.36,1,blob only clips this field; see Q-03
-75825988_38527584,,excluded_band,legacy_seed,329,,ayush,0.0026,0.0059,,2,277000.06,1,blob only clips this field; see Q-03
-75826076_38521480,1,positive,legacy_seed,321,,tien,0.4665,0.9938,both,2,125909.29,42,
-75826128_39189502,,excluded_band,legacy_seed,1505,,taryn,0.0044,0.095,,1,375871.69,5,blob only clips this field; see Q-03
-75826254_39201853,,excluded_band,legacy_seed,1505,,taryn,0.0,0.0047,,1,57549.56,37,blob only clips this field; see Q-03
-75826453_38638988,0,negative,negative_pass,,431,taryn,,,,,74644.22,5,
-75826504_39194517,,excluded_band,legacy_seed,1505,,taryn,0.0,0.0053,,1,11689.78,37,blob only clips this field; see Q-03
-75827133_38735607,1,positive,legacy_seed,828,,mike,0.2561,0.9155,both,2,83635.65,5,
-75827211_38648256,1,positive,legacy_seed,660,,taryn,0.0176,0.9999,field_coverage,1,12590.56,26,
-75827353_38646161,,excluded_band,legacy_seed,660,,taryn,0.0002,0.001,,1,151986.17,1,blob only clips this field; see Q-03
-75827424_39236263,1,positive,legacy_seed,1438,,tien,0.9745,0.4076,blob_share,2,1652738.58,1,
-75827456_38598922,1,positive,legacy_seed,510,,sienna,0.9162,0.9083,both,1,136699.09,26,
-75827476_38513433,1,positive,legacy_seed,305,,maddie,0.9728,0.9477,both,1,415501.42,5,
-75827928_38669693,1,positive,legacy_seed,701,,tien,0.9147,0.5698,blob_share,2,384909.65,12,
-75827961_38731298,1,positive,legacy_seed,819,,taryn,0.0504,0.9136,field_coverage,2,15288.25,26,
-75828267_39423893,0,negative,negative_pass,,835,mara,,,,,539499.67,1,
-75828578_39349459,,excluded_band,legacy_seed,1527,,maddie,0.0004,0.0003,,1,222097.83,5,blob only clips this field; see Q-03
-75828581_38523970,,excluded_band,legacy_seed,321,,tien,0.0814,0.5916,,1,36873.41,5,blob only clips this field; see Q-03
-75829058_38517847,,excluded_band,legacy_seed,305,,maddie,0.0062,0.0165,,1,151091.28,12,blob only clips this field; see Q-03
-75829221_38521701,1,positive,legacy_seed,321,,tien,0.188,0.9999,both,1,50363.71,12,
-75829425_38732771,1,positive,legacy_seed,818,,taryn,0.9945,0.624,blob_share,3,745526.86,1,
-75829469_39330750,,excluded_band,legacy_seed,1521,,tien,0.0022,0.0358,,1,55749.49,26,blob only clips this field; see Q-03
-75829487_39157792,,excluded_band,legacy_seed,1354,,maddie,0.0041,0.1007,,1,17085.2,5,blob only clips this field; see Q-03
-75829640_39103107,,excluded_band,legacy_seed,1505,,taryn,0.0081,0.0247,,1,2295740.2,5,blob only clips this field; see Q-03
-75829954_38664903,1,positive,legacy_seed,695,,mara,0.183,0.9851,both,1,18885.77,1,
-75830034_38607780,1,positive,legacy_seed,528,,taryn,0.9202,0.9793,both,1,367827.67,59,
-75830495_39162077,,excluded_band,legacy_seed,1505,,taryn,0.0008,0.4192,,1,13488.3,5,blob only clips this field; see Q-03
-75830723_38650430,1,positive,legacy_seed,660,,taryn,0.2937,0.9939,both,1,212240.84,26,
-75830935_39226265,,excluded_band,legacy_seed,1429,,taryn,0.0001,0.0001,,1,343497.05,5,blob only clips this field; see Q-03
-75830941_39071109,0,negative,negative_pass,,386,tien,,,,,24279.45,37,
-75831204_39012764,,excluded_band,legacy_seed,1239,,taryn,0.0,0.0,,1,579117.63,26,blob only clips this field; see Q-03
-75831346_39159751,,excluded_band,legacy_seed,1354,,maddie,0.001,0.2133,,2,13488.31,5,blob only clips this field; see Q-03
-75831442_38663760,1,positive,legacy_seed,695,,mara,0.4705,0.9679,both,1,49462.76,12,
-75831447_38665718,,excluded_band,legacy_seed,695,,mara,0.0095,0.0841,,2,12590.51,5,blob only clips this field; see Q-03
-75831477_38653200,1,positive,legacy_seed,660,,taryn,0.0786,0.9955,field_coverage,1,56657.47,12,
-75831702_39269014,1,positive,legacy_seed,1463,,ayush,0.9813,0.8442,both,2,403739.96,26,
-75832130_38734211,1,positive,legacy_seed,828,,mike,0.1015,0.8593,field_coverage,1,35073.03,5,
-75832192_39143781,,excluded_band,legacy_seed,1505,,taryn,0.0003,0.0596,,1,29674.39,1,blob only clips this field; see Q-03
-75832199_38670803,,excluded_band,legacy_seed,701,,tien,0.004,0.0027,,1,363325.84,26,blob only clips this field; see Q-03
-75832624_39349419,1,positive,legacy_seed,1527,,maddie,0.9796,0.1749,blob_share,1,785884.65,1,
-75832671_38528239,,excluded_band,legacy_seed,327,,tien,0.0031,0.0013,,1,342652.62,26,blob only clips this field; see Q-03
-75833012_39178474,1,positive,legacy_seed,1374,,taryn,0.8011,0.1887,blob_share,2,908208.99,5,
-75833203_39483322,0,negative,negative_pass,,846,mike,,,,,11689.0,37,
-75833494_38641004,1,positive,legacy_seed,624,,mike,0.423,0.7072,both,1,531502.57,26,
-75833599_38983559,1,positive,legacy_seed,1174,,ayush,0.975,0.3916,blob_share,1,972996.08,1,
-75833668_38654327,,excluded_band,legacy_seed,660,,taryn,0.007,0.4685,,1,10791.9,5,blob only clips this field; see Q-03
-75833728_38998490,,excluded_band,legacy_seed,1213,,mike,0.0016,0.0022,,1,257186.63,1,blob only clips this field; see Q-03
-75833925_39157325,1,positive,legacy_seed,1354,,maddie,0.9202,0.7933,both,2,497269.32,4,
-75834506_39298232,1,positive,legacy_seed,1490,,maddie,0.1729,0.0514,blob_share,1,322809.95,5,
-75834526_38520698,1,positive,legacy_seed,318,,mara,0.9847,0.2791,blob_share,2,625949.14,1,
-75834563_39142252,,excluded_band,legacy_seed,1505,,taryn,0.0023,0.2467,,1,63844.92,5,blob only clips this field; see Q-03
-75834588_39160801,,excluded_band,legacy_seed,1505,,taryn,0.002,0.0668,,1,206820.71,4,blob only clips this field; see Q-03
-75834978_38467401,1,positive,negative_pass,,,mike,,,,,392122.35,1,rescued from rejection: truss on field
-75835083_39144116,,excluded_band,legacy_seed,1505,,taryn,0.0003,0.0801,,1,23379.82,5,blob only clips this field; see Q-03
-75835096_38651594,1,positive,legacy_seed,660,,taryn,0.111,0.9885,field_coverage,2,80939.28,5,
-75835305_39019114,1,positive,legacy_seed,1239,,taryn,0.9858,0.2202,blob_share,1,1397433.99,5,
-75835507_39134771,,excluded_band,legacy_seed,1505,,taryn,0.0015,0.1727,,1,62046.58,5,blob only clips this field; see Q-03
-75836428_39298572,,excluded_band,legacy_seed,1492,,sienna,0.0007,0.0001,,2,2046561.04,26,blob only clips this field; see Q-03
-75836443_39234950,,excluded_band,legacy_seed,1438,,tien,0.0,0.0,,1,290443.27,5,blob only clips this field; see Q-03
-75836497_38979313,,excluded_band,legacy_seed,1174,,ayush,0.001,0.0005,,1,776958.82,26,blob only clips this field; see Q-03
-75836634_38672876,,excluded_band,legacy_seed,706,,mike,0.0103,0.0797,,1,34174.2,5,blob only clips this field; see Q-03
-75836677_39151557,1,positive,legacy_seed,1350,,sienna,0.978,0.528,blob_share,3,249983.82,1,
-75836974_39218633,1,positive,legacy_seed,1414,,mike,0.5926,0.4815,blob_share,2,1289465.04,1,
-75837080_39110289,,excluded_band,legacy_seed,1505,,taryn,0.0004,0.0313,,1,87225.4,5,blob only clips this field; see Q-03
-75837376_38997936,,excluded_band,legacy_seed,1213,,mike,0.0002,0.0076,,1,10791.05,5,blob only clips this field; see Q-03
-75837410_38648740,1,positive,legacy_seed,647,,maddie,0.4643,0.9448,both,3,237422.04,1,
-75837450_39127981,,excluded_band,legacy_seed,1505,,taryn,0.0079,0.1299,,1,423536.03,5,blob only clips this field; see Q-03
-75837495_38924764,1,positive,legacy_seed,1105,,sienna,0.404,0.9855,both,2,184350.16,26,
-75837508_39113856,,excluded_band,legacy_seed,1505,,taryn,0.0006,0.1094,,1,42263.82,5,blob only clips this field; see Q-03
-75837617_38946157,0,negative,negative_pass,,508,taryn,,,,,141184.67,26,
-75838087_38595376,1,positive,legacy_seed,492,,tien,0.9772,0.9756,both,3,976679.92,1,
-75838146_38645797,1,positive,legacy_seed,647,,maddie,0.0803,0.9999,field_coverage,1,33275.08,12,
-75838146_39298967,1,positive,legacy_seed,1490,,maddie,0.8005,0.8988,both,1,85423.24,1,
-75838484_39139770,,excluded_band,legacy_seed,1505,,taryn,0.0,0.0007,,1,290449.61,5,blob only clips this field; see Q-03
-75838554_38641751,1,positive,legacy_seed,624,,mike,0.0162,0.9999,field_coverage,1,14389.24,5,
-75838688_38995630,1,positive,legacy_seed,1213,,mike,0.9637,0.3959,blob_share,1,856989.56,26,
-75838947_38597387,,excluded_band,legacy_seed,483,,mike,0.0005,0.0319,,2,18886.07,5,blob only clips this field; see Q-03
-75839542_39109308,,excluded_band,legacy_seed,1505,,taryn,0.0014,0.4598,,1,23380.01,5,blob only clips this field; see Q-03
-75839750_38564071,0,negative,negative_pass,,672,sienna,,,,,17986.87,26,
-75839971_39154284,,excluded_band,legacy_seed,1355,,sienna,0.0482,0.4692,,3,19782.88,5,blob only clips this field; see Q-03
-75840004_38670963,1,positive,legacy_seed,706,,mike,0.7239,0.9923,both,2,192454.77,12,
-75840317_39110664,,excluded_band,legacy_seed,1505,,taryn,0.0011,0.2614,,1,28775.39,5,blob only clips this field; see Q-03
-75840471_38522262,,excluded_band,negative_pass,,,mike,,,,,12590.93,5,truss at boundary: part of larger field with pivot
-75840657_39277613,,excluded_band,legacy_seed,1466,,ayush,0.0091,0.2414,,1,16185.53,5,blob only clips this field; see Q-03
-75840815_38746316,1,positive,legacy_seed,876,,mike,0.9641,0.5679,blob_share,1,1137621.91,5,
-75840845_38926768,1,positive,legacy_seed,1105,,sienna,0.5675,0.9753,both,2,264385.0,5,
-75841167_38758392,0,negative,negative_pass,,115,maddie,,,,,134895.51,5,
-75841195_39091840,,excluded_band,legacy_seed,1505,,taryn,0.0007,0.2774,,1,17984.69,37,blob only clips this field; see Q-03
-75841322_38646619,1,positive,legacy_seed,647,,maddie,0.3468,0.9804,both,1,146590.2,5,
-75841508_39156708,1,positive,legacy_seed,1355,,sienna,0.7673,0.9848,both,1,98914.34,4,
-75841791_39090166,,excluded_band,legacy_seed,1505,,taryn,0.0029,0.1387,,1,144776.84,5,blob only clips this field; see Q-03
-75841830_38638491,1,positive,legacy_seed,609,,mike,0.9783,0.7675,both,2,1353488.64,1,
-75842145_39186360,,excluded_band,legacy_seed,1374,,taryn,0.0033,0.0015,,1,321919.04,12,blob only clips this field; see Q-03
-75842216_39087639,,excluded_band,legacy_seed,1505,,taryn,0.0009,0.1523,,1,40465.6,37,blob only clips this field; see Q-03
-75842312_39085487,,excluded_band,legacy_seed,1505,,taryn,0.0005,0.1512,,1,21581.66,37,blob only clips this field; see Q-03
-75842415_38937427,1,positive,negative_pass,,,taryn,,,,,392080.2,5,rescued from rejection: truss
-75842824_39113959,,excluded_band,legacy_seed,1505,,taryn,0.0,0.0009,,1,275164.42,5,blob only clips this field; see Q-03
-75842827_39219226,1,positive,legacy_seed,1417,,taryn,0.9846,0.8097,both,2,303932.44,5,
-75843432_39228433,1,positive,legacy_seed,1414,,mike,0.1606,0.1816,blob_share,2,926182.72,26,
-75843918_39085187,1,positive,legacy_seed,1505,,taryn,0.0017,0.7108,field_coverage,1,17085.48,5,
-75843981_38625857,,excluded_band,legacy_seed,588,,mara,0.0061,0.0019,,1,452363.31,1,blob only clips this field; see Q-03
-75844602_39001546,,excluded_band,legacy_seed,1213,,mike,0.0,0.0,,1,95320.85,1,blob only clips this field; see Q-03
-75844864_38575412,1,positive,legacy_seed,421,,maddie,0.1577,0.2122,blob_share,1,508127.65,26,
-75844943_38928890,1,positive,legacy_seed,1097,,mike,0.4021,0.9546,both,2,324635.85,26,
-75845029_39339970,1,positive,legacy_seed,1524,,maddie,0.9707,0.4193,blob_share,1,776894.52,1,
-75845064_38671983,1,positive,legacy_seed,708,,mara,0.9283,0.9666,both,2,163676.45,5,
-75845197_39393996,0,negative,negative_pass,,693,sienna,,,,,731027.09,5,
-75845229_38779101,0,negative,negative_pass,,473,taryn,,,,,17086.68,1,
-75845237_39053703,,excluded_band,legacy_seed,1505,,taryn,0.0044,0.0783,,1,393868.24,1,blob only clips this field; see Q-03
-75845652_38607459,,excluded_band,legacy_seed,540,,taryn,0.0029,0.0064,,1,250914.3,5,blob only clips this field; see Q-03
-75845725_39075382,,excluded_band,legacy_seed,1505,,taryn,0.0093,0.0647,,1,1004448.94,5,blob only clips this field; see Q-03
-75846691_39212649,,excluded_band,legacy_seed,1405,,ayush,0.0077,0.0326,,1,190632.48,1,blob only clips this field; see Q-03
-75846913_38662897,1,positive,legacy_seed,697,,mara,0.9598,0.2233,blob_share,3,1161026.01,1,
-75847240_39068181,,excluded_band,legacy_seed,1505,,taryn,0.0051,0.2096,,1,169057.04,1,blob only clips this field; see Q-03
-75847258_39082126,,excluded_band,legacy_seed,1505,,taryn,0.0051,0.0739,,1,493680.97,1,blob only clips this field; see Q-03
-75847370_39034150,,excluded_band,legacy_seed,1505,,taryn,0.0074,0.0513,,1,1009853.91,1,blob only clips this field; see Q-03
-75847639_38646914,1,positive,legacy_seed,658,,mike,0.0358,0.6719,field_coverage,1,32375.75,5,
-75847652_39279303,,excluded_band,legacy_seed,1466,,ayush,0.0024,0.0086,,1,122290.64,1,blob only clips this field; see Q-03
-75847763_38628432,1,positive,legacy_seed,588,,mara,0.8904,0.9517,both,1,129503.53,26,
-75848727_38984136,1,positive,legacy_seed,1185,,taryn,0.4626,0.8142,both,1,219418.68,1,
-75848774_38932322,,excluded_band,legacy_seed,1115,,taryn,0.1018,0.1116,,2,145681.32,5,blob only clips this field; see Q-03
-75849058_38995917,,excluded_band,legacy_seed,1216,,taryn,0.0001,0.0059,,1,22481.36,37,blob only clips this field; see Q-03
-75849146_38580168,1,positive,legacy_seed,421,,maddie,0.1532,0.9159,both,1,111518.16,5,
-75849435_39069689,,excluded_band,legacy_seed,1505,,taryn,0.0001,0.0046,,1,98916.32,26,blob only clips this field; see Q-03
-75849529_38618619,1,positive,legacy_seed,560,,ayush,0.4085,0.7934,both,1,250014.32,5,
-75849954_38597435,1,positive,legacy_seed,480,,taryn,0.3999,0.9878,both,3,435278.85,26,
-75850066_39216265,1,positive,legacy_seed,1405,,ayush,0.1054,0.725,field_coverage,1,135780.55,5,
-75850340_38930005,1,positive,legacy_seed,1115,,taryn,0.618,0.9896,both,1,98020.22,42,
-75850500_38675095,,excluded_band,legacy_seed,708,,mara,0.0,0.0,,1,239219.26,1,blob only clips this field; see Q-03
-75850837_38775366,1,positive,legacy_seed,921,,maddie,0.5443,0.7733,both,2,227522.86,1,
-75850927_38773114,1,positive,legacy_seed,921,,maddie,0.4185,0.9334,both,2,142089.47,5,
-75851141_39142045,0,negative,negative_pass,,98,maddie,,,,,19782.93,37,
-75851288_39212971,1,positive,legacy_seed,1405,,ayush,0.3519,0.9999,both,1,285049.47,42,
-75851356_38615042,1,positive,legacy_seed,560,,ayush,0.576,0.4562,blob_share,1,613344.99,1,
-75851443_38864101,1,positive,legacy_seed,1020,,mike,0.1044,0.8126,field_coverage,1,185252.01,26,
-75851482_38769283,1,positive,legacy_seed,908,,tien,0.9833,0.9301,both,2,236516.2,1,
-75852074_38996019,1,positive,legacy_seed,1208,,ayush,0.4941,0.5564,blob_share,4,1421721.28,1,
-75852384_38728107,,excluded_band,legacy_seed,820,,taryn,0.0002,0.0047,,1,14388.95,5,blob only clips this field; see Q-03
-75852655_38638720,,excluded_band,legacy_seed,609,,mike,0.0002,0.0003,,1,378617.08,26,blob only clips this field; see Q-03
-75852748_38900359,,excluded_band,legacy_seed,1058,,ayush,0.0096,0.0156,,1,86330.32,5,blob only clips this field; see Q-03
-75852808_38888878,,excluded_band,legacy_seed,1049,,sienna,0.0835,0.0365,,1,767082.86,26,blob only clips this field; see Q-03
-75852919_39022144,,excluded_band,legacy_seed,1505,,taryn,0.002,0.3084,,1,45861.7,26,blob only clips this field; see Q-03
-75852921_38869846,1,positive,legacy_seed,1020,,mike,0.0104,0.7931,field_coverage,1,18884.89,26,
-75853139_38522139,1,positive,legacy_seed,328,,ayush,0.9641,0.3369,blob_share,1,746462.1,1,
-75853277_39016853,,excluded_band,legacy_seed,1505,,taryn,0.0017,0.1939,,1,60249.76,5,blob only clips this field; see Q-03
-75853279_38929774,1,positive,legacy_seed,1115,,taryn,0.0893,0.7791,field_coverage,1,17985.36,5,
-75853434_38592747,1,positive,legacy_seed,480,,taryn,0.5561,0.9772,both,2,1377784.88,1,
-75853512_39124798,1,positive,legacy_seed,1340,,ayush,0.4322,0.3113,blob_share,2,1226546.84,5,
-75853639_38660375,1,positive,legacy_seed,690,,taryn,0.2638,0.9964,both,1,182562.68,26,
-75853736_39058953,,excluded_band,legacy_seed,1505,,taryn,0.0054,0.0714,,1,529653.22,1,blob only clips this field; see Q-03
-75854429_38529228,1,positive,legacy_seed,342,,taryn,0.4526,0.9931,both,1,254516.19,12,
-75854439_38586303,,excluded_band,legacy_seed,490,,maddie,0.0015,0.0438,,1,47664.96,5,blob only clips this field; see Q-03
-75854595_38885998,,excluded_band,legacy_seed,1049,,sienna,0.0049,0.0817,,1,19784.1,5,blob only clips this field; see Q-03
-75854663_38609468,1,positive,legacy_seed,540,,taryn,0.9784,0.9512,both,1,573775.11,1,
-75854687_38712530,1,positive,legacy_seed,782,,tien,0.3005,0.4584,blob_share,1,151084.54,1,
-75854689_39064227,,excluded_band,legacy_seed,1308,,tien,0.0,0.0,,1,669934.08,5,blob only clips this field; see Q-03
-75854747_38581783,1,positive,legacy_seed,435,,ayush,0.2781,0.9554,both,1,49463.68,5,
-75854892_39218410,0,negative,negative_pass,,320,tien,,,,,15286.55,5,
-75855048_38708286,1,positive,legacy_seed,782,,tien,0.4962,0.9768,both,1,111514.91,12,
-75855224_38987204,1,positive,legacy_seed,1192,,mike,0.4443,0.9747,both,3,200534.14,1,
-75855242_38575982,1,positive,legacy_seed,417,,mike,0.8126,0.7693,both,2,187062.89,5,
-75855494_39211324,1,positive,legacy_seed,1405,,ayush,0.2377,0.9722,both,2,227500.14,1,
-75855760_38902039,,excluded_band,legacy_seed,1058,,ayush,0.0232,0.2116,,1,14388.38,37,blob only clips this field; see Q-03
-75855838_38862042,1,positive,legacy_seed,1020,,mike,0.0366,0.8644,field_coverage,1,61151.18,26,
-75856013_39214468,1,positive,legacy_seed,1405,,ayush,0.0784,0.9999,field_coverage,2,64743.08,12,
-75856052_38705353,,excluded_band,legacy_seed,782,,tien,0.0139,0.0809,,1,37771.2,5,blob only clips this field; see Q-03
-75856159_38580207,1,positive,legacy_seed,435,,ayush,0.0634,0.9999,field_coverage,1,10792.08,12,
-75856161_38900547,1,positive,legacy_seed,1058,,ayush,0.1491,0.8704,field_coverage,1,22481.85,12,
-75856332_38578806,1,positive,legacy_seed,435,,ayush,0.0925,0.9734,field_coverage,1,16188.13,12,
-75856500_39203589,1,positive,legacy_seed,1406,,tien,0.8432,0.1393,blob_share,3,2174293.74,5,
-75856509_39215879,,excluded_band,legacy_seed,1405,,ayush,0.0088,0.606,,1,11689.72,1,blob only clips this field; see Q-03
-75856616_38990485,1,positive,legacy_seed,1192,,mike,0.0788,0.9999,field_coverage,1,34171.71,5,
-75856897_38962396,,excluded_band,legacy_seed,1158,,taryn,0.0,0.0,,1,195139.71,1,blob only clips this field; see Q-03
-75857367_38611745,,excluded_band,legacy_seed,540,,taryn,0.0049,0.056,,1,48564.03,5,blob only clips this field; see Q-03
-75857571_38774683,1,positive,legacy_seed,919,,mike,0.3181,0.9833,both,2,78239.1,48,
-75857745_38582984,,excluded_band,legacy_seed,435,,ayush,0.0016,0.0056,,1,48564.33,26,blob only clips this field; see Q-03
-75857958_38891856,,excluded_band,legacy_seed,1049,,sienna,0.0025,0.0478,,1,17086.24,5,blob only clips this field; see Q-03
-75857973_38707633,,excluded_band,legacy_seed,784,,taryn,0.0001,0.006,,1,28778.04,5,blob only clips this field; see Q-03
-75857992_38579532,,excluded_band,legacy_seed,435,,ayush,0.0752,0.5473,,1,23382.84,5,blob only clips this field; see Q-03
-75858069_38601625,,excluded_band,legacy_seed,490,,maddie,0.0048,0.0207,,2,354338.23,5,blob only clips this field; see Q-03
-75858193_38867395,1,positive,legacy_seed,1020,,mike,0.4984,0.9923,both,1,723921.16,5,
-75858436_38773141,1,positive,legacy_seed,919,,mike,0.4256,0.9879,both,1,103419.54,12,
-75858577_39084690,1,positive,legacy_seed,1316,,mara,0.0398,0.9279,field_coverage,1,14387.78,1,
-75858650_38528437,1,positive,legacy_seed,342,,taryn,0.4797,0.98,both,1,273402.61,26,
-75858691_38647933,,excluded_band,legacy_seed,626,,taryn,0.0053,0.012,,2,240120.07,1,blob only clips this field; see Q-03
-75859083_39219615,,excluded_band,legacy_seed,1406,,tien,0.0,0.0,,1,692390.41,1,blob only clips this field; see Q-03
-75859313_38662772,1,positive,legacy_seed,690,,taryn,0.2235,0.9968,both,1,154683.56,1,
-75859433_38733612,,excluded_band,legacy_seed,820,,taryn,0.0026,0.0035,,1,252705.68,1,blob only clips this field; see Q-03
-75859520_39029683,,excluded_band,legacy_seed,1505,,taryn,0.0019,0.0261,,1,509873.33,5,blob only clips this field; see Q-03
-75859552_38641118,1,positive,legacy_seed,626,,taryn,0.3232,0.9854,both,2,146590.38,5,
-75859561_38747928,1,positive,legacy_seed,873,,maddie,0.9153,0.1014,blob_share,2,1689795.14,26,
-75859612_39082226,1,positive,legacy_seed,1316,,mara,0.7005,0.9509,both,1,247290.09,5,
-75859699_39130351,1,positive,legacy_seed,1340,,ayush,0.4909,0.9385,both,1,462202.54,1,
-75860045_38892766,,excluded_band,legacy_seed,1049,,sienna,0.0031,0.0558,,1,17985.51,5,blob only clips this field; see Q-03
-75860105_39157330,1,positive,legacy_seed,1352,,mike,0.9916,0.4865,blob_share,2,2241758.39,1,
-75860394_38762530,1,positive,negative_pass,,,tien,,,,,150183.52,1,rescued from rejection: truss
-75860558_38570349,1,positive,legacy_seed,407,,tien,0.9728,0.4392,blob_share,2,1138567.02,26,
-75860739_38728620,,excluded_band,legacy_seed,820,,taryn,0.0161,0.0364,,1,151983.3,5,blob only clips this field; see Q-03
-75860842_39395281,0,negative,negative_pass,,814,mara,,,,,42261.09,26,
-75860860_38998468,1,positive,legacy_seed,1208,,ayush,0.4144,0.9944,both,3,399268.75,26,
-75860896_39075473,,excluded_band,legacy_seed,1311,,sienna,0.0125,0.0251,,1,168157.52,1,blob only clips this field; see Q-03
-75860971_39148342,,excluded_band,legacy_seed,1352,,mike,0.0006,0.0024,,1,207720.53,26,blob only clips this field; see Q-03
-75861058_38962656,,excluded_band,legacy_seed,1505,,taryn,0.0,0.0003,,1,133989.93,5,blob only clips this field; see Q-03
-75861120_38537121,1,positive,legacy_seed,359,,ayush,0.9783,0.8501,both,3,218541.77,5,
-75861317_38551776,1,positive,legacy_seed,370,,maddie,0.5233,0.9745,both,1,420893.85,1,
-75861411_38587747,,excluded_band,legacy_seed,490,,maddie,0.002,0.0629,,1,44067.59,5,blob only clips this field; see Q-03
-75861491_38860171,1,positive,legacy_seed,1020,,mike,0.2915,0.4306,blob_share,1,975721.43,1,
-75861701_39081542,1,positive,legacy_seed,1316,,mara,0.0426,0.994,field_coverage,1,14387.79,1,
-75862072_38968390,,excluded_band,legacy_seed,1505,,taryn,0.0009,0.3503,,1,17985.2,5,blob only clips this field; see Q-03
-75862097_38612973,1,positive,legacy_seed,534,,taryn,0.2602,0.9432,both,1,169074.66,1,
-75862364_38988769,1,positive,legacy_seed,1192,,mike,0.3462,0.5302,blob_share,2,285963.39,26,
-75862396_38715744,,excluded_band,legacy_seed,784,,taryn,0.0001,0.0089,,1,17086.93,1,blob only clips this field; see Q-03
-75862455_38540186,1,positive,legacy_seed,358,,maddie,0.5063,0.9743,both,2,187963.78,1,
-75862529_38870678,1,positive,legacy_seed,1020,,mike,0.009,0.9029,field_coverage,1,14388.48,26,
-75862687_39506358,1,positive,legacy_seed,1536,,taryn,0.9665,0.6466,blob_share,1,229283.02,1,
-75862858_38703026,1,positive,legacy_seed,784,,taryn,0.1192,0.9907,field_coverage,1,183460.2,26,
-75862949_39121297,1,positive,legacy_seed,1337,,ayush,0.984,0.3607,blob_share,2,560219.5,1,
-75862962_38858726,,excluded_band,legacy_seed,1020,,mike,0.0,0.0,,1,153777.34,5,blob only clips this field; see Q-03
-75863082_39077084,1,positive,legacy_seed,1311,,sienna,0.0379,0.9345,field_coverage,1,13488.57,36,
-75863133_38647535,1,positive,legacy_seed,651,,sienna,0.8695,0.9865,both,2,356133.16,26,
-75863134_39096487,0,negative,negative_pass,,955,mike,,,,,173552.11,5,
-75863412_38677715,,excluded_band,legacy_seed,722,,mara,0.0121,0.0508,,2,42268.04,5,blob only clips this field; see Q-03
-75863603_38603110,,excluded_band,legacy_seed,504,,taryn,0.0044,0.1221,,1,23382.72,5,blob only clips this field; see Q-03
-75864181_38594491,1,positive,legacy_seed,490,,maddie,0.4279,0.9947,both,1,607052.47,26,
-75864299_38700664,,excluded_band,legacy_seed,758,,tien,0.0129,0.4499,,1,16187.67,5,blob only clips this field; see Q-03
-75864389_38609048,1,positive,legacy_seed,534,,taryn,0.6758,0.9761,both,1,458660.37,5,
-75864422_38867919,1,positive,legacy_seed,1020,,mike,0.0127,0.9239,field_coverage,1,19784.18,26,
-75864462_38643494,,excluded_band,legacy_seed,637,,taryn,0.0722,0.3766,,3,129503.09,5,blob only clips this field; see Q-03
-75864532_38713754,1,positive,legacy_seed,784,,taryn,0.2148,0.9632,both,1,339940.15,5,
-75864555_39115800,0,negative,negative_pass,,62,maddie,,,,,210419.75,26,
-75864684_39106575,1,positive,legacy_seed,1330,,tien,0.9902,0.3538,blob_share,1,375878.82,5,
-75864803_38956301,,excluded_band,legacy_seed,1505,,taryn,0.0011,0.5877,,1,12589.68,1,blob only clips this field; see Q-03
-75864818_38546822,,excluded_band,legacy_seed,370,,maddie,0.0,0.0001,,1,97129.45,4,blob only clips this field; see Q-03
-75864870_38969218,,excluded_band,legacy_seed,1505,,taryn,0.0012,0.1859,,1,44063.74,26,blob only clips this field; see Q-03
-75865225_38555645,1,positive,legacy_seed,370,,maddie,0.4375,0.2351,blob_share,1,1457838.28,5,
-75865582_38536733,,excluded_band,legacy_seed,360,,taryn,0.0001,0.0013,,1,31477.21,4,blob only clips this field; see Q-03
-75865616_38974102,1,positive,legacy_seed,1170,,taryn,0.9761,0.6606,both,3,1597983.14,1,
-75865762_38707460,1,positive,legacy_seed,784,,taryn,0.6305,0.9827,both,1,978453.47,1,
-75865806_38699351,1,positive,legacy_seed,758,,tien,0.0251,0.9999,field_coverage,1,12590.42,42,
-75865978_38946932,,excluded_band,legacy_seed,1505,,taryn,0.0009,0.5212,,1,12589.7,5,blob only clips this field; see Q-03
-75865988_38998898,1,positive,legacy_seed,1208,,ayush,0.0363,0.9991,field_coverage,2,29675.38,5,
-75866022_39071186,,excluded_band,legacy_seed,1308,,tien,0.0414,0.4979,,1,40465.75,1,blob only clips this field; see Q-03
-75866061_38697934,1,positive,legacy_seed,758,,tien,0.0304,0.9999,field_coverage,1,15288.37,42,
-75866111_38527923,1,positive,legacy_seed,337,,tien,0.9415,0.9461,both,2,1012668.88,1,
-75866190_38697246,1,positive,legacy_seed,758,,tien,0.0266,0.9913,field_coverage,1,13489.74,5,
-75866272_38654093,1,positive,legacy_seed,664,,tien,0.632,0.5006,blob_share,2,362427.9,5,
-75866452_39082849,1,positive,legacy_seed,1311,,sienna,0.8694,0.5422,blob_share,1,534146.51,5,
-75866528_38677152,1,positive,legacy_seed,713,,mara,0.858,0.8522,both,2,231125.26,48,
-75867387_38935916,,excluded_band,legacy_seed,1505,,taryn,0.0037,0.2725,,1,93523.75,1,blob only clips this field; see Q-03
-75867398_39063901,,excluded_band,legacy_seed,1308,,tien,0.0047,0.0041,,1,562025.28,1,blob only clips this field; see Q-03
-75867526_38933030,,excluded_band,legacy_seed,1505,,taryn,0.0032,0.2654,,1,83631.87,1,blob only clips this field; see Q-03
-75867568_38970422,,excluded_band,legacy_seed,1505,,taryn,0.0002,0.0497,,1,32373.36,26,blob only clips this field; see Q-03
-75867756_38543695,0,negative,negative_pass,,689,sienna,,,,,46766.07,4,
-75867983_39009513,1,positive,legacy_seed,1216,,taryn,0.0118,0.7127,field_coverage,1,34171.56,5,
-75868275_38945557,,excluded_band,legacy_seed,1505,,taryn,0.0001,0.0588,,1,10791.18,5,blob only clips this field; see Q-03
-75868461_38573936,,excluded_band,legacy_seed,407,,tien,0.0001,0.0001,,1,501832.47,1,blob only clips this field; see Q-03
-75868515_38930374,,excluded_band,legacy_seed,1505,,taryn,0.0008,0.3901,,1,13489.02,5,blob only clips this field; see Q-03
-75868842_38889819,1,positive,legacy_seed,1049,,sienna,0.8741,0.3213,blob_share,2,1317439.81,1,
-75868985_39217348,,excluded_band,legacy_seed,1406,,tien,0.0181,0.0094,,2,873131.66,5,blob only clips this field; see Q-03
-75869035_38643951,1,positive,legacy_seed,637,,taryn,0.505,0.9307,both,1,195153.94,1,
-75869153_38581818,1,positive,legacy_seed,441,,mike,0.9719,0.4349,blob_share,2,1128671.29,1,
-75869234_38990621,,excluded_band,legacy_seed,1204,,sienna,0.0026,0.0147,,1,98918.11,1,blob only clips this field; see Q-03
-75869829_38926907,,excluded_band,legacy_seed,1505,,taryn,0.003,0.598,,1,35071.48,5,blob only clips this field; see Q-03
-75869982_38564492,0,negative,negative_pass,,503,taryn,,,,,17087.52,5,
-75870014_39002622,1,positive,legacy_seed,1216,,taryn,0.1416,0.9927,field_coverage,2,294055.76,1,
-75870035_38599914,1,positive,legacy_seed,504,,taryn,0.5655,0.8188,both,1,448768.64,59,
-75870066_38996969,,excluded_band,legacy_seed,1204,,sienna,0.0021,0.079,,1,14388.07,5,blob only clips this field; see Q-03
-75870121_38779945,1,positive,legacy_seed,931,,ayush,0.9199,0.7282,both,1,36871.25,1,
-75870194_38937020,,excluded_band,legacy_seed,1505,,taryn,0.0001,0.0406,,1,10791.2,5,blob only clips this field; see Q-03
-75870230_38906584,,excluded_band,legacy_seed,1505,,taryn,0.001,0.0239,,1,286868.05,26,blob only clips this field; see Q-03
-75870537_38971406,,excluded_band,legacy_seed,1170,,taryn,0.0024,0.0639,,1,26078.53,5,blob only clips this field; see Q-03
-75870608_39007754,1,positive,legacy_seed,1216,,taryn,0.0423,0.9999,field_coverage,1,94421.46,26,
-75870658_38699402,1,positive,legacy_seed,758,,tien,0.4049,0.9715,both,1,209540.52,26,
-75870675_38594618,1,positive,legacy_seed,504,,taryn,0.3377,0.7136,both,1,307573.27,5,
-75870748_38602813,,excluded_band,legacy_seed,504,,taryn,0.0052,0.2363,,1,14389.37,1,blob only clips this field; see Q-03
-75871129_38953213,,excluded_band,legacy_seed,1141,,tien,0.0124,0.1251,,1,42265.37,5,blob only clips this field; see Q-03
-75871133_38739249,1,positive,legacy_seed,860,,tien,0.7238,0.1014,blob_share,2,747324.37,5,
-75871410_38795561,1,positive,negative_pass,,,ayush,,,,,116908.45,26,rescued from rejection: Circular irrigation truss
-75871787_38722675,1,positive,legacy_seed,809,,ayush,0.8966,0.4037,blob_share,1,578256.8,26,
-75871842_38866763,,excluded_band,legacy_seed,1025,,mara,0.0011,0.0016,,1,345323.93,5,blob only clips this field; see Q-03
-75872002_39009504,1,positive,legacy_seed,1216,,taryn,0.005,0.821,field_coverage,1,12589.52,5,
-75872050_38398835,0,negative,negative_pass,,747,mara,,,,,23383.81,5,
-75872206_38645001,1,positive,legacy_seed,637,,taryn,0.3395,0.9403,both,2,132201.02,5,
-75872238_38931755,,excluded_band,legacy_seed,1505,,taryn,0.0003,0.0296,,1,75538.49,5,blob only clips this field; see Q-03
-75872958_38949228,1,positive,legacy_seed,1141,,tien,0.9125,0.5799,blob_share,2,677145.86,1,
-75873023_39205415,1,positive,legacy_seed,1396,,sienna,0.9795,0.5602,blob_share,2,1609588.15,1,
-75873068_38700936,,excluded_band,legacy_seed,758,,tien,0.0067,0.0491,,1,68347.95,5,blob only clips this field; see Q-03
-75873174_39302399,0,negative,negative_pass,,118,maddie,,,,,19782.21,37,
-75873228_38697138,1,positive,legacy_seed,756,,mara,0.9175,0.641,blob_share,2,228426.26,5,
-75873236_38742555,1,positive,legacy_seed,859,,mara,0.088,0.7538,field_coverage,1,29677.12,26,
-75873444_38998515,,excluded_band,legacy_seed,1204,,sienna,0.118,0.4494,,1,144779.89,1,blob only clips this field; see Q-03
-75873517_38614136,,excluded_band,legacy_seed,552,,mara,0.0201,0.1752,,1,26979.99,5,blob only clips this field; see Q-03
-75873544_38490461,1,positive,legacy_seed,285,,maddie,0.9678,0.2799,blob_share,1,1578374.08,5,
-75873601_38848852,0,negative,negative_pass,,766,mara,,,,,751802.06,1,
-75873873_39084824,,excluded_band,legacy_seed,1311,,sienna,0.0014,0.0004,,1,1214867.99,1,blob only clips this field; see Q-03
-75873921_38584591,,excluded_band,legacy_seed,441,,mike,0.0016,0.0519,,1,15288.76,5,blob only clips this field; see Q-03
-75874345_38995148,1,positive,legacy_seed,1204,,sienna,0.0212,0.9999,field_coverage,1,11690.31,1,
-75874431_38611058,,excluded_band,legacy_seed,552,,mara,0.0019,0.0223,,1,21584.01,5,blob only clips this field; see Q-03
-75874557_38740716,1,positive,legacy_seed,859,,mara,0.0898,0.939,field_coverage,1,24281.29,26,
-75874569_38901358,,excluded_band,legacy_seed,1505,,taryn,0.008,0.1411,,1,394781.25,1,blob only clips this field; see Q-03
-75874845_38647378,1,positive,legacy_seed,640,,maddie,0.1805,0.9954,both,1,37771.7,26,
-75874925_38599891,,excluded_band,legacy_seed,504,,taryn,0.0012,0.0194,,1,38671.45,5,blob only clips this field; see Q-03
-75874936_38743058,1,positive,legacy_seed,859,,mara,0.0431,0.8138,field_coverage,1,13489.6,26,
-75875113_38710936,1,positive,legacy_seed,781,,ayush,0.9493,0.4832,blob_share,1,344436.93,5,
-75875314_38592865,,excluded_band,legacy_seed,504,,taryn,0.0057,0.0118,,1,310271.4,1,blob only clips this field; see Q-03
-75875595_39188687,0,negative,negative_pass,,227,tien,,,,,19782.72,37,
-75875660_39001974,1,positive,legacy_seed,1220,,maddie,0.1894,0.9477,both,1,54854.44,36,
-75875665_38737536,,excluded_band,legacy_seed,859,,mara,0.0001,0.0001,,1,231122.07,1,blob only clips this field; see Q-03
-75875667_38575181,,excluded_band,legacy_seed,409,,mara,0.0,0.0,,1,360635.76,5,blob only clips this field; see Q-03
-75875798_38708198,,excluded_band,legacy_seed,781,,ayush,0.0003,0.0004,,1,127702.55,1,blob only clips this field; see Q-03
-75876166_38898122,,excluded_band,legacy_seed,1505,,taryn,0.0113,0.2088,,1,378594.6,5,blob only clips this field; see Q-03
-75876422_38614401,1,positive,legacy_seed,552,,mara,0.8576,0.9868,both,2,204148.58,26,
-75876553_38684330,1,positive,legacy_seed,741,,ayush,0.9876,0.5754,blob_share,2,1703309.43,26,
-75876681_38320690,0,negative,negative_pass,,256,tien,,,,,42271.48,5,
-75876805_39239227,1,positive,legacy_seed,1439,,maddie,0.064,0.9743,field_coverage,1,14387.27,36,
-75876928_38880911,,excluded_band,legacy_seed,1505,,taryn,0.0018,0.5135,,1,24280.51,5,blob only clips this field; see Q-03
-75877107_38611172,,excluded_band,legacy_seed,552,,mara,0.0004,0.0057,,1,14389.34,5,blob only clips this field; see Q-03
-75877156_39005507,1,positive,legacy_seed,1220,,maddie,0.7803,0.5453,blob_share,1,392973.34,1,
-75877255_38917832,1,positive,legacy_seed,1083,,ayush,0.9953,0.2513,blob_share,2,2634862.76,1,
-75877278_38859963,,excluded_band,legacy_seed,1505,,taryn,0.0093,0.1227,,1,528778.1,1,blob only clips this field; see Q-03
-75877478_39064102,1,positive,legacy_seed,1307,,tien,0.9968,0.7581,both,2,822804.85,1,
-75877538_38644885,1,positive,legacy_seed,640,,maddie,0.1364,0.9674,field_coverage,1,25181.15,1,
-75877541_38999198,,excluded_band,legacy_seed,1220,,maddie,0.0,0.0,,1,103414.18,36,blob only clips this field; see Q-03
-75877824_38586194,,excluded_band,legacy_seed,450,,maddie,0.0137,0.0848,,1,30577.52,5,blob only clips this field; see Q-03
-75877965_38883012,1,positive,legacy_seed,1505,,taryn,0.0016,0.9412,field_coverage,1,11690.61,37,
-75878053_38884496,,excluded_band,legacy_seed,1505,,taryn,0.001,0.6433,,1,10791.33,5,blob only clips this field; see Q-03
-75878061_38744322,1,positive,legacy_seed,859,,mara,0.5003,0.6798,both,1,187055.7,1,
-75878455_38885781,,excluded_band,legacy_seed,1505,,taryn,0.0002,0.1195,,1,13489.16,5,blob only clips this field; see Q-03
-75878469_38986746,1,positive,legacy_seed,1187,,maddie,0.4216,0.8671,both,2,227511.86,26,
-75878558_38714938,1,positive,legacy_seed,791,,mike,0.9545,0.4773,blob_share,1,206841.83,26,
-75878954_38791957,1,positive,legacy_seed,953,,maddie,0.9578,0.929,both,1,232917.78,1,
-75879158_38740398,,excluded_band,legacy_seed,859,,mara,0.0692,0.0862,,1,204142.71,5,blob only clips this field; see Q-03
-75879276_39054851,,excluded_band,legacy_seed,1303,,mara,0.0171,0.007,,2,873164.41,5,blob only clips this field; see Q-03
-75879307_39240053,1,positive,legacy_seed,1439,,maddie,0.8214,0.9778,both,1,184336.84,1,
-75879620_38883337,,excluded_band,legacy_seed,1505,,taryn,0.0003,0.0265,,1,67445.82,1,blob only clips this field; see Q-03
-75879784_38955503,,excluded_band,legacy_seed,1151,,ayush,0.0004,0.0223,,1,12589.68,5,blob only clips this field; see Q-03
-75879825_38647930,,excluded_band,legacy_seed,640,,maddie,0.0015,0.0011,,1,229328.15,26,blob only clips this field; see Q-03
-75879848_38980838,,excluded_band,legacy_seed,1187,,maddie,0.0036,0.0056,,1,299452.77,26,blob only clips this field; see Q-03
-75879899_38998963,,excluded_band,legacy_seed,1220,,maddie,0.0008,0.0017,,1,133089.57,5,blob only clips this field; see Q-03
-75880258_38571759,1,positive,legacy_seed,409,,mara,0.9269,0.9661,both,1,211345.31,26,
-75880580_38584420,1,positive,legacy_seed,450,,maddie,0.9207,0.9514,both,3,194257.24,26,
-75880597_39007949,,excluded_band,legacy_seed,1229,,taryn,0.0012,0.0049,,2,315637.44,26,blob only clips this field; see Q-03
-75880665_38587122,,excluded_band,legacy_seed,450,,maddie,0.0171,0.2241,,1,14389.42,5,blob only clips this field; see Q-03
-75880709_38716940,,excluded_band,legacy_seed,791,,mike,0.0012,0.0013,,1,96226.37,1,blob only clips this field; see Q-03
-75880859_38965869,0,negative,negative_pass,,279,tien,,,,,46761.55,5,
-75880896_39381671,0,negative,negative_pass,,394,tien,,,,,22479.37,5,
-75881076_38662240,1,positive,legacy_seed,679,,tien,0.9313,0.9177,both,4,422681.88,1,
-75881110_38854786,,excluded_band,legacy_seed,1505,,taryn,0.0073,0.1288,,1,393886.19,26,blob only clips this field; see Q-03
-75881255_38839017,,excluded_band,legacy_seed,1505,,taryn,0.008,0.1341,,1,419067.64,1,blob only clips this field; see Q-03
-75881627_38475961,1,positive,legacy_seed,272,,maddie,0.9545,0.9544,both,1,256317.99,26,
-75881708_38731792,1,positive,legacy_seed,830,,ayush,0.9278,0.2736,blob_share,1,696964.36,5,
-75881947_38516436,1,positive,legacy_seed,309,,taryn,0.5997,0.9952,both,1,63854.07,48,
-75881954_38678197,,excluded_band,legacy_seed,723,,ayush,0.0022,0.043,,1,11691.16,5,blob only clips this field; see Q-03
-75881956_38315658,0,negative,negative_pass,,363,tien,,,,,17987.89,37,
-75882026_38846801,,excluded_band,legacy_seed,1505,,taryn,0.0005,0.2449,,1,13489.28,5,blob only clips this field; see Q-03
-75882083_39049298,,excluded_band,legacy_seed,1297,,taryn,0.0,0.0,,1,294052.62,26,blob only clips this field; see Q-03
-75882269_38993213,,excluded_band,legacy_seed,1199,,mara,0.0004,0.0003,,1,436138.68,26,blob only clips this field; see Q-03
-75882320_38960736,1,positive,legacy_seed,1151,,ayush,0.534,0.565,blob_share,1,605203.14,1,
-75882591_38614456,1,positive,legacy_seed,553,,sienna,0.9764,0.8716,both,2,396605.84,5,
-75882617_38834870,,excluded_band,legacy_seed,1505,,taryn,0.0158,0.1946,,1,568349.79,26,blob only clips this field; see Q-03
-75882650_38610837,,excluded_band,legacy_seed,553,,sienna,0.0014,0.0116,,1,39570.68,1,blob only clips this field; see Q-03
-75882870_38864218,,excluded_band,legacy_seed,1505,,taryn,0.0166,0.2206,,2,533273.98,5,blob only clips this field; see Q-03
-75882955_38956944,1,positive,legacy_seed,1151,,ayush,0.4585,0.7737,both,1,379488.77,5,
-75883024_38641557,1,positive,legacy_seed,627,,mara,0.9657,0.4842,blob_share,2,814790.63,1,
-75883068_38791047,,excluded_band,legacy_seed,953,,maddie,0.0024,0.0022,,1,245507.99,26,blob only clips this field; see Q-03
-75883081_39004196,,excluded_band,legacy_seed,1220,,maddie,0.0024,0.0384,,2,57552.18,5,blob only clips this field; see Q-03
-75883141_38581775,1,positive,legacy_seed,448,,tien,0.8462,0.9573,both,3,230230.96,5,
-75883331_38851442,,excluded_band,legacy_seed,1505,,taryn,0.0121,0.4557,,1,186151.83,1,blob only clips this field; see Q-03
-75883402_38473902,,excluded_band,legacy_seed,272,,maddie,0.0192,0.1445,,1,34175.75,5,blob only clips this field; see Q-03
-75883542_38913503,,excluded_band,legacy_seed,1083,,ayush,0.0005,0.0004,,1,548555.59,5,blob only clips this field; see Q-03
-75883960_38668844,,excluded_band,legacy_seed,698,,mara,0.0006,0.0095,,1,44966.09,5,blob only clips this field; see Q-03
-75884009_38575021,,excluded_band,legacy_seed,409,,mara,0.0026,0.0032,,1,210445.81,1,blob only clips this field; see Q-03
-75884685_38660442,1,positive,legacy_seed,685,,mike,0.9419,0.9957,both,4,322857.13,26,
-75884794_39006054,1,positive,legacy_seed,1229,,taryn,0.0605,0.9668,field_coverage,1,67443.93,59,
-75885132_38830756,,excluded_band,legacy_seed,1505,,taryn,0.0075,0.4126,,1,127698.96,1,blob only clips this field; see Q-03
-75885215_38589035,1,positive,legacy_seed,469,,mara,0.9414,0.9263,both,3,716772.63,1,
-75885272_38848188,,excluded_band,legacy_seed,1505,,taryn,0.0001,0.042,,1,16187.13,37,blob only clips this field; see Q-03
-75885339_39000643,,excluded_band,legacy_seed,1217,,ayush,0.009,0.1336,,1,18884.32,5,blob only clips this field; see Q-03
-75885502_38904333,,excluded_band,legacy_seed,1051,,maddie,0.0,0.0,,1,492801.78,37,blob only clips this field; see Q-03
-75885696_38502079,1,positive,legacy_seed,294,,mike,0.9616,0.062,blob_share,1,810319.79,26,
-75885737_38645650,,excluded_band,legacy_seed,627,,mara,0.0,0.0,,1,18885.86,5,blob only clips this field; see Q-03
-75885745_38621259,,excluded_band,legacy_seed,573,,sienna,0.0035,0.058,,2,20684.63,5,blob only clips this field; see Q-03
-75886021_38804476,,excluded_band,legacy_seed,1505,,taryn,0.0079,0.1446,,1,380401.31,5,blob only clips this field; see Q-03
-75886456_39010426,1,positive,legacy_seed,1229,,taryn,0.0367,0.9999,field_coverage,1,41365.57,59,
-75886811_39040824,1,positive,legacy_seed,1285,,mara,0.0192,0.9561,field_coverage,1,19783.4,5,
-75887281_38997116,,excluded_band,legacy_seed,1217,,ayush,0.0015,0.0042,,1,98018.71,5,blob only clips this field; see Q-03
-75887425_38525281,1,positive,legacy_seed,334,,tien,0.98,0.3996,blob_share,3,1295965.2,1,
-75887516_39349589,0,negative,negative_pass,,739,mara,,,,,26975.44,1,
-75887612_38845419,,excluded_band,legacy_seed,1505,,taryn,0.0111,0.0519,,1,1499108.88,26,blob only clips this field; see Q-03
-75887719_38615603,,excluded_band,legacy_seed,553,,sienna,0.0028,0.0086,,1,106121.26,1,blob only clips this field; see Q-03
-75887768_39443968,0,negative,negative_pass,,947,mike,,,,,48554.75,37,
-75887778_38981235,1,positive,legacy_seed,1186,,sienna,0.9889,0.3608,blob_share,3,1484673.96,1,
-75887817_38736713,0,negative,negative_pass,,13,maddie,,,,,17986.16,5,
-75887998_39060786,,excluded_band,legacy_seed,1301,,maddie,0.0823,0.1418,,1,143878.57,26,blob only clips this field; see Q-03
-75888199_38471568,1,positive,legacy_seed,271,,mike,0.8805,0.8758,both,1,341757.69,1,
-75888488_39210256,,excluded_band,legacy_seed,1402,,taryn,0.0182,0.078,,1,26976.31,5,blob only clips this field; see Q-03
-75888792_39043463,1,positive,legacy_seed,1285,,mara,0.0432,0.9999,field_coverage,1,38667.52,5,
-75888864_38792967,,excluded_band,legacy_seed,1505,,taryn,0.0038,0.0822,,1,324645.95,5,blob only clips this field; see Q-03
-75889029_38877449,1,positive,legacy_seed,1037,,mike,0.9695,0.5114,blob_share,5,3024274.84,26,
-75889045_38599020,,excluded_band,legacy_seed,519,,maddie,0.001,0.0009,,2,665508.74,26,blob only clips this field; see Q-03
-75889268_39016153,1,positive,legacy_seed,1229,,taryn,0.0249,0.906,field_coverage,1,29675.26,5,
-75889303_38839639,,excluded_band,legacy_seed,1505,,taryn,0.0009,0.0202,,1,306656.75,5,blob only clips this field; see Q-03
-75889308_39013566,1,positive,legacy_seed,1229,,taryn,0.1138,0.9675,field_coverage,1,126794.37,59,
-75889827_39006169,1,positive,legacy_seed,1229,,taryn,0.0159,0.9999,field_coverage,1,17085.79,59,
-75889842_39041250,1,positive,legacy_seed,1285,,mara,0.0251,0.9999,field_coverage,1,22481.13,5,
-75889848_38990744,1,positive,legacy_seed,1199,,mara,0.988,0.8447,both,1,344414.87,5,
-75889850_39038566,1,positive,legacy_seed,1285,,mara,0.0441,0.9999,field_coverage,1,39566.81,5,
-75889863_38665374,1,positive,legacy_seed,696,,mike,0.0191,0.7904,field_coverage,1,11691.19,5,
-75889925_38684531,,excluded_band,legacy_seed,728,,sienna,0.0091,0.1071,,1,21583.65,5,blob only clips this field; see Q-03
-75890116_38820842,,excluded_band,legacy_seed,1505,,taryn,0.0219,0.224,,1,684360.08,1,blob only clips this field; see Q-03
-75890266_38930518,1,positive,legacy_seed,1104,,sienna,0.5308,0.0724,blob_share,1,2053927.94,26,
-75890342_39047742,,excluded_band,legacy_seed,1285,,mara,0.0072,0.3566,,1,17984.87,5,blob only clips this field; see Q-03
-75890383_38468736,1,positive,legacy_seed,271,,mike,0.032,0.9306,field_coverage,1,11691.72,4,
-75890385_39444346,0,negative,negative_pass,,770,mara,,,,,10789.94,5,
-75890397_38621697,1,positive,legacy_seed,576,,maddie,0.9385,0.9641,both,2,316564.68,59,
-75890424_38896371,1,positive,legacy_seed,1051,,maddie,0.986,0.9571,both,1,683448.97,5,
-75890439_38778208,,excluded_band,legacy_seed,1505,,taryn,0.0093,0.1521,,2,428965.77,5,blob only clips this field; see Q-03
-75890480_39002191,1,positive,legacy_seed,1217,,ayush,0.314,0.9192,both,2,127693.95,59,
-75890821_38470630,1,positive,legacy_seed,271,,mike,0.0397,0.9999,field_coverage,1,13490.44,4,
-75891049_38954337,,excluded_band,legacy_seed,1149,,mike,0.1009,0.1157,,2,387582.37,1,blob only clips this field; see Q-03
-75891123_39010939,1,positive,legacy_seed,1229,,taryn,0.06,0.9999,field_coverage,1,64746.1,37,
-75891144_39036639,1,positive,legacy_seed,1285,,mara,0.0099,0.8559,field_coverage,2,11690.2,5,
-75891211_39014252,1,positive,legacy_seed,1229,,taryn,0.0125,0.9999,field_coverage,1,13488.76,37,
-75891313_39034153,1,positive,legacy_seed,1262,,sienna,0.9299,0.9449,both,3,420847.41,26,
-75891331_39208209,,excluded_band,legacy_seed,1402,,taryn,0.0178,0.1092,,1,18883.42,5,blob only clips this field; see Q-03
-75891332_38799822,,excluded_band,legacy_seed,1505,,taryn,0.0199,0.4639,,1,300364.48,1,blob only clips this field; see Q-03
-75891458_39049283,,excluded_band,legacy_seed,1285,,mara,0.0274,0.0961,,2,256284.39,26,blob only clips this field; see Q-03
-75891709_38721417,,excluded_band,legacy_seed,800,,sienna,0.1093,0.2356,,1,46764.17,5,blob only clips this field; see Q-03
-75891899_38885428,1,positive,legacy_seed,1041,,mara,0.9532,0.6413,blob_share,2,864205.42,1,
-75891956_38605959,,excluded_band,legacy_seed,519,,maddie,0.0022,0.0054,,2,240122.37,5,blob only clips this field; see Q-03
-75892088_39043786,1,positive,legacy_seed,1285,,mara,0.0766,0.9932,field_coverage,1,69241.83,26,
-75892101_38999459,,excluded_band,legacy_seed,1217,,ayush,0.0084,0.1009,,1,23380.59,5,blob only clips this field; see Q-03
-75892236_39010782,1,positive,legacy_seed,1229,,taryn,0.0409,0.9999,field_coverage,1,49458.83,59,
-75892540_38682924,,excluded_band,legacy_seed,728,,sienna,0.0155,0.1577,,1,25180.93,5,blob only clips this field; see Q-03
-75892724_39296693,1,positive,legacy_seed,1480,,ayush,0.9914,0.1924,blob_share,1,1889203.25,1,
-75892753_38672257,,excluded_band,legacy_seed,696,,mike,0.0603,0.0627,,1,464049.69,5,blob only clips this field; see Q-03
-75892944_38630778,1,positive,legacy_seed,597,,tien,0.9345,0.7688,both,1,82738.32,5,
-75893158_38968889,,excluded_band,legacy_seed,1155,,taryn,0.0031,0.0654,,1,12589.64,5,blob only clips this field; see Q-03
-75893453_38464565,,excluded_band,legacy_seed,271,,mike,0.0029,0.0012,,1,800433.74,5,blob only clips this field; see Q-03
-75893483_38490389,1,positive,legacy_seed,288,,mike,0.0247,0.9071,field_coverage,1,10792.3,1,
-75893698_38823790,,excluded_band,legacy_seed,1505,,taryn,0.0044,0.0648,,1,474825.08,5,blob only clips this field; see Q-03
-75893721_38526049,,excluded_band,legacy_seed,341,,mara,0.0103,0.0157,,1,203253.35,5,blob only clips this field; see Q-03
-75893775_38785528,,excluded_band,legacy_seed,1505,,taryn,0.0112,0.3764,,1,207737.77,5,blob only clips this field; see Q-03
-75893909_38768925,,excluded_band,legacy_seed,1505,,taryn,0.0051,0.1755,,1,205040.67,5,blob only clips this field; see Q-03
-75893914_38719394,1,positive,legacy_seed,800,,sienna,0.4731,0.6499,blob_share,2,73743.54,26,
-75893924_39007196,1,positive,legacy_seed,1229,,taryn,0.0166,0.9986,field_coverage,1,17985.04,37,
-75893955_38664645,1,positive,legacy_seed,696,,mike,0.8439,0.739,both,1,551284.85,59,
-75893995_38494283,1,positive,legacy_seed,288,,mike,0.0273,0.9999,field_coverage,1,10792.29,1,
-75894477_38852556,,excluded_band,legacy_seed,1013,,sienna,0.0008,0.0026,,1,292267.29,1,blob only clips this field; see Q-03
-75894502_38508638,,excluded_band,legacy_seed,306,,mara,0.0023,0.0021,,1,373232.2,1,blob only clips this field; see Q-03
-75894547_38491554,1,positive,legacy_seed,288,,mike,0.0622,0.9431,field_coverage,1,26081.39,5,
-75894648_38781903,,excluded_band,legacy_seed,1505,,taryn,0.0103,0.5087,,1,141189.88,26,blob only clips this field; see Q-03
-75894706_38497217,1,positive,legacy_seed,288,,mike,0.0833,0.705,field_coverage,1,46766.57,5,
-75895165_38716878,1,positive,legacy_seed,795,,tien,0.9628,0.919,both,2,152883.03,1,
-75895232_38722578,1,positive,negative_pass,,,sienna,,,,,17086.9,12,rescued from rejection: truss lines
-75895542_38743091,1,positive,legacy_seed,875,,maddie,0.9854,0.3459,blob_share,4,1145716.51,1,
-75895756_39285499,0,negative,negative_pass,,838,mara,,,,,47657.31,37,
-75895815_38606952,1,positive,legacy_seed,519,,maddie,0.0282,0.8034,field_coverage,2,20684.69,1,
-75895924_38775410,1,positive,legacy_seed,926,,sienna,0.9589,0.6974,both,2,187054.37,1,
-75896011_39153886,1,positive,legacy_seed,1353,,tien,0.218,0.12,blob_share,1,815594.25,5,
-75896085_38646471,1,positive,legacy_seed,642,,sienna,0.4348,0.9338,both,1,288683.78,26,
-75896145_38918833,1,positive,legacy_seed,1088,,mara,0.9614,0.925,both,2,293162.12,5,
-75896207_38956123,1,positive,legacy_seed,1148,,tien,0.7544,0.9867,both,2,44063.87,37,
-75896232_38492840,1,positive,legacy_seed,288,,mike,0.0363,0.9999,field_coverage,1,14389.73,1,
-75896397_38493825,1,positive,legacy_seed,288,,mike,0.2008,0.8658,both,1,91734.49,5,
-75896678_38977637,1,positive,legacy_seed,1175,,tien,0.936,0.5414,blob_share,3,1294032.61,42,
-75897302_38792688,,excluded_band,legacy_seed,1505,,taryn,0.0018,0.0448,,1,276083.97,5,blob only clips this field; see Q-03
-75897366_39049857,,excluded_band,legacy_seed,1285,,mara,0.014,0.0282,,1,445125.47,1,blob only clips this field; see Q-03
-75897381_38513332,1,positive,legacy_seed,306,,mara,0.9762,0.9296,both,1,369634.41,26,
-75897410_38855488,1,positive,legacy_seed,1013,,sienna,0.4731,0.6723,both,1,718527.43,26,
-75897548_38999386,,excluded_band,legacy_seed,1229,,taryn,0.011,0.0082,,3,1635742.55,1,blob only clips this field; see Q-03
-75897683_38634149,,excluded_band,legacy_seed,593,,maddie,0.0022,0.0015,,3,511718.16,26,blob only clips this field; see Q-03
-75897881_38496578,1,positive,legacy_seed,288,,mike,0.0318,0.9999,field_coverage,1,12591.0,1,
-75898721_38905028,,excluded_band,legacy_seed,1076,,ayush,0.0009,0.0002,,1,1548548.46,5,blob only clips this field; see Q-03
-75898749_38597405,,excluded_band,legacy_seed,519,,maddie,0.0002,0.0052,,1,17087.39,5,blob only clips this field; see Q-03
-75899092_38495326,,excluded_band,legacy_seed,288,,mike,0.001,0.0183,,1,20685.22,1,blob only clips this field; see Q-03
-75899215_38496401,1,positive,legacy_seed,288,,mike,0.0431,0.9029,field_coverage,1,18886.5,5,
-75899242_38717036,,excluded_band,legacy_seed,795,,tien,0.0012,0.0009,,1,193352.05,5,blob only clips this field; see Q-03
-75899287_39314605,,excluded_band,legacy_seed,1504,,mike,0.0007,0.0006,,1,775999.86,5,blob only clips this field; see Q-03
-75899420_38663794,,excluded_band,legacy_seed,696,,mike,0.0,0.0003,,1,14389.16,5,blob only clips this field; see Q-03
-75899421_38602243,1,positive,legacy_seed,519,,maddie,0.8254,0.9856,both,2,493735.16,48,
-75899569_38958863,1,positive,legacy_seed,1149,,mike,0.7208,0.9401,both,2,339921.03,1,
-75899647_38629112,1,positive,legacy_seed,589,,sienna,0.9653,0.9879,both,3,325557.44,1,
-75899758_38728738,,excluded_band,legacy_seed,1505,,taryn,0.0119,0.1493,,2,557571.87,1,blob only clips this field; see Q-03
-75900143_38923070,1,positive,legacy_seed,1091,,sienna,0.9253,0.4512,blob_share,3,813838.79,1,
-75900195_38767527,,excluded_band,legacy_seed,1505,,taryn,0.0006,0.0447,,1,99822.47,5,blob only clips this field; see Q-03
-75900385_38859674,1,positive,legacy_seed,1013,,sienna,0.5058,0.5332,blob_share,1,968527.29,1,
-75900390_39155650,1,positive,legacy_seed,1353,,tien,0.7763,0.8574,both,1,406448.13,1,
-75900655_38744413,1,positive,legacy_seed,874,,taryn,0.2775,0.8858,both,3,84534.79,5,
-75900691_39207374,1,positive,legacy_seed,1399,,tien,0.9788,0.4953,blob_share,1,563805.2,5,
-75900860_38676269,,excluded_band,legacy_seed,724,,mike,0.0031,0.0654,,2,35073.49,5,blob only clips this field; see Q-03
-75901549_38989724,,excluded_band,legacy_seed,1180,,tien,0.0013,0.1796,,2,10791.07,37,blob only clips this field; see Q-03
-75901674_38678958,1,positive,legacy_seed,724,,mike,0.9347,0.9891,both,2,187957.81,26,
-75901697_38770729,1,positive,legacy_seed,914,,tien,0.1766,0.7306,both,2,236516.12,5,
-75902106_38583842,,excluded_band,negative_pass,,,ayush,,,,,10792.07,5,truss at boundary: Touching a field with circular irrigation
-75902127_38745689,1,positive,legacy_seed,866,,sienna,0.072,0.9999,field_coverage,3,17086.81,1,
-75902127_38759671,,excluded_band,legacy_seed,1505,,taryn,0.0035,0.123,,1,198745.99,5,blob only clips this field; see Q-03
-75902296_38626016,1,positive,legacy_seed,581,,sienna,0.8919,0.9857,both,3,189758.66,5,
-75902383_38672673,1,positive,legacy_seed,710,,mike,0.5158,0.9267,both,2,357929.76,1,
-75902456_38786539,1,positive,legacy_seed,944,,sienna,0.9639,0.5188,blob_share,2,427166.35,1,
-75902511_38502038,,excluded_band,legacy_seed,288,,mike,0.0769,0.0258,,1,1179955.16,1,blob only clips this field; see Q-03
-75902544_38746622,1,positive,legacy_seed,866,,sienna,0.0798,0.6713,field_coverage,3,31475.7,5,
-75902904_38837691,,excluded_band,legacy_seed,994,,tien,0.0038,0.0201,,1,54856.51,37,blob only clips this field; see Q-03
-75902913_38604581,,excluded_band,legacy_seed,509,,sienna,0.0001,0.0003,,2,254511.8,5,blob only clips this field; see Q-03
-75902969_38979346,1,positive,legacy_seed,1180,,tien,0.4893,0.6799,both,3,1108784.96,1,
-75902991_38735803,,excluded_band,legacy_seed,1505,,taryn,0.0181,0.3241,,1,391198.99,5,blob only clips this field; see Q-03
-75903102_39349737,1,positive,legacy_seed,1529,,ayush,0.779,0.9798,both,1,146566.58,42,
-75903191_39652352,0,negative,negative_pass,,879,mike,,,,,36863.87,5,
-75903354_39355012,,excluded_band,legacy_seed,1529,,ayush,0.0059,0.0057,,2,272451.65,1,blob only clips this field; see Q-03
-75903376_38742381,,excluded_band,legacy_seed,862,,taryn,0.0006,0.0094,,2,33274.35,5,blob only clips this field; see Q-03
-75903440_38643384,,excluded_band,legacy_seed,642,,sienna,0.0034,0.0349,,1,61154.23,26,blob only clips this field; see Q-03
-75903726_39143106,0,negative,negative_pass,,398,tien,,,,,26077.5,5,
-75903739_39155899,,excluded_band,legacy_seed,1353,,tien,0.0046,0.0181,,1,113301.91,5,blob only clips this field; see Q-03
-75903859_38666968,,excluded_band,legacy_seed,710,,mike,0.0016,0.0254,,1,40469.5,1,blob only clips this field; see Q-03
-75903957_38747971,1,positive,legacy_seed,862,,taryn,0.4917,0.5079,blob_share,5,245510.4,5,
-75904558_38598634,1,positive,legacy_seed,509,,sienna,0.1126,0.9964,field_coverage,2,69248.88,1,
-75904816_38661840,1,positive,legacy_seed,691,,mara,0.1171,0.9894,field_coverage,1,61153.98,1,
-75904845_38720876,1,positive,legacy_seed,805,,taryn,0.9474,0.7179,both,3,592646.01,26,
-75905084_38840365,1,positive,legacy_seed,994,,tien,0.982,0.895,both,1,321045.28,1,
-75905101_38743941,1,positive,legacy_seed,862,,taryn,0.4717,0.928,both,1,71045.2,1,
-75905673_38921965,,excluded_band,legacy_seed,1091,,sienna,0.0096,0.1018,,1,25179.55,5,blob only clips this field; see Q-03
-75905737_38635626,,excluded_band,legacy_seed,598,,mara,0.0026,0.0023,,1,221234.84,12,blob only clips this field; see Q-03
-75905852_38752085,1,positive,legacy_seed,885,,taryn,0.9809,0.707,both,1,115111.0,1,
-75905945_38977326,1,positive,legacy_seed,1180,,tien,0.099,0.902,field_coverage,1,169060.57,5,
-75906361_38791680,1,positive,legacy_seed,956,,mara,0.4378,0.8878,both,1,298566.44,5,
-75906376_39344202,,excluded_band,legacy_seed,1528,,ayush,0.0055,0.0088,,1,167247.96,5,blob only clips this field; see Q-03
-75906401_38910899,1,positive,legacy_seed,1076,,ayush,0.98,0.5538,blob_share,1,616900.5,1,
-75906511_38483221,1,positive,legacy_seed,276,,mara,0.9903,0.3586,blob_share,3,3662193.61,5,
-75906654_38780570,1,positive,legacy_seed,937,,maddie,0.956,0.342,blob_share,1,489218.54,5,
-75906714_38664833,1,positive,legacy_seed,691,,mara,0.493,0.9848,both,1,258105.55,26,
-75906776_39351527,,excluded_band,legacy_seed,1528,,ayush,0.0087,0.0667,,1,35068.06,5,blob only clips this field; see Q-03
-75906931_38796845,1,positive,legacy_seed,967,,taryn,0.4679,0.9999,both,2,42266.89,26,
-75906949_38872086,1,positive,legacy_seed,1030,,mike,0.4087,0.0995,blob_share,2,1419063.8,1,
-75907477_38683075,1,positive,legacy_seed,736,,tien,0.958,0.897,both,3,302171.14,1,
-75907851_38613013,,excluded_band,legacy_seed,567,,mara,0.004,0.0049,,1,542297.86,5,blob only clips this field; see Q-03
-75907909_39315355,1,positive,legacy_seed,1504,,mike,0.783,0.2037,blob_share,1,2772198.33,1,
-75907920_38747978,,excluded_band,legacy_seed,880,,sienna,0.0021,0.0039,,1,73743.05,1,blob only clips this field; see Q-03
-75908123_39452956,0,negative,negative_pass,,519,taryn,,,,,25176.48,37,
-75908529_38733192,1,positive,legacy_seed,824,,ayush,0.9364,0.8196,both,1,97125.32,1,
-75908659_38774633,,excluded_band,legacy_seed,914,,tien,0.0936,0.5992,,1,151082.41,5,blob only clips this field; see Q-03
-75908941_38630947,1,positive,legacy_seed,598,,mara,0.9468,0.9544,both,1,194255.19,59,
-75909031_39350970,,excluded_band,legacy_seed,1528,,ayush,0.0,0.0001,,1,17084.44,37,blob only clips this field; see Q-03
-75909083_39355915,1,positive,legacy_seed,1531,,taryn,0.8847,0.9087,both,1,238282.75,1,
-75909138_38652290,1,positive,legacy_seed,661,,taryn,0.0575,0.9517,field_coverage,1,35973.01,26,
-75909325_39443045,0,negative,negative_pass,,763,mara,,,,,521514.06,1,
-75909524_38947382,1,positive,legacy_seed,1137,,taryn,0.9345,0.4757,blob_share,1,831819.59,1,
-75909547_38645943,,excluded_band,legacy_seed,625,,taryn,0.0001,0.0067,,1,24281.81,26,blob only clips this field; see Q-03
-75909715_38618423,1,positive,legacy_seed,567,,mara,0.7958,0.72,both,1,732056.36,1,
-75909716_38749726,1,positive,legacy_seed,880,,sienna,0.9235,0.9377,both,1,133996.47,5,
-75909743_38722768,1,positive,legacy_seed,796,,mara,0.9644,0.9427,both,3,483829.17,1,
-75910213_38765433,,excluded_band,legacy_seed,914,,tien,0.0,0.0001,,1,13489.53,5,blob only clips this field; see Q-03
-75910265_39077154,0,negative,negative_pass,,164,maddie,,,,,159165.08,1,
-75910348_39091606,1,positive,legacy_seed,1324,,taryn,0.9858,0.4597,blob_share,1,510765.33,5,
-75910491_38628549,,excluded_band,legacy_seed,598,,mara,0.0062,0.0233,,1,53959.81,5,blob only clips this field; see Q-03
-75910622_38643307,1,positive,legacy_seed,625,,taryn,0.192,0.9419,both,1,231127.06,1,
-75910737_38672457,,excluded_band,legacy_seed,710,,mike,0.005,0.0141,,1,225729.58,1,blob only clips this field; see Q-03
-75910799_38990032,0,negative,negative_pass,,409,taryn,,,,,261683.41,5,
-75910856_39346832,1,positive,legacy_seed,1528,,ayush,0.0891,0.9913,field_coverage,1,24277.92,42,
-75911157_38662916,,excluded_band,legacy_seed,691,,mara,0.0072,0.2062,,1,17986.46,5,blob only clips this field; see Q-03
-75911238_38623465,1,positive,legacy_seed,567,,mara,0.139,0.8676,field_coverage,1,106121.07,48,
-75911473_38649396,1,positive,legacy_seed,661,,taryn,0.0307,0.9254,field_coverage,2,19785.17,26,
-75911645_38702267,1,positive,legacy_seed,768,,maddie,0.069,0.9999,field_coverage,1,12590.41,26,
-75911772_39349061,,excluded_band,legacy_seed,1528,,ayush,0.0013,0.0154,,1,22479.54,37,blob only clips this field; see Q-03
-75911898_38685467,,excluded_band,legacy_seed,736,,tien,0.0002,0.0012,,1,56657.06,26,blob only clips this field; see Q-03
-75911971_38504005,1,positive,legacy_seed,292,,mara,0.0137,0.6594,field_coverage,1,13490.33,5,
-75912027_38731779,,excluded_band,legacy_seed,824,,ayush,0.0061,0.0049,,1,141191.49,5,blob only clips this field; see Q-03
-75912169_39347255,,excluded_band,legacy_seed,1528,,ayush,0.0019,0.043,,1,11689.37,37,blob only clips this field; see Q-03
-75912352_38739353,1,positive,legacy_seed,851,,mike,0.2015,0.9818,both,1,28777.83,26,
-75912605_38704433,1,positive,legacy_seed,768,,maddie,0.8233,0.8699,both,1,172668.38,5,
-75912606_38604529,1,positive,legacy_seed,521,,taryn,0.9861,0.3566,blob_share,1,630433.84,5,
-75912627_38647788,1,positive,legacy_seed,650,,maddie,0.8676,0.9993,both,2,99825.2,43,
-75912946_38502026,1,positive,legacy_seed,292,,mara,0.0249,0.9464,field_coverage,1,17087.77,37,
-75913174_38490342,0,negative,negative_pass,,37,maddie,,,,,17987.17,5,
-75913786_38577953,1,positive,legacy_seed,422,,maddie,0.2399,0.2409,blob_share,1,170874.69,1,
-75914006_38651042,1,positive,legacy_seed,661,,taryn,0.5652,0.9897,both,2,340844.34,5,
-75914069_39356365,,excluded_band,legacy_seed,1531,,taryn,0.0058,0.0066,,1,214004.86,5,blob only clips this field; see Q-03
-75914080_38771320,1,positive,legacy_seed,914,,tien,0.231,0.5135,blob_share,1,435261.54,1,
-75914357_38740640,1,positive,legacy_seed,852,,mara,0.9372,0.4111,blob_share,2,454150.05,5,
-75914483_38981292,,excluded_band,legacy_seed,1180,,tien,0.0001,0.0001,,1,1217594.62,5,blob only clips this field; see Q-03
-75914531_38637163,1,positive,legacy_seed,625,,taryn,0.0369,0.9697,field_coverage,1,43167.76,5,
-75914704_38701318,,excluded_band,legacy_seed,768,,maddie,0.0002,0.0002,,1,196950.01,42,blob only clips this field; see Q-03
-75914770_38713416,,excluded_band,legacy_seed,789,,maddie,0.0085,0.0079,,2,196949.47,5,blob only clips this field; see Q-03
-75915089_38622681,,excluded_band,legacy_seed,567,,mara,0.0,0.0002,,1,123208.37,1,blob only clips this field; see Q-03
-75915422_39377605,0,negative,negative_pass,,556,taryn,,,,,68337.35,37,
-75915435_38899678,,excluded_band,legacy_seed,1052,,mike,0.004,0.4241,,1,12589.84,1,blob only clips this field; see Q-03
-75915501_39225345,1,positive,legacy_seed,1428,,taryn,0.655,0.4986,blob_share,1,291343.12,5,
-75915574_38741325,,excluded_band,legacy_seed,852,,mara,0.006,0.0127,,2,67448.02,1,blob only clips this field; see Q-03
-75915758_38653922,1,positive,legacy_seed,661,,taryn,0.0169,0.8621,field_coverage,1,11691.22,26,
-75915890_38646291,1,positive,legacy_seed,625,,taryn,0.0127,0.9999,field_coverage,1,14389.22,5,
-75915987_39093210,,excluded_band,legacy_seed,1323,,maddie,0.0052,0.0306,,1,30573.97,1,blob only clips this field; see Q-03
-75916124_38643843,1,positive,legacy_seed,625,,taryn,0.1965,0.9995,both,1,223033.07,26,
-75916171_38858814,0,negative,negative_pass,,67,maddie,,,,,160072.32,5,
-75916334_38577774,1,positive,legacy_seed,422,,maddie,0.0629,0.9999,field_coverage,1,10792.09,1,
-75917675_38648102,1,positive,legacy_seed,661,,taryn,0.0845,0.9506,field_coverage,2,53060.24,26,
-75917740_38575748,1,positive,legacy_seed,422,,maddie,0.1237,0.8415,field_coverage,1,25181.55,1,
-75917940_38499645,1,positive,legacy_seed,292,,mara,0.8086,0.3662,blob_share,1,1433574.34,26,
-75918401_39018912,0,negative,negative_pass,,559,taryn,,,,,87227.22,26,
-75918463_38711164,1,positive,legacy_seed,789,,maddie,0.9461,0.3105,blob_share,2,573761.74,26,
-75918922_39574530,0,negative,negative_pass,,233,tien,,,,,225682.88,5,
-75919150_39007756,,excluded_band,legacy_seed,1232,,mike,0.0001,0.0002,,1,297652.42,1,blob only clips this field; see Q-03
-75919414_38730991,,excluded_band,legacy_seed,840,,ayush,0.0062,0.001,,1,428071.09,1,blob only clips this field; see Q-03
-75919928_39227609,1,positive,legacy_seed,1428,,taryn,0.3074,0.3772,blob_share,1,180740.54,26,
-75919946_38602460,,excluded_band,legacy_seed,521,,taryn,0.0012,0.0006,,1,437077.03,1,blob only clips this field; see Q-03
-75920077_38737252,1,positive,legacy_seed,840,,ayush,0.722,0.8586,both,1,83635.62,5,
-75920196_38747364,1,positive,legacy_seed,872,,maddie,0.9794,0.9027,both,1,280583.36,1,
-75920614_39313709,1,positive,legacy_seed,1504,,mike,0.2154,0.1779,blob_share,1,873112.42,5,
-75920627_39297534,1,positive,legacy_seed,1489,,taryn,0.6914,0.2871,blob_share,2,3280253.29,5,
-75920859_38615208,,excluded_band,legacy_seed,546,,tien,0.0007,0.0012,,1,107020.59,26,blob only clips this field; see Q-03
-75920948_38655435,0,negative,negative_pass,,501,taryn,,,,,133999.36,5,
-75921276_39409308,0,negative,negative_pass,,79,maddie,,,,,37765.1,1,
-75921522_39403556,0,negative,negative_pass,,1,maddie,,,,,25176.77,1,
-75921526_38692181,1,positive,legacy_seed,747,,mike,0.9656,0.9293,both,1,648407.54,5,
-75921636_38891268,,excluded_band,legacy_seed,1052,,mike,0.0032,0.014,,2,333631.42,5,blob only clips this field; see Q-03
-75921735_38733661,,excluded_band,legacy_seed,840,,ayush,0.0041,0.0025,,1,119608.04,26,blob only clips this field; see Q-03
-75921756_38577840,,excluded_band,legacy_seed,422,,maddie,0.0017,0.0019,,1,153787.22,5,blob only clips this field; see Q-03
-75921979_39101690,1,positive,legacy_seed,1327,,mike,0.9751,0.3437,blob_share,2,1724728.23,5,
-75922738_38687133,,excluded_band,legacy_seed,747,,mike,0.0003,0.0006,,1,298573.59,1,blob only clips this field; see Q-03
-75923508_38753403,,excluded_band,legacy_seed,872,,maddie,0.0014,0.0012,,2,384002.98,26,blob only clips this field; see Q-03
-75923601_39084638,1,positive,legacy_seed,1322,,sienna,0.9794,0.3716,blob_share,4,1494530.52,1,
-75924854_38579858,1,positive,negative_pass,,,maddie,,,,,168176.59,1,rescued from rejection: Truss
-75925122_38774399,,excluded_band,legacy_seed,923,,taryn,0.0099,0.2295,,2,10791.6,5,blob only clips this field; see Q-03
-75925465_39009271,1,positive,legacy_seed,1232,,mike,0.6608,0.6066,blob_share,1,837203.36,5,
-75925529_38613475,,excluded_band,legacy_seed,546,,tien,0.0015,0.0197,,1,14389.33,36,blob only clips this field; see Q-03
-75925547_38772108,1,positive,legacy_seed,923,,taryn,0.0513,0.8974,field_coverage,2,14388.81,1,
-75925586_38895181,1,positive,legacy_seed,1053,,mara,0.4162,0.8431,both,2,576435.42,26,
-75925989_38717069,,excluded_band,legacy_seed,788,,taryn,0.0235,0.0193,,1,235619.71,5,blob only clips this field; see Q-03
-75926357_39114862,0,negative,negative_pass,,744,mara,,,,,494576.5,1,
-75926989_39079456,,excluded_band,legacy_seed,1315,,taryn,0.0058,0.0067,,1,239197.11,5,blob only clips this field; see Q-03
-75927046_39012902,1,positive,legacy_seed,1232,,mike,0.3134,0.9235,both,1,262581.26,26,
-75927587_38783152,1,positive,legacy_seed,936,,sienna,0.344,0.501,blob_share,1,260796.5,5,
-75927682_38753953,1,positive,legacy_seed,887,,maddie,0.9125,0.7617,both,1,280582.94,1,
-75927824_38749449,1,positive,legacy_seed,878,,sienna,0.9197,0.8778,both,1,39569.43,1,
-75928021_38693042,,excluded_band,legacy_seed,747,,mike,0.0002,0.0037,,1,30576.77,26,blob only clips this field; see Q-03
-75928475_38615775,1,positive,legacy_seed,554,,tien,0.9779,0.4791,blob_share,2,695184.17,1,
-75928556_38714995,,excluded_band,legacy_seed,789,,maddie,0.0014,0.0011,,2,244612.94,1,blob only clips this field; see Q-03
-75928936_38772573,1,positive,legacy_seed,915,,taryn,0.3449,0.8779,both,3,119606.96,1,
-75929479_39235951,0,negative,negative_pass,,531,taryn,,,,,88122.08,5,
-75929643_39428237,0,negative,negative_pass,,910,mike,,,,,298522.86,26,
-75929801_38874979,0,negative,negative_pass,,608,sienna,,,,,243704.71,5,
-75929894_38781682,1,positive,legacy_seed,936,,sienna,0.2577,0.9385,both,1,104318.64,1,
-75929950_38898793,1,positive,legacy_seed,1054,,mike,0.97,0.9875,both,3,945137.45,1,
-75930380_38740904,1,positive,legacy_seed,855,,ayush,0.4365,0.8608,both,1,273389.33,1,
-75930645_38619964,,excluded_band,legacy_seed,568,,ayush,0.0051,0.0113,,1,183463.7,5,blob only clips this field; see Q-03
-75930879_38784752,1,positive,legacy_seed,936,,sienna,0.0523,0.9602,field_coverage,1,20683.85,48,
-75931661_39021320,0,negative,negative_pass,,605,sienna,,,,,109708.41,26,
-75932070_38855016,1,positive,legacy_seed,1008,,mara,0.3511,0.9789,both,2,85431.93,5,
-75932214_38596410,,excluded_band,legacy_seed,512,,taryn,0.001,0.0076,,1,83638.31,1,blob only clips this field; see Q-03
-75932251_38769847,1,positive,legacy_seed,910,,mike,0.9658,0.8553,both,4,453247.71,5,
-75932325_38781983,1,positive,legacy_seed,936,,sienna,0.1675,0.884,both,1,71943.88,5,
-75933172_39078974,,excluded_band,legacy_seed,1315,,taryn,0.0014,0.0294,,1,13488.56,5,blob only clips this field; see Q-03
-75933689_38480502,0,negative,negative_pass,,247,tien,,,,,62055.87,5,
-75934651_38783578,,excluded_band,legacy_seed,936,,sienna,0.0013,0.0087,,1,54857.19,1,blob only clips this field; see Q-03
-75934845_39402809,0,negative,negative_pass,,222,tien,,,,,20680.92,37,
-75935205_38763344,1,positive,legacy_seed,900,,sienna,0.3207,0.8582,both,1,85433.72,1,
-75935217_38619485,1,positive,legacy_seed,568,,ayush,0.5234,0.9484,both,1,225732.32,1,
-75936952_38741556,1,positive,legacy_seed,855,,ayush,0.5386,0.5035,blob_share,1,576455.69,26,
-75937182_38601505,1,positive,legacy_seed,512,,taryn,0.9304,0.9101,both,1,682595.74,5,
-75937306_38937896,1,positive,legacy_seed,1121,,mike,0.0929,0.7486,field_coverage,2,35071.39,5,
-75937384_38764533,1,positive,legacy_seed,900,,sienna,0.6331,0.767,both,1,188853.45,5,
-75938053_39434413,0,negative,negative_pass,,332,tien,,,,,110597.17,1,
-75938318_38929479,1,positive,legacy_seed,1118,,taryn,0.9294,0.5397,blob_share,2,1147466.17,1,
-75939012_38827385,,excluded_band,legacy_seed,986,,sienna,0.0,0.0,,1,617811.67,1,blob only clips this field; see Q-03
-75939201_39102187,1,positive,legacy_seed,1329,,mike,0.0293,0.9236,field_coverage,1,14387.72,5,
-75939216_38851164,1,positive,legacy_seed,998,,ayush,0.4299,0.9509,both,3,328238.77,1,
-75939549_39287753,1,positive,legacy_seed,1478,,mike,0.2585,0.1747,blob_share,1,1025081.46,5,
-75939573_38753986,1,positive,legacy_seed,888,,sienna,0.7921,0.9128,both,1,228423.29,1,
-75939604_38618047,1,positive,legacy_seed,568,,ayush,0.4561,0.6191,blob_share,1,301276.3,5,
-75940043_39387047,0,negative,negative_pass,,380,tien,,,,,13487.61,37,
-75940253_38846752,1,positive,legacy_seed,998,,ayush,0.0174,0.6647,field_coverage,1,18884.99,5,
-75941951_38605617,,excluded_band,legacy_seed,512,,taryn,0.0023,0.0065,,1,232927.72,1,blob only clips this field; see Q-03
-75942029_39100304,1,positive,legacy_seed,1329,,mike,0.931,0.958,both,2,578206.78,1,
-75942226_39290520,1,positive,legacy_seed,1478,,mike,0.0182,0.9999,field_coverage,1,14387.1,5,
-75942387_38594297,1,positive,legacy_seed,486,,mike,0.976,0.9567,both,1,316566.64,1,
-75942662_38756597,,excluded_band,legacy_seed,888,,sienna,0.0,0.0,,1,188853.79,5,blob only clips this field; see Q-03
-75942697_38984749,1,positive,legacy_seed,1189,,mara,0.225,0.423,blob_share,1,569229.64,26,
-75943248_39012392,1,positive,legacy_seed,1237,,sienna,0.2284,0.9471,both,1,152872.68,1,
-75943394_39294630,,excluded_band,legacy_seed,1478,,mike,0.0028,0.0019,,1,1053854.01,1,blob only clips this field; see Q-03
-75943462_38821424,,excluded_band,legacy_seed,986,,sienna,0.0,0.0001,,1,169066.6,5,blob only clips this field; see Q-03
-75943489_39289523,1,positive,legacy_seed,1478,,mike,0.41,0.9925,both,1,285943.66,26,
-75943695_38997204,1,positive,legacy_seed,1189,,mara,0.7362,0.2865,blob_share,2,2758012.46,1,
-75944913_38851939,1,positive,legacy_seed,1002,,maddie,0.955,0.7156,both,2,209533.2,5,
-75945029_39328420,0,negative,negative_pass,,526,taryn,,,,,144768.9,1,
-75945158_39006066,1,positive,legacy_seed,1228,,sienna,0.976,0.9593,both,1,418152.35,5,
-75945970_38820099,0,negative,negative_pass,,710,sienna,,,,,184354.59,1,
-75946114_38525782,,excluded_band,legacy_seed,326,,mike,0.0002,0.0004,,1,337256.7,26,blob only clips this field; see Q-03
-75946492_38977003,,excluded_band,legacy_seed,1179,,taryn,0.0,0.0,,1,1281443.2,1,blob only clips this field; see Q-03
-75946564_38569226,0,negative,negative_pass,,383,tien,,,,,56658.56,1,
-75947817_39413798,0,negative,negative_pass,,674,sienna,,,,,17084.2,1,
-75947904_38771242,1,positive,legacy_seed,918,,ayush,0.5501,0.9138,both,1,156478.33,1,
-75947953_39289173,1,positive,legacy_seed,1478,,mike,0.0584,0.9999,field_coverage,1,40463.73,5,
-75948736_39013992,1,positive,legacy_seed,1237,,sienna,0.5018,0.2672,blob_share,1,1190607.99,5,
-75948941_39208633,1,positive,legacy_seed,1401,,taryn,0.4516,0.9607,both,1,348893.71,1,
-75948954_38855061,,excluded_band,legacy_seed,1002,,maddie,0.0009,0.0013,,1,111511.15,1,blob only clips this field; see Q-03
-75949074_39061705,0,negative,negative_pass,,930,mike,,,,,19783.3,1,
-75949290_39336109,1,positive,legacy_seed,1522,,mike,0.35,0.5405,blob_share,1,220300.14,26,
-75949520_39093581,1,positive,legacy_seed,1328,,sienna,0.1707,0.584,blob_share,2,188839.22,1,
-75950038_38773815,1,positive,legacy_seed,918,,ayush,0.326,0.9327,both,1,90829.32,26,
-75950434_39098710,1,positive,legacy_seed,1326,,ayush,0.9502,0.7884,both,3,499074.47,5,
-75950873_39085493,1,positive,legacy_seed,1310,,tien,0.9658,0.1033,blob_share,1,2215717.5,1,
-75951236_38901587,0,negative,negative_pass,,293,tien,,,,,17086.2,37,
-75951642_38860327,,excluded_band,legacy_seed,1019,,mara,0.0158,0.5223,,1,11690.67,1,blob only clips this field; see Q-03
-75951817_39290213,1,positive,legacy_seed,1478,,mike,0.0131,0.8383,field_coverage,1,10790.33,5,
-75951822_39339536,1,positive,legacy_seed,1522,,mike,0.5905,0.7786,both,1,261662.42,1,
-75951887_38522349,1,positive,legacy_seed,326,,mike,0.968,0.971,both,1,637640.49,5,
-75952391_39141485,1,positive,legacy_seed,1344,,tien,0.9931,0.0842,blob_share,1,1930634.91,1,
-75952455_39667856,0,negative,negative_pass,,260,tien,,,,,45854.91,1,
-75953052_38863990,1,positive,legacy_seed,1019,,mara,0.2094,0.9999,both,1,80935.35,1,
-75953955_38854467,1,positive,legacy_seed,1007,,taryn,0.9779,0.9092,both,2,267087.23,1,
-75954081_39189466,1,positive,legacy_seed,1375,,taryn,0.2763,0.3531,blob_share,1,745448.87,1,
-75954163_39210149,1,positive,legacy_seed,1401,,taryn,0.5285,0.9716,both,1,403745.42,5,
-75954373_38871834,,excluded_band,legacy_seed,1019,,mara,0.0034,0.0017,,1,803956.34,26,blob only clips this field; see Q-03
-75954769_38848644,,excluded_band,legacy_seed,1000,,taryn,0.0021,0.0514,,1,10791.42,5,blob only clips this field; see Q-03
-75955117_39215400,,excluded_band,legacy_seed,1401,,taryn,0.0014,0.0028,,1,362381.31,26,blob only clips this field; see Q-03
-75955379_38516663,1,positive,legacy_seed,308,,maddie,0.3398,0.9636,both,1,209549.27,26,
-75955508_39183993,1,positive,legacy_seed,1375,,taryn,0.5909,0.9661,both,1,582691.76,5,
-75955571_39290886,0,negative,negative_pass,,361,tien,,,,,22479.84,37,
-75955918_39345504,0,negative,negative_pass,,101,maddie,,,,,30572.2,1,
-75956313_39421232,0,negative,negative_pass,,344,tien,,,,,82723.33,26,
-75956487_39015190,1,positive,legacy_seed,1237,,sienna,0.2666,0.1205,blob_share,1,1402830.77,1,
-75957054_38850556,1,positive,legacy_seed,1000,,taryn,0.9607,0.9403,both,2,275181.04,26,
-75958865_38989004,,excluded_band,legacy_seed,1179,,taryn,0.0002,0.0229,,1,15287.35,5,blob only clips this field; see Q-03
-75959050_39653855,0,negative,negative_pass,,765,mara,,,,,11688.54,1,
-75959098_38513614,1,positive,legacy_seed,308,,maddie,0.6214,0.9181,both,2,404709.16,1,
-75959312_38709760,1,positive,legacy_seed,775,,mara,0.9764,0.4219,blob_share,3,1000935.78,5,
-75959949_38990777,1,positive,legacy_seed,1219,,mara,0.9606,0.2783,blob_share,2,3400085.14,1,
-75959997_39399474,0,negative,negative_pass,,261,tien,,,,,24277.62,26,
-75960358_39179598,1,positive,legacy_seed,1375,,taryn,0.028,0.9885,field_coverage,1,26976.5,26,
-75960470_38864940,,excluded_band,legacy_seed,1019,,mara,0.0064,0.0026,,1,957734.74,1,blob only clips this field; see Q-03
-75960699_38740231,1,positive,legacy_seed,854,,tien,0.6683,0.9529,both,1,47663.28,26,
-75961573_38738831,,excluded_band,legacy_seed,854,,tien,0.0419,0.096,,1,29677.14,5,blob only clips this field; see Q-03
-75962308_38511741,1,positive,legacy_seed,303,,maddie,0.4187,0.9647,both,2,144796.01,26,
-75962611_38935305,0,negative,negative_pass,,812,mara,,,,,615098.59,26,
-75963163_39677930,0,negative,negative_pass,,403,taryn,,,,,48552.13,26,
-75963307_39401518,0,negative,negative_pass,,144,maddie,,,,,190624.2,1,
-75963748_39184957,,excluded_band,legacy_seed,1375,,taryn,0.0701,0.1577,,1,423530.49,26,blob only clips this field; see Q-03
-75964079_38740172,,excluded_band,legacy_seed,854,,tien,0.0001,0.0002,,1,38670.21,42,blob only clips this field; see Q-03
-75964233_39348779,0,negative,negative_pass,,913,mike,,,,,21580.36,5,
-75965507_38735703,1,positive,legacy_seed,838,,tien,0.9818,0.6069,blob_share,1,259000.72,26,
-75965833_39352055,0,negative,negative_pass,,805,mara,,,,,19781.98,5,
-75966978_39080540,1,positive,legacy_seed,1320,,ayush,0.9817,0.7999,both,3,1210373.03,1,
-75967437_38972196,1,positive,legacy_seed,1167,,mike,0.873,0.9487,both,1,473909.69,1,
-75967617_39201707,1,positive,legacy_seed,1391,,maddie,0.9582,0.9271,both,2,259872.27,1,
-75968107_38760382,1,positive,legacy_seed,899,,mike,0.3105,0.9692,both,1,72843.54,26,
-75968674_38703310,1,positive,legacy_seed,766,,sienna,0.8859,0.9403,both,1,200547.18,1,
-75968826_38984183,1,positive,legacy_seed,1179,,taryn,0.4571,0.6567,both,1,988283.33,26,
-75969005_38761498,1,positive,legacy_seed,899,,mike,0.059,0.934,field_coverage,1,14388.84,5,
-75969044_39116583,1,positive,legacy_seed,1333,,mike,0.4447,0.9374,both,1,412746.38,26,
-75969128_38974354,1,positive,legacy_seed,1167,,mike,0.021,0.9999,field_coverage,1,10791.11,5,
-75969153_38976005,,excluded_band,legacy_seed,1167,,mike,0.0,0.0001,,1,33272.57,1,blob only clips this field; see Q-03
-75969332_39187365,,excluded_band,negative_pass,,,mike,,,,,360585.21,1,truss at boundary: truss on edge
-75969982_38735323,,excluded_band,legacy_seed,838,,tien,0.0003,0.0014,,1,32375.09,5,blob only clips this field; see Q-03
-75972065_38761857,1,positive,legacy_seed,899,,mike,0.3146,0.58,blob_share,1,123204.46,48,
-75972320_38700335,,excluded_band,legacy_seed,766,,sienna,0.0019,0.0015,,1,280586.38,5,blob only clips this field; see Q-03
-75972767_39201989,1,positive,legacy_seed,1392,,mara,0.941,0.9632,both,2,192431.36,26,
-75973364_39668589,0,negative,negative_pass,,29,maddie,,,,,86315.09,1,
-75973453_38966827,,excluded_band,legacy_seed,1167,,mike,0.0006,0.0012,,1,265281.84,5,blob only clips this field; see Q-03
-75974101_39117837,1,positive,legacy_seed,1333,,mike,0.5213,0.9812,both,1,462203.88,1,
-75974375_38858564,1,positive,legacy_seed,1015,,ayush,0.9504,0.4385,blob_share,2,446044.25,1,
-75974613_39185595,,excluded_band,legacy_seed,1373,,taryn,0.0003,0.0037,,2,65642.72,26,blob only clips this field; see Q-03
-75974615_39193722,,excluded_band,legacy_seed,1378,,ayush,0.0001,0.0009,,1,83626.87,26,blob only clips this field; see Q-03
-75974622_39147915,0,negative,negative_pass,,496,taryn,,,,,13488.35,37,
-75975010_39266525,0,negative,negative_pass,,143,maddie,,,,,504450.44,5,
-75975953_39180168,1,positive,legacy_seed,1373,,taryn,0.6082,0.4224,blob_share,1,1088051.91,5,
-75976340_38900354,0,negative,negative_pass,,312,tien,,,,,328235.07,5,
-75976428_38879018,,excluded_band,legacy_seed,1038,,mike,0.0017,0.0036,,1,198740.56,5,blob only clips this field; see Q-03
-75976930_39190103,1,positive,legacy_seed,1378,,ayush,0.6328,0.3504,blob_share,1,1302062.47,5,
-75977998_38737966,1,positive,legacy_seed,843,,tien,0.9381,0.8144,both,1,50361.22,1,
-75978204_39656700,0,negative,negative_pass,,470,taryn,,,,,30570.01,37,
-75978333_38881838,1,positive,legacy_seed,1038,,mike,0.9747,0.3726,blob_share,1,1080032.82,26,
-75978655_38705224,0,negative,negative_pass,,629,sienna,,,,,168171.77,5,
-75979060_39183334,1,positive,legacy_seed,1373,,taryn,0.0393,0.9999,field_coverage,1,29674.12,1,
-75979286_38550609,0,negative,negative_pass,,306,tien,,,,,51262.72,5,
-75979437_38863869,1,positive,legacy_seed,1018,,mara,0.988,0.8324,both,3,277878.04,5,
-75979651_39216656,1,positive,legacy_seed,1410,,maddie,0.5073,0.9439,both,1,188833.88,1,
-75979887_38902088,0,negative,negative_pass,,625,sienna,,,,,40467.32,5,
-75980216_39100007,0,negative,negative_pass,,822,mara,,,,,18883.89,5,
-75980963_39180411,1,positive,legacy_seed,1373,,taryn,0.0191,0.9999,field_coverage,1,14387.46,1,
-75981994_39213082,,excluded_band,legacy_seed,1410,,maddie,0.0004,0.0059,,1,24278.67,26,blob only clips this field; see Q-03
-75982139_39674259,0,negative,negative_pass,,891,mike,,,,,43157.49,26,
-75982179_39191235,1,positive,legacy_seed,1378,,ayush,0.2363,0.9617,both,1,222105.91,1,
-75982496_38789783,0,negative,negative_pass,,217,tien,,,,,528786.59,5,
-75982842_39216302,1,positive,legacy_seed,1410,,maddie,0.3393,0.9342,both,1,127687.67,5,
-75983122_39220100,,excluded_band,legacy_seed,1410,,maddie,0.0017,0.0133,,1,44061.2,26,blob only clips this field; see Q-03
-75983155_38871540,1,positive,legacy_seed,1027,,mara,0.9454,0.265,blob_share,4,699639.91,1,
-75983646_39182949,1,positive,legacy_seed,1373,,taryn,0.0274,0.9999,field_coverage,1,20681.97,1,
-75983683_39671954,0,negative,negative_pass,,719,sienna,,,,,14385.84,1,
-75984162_39216946,1,positive,legacy_seed,1410,,maddie,0.0486,0.9999,field_coverage,1,17084.97,1,
-75984558_39148681,0,negative,negative_pass,,333,tien,,,,,32372.02,5,
-75984870_38880901,,excluded_band,legacy_seed,1038,,mike,0.0006,0.0048,,1,51258.86,5,blob only clips this field; see Q-03
-75984902_38857293,,excluded_band,legacy_seed,1011,,maddie,0.0025,0.0037,,1,80935.47,1,blob only clips this field; see Q-03
-75985584_39188715,1,positive,legacy_seed,1378,,ayush,0.0237,0.8268,field_coverage,1,20681.94,1,
-75986188_38855067,1,positive,legacy_seed,1011,,maddie,0.9127,0.3123,blob_share,1,355216.98,26,
-75986340_39128584,1,positive,legacy_seed,1341,,taryn,0.614,0.5407,blob_share,2,974762.19,5,
-75986538_39182776,1,positive,legacy_seed,1373,,taryn,0.0155,0.9999,field_coverage,1,11689.81,1,
-75986580_39215647,,excluded_band,legacy_seed,1410,,maddie,0.0064,0.0261,,1,86324.08,26,blob only clips this field; see Q-03
-75986942_39098988,0,negative,negative_pass,,195,maddie,,,,,97117.19,5,
-75987242_38835451,0,negative,negative_pass,,235,tien,,,,,19784.33,5,
-75987712_39194543,,excluded_band,legacy_seed,1380,,mike,0.0015,0.0036,,1,558411.56,5,blob only clips this field; see Q-03
-75987727_38654052,,excluded_band,legacy_seed,663,,mike,0.0024,0.0379,,1,14389.2,5,blob only clips this field; see Q-03
-75987966_38868709,1,positive,legacy_seed,1021,,maddie,0.9377,0.6822,both,2,347122.35,26,
-75989200_39174356,1,positive,legacy_seed,1370,,maddie,0.948,0.4012,blob_share,1,544026.7,26,
-75989813_39180986,1,positive,legacy_seed,1371,,maddie,0.9423,0.9655,both,2,223005.64,1,
-75990116_39074428,0,negative,negative_pass,,840,mike,,,,,13488.58,37,
-75990694_39118162,1,positive,legacy_seed,1336,,ayush,0.4624,0.3156,blob_share,2,678918.1,1,
-75990787_38656873,,excluded_band,legacy_seed,663,,mike,0.0084,0.0483,,1,39570.27,5,blob only clips this field; see Q-03
-75990990_39281890,,excluded_band,legacy_seed,1472,,mike,0.0015,0.0081,,1,43161.38,37,blob only clips this field; see Q-03
-75991107_38737602,0,negative,negative_pass,,218,tien,,,,,15288.23,5,
-75991193_39130360,1,positive,legacy_seed,1341,,taryn,0.3822,0.9479,both,1,202326.02,1,
-75991536_39049000,,excluded_band,legacy_seed,1298,,tien,0.0001,0.0003,,1,229307.1,26,blob only clips this field; see Q-03
-75991638_39052296,1,positive,legacy_seed,1298,,tien,0.9931,0.5873,blob_share,1,1288614.97,1,
-75991774_38653863,1,positive,legacy_seed,663,,mike,0.8077,0.7191,both,1,255408.26,1,
-75992353_39419029,0,negative,negative_pass,,772,mara,,,,,133975.88,1,
-75992689_39039945,1,positive,legacy_seed,1278,,mike,0.987,0.2806,blob_share,1,793134.46,5,
-75992824_39219376,,excluded_band,legacy_seed,1415,,maddie,0.058,0.0499,,2,348892.86,26,blob only clips this field; see Q-03
-75994302_39213303,1,positive,legacy_seed,1404,,mara,0.0126,0.8186,field_coverage,1,12588.93,5,
-75994427_38879454,0,negative,negative_pass,,584,taryn,,,,,52158.15,26,
-75994432_39281265,1,positive,legacy_seed,1472,,mike,0.4766,0.7603,both,1,150165.66,1,
-75994730_39215048,1,positive,legacy_seed,1404,,mara,0.018,0.8208,field_coverage,1,17984.19,5,
-75994871_39285542,,excluded_band,legacy_seed,1472,,mike,0.026,0.2387,,1,26076.65,5,blob only clips this field; see Q-03
-75995641_39133154,1,positive,legacy_seed,1342,,ayush,0.9458,0.4735,blob_share,1,169054.52,5,
-75995943_38961146,0,negative,negative_pass,,445,taryn,,,,,155572.26,5,
-75995943_39191587,1,positive,legacy_seed,1380,,mike,0.9843,0.7684,both,1,1462122.19,26,
-75996601_39283899,1,positive,legacy_seed,1472,,mike,0.0326,0.7226,field_coverage,1,10790.34,5,
-75996725_39275561,,excluded_band,legacy_seed,1472,,mike,0.0008,0.0002,,1,1069144.91,5,blob only clips this field; see Q-03
-75997158_39179527,,excluded_band,legacy_seed,1370,,maddie,0.0155,0.0176,,2,321919.53,5,blob only clips this field; see Q-03
-75997282_39285482,,excluded_band,legacy_seed,1472,,mike,0.0027,0.0152,,1,43161.35,37,blob only clips this field; see Q-03
-75997465_39211309,1,positive,legacy_seed,1404,,mara,0.5112,0.8022,both,2,525138.67,1,
-75997679_39220000,1,positive,legacy_seed,1415,,maddie,0.7431,0.9997,both,1,223003.64,12,
-75998035_39223480,,excluded_band,legacy_seed,1415,,maddie,0.001,0.0139,,1,22480.2,26,blob only clips this field; see Q-03
-75998317_39207979,1,positive,legacy_seed,1404,,mara,0.0154,0.883,field_coverage,1,14387.37,5,
-75999100_39122932,1,positive,legacy_seed,1334,,ayush,0.9911,0.3795,blob_share,1,859662.23,26,
-75999122_38650558,,excluded_band,legacy_seed,663,,mike,0.0071,0.0031,,1,527004.66,5,blob only clips this field; see Q-03
-75999157_39208663,1,positive,legacy_seed,1404,,mara,0.0274,0.9999,field_coverage,1,22480.26,1,
-75999471_39200920,1,positive,legacy_seed,1390,,maddie,0.9053,0.3934,blob_share,2,695091.01,5,
-75999751_39282830,,excluded_band,legacy_seed,1472,,mike,0.0198,0.0658,,1,71935.62,37,blob only clips this field; see Q-03
-76000435_39209253,1,positive,legacy_seed,1404,,mara,0.0132,0.9999,field_coverage,1,10790.53,26,
-76000531_38876703,,excluded_band,legacy_seed,1039,,sienna,0.0,0.0,,1,318344.78,26,blob only clips this field; see Q-03
-76000820_39216765,,excluded_band,legacy_seed,1404,,mara,0.0392,0.537,,3,60247.0,26,blob only clips this field; see Q-03
-76001236_39696447,0,negative,negative_pass,,153,maddie,,,,,33267.06,1,
-76001441_39213022,1,positive,legacy_seed,1404,,mara,0.0132,0.9999,field_coverage,1,10790.52,5,
-76002300_39211793,1,positive,legacy_seed,1404,,mara,0.0143,0.9999,field_coverage,1,11689.73,1,
-76002806_39210980,1,positive,legacy_seed,1404,,mara,0.0349,0.966,field_coverage,1,29673.93,5,
-76002814_39213460,1,positive,legacy_seed,1404,,mara,0.015,0.9773,field_coverage,1,12588.94,5,
-76003173_39057089,1,positive,legacy_seed,1300,,maddie,0.9597,0.9505,both,1,356099.78,26,
-76003638_39223623,,excluded_band,legacy_seed,1412,,taryn,0.0008,0.0028,,1,219406.61,5,blob only clips this field; see Q-03
-76003894_38884751,1,positive,legacy_seed,1039,,sienna,0.991,0.2691,blob_share,3,2008086.36,1,
-76005106_39709595,0,negative,negative_pass,,250,tien,,,,,130370.52,5,
-76005609_38553817,0,negative,negative_pass,,536,taryn,,,,,46765.96,5,
-76005809_38909533,1,positive,legacy_seed,1079,,ayush,0.9949,0.1461,blob_share,2,1832716.91,1,
-76007002_38487007,0,negative,negative_pass,,654,sienna,,,,,168180.16,1,
-76007101_39220209,1,positive,legacy_seed,1412,,taryn,0.4493,0.9461,both,1,346195.17,1,
-76007908_39147553,0,negative,negative_pass,,433,taryn,,,,,98015.33,37,
-76008096_38877813,,excluded_band,legacy_seed,1039,,sienna,0.0029,0.0015,,1,433452.39,5,blob only clips this field; see Q-03
-76008144_39224139,,excluded_band,legacy_seed,1412,,taryn,0.0004,0.0024,,1,116896.96,26,blob only clips this field; see Q-03
-76008836_38895969,1,positive,legacy_seed,1050,,mara,0.3569,0.9171,both,1,105215.18,5,
-76009220_39215279,1,positive,legacy_seed,1413,,sienna,0.9159,0.6521,both,2,892914.76,26,
-76009274_39055590,,excluded_band,legacy_seed,1300,,maddie,0.0018,0.0014,,1,475699.11,1,blob only clips this field; see Q-03
-76009376_39300191,1,positive,legacy_seed,1482,,ayush,0.9876,0.2477,blob_share,1,1558299.21,1,
-76012297_38924105,,excluded_band,legacy_seed,1086,,tien,0.0002,0.0,,1,1288652.85,26,blob only clips this field; see Q-03
-76012369_39025928,,excluded_band,legacy_seed,1240,,mara,0.0003,0.0007,,1,214920.34,1,blob only clips this field; see Q-03
-76014113_38979201,0,negative,negative_pass,,345,tien,,,,,81832.47,5,
-76014268_39241697,0,negative,negative_pass,,186,maddie,,,,,13488.06,37,
-76014454_38766289,0,negative,negative_pass,,15,maddie,,,,,129499.45,5,
-76014563_38642708,1,positive,legacy_seed,628,,maddie,0.9881,0.3405,blob_share,1,294979.31,5,
-76014677_39206607,1,positive,legacy_seed,1397,,mike,0.9747,0.9254,both,1,501759.75,1,
-76014862_38907884,,excluded_band,legacy_seed,1064,,maddie,0.0002,0.0001,,1,612404.65,26,blob only clips this field; see Q-03
-76015215_39224211,,excluded_band,legacy_seed,1413,,sienna,0.0015,0.0016,,1,222104.21,1,blob only clips this field; see Q-03
-76015314_38896774,1,positive,legacy_seed,1050,,mara,0.6183,0.2164,blob_share,1,772477.14,26,
-76016717_39296462,,excluded_band,legacy_seed,1482,,ayush,0.0009,0.0185,,1,18883.04,37,blob only clips this field; see Q-03
-76017559_39017871,1,positive,legacy_seed,1240,,mara,0.9559,0.6496,blob_share,2,770657.2,5,
-76017709_39686685,0,negative,negative_pass,,521,taryn,,,,,353350.92,5,
-76018539_38901404,,excluded_band,legacy_seed,1064,,maddie,0.0049,0.047,,1,25179.67,5,blob only clips this field; see Q-03
-76019914_39066575,0,negative,negative_pass,,716,sienna,,,,,312036.22,5,
-76020257_38907724,,excluded_band,legacy_seed,1064,,maddie,0.0002,0.0051,,1,11690.54,5,blob only clips this field; see Q-03
-76020361_38879142,0,negative,negative_pass,,987,ayush,,,,,241905.92,26,
-76020923_38887915,0,negative,negative_pass,,736,mara,,,,,130395.12,26,
-76021140_39684496,0,negative,negative_pass,,356,tien,,,,,35065.37,5,
-76021638_39247176,0,negative,negative_pass,,996,ayush,,,,,18883.26,26,
-76022738_39094329,0,negative,negative_pass,,70,maddie,,,,,191536.88,5,
-76022822_39661118,0,negative,negative_pass,,259,tien,,,,,24276.16,1,
-76022890_39045897,1,positive,legacy_seed,1295,,mara,0.4529,0.9556,both,2,181647.32,1,
-76023066_39205752,,excluded_band,legacy_seed,1397,,mike,0.0006,0.0003,,1,979240.98,26,blob only clips this field; see Q-03
-76023420_39561834,0,negative,negative_pass,,64,maddie,,,,,142962.95,26,
-76023915_39676526,0,negative,negative_pass,,110,maddie,,,,,60240.63,1,
-76024639_39303179,,excluded_band,legacy_seed,1484,,mara,0.0362,0.01,,1,785893.0,1,blob only clips this field; see Q-03
-76025483_39042454,,excluded_band,legacy_seed,1286,,sienna,0.0002,0.0015,,1,18884.14,1,blob only clips this field; see Q-03
-76026514_38732157,0,negative,negative_pass,,682,sienna,,,,,93528.11,5,
-76027694_38905681,,excluded_band,legacy_seed,1072,,taryn,0.0045,0.0226,,2,158272.06,5,blob only clips this field; see Q-03
-76027967_39251796,1,positive,legacy_seed,1446,,sienna,0.0721,0.9999,field_coverage,1,15286.43,37,
-76028439_39556298,0,negative,negative_pass,,109,maddie,,,,,230179.52,26,
-76028696_38913707,,excluded_band,legacy_seed,1072,,taryn,0.0031,0.0354,,1,26978.14,5,blob only clips this field; see Q-03
-76028976_38677812,0,negative,negative_pass,,19,maddie,,,,,10791.84,5,
-76030035_39046748,1,positive,legacy_seed,1291,,sienna,1.0,0.489,blob_share,5,772450.54,5,
-76030141_39253205,1,positive,legacy_seed,1446,,sienna,0.6767,0.1313,blob_share,1,1094328.09,5,
-76030823_39250896,1,positive,legacy_seed,1446,,sienna,0.0752,0.936,field_coverage,1,17084.84,37,
-76031052_38909535,1,positive,legacy_seed,1072,,taryn,0.9915,0.496,blob_share,3,2099800.54,1,
-76031670_38474212,0,negative,negative_pass,,949,mike,,,,,369637.69,26,
-76031730_38904520,1,positive,legacy_seed,1067,,tien,0.0684,0.9334,field_coverage,1,42265.85,5,
-76032692_39239750,0,negative,negative_pass,,839,mara,,,,,28774.53,26,
-76033156_38952690,,excluded_band,legacy_seed,1144,,taryn,0.0002,0.0003,,1,313842.92,1,blob only clips this field; see Q-03
-76033265_39306197,0,negative,negative_pass,,894,mike,,,,,111499.61,5,
-76033724_39314977,0,negative,negative_pass,,906,mike,,,,,100709.13,1,
-76033782_39177372,0,negative,negative_pass,,628,sienna,,,,,98014.66,37,
-76034917_39356019,0,negative,negative_pass,,172,maddie,,,,,17983.6,1,
-76035007_38923045,1,positive,legacy_seed,1093,,ayush,0.9896,0.2303,blob_share,3,2741872.65,1,
-76036968_38927318,1,positive,legacy_seed,1109,,taryn,0.941,0.979,both,1,332729.38,26,
-76037180_38998608,1,positive,legacy_seed,1211,,sienna,0.9717,0.8576,both,1,1508948.06,1,
-76038333_39182678,0,negative,negative_pass,,255,tien,,,,,277857.73,1,
-76040343_38908776,,excluded_band,legacy_seed,1067,,tien,0.0175,0.0218,,1,463125.47,5,blob only clips this field; see Q-03
-76044156_38954403,1,positive,legacy_seed,1144,,taryn,0.9812,0.4306,blob_share,1,766172.09,26,
-76047595_38662150,0,negative,negative_pass,,888,mike,,,,,150186.96,37,
-76049268_38652662,0,negative,negative_pass,,116,maddie,,,,,145690.67,1,
-76049929_38740834,0,negative,negative_pass,,934,mike,,,,,14388.91,5,
-76051038_38796294,0,negative,negative_pass,,935,mike,,,,,43166.19,5,
-76051820_38662840,0,negative,negative_pass,,800,mara,,,,,193354.45,5,
-76052200_39090996,0,negative,negative_pass,,424,taryn,,,,,58450.27,5,
-76053491_39018949,1,positive,legacy_seed,1243,,tien,0.9622,0.9561,both,2,191540.2,1,
-76053779_39059268,0,negative,negative_pass,,683,sienna,,,,,18884.07,5,
-76053906_39270210,0,negative,negative_pass,,853,mike,,,,,10790.37,37,
-76054002_38996646,,excluded_band,legacy_seed,1210,,sienna,0.0017,0.0032,,2,334522.62,5,blob only clips this field; see Q-03
-76054350_39010159,1,positive,legacy_seed,1233,,tien,0.9906,0.2256,blob_share,1,1482865.78,1,
-76055004_39628398,0,negative,negative_pass,,545,taryn,,,,,18881.6,1,
-76057190_38735480,0,negative,negative_pass,,135,maddie,,,,,57555.72,5,
-76058211_39014551,,excluded_band,legacy_seed,1233,,tien,0.0094,0.0169,,1,187044.12,5,blob only clips this field; see Q-03
-76059778_39167842,1,positive,legacy_seed,1366,,tien,0.9733,0.2723,blob_share,2,1185170.66,1,
-76060012_39162542,1,positive,legacy_seed,1362,,taryn,0.9729,0.9051,both,1,328215.34,5,
-76060067_38997369,,excluded_band,legacy_seed,1202,,sienna,0.0264,0.4379,,2,29675.39,5,blob only clips this field; see Q-03
-76060118_39258683,,excluded_band,negative_pass,,,mike,,,,,239187.27,37,truss at boundary: overlaps with truss
-76060282_38921972,0,negative,negative_pass,,804,mara,,,,,156472.93,5,
-76060669_38683248,0,negative,negative_pass,,200,tien,,,,,75542.78,1,
-76060808_38996252,1,positive,legacy_seed,1202,,sienna,0.9293,0.8839,both,2,543149.65,1,
-76061103_38467211,0,negative,negative_pass,,603,sienna,,,,,213149.08,26,
-76062508_39018012,1,positive,legacy_seed,1241,,maddie,0.9409,0.3985,blob_share,1,273371.97,1,
-76064573_39306845,0,negative,negative_pass,,907,mike,,,,,79128.75,36,
-76066664_39347234,0,negative,negative_pass,,560,taryn,,,,,44959.1,5,
-76068406_38942164,0,negative,negative_pass,,610,sienna,,,,,337224.56,5,
-76068579_39006574,0,negative,negative_pass,,308,tien,,,,,355204.64,5,
-76068584_38996252,,excluded_band,legacy_seed,1210,,sienna,0.0021,0.0018,,2,649261.68,26,blob only clips this field; see Q-03
-76069829_38964275,1,positive,legacy_seed,1146,,mike,0.9771,0.1191,blob_share,1,2311100.74,1,
-76071332_39163806,0,negative,negative_pass,,443,taryn,,,,,437920.07,1,
-76075060_39340271,0,negative,negative_pass,,438,taryn,,,,,17983.67,5,
-76075542_38729769,0,negative,negative_pass,,313,tien,,,,,18885.49,37,
-76076887_38750767,0,negative,negative_pass,,23,maddie,,,,,556669.76,5,
-76077199_39677333,0,negative,negative_pass,,920,mike,,,,,19780.5,5,
-76078099_39576163,0,negative,negative_pass,,754,mara,,,,,93510.0,5,
-76078459_38859951,0,negative,negative_pass,,994,ayush,,,,,12589.95,1,
-76089633_39252322,0,negative,negative_pass,,703,sienna,,,,,123190.62,1,
-76092953_38679131,0,negative,negative_pass,,469,taryn,,,,,53959.18,37,
-76094145_39138731,0,negative,negative_pass,,427,taryn,,,,,25178.3,37,
-76095350_38940181,0,negative,negative_pass,,154,maddie,,,,,249995.93,1,
-76096864_39699527,0,negative,negative_pass,,783,mara,,,,,583521.82,5,
-76097181_38653912,0,negative,negative_pass,,232,tien,,,,,96227.76,1,
-76097659_38520081,0,negative,negative_pass,,681,sienna,,,,,137600.91,5,
-76098681_38663353,0,negative,negative_pass,,393,tien,,,,,28778.33,26,
-76098915_39143195,0,negative,negative_pass,,446,taryn,,,,,58449.57,1,
-76100085_38912050,0,negative,negative_pass,,102,maddie,,,,,464923.49,1,
-76100160_38533792,0,negative,negative_pass,,932,mike,,,,,811213.28,5,
-76103056_38470721,0,negative,negative_pass,,263,tien,,,,,67452.19,5,
-76104177_39072530,0,negative,negative_pass,,530,taryn,,,,,68342.14,1,
-76104590_38996711,1,positive,legacy_seed,1209,,mara,0.0591,0.9999,field_coverage,1,12589.56,1,
-76106694_39075494,0,negative,negative_pass,,405,taryn,,,,,14387.81,1,
-76106720_39216226,0,negative,negative_pass,,550,taryn,,,,,76432.76,1,
-76107009_38995517,1,positive,legacy_seed,1209,,mara,0.0507,0.9999,field_coverage,1,10791.05,12,
-76107206_38997393,1,positive,legacy_seed,1209,,mara,0.4143,0.5366,blob_share,1,164563.51,59,
-76109970_38810297,0,negative,negative_pass,,432,taryn,,,,,62051.19,1,
-76111538_38936615,0,negative,negative_pass,,273,tien,,,,,287765.34,5,
-76111995_38802169,0,negative,negative_pass,,30,maddie,,,,,17086.59,5,
-76114721_39258639,,excluded_band,legacy_seed,1455,,sienna,0.0,0.0,,1,607859.38,1,blob only clips this field; see Q-03
-76114925_39120428,0,negative,negative_pass,,185,maddie,,,,,17085.35,37,
-76114983_38684142,0,negative,negative_pass,,916,mike,,,,,71945.49,5,
-76116913_39092008,0,negative,negative_pass,,8,maddie,,,,,10790.82,37,
-76118666_39265236,1,positive,legacy_seed,1457,,mara,0.9226,0.851,both,3,388453.93,1,
-76119255_39024766,1,positive,legacy_seed,1250,,tien,0.9712,0.847,both,1,406460.33,5,
-76123107_39093772,0,negative,negative_pass,,860,mike,,,,,15286.98,5,
-76123369_39261155,1,positive,legacy_seed,1451,,sienna,0.9065,0.408,blob_share,2,247279.93,26,
-76123445_38905494,0,negative,negative_pass,,735,mara,,,,,124998.96,37,
-76125380_38445426,0,negative,negative_pass,,589,taryn,,,,,18886.72,1,
-76127737_39268785,1,positive,legacy_seed,1462,,ayush,0.9703,0.7189,both,2,897399.79,5,
-76128790_39558458,0,negative,negative_pass,,978,ayush,,,,,13487.07,37,
-76129196_39711091,0,negative,negative_pass,,104,maddie,,,,,30569.63,26,
-76130633_39297561,0,negative,negative_pass,,645,sienna,,,,,60245.88,5,
-76130913_39029300,1,positive,legacy_seed,1259,,sienna,0.9863,0.3704,blob_share,1,1268838.32,5,
-76131009_39085114,0,negative,negative_pass,,547,taryn,,,,,11690.07,5,
-76132644_39261788,,excluded_band,legacy_seed,1462,,ayush,0.0003,0.0004,,1,441507.02,1,blob only clips this field; see Q-03
-76133505_38572838,0,negative,negative_pass,,396,tien,,,,,19785.51,5,
-76135838_39069932,0,negative,negative_pass,,252,tien,,,,,13488.59,37,
-76138933_38537320,0,negative,negative_pass,,314,tien,,,,,398411.52,5,
-76138949_38913585,0,negative,negative_pass,,203,tien,,,,,11690.53,5,
-76141265_38878665,0,negative,negative_pass,,665,sienna,,,,,18884.85,5,
-76142577_38913690,0,negative,negative_pass,,65,maddie,,,,,69243.9,5,
-76144464_38769607,0,negative,negative_pass,,634,sienna,,,,,12590.21,5,
-76144672_39213017,0,negative,negative_pass,,197,maddie,,,,,157361.7,1,
-76145059_39279526,,excluded_band,legacy_seed,1469,,tien,0.009,0.0598,,1,17983.92,5,blob only clips this field; see Q-03
-76145268_38465833,0,negative,negative_pass,,778,mara,,,,,1504635.13,5,
-76146717_39281692,1,positive,legacy_seed,1469,,tien,0.9453,0.4722,blob_share,1,240085.2,1,
-76147024_38898917,0,negative,negative_pass,,493,taryn,,,,,178056.34,1,
-76148239_39277942,1,positive,legacy_seed,1467,,ayush,0.9734,0.7971,both,2,116895.52,5,
-76148389_39525095,0,negative,negative_pass,,696,sienna,,,,,154652.98,1,
-76153396_39203650,0,negative,negative_pass,,134,maddie,,,,,169051.79,5,
-76156337_39162921,0,negative,negative_pass,,429,taryn,,,,,34170.36,1,
-76156397_39067294,0,negative,negative_pass,,267,tien,,,,,14387.84,37,
-76160626_38738142,0,negative,negative_pass,,51,maddie,,,,,53059.15,1,
-76161221_39580257,0,negative,negative_pass,,607,sienna,,,,,168138.02,1,
-76162456_38476949,0,negative,negative_pass,,35,maddie,,,,,26081.47,5,
-76163155_39543194,0,negative,negative_pass,,972,ayush,,,,,250860.47,5,
-76163163_39254848,0,negative,negative_pass,,264,tien,,,,,737344.87,5,
-76163357_38739408,0,negative,negative_pass,,819,mara,,,,,15288.22,1,
-76163405_38541020,0,negative,negative_pass,,215,tien,,,,,569287.32,5,
-76163920_38489211,0,negative,negative_pass,,498,taryn,,,,,36873.71,5,
-76166116_38798191,0,negative,negative_pass,,387,tien,,,,,80936.57,5,
-76166306_39591845,0,negative,negative_pass,,877,mike,,,,,13486.97,37,
-76168052_38563986,0,negative,negative_pass,,68,maddie,,,,,44067.82,5,
-76168063_39243413,0,negative,negative_pass,,806,mara,,,,,11689.64,5,
-76170630_39549497,0,negative,negative_pass,,147,maddie,,,,,36864.75,5,
-76171273_38524239,0,negative,negative_pass,,733,mara,,,,,44068.22,4,
-76173669_38847622,0,negative,negative_pass,,268,tien,,,,,144784.88,1,
-76173886_39318152,0,negative,negative_pass,,845,mike,,,,,880305.0,5,
-76175860_38544031,0,negative,negative_pass,,639,sienna,,,,,11691.52,5,
-76180692_39213378,0,negative,negative_pass,,48,maddie,,,,,13488.15,37,
-76182983_38597621,0,negative,negative_pass,,569,taryn,,,,,17087.39,5,
-76183061_38727636,0,negative,negative_pass,,780,mara,,,,,26079.98,5,
-76184231_38510000,0,negative,negative_pass,,277,tien,,,,,102526.42,1,
-76184251_38722046,0,negative,negative_pass,,127,maddie,,,,,23382.08,5,
-76189699_38904430,0,negative,negative_pass,,706,sienna,,,,,12589.83,5,
-76195620_39166356,0,negative,negative_pass,,786,mara,,,,,546725.35,1,
-76197552_38572973,0,negative,negative_pass,,56,maddie,,,,,25181.56,1,
-76201939_38521007,0,negative,negative_pass,,458,taryn,,,,,41370.2,5,
-76206727_39086394,0,negative,negative_pass,,52,maddie,,,,,37767.9,1,
-76206754_38590837,0,negative,negative_pass,,673,sienna,,,,,62054.31,5,
-76212569_39259799,0,negative,negative_pass,,810,mara,,,,,35068.8,1,
-76214625_39560062,0,negative,negative_pass,,303,tien,,,,,26974.14,5,
-76215457_39196202,0,negative,negative_pass,,130,maddie,,,,,21581.12,1,
-76216449_39245479,0,negative,negative_pass,,927,mike,,,,,2091546.2,1,
-76218119_39023351,0,negative,negative_pass,,142,maddie,,,,,11690.23,5,
-76218866_39533089,0,negative,negative_pass,,160,maddie,,,,,78225.49,1,
-76219213_39458244,0,negative,negative_pass,,702,sienna,,,,,1014251.37,5,
-76224107_39654901,0,negative,negative_pass,,155,maddie,,,,,26074.43,5,
-76224471_38578261,0,negative,negative_pass,,4,maddie,,,,,32376.25,5,
-76224720_39556950,0,negative,negative_pass,,219,tien,,,,,119585.44,5,
-76231010_39191184,0,negative,negative_pass,,500,taryn,,,,,13488.21,37,
-76232022_39649872,0,negative,negative_pass,,663,sienna,,,,,46754.21,1,
-76233885_38398785,0,negative,negative_pass,,900,mike,,,,,22484.43,5,
-76234186_39108244,0,negative,negative_pass,,334,tien,,,,,769741.97,5,
-76239562_39497202,0,negative,negative_pass,,168,maddie,,,,,82721.89,1,
-76240808_39579819,0,negative,negative_pass,,499,taryn,,,,,19780.95,1,
-76243402_39584064,0,negative,negative_pass,,187,maddie,,,,,11688.73,1,
-76244939_39652363,0,negative,negative_pass,,288,tien,,,,,20679.73,1,
-76247702_38786285,0,negative,negative_pass,,477,taryn,,,,,63850.13,5,
-76251325_39193021,0,negative,negative_pass,,697,sienna,,,,,51255.19,1,
-76251441_38774589,0,negative,negative_pass,,666,sienna,,,,,16187.4,5,
-76260598_39184542,0,negative,negative_pass,,756,mara,,,,,43162.35,5,
-76260988_38837725,0,negative,negative_pass,,461,taryn,,,,,16187.17,5,
-76267016_39596646,0,negative,negative_pass,,462,taryn,,,,,31469.56,5,
-76269862_39538134,0,negative,negative_pass,,93,maddie,,,,,53049.41,12,
-76278632_39552470,0,negative,negative_pass,,912,mike,,,,,96207.93,5,
-76280168_38781238,0,negative,negative_pass,,873,mike,,,,,58454.41,5,
-76281561_38731605,0,negative,negative_pass,,47,maddie,,,,,21583.41,5,
-76283409_39665118,0,negative,negative_pass,,321,tien,,,,,29670.84,1,
-76283583_39721262,0,negative,negative_pass,,139,maddie,,,,,1798.21,1,
-76290903_38758887,0,negative,negative_pass,,641,sienna,,,,,41367.95,5,
-76293037_39660837,0,negative,negative_pass,,528,taryn,,,,,32368.22,5,
-76304915_39016068,0,negative,negative_pass,,760,mara,,,,,333621.87,5,
-76312521_39646926,0,negative,negative_pass,,568,taryn,,,,,54846.32,1,
-76318344_38994842,0,negative,negative_pass,,355,tien,,,,,23380.62,5,
-76326795_39693964,0,negative,negative_pass,,667,sienna,,,,,31468.86,1,
-76328784_38770517,0,negative,negative_pass,,694,sienna,,,,,12590.21,5,
-76329746_38747327,0,negative,negative_pass,,572,taryn,,,,,124104.18,5,
-76334146_38153895,0,negative,negative_pass,,378,tien,,,,,36876.53,37,
-76336639_39697840,0,negative,negative_pass,,21,maddie,,,,,45854.58,5,
-76336801_38733464,0,negative,negative_pass,,392,tien,,,,,12590.32,5,
-76343421_38903495,0,negative,negative_pass,,981,ayush,,,,,10791.28,37,
-76345967_38077665,0,negative,negative_pass,,276,tien,,,,,20687.19,5,
-76350872_38093445,0,negative,negative_pass,,329,tien,,,,,36877.03,1,
-76351623_38084982,0,negative,negative_pass,,870,mike,,,,,78251.41,5,
-76352802_39652062,0,negative,negative_pass,,20,maddie,,,,,207696.48,1,
-76354049_38080818,0,negative,negative_pass,,973,ayush,,,,,42273.79,26,
-76354352_38900871,0,negative,negative_pass,,137,maddie,,,,,11690.56,1,
-76355226_38075854,0,negative,negative_pass,,171,maddie,,,,,95341.0,1,
-76368847_38182394,0,negative,negative_pass,,679,sienna,,,,,19787.27,5,
-76376339_39706220,0,negative,negative_pass,,646,sienna,,,,,65634.86,26,
-76382863_39597269,0,negative,negative_pass,,216,tien,,,,,26973.91,5,
-76385440_38109617,0,negative,negative_pass,,705,sienna,,,,,62061.12,5,
-76391068_38286602,0,negative,negative_pass,,936,mike,,,,,17088.6,1,
-76409465_39718688,0,negative,negative_pass,,892,mike,,,,,36863.31,5,
-76413190_39719711,0,negative,negative_pass,,954,mike,,,,,70130.19,5,
-76421084_38127224,0,negative,negative_pass,,582,taryn,,,,,20686.96,5,
-76421782_39719559,0,negative,negative_pass,,138,maddie,,,,,22477.62,1,
-76423888_39588341,0,negative,negative_pass,,680,sienna,,,,,12587.84,37,
-76428750_39610399,0,negative,negative_pass,,349,tien,,,,,34166.85,37,
-76430040_39279259,0,negative,negative_pass,,759,mara,,,,,11689.55,1,
-76430966_39718623,0,negative,negative_pass,,588,taryn,,,,,231969.13,1,
-76435961_39276656,0,negative,negative_pass,,713,sienna,,,,,15286.34,5,
-76446098_39695743,0,negative,negative_pass,,17,maddie,,,,,67433.24,1,
-76455689_39631916,0,negative,negative_pass,,942,mike,,,,,10789.48,37,
-76458058_39709345,0,negative,negative_pass,,775,mara,,,,,27872.32,1,
-76465441_39615608,0,negative,negative_pass,,457,taryn,,,,,89013.52,26,
-76471154_39502723,0,negative,negative_pass,,173,maddie,,,,,12588.1,5,
-76472118_39623710,0,negative,negative_pass,,385,tien,,,,,19780.75,37,
-76473376_39502633,0,negative,negative_pass,,506,taryn,,,,,34167.69,37,
-76476417_39462377,0,negative,negative_pass,,286,tien,,,,,379444.75,1,
-76477483_38184125,0,negative,negative_pass,,376,tien,,,,,13491.32,37,
-76479928_38157328,0,negative,negative_pass,,543,taryn,,,,,54865.03,1,
-76480884_38161895,0,negative,negative_pass,,601,sienna,,,,,11692.54,37,
-76485457_39431190,0,negative,negative_pass,,841,mike,,,,,29672.43,5,
-76491678_39318130,0,negative,negative_pass,,859,mike,,,,,12588.63,37,
-76494567_39616427,0,negative,negative_pass,,315,tien,,,,,89013.51,5,
-76494923_39598193,0,negative,negative_pass,,111,maddie,,,,,519697.19,37,
-76497531_39718881,0,negative,negative_pass,,792,mara,,,,,16183.89,1,
-76498622_38324590,0,negative,negative_pass,,525,taryn,,,,,31478.74,37,
-76505721_39649865,0,negative,negative_pass,,148,maddie,,,,,143859.1,1,
-76506363_39631786,0,negative,negative_pass,,66,maddie,,,,,16184.22,1,
-76512865_38427938,0,negative,negative_pass,,660,sienna,,,,,13490.57,5,
-76515661_38180780,0,negative,negative_pass,,914,mike,,,,,44071.67,5,
-76517581_39636774,0,negative,negative_pass,,555,taryn,,,,,44956.1,5,
-76518650_38550462,0,negative,negative_pass,,416,taryn,,,,,30577.77,5,
-76518701_39690280,0,negative,negative_pass,,434,taryn,,,,,27872.44,1,
-76519388_39651235,0,negative,negative_pass,,938,mike,,,,,10789.43,37,
-76520584_39613885,0,negative,negative_pass,,191,maddie,,,,,14386.03,1,
-76522017_39698740,0,negative,negative_pass,,435,taryn,,,,,365937.47,5,
-76523824_38359995,0,negative,negative_pass,,194,maddie,,,,,26981.56,5,
-76530870_39659726,0,negative,negative_pass,,517,taryn,,,,,104297.61,1,
-76531907_38265734,0,negative,negative_pass,,358,tien,,,,,584612.94,1,
-76536196_39615161,0,negative,negative_pass,,896,mike,,,,,79123.13,1,
-76537513_38353650,0,negative,negative_pass,,824,mara,,,,,10792.64,5,
-76538108_39560350,0,negative,negative_pass,,368,tien,,,,,27873.27,37,
-76538222_39659001,0,negative,negative_pass,,275,tien,,,,,21578.82,5,
-76540501_38382352,0,negative,negative_pass,,373,tien,,,,,14390.09,37,
-76544471_39543114,0,negative,negative_pass,,287,tien,,,,,21579.4,37,
-76547079_38359687,0,negative,negative_pass,,305,tien,,,,,45868.65,5,
-76553074_39612852,0,negative,negative_pass,,764,mara,,,,,164540.25,1,
-76557715_39665377,0,negative,negative_pass,,324,tien,,,,,13486.74,37,
-76562124_39587688,0,negative,negative_pass,,677,sienna,,,,,33267.89,37,
-76564695_39679646,0,negative,negative_pass,,74,maddie,,,,,65635.26,1,
-76568162_38438879,0,negative,negative_pass,,301,tien,,,,,10792.43,1,
-76568851_38688158,0,negative,negative_pass,,794,mara,,,,,32375.44,1,
-76571588_38866547,0,negative,negative_pass,,285,tien,,,,,54856.15,5,
-76573996_39632042,0,negative,negative_pass,,542,taryn,,,,,10789.48,24,
-76574369_38863131,0,negative,negative_pass,,512,taryn,,,,,91726.75,1,
-76576170_39540630,0,negative,negative_pass,,957,mike,,,,,16184.56,37,
-76577995_39541749,0,negative,negative_pass,,369,tien,,,,,48553.65,37,
-76581596_39605468,0,negative,negative_pass,,375,tien,,,,,25175.6,5,
-76582229_38802577,0,negative,negative_pass,,740,mara,,,,,22482.35,37,
-76582881_38228535,0,negative,negative_pass,,183,maddie,,,,,38674.72,5,
-76586151_39704959,0,negative,negative_pass,,244,tien,,,,,16183.94,5,
-76600407_38793104,0,negative,negative_pass,,575,taryn,,,,,30576.07,5,
-76606342_39688565,0,negative,negative_pass,,970,ayush,,,,,70130.69,5,
-76609265_38467454,0,negative,negative_pass,,182,maddie,,,,,13490.45,26,
-76611722_39618269,0,negative,negative_pass,,207,tien,,,,,31469.41,1,
-76613600_39628206,0,negative,negative_pass,,842,mike,,,,,182522.15,1,
-76615886_38754433,0,negative,negative_pass,,290,tien,,,,,12590.26,5,
-76616829_39682846,0,negative,negative_pass,,210,tien,,,,,167234.94,26,
-76621484_39701130,0,negative,negative_pass,,637,sienna,,,,,13486.63,37,
-76621566_39624573,0,negative,negative_pass,,357,tien,,,,,32368.49,37,
-76625763_38463523,0,negative,negative_pass,,342,tien,,,,,15289.19,5,
-76627943_38770527,0,negative,negative_pass,,335,tien,,,,,31475.51,5,
-76631283_38838264,0,negative,negative_pass,,359,tien,,,,,91727.27,1,
-76634421_38525231,0,negative,negative_pass,,328,tien,,,,,184367.01,1,
-76634648_38944333,0,negative,negative_pass,,642,sienna,,,,,116005.2,5,
-76635014_39701062,0,negative,negative_pass,,311,tien,,,,,71928.7,1,
-76636188_38744233,0,negative,negative_pass,,316,tien,,,,,20684.04,5,
-76641461_38943698,0,negative,negative_pass,,319,tien,,,,,50358.85,5,
-76644424_38291913,0,negative,negative_pass,,863,mike,,,,,38674.17,5,
-76644934_38857842,0,negative,negative_pass,,554,taryn,,,,,28777.05,37,
-76645638_38252127,0,negative,negative_pass,,78,maddie,,,,,48567.97,1,
-76645764_38871306,0,negative,negative_pass,,27,maddie,,,,,12589.92,1,
-76646115_38361735,0,negative,negative_pass,,523,taryn,,,,,12591.39,5,
-76648010_39644312,0,negative,negative_pass,,928,mike,,,,,13486.81,24,
-76649979_39645339,0,negative,negative_pass,,944,mike,,,,,10789.44,24,
-76651329_38937874,0,negative,negative_pass,,448,taryn,,,,,38668.46,24,
-76656794_38556135,0,negative,negative_pass,,465,taryn,,,,,21584.28,26,
-76662494_38962387,0,negative,negative_pass,,886,mike,,,,,17085.97,37,
-76669606_39636233,0,negative,negative_pass,,225,tien,,,,,29671.03,1,
-76677202_38671936,0,negative,negative_pass,,895,mike,,,,,42268.09,1,
-76678964_38678686,0,negative,negative_pass,,221,tien,,,,,65650.35,5,
-76684739_39550352,0,negative,negative_pass,,727,mara,,,,,37763.88,1,
-76685962_39505731,0,negative,negative_pass,,175,maddie,,,,,47654.92,37,
-76686495_38358308,0,negative,negative_pass,,662,sienna,,,,,13490.78,5,
-76688146_38405629,0,negative,negative_pass,,626,sienna,,,,,49465.67,5,
-76691513_39684063,0,negative,negative_pass,,541,taryn,,,,,29670.71,5,
-76693044_38630196,0,negative,negative_pass,,58,maddie,,,,,13489.95,37,
-76695000_38529091,0,negative,negative_pass,,151,maddie,,,,,12590.91,26,
-76696966_38606712,0,negative,negative_pass,,595,taryn,,,,,365129.82,5,
-76699527_38331364,0,negative,negative_pass,,122,maddie,,,,,56661.64,26,
-76700334_39416080,0,negative,negative_pass,,444,taryn,,,,,18882.52,5,
-76702493_38371464,0,negative,negative_pass,,239,tien,,,,,73749.4,26,
-76708840_38337582,0,negative,negative_pass,,377,tien,,,,,265319.99,26,
-76709820_38727182,0,negative,negative_pass,,823,mara,,,,,159177.83,37,
-76711957_38313839,0,negative,negative_pass,,14,maddie,,,,,17987.89,1,
-76715210_39675048,0,negative,negative_pass,,281,tien,,,,,32368.11,24,
-76715820_39659985,0,negative,negative_pass,,557,taryn,,,,,28771.75,1,
-76717898_38805784,0,negative,negative_pass,,612,sienna,,,,,28777.4,1,
-76717936_38383531,0,negative,negative_pass,,481,taryn,,,,,12591.32,5,
-76719468_39527200,0,negative,negative_pass,,38,maddie,,,,,22478.62,37,
-76719705_39567246,0,negative,negative_pass,,520,taryn,,,,,35066.32,1,
-76723129_39518155,0,negative,negative_pass,,211,tien,,,,,12588.05,37,
-76726601_39494473,0,negative,negative_pass,,450,taryn,,,,,17983.03,37,
-76726797_39678354,0,negative,negative_pass,,692,sienna,,,,,17982.27,5,
-76727874_38273697,0,negative,negative_pass,,867,mike,,,,,52165.37,37,
-76728524_39651052,0,negative,negative_pass,,901,mike,,,,,44056.84,1,
-76729968_38269217,0,negative,negative_pass,,180,maddie,,,,,34177.34,5,
-76730177_39515095,0,negative,negative_pass,,265,tien,,,,,165443.1,26,
-76733965_38711817,0,negative,negative_pass,,32,maddie,,,,,29677.33,5,
-76734320_38474420,0,negative,negative_pass,,755,mara,,,,,30578.3,1,
-76735743_39719953,0,negative,negative_pass,,995,ayush,,,,,29670.46,37,
-76736575_38362878,0,negative,negative_pass,,769,mara,,,,,17987.69,5,
-76736895_39695928,0,negative,negative_pass,,391,tien,,,,,32367.96,5,
-76741128_38608602,0,negative,negative_pass,,638,sienna,,,,,26080.69,5,
-76741165_39575236,0,negative,negative_pass,,854,mike,,,,,29671.45,1,
-76741421_39611746,0,negative,negative_pass,,464,taryn,,,,,140263.86,5,
-76742271_38865250,0,negative,negative_pass,,532,taryn,,,,,17985.63,5,
-76742780_39682977,0,negative,negative_pass,,149,maddie,,,,,12587.58,1,
-76745864_39514707,0,negative,negative_pass,,941,mike,,,,,215795.36,37,
-76746232_39600272,0,negative,negative_pass,,869,mike,,,,,22478.24,5,
-76747725_38568741,0,negative,negative_pass,,105,maddie,,,,,25181.59,5,
-76755462_38793063,0,negative,negative_pass,,120,maddie,,,,,24281.0,5,
-76756981_38683367,0,negative,negative_pass,,454,taryn,,,,,40469.35,5,
-76757792_38647076,0,negative,negative_pass,,372,tien,,,,,18885.85,4,
-76758443_38326046,0,negative,negative_pass,,193,maddie,,,,,20686.02,37,
-76760095_38526143,0,negative,negative_pass,,83,maddie,,,,,116915.64,1,
-76762300_39470314,0,negative,negative_pass,,701,sienna,,,,,82722.4,5,
-76762312_39528434,0,negative,negative_pass,,711,sienna,,,,,70133.27,37,
-76763377_39578469,0,negative,negative_pass,,5,maddie,,,,,121383.11,1,
-76763571_39429023,0,negative,negative_pass,,226,tien,,,,,11689.15,37,
-76764149_38338054,0,negative,negative_pass,,71,maddie,,,,,54862.77,1,
-76771316_39553359,0,negative,negative_pass,,300,tien,,,,,17083.65,5,
-76771856_38603986,0,negative,negative_pass,,76,maddie,,,,,20684.71,5,
-76773078_38376790,0,negative,negative_pass,,124,maddie,,,,,11691.96,37,
-76775513_39590280,0,negative,negative_pass,,828,mara,,,,,15285.24,37,
-76779617_38863656,0,negative,negative_pass,,299,tien,,,,,15287.79,5,
-76780374_39503616,0,negative,negative_pass,,774,mara,,,,,11688.95,1,
-76788616_38284320,0,negative,negative_pass,,976,ayush,,,,,52165.24,1,
-76789600_38797397,0,negative,negative_pass,,272,tien,,,,,16187.32,5,
-76790882_38272918,0,negative,negative_pass,,803,mara,,,,,21585.67,37,
-76797680_39488853,0,negative,negative_pass,,861,mike,,,,,79125.47,5,
-76799773_38369245,0,negative,negative_pass,,843,mike,,,,,135806.88,26,
-76800706_39569362,0,negative,negative_pass,,439,taryn,,,,,20680.13,37,
-76803295_39582732,0,negative,negative_pass,,826,mara,,,,,11688.73,5,
-76803610_39354898,0,negative,negative_pass,,535,taryn,,,,,13487.71,37,
-76804514_39664598,0,negative,negative_pass,,57,maddie,,,,,25175.26,1,
-76805612_38438259,0,negative,negative_pass,,243,tien,,,,,14389.91,37,
-76805704_38304705,0,negative,negative_pass,,893,mike,,,,,17088.53,5,
-76809342_38419450,0,negative,negative_pass,,283,tien,,,,,14389.97,1,
-76811590_39552475,0,negative,negative_pass,,509,taryn,,,,,52150.09,24,
-76817702_39534421,0,negative,negative_pass,,576,taryn,,,,,75528.04,5,
-76817732_38313768,0,negative,negative_pass,,317,tien,,,,,66555.21,26,
-76821362_38309205,0,negative,negative_pass,,574,taryn,,,,,13490.93,5,
-76822263_38517392,0,negative,negative_pass,,436,taryn,,,,,286893.58,26,
-76822449_39553549,0,negative,negative_pass,,704,sienna,,,,,12587.95,1,
-76822639_39518245,0,negative,negative_pass,,107,maddie,,,,,28772.69,26,
-76824935_38450942,0,negative,negative_pass,,460,taryn,,,,,17087.96,1,
-76833890_39616021,0,negative,negative_pass,,61,maddie,,,,,24276.41,37,
-76837150_39691432,0,negative,negative_pass,,592,taryn,,,,,24275.99,1,
-76839363_38553547,0,negative,negative_pass,,249,tien,,,,,21584.29,1,
-76843070_39551589,0,negative,negative_pass,,621,sienna,,,,,14386.24,1,
-76845441_39647076,0,negative,negative_pass,,388,tien,,,,,14385.92,5,
-76848611_38273289,0,negative,negative_pass,,463,taryn,,,,,106129.55,5,
-76851283_38462744,0,negative,negative_pass,,962,ayush,,,,,17087.92,37,
-76851601_39555099,0,negative,negative_pass,,41,maddie,,,,,32369.0,37,
-76861666_38465727,0,negative,negative_pass,,407,taryn,,,,,14389.82,37,
-76862134_38640543,0,negative,negative_pass,,961,ayush,,,,,20684.53,5,
-76863637_39626120,0,negative,negative_pass,,483,taryn,,,,,22478.11,5,
-76864162_39659868,0,negative,negative_pass,,862,mike,,,,,31469.11,1,
-76865612_39556180,0,negative,negative_pass,,965,ayush,,,,,10789.67,1,
-76865646_39569821,0,negative,negative_pass,,22,maddie,,,,,22478.4,5,
-76865719_39476966,0,negative,negative_pass,,749,mara,,,,,25176.34,37,
-76868625_38324244,0,negative,negative_pass,,50,maddie,,,,,79146.54,26,
-76873946_39639319,0,negative,negative_pass,,96,maddie,,,,,311995.18,1,
-76882104_39649704,0,negative,negative_pass,,609,sienna,,,,,21578.87,1,
-76886048_39617629,0,negative,negative_pass,,779,mara,,,,,17083.39,1,
-76887433_38407077,0,negative,negative_pass,,205,tien,,,,,52163.78,37,
-76887699_39028453,0,negative,negative_pass,,497,taryn,,,,,19783.45,21,
-76890935_39026031,0,negative,negative_pass,,539,taryn,,,,,11690.23,5,
-76892956_39527977,0,negative,negative_pass,,563,taryn,,,,,111493.93,1,
-76894023_39261195,0,negative,negative_pass,,578,taryn,,,,,33270.39,24,
-76895692_39267775,0,negative,negative_pass,,487,taryn,,,,,35068.74,1,
-76899507_39685977,0,negative,negative_pass,,651,sienna,,,,,35964.48,5,
-76905238_39694753,0,negative,negative_pass,,73,maddie,,,,,17982.2,1,
-76911301_39615290,0,negative,negative_pass,,231,tien,,,,,80022.26,5,
-76911339_39623531,0,negative,negative_pass,,527,taryn,,,,,12587.75,5,
-76913812_39688566,0,negative,negative_pass,,599,taryn,,,,,169932.05,5,
-76924188_39639023,0,negative,negative_pass,,832,mara,,,,,26973.65,1,
-76927210_39576176,0,negative,negative_pass,,874,mike,,,,,273336.93,1,
-76931938_39619193,0,negative,negative_pass,,399,tien,,,,,35065.9,1,
-76939233_39698338,0,negative,negative_pass,,201,tien,,,,,146554.79,1,
-76939690_39223228,0,negative,negative_pass,,364,tien,,,,,95316.02,1,
-76941569_39536730,0,negative,negative_pass,,650,sienna,,,,,133972.28,5,
-76945423_39504182,0,negative,negative_pass,,91,maddie,,,,,23377.89,42,
-76947037_39460422,0,negative,negative_pass,,648,sienna,,,,,21579.81,1,
-76947707_38414325,0,negative,negative_pass,,948,mike,,,,,154692.34,37,
-76957329_39500908,0,negative,negative_pass,,652,sienna,,,,,35066.86,1,
-76960834_39642066,0,negative,negative_pass,,669,sienna,,,,,10789.45,26,
-76960869_39299144,0,negative,negative_pass,,624,sienna,,,,,32370.91,37,
-76965759_39616108,0,negative,negative_pass,,420,taryn,,,,,14386.02,37,
-76970166_39696096,0,negative,negative_pass,,507,taryn,,,,,221181.01,24,
-76973509_39631568,0,negative,negative_pass,,617,sienna,,,,,10789.48,1,
-76977591_39718770,0,negative,negative_pass,,482,taryn,,,,,37762.42,1,
-76983139_38419428,0,negative,negative_pass,,837,mara,,,,,22484.33,1,
-76985391_38624494,0,negative,negative_pass,,85,maddie,,,,,27879.26,4,
-76986135_39310093,0,negative,negative_pass,,883,mike,,,,,40463.53,1,
-76987263_39609417,0,negative,negative_pass,,242,tien,,,,,25175.58,26,
-76988110_39416724,0,negative,negative_pass,,929,mike,,,,,21580.02,5,
-76989258_39719362,0,negative,negative_pass,,404,taryn,,,,,47652.55,1,
-76990516_39518488,0,negative,negative_pass,,491,taryn,,,,,37764.16,5,
-76994201_39249996,0,negative,negative_pass,,762,mara,,,,,22480.05,26,
-76998476_39436505,0,negative,negative_pass,,748,mara,,,,,151958.63,5,
-77001457_39381225,0,negative,negative_pass,,552,taryn,,,,,98010.07,26,
-77006993_39232042,0,negative,negative_pass,,691,sienna,,,,,19782.52,37,
-77011192_39429272,0,negative,negative_pass,,967,ayush,,,,,71034.04,1,
-77013017_38444822,0,negative,negative_pass,,157,maddie,,,,,61157.01,37,
-77016461_39391165,0,negative,negative_pass,,284,tien,,,,,72833.0,5,
-77016883_39316369,0,negative,negative_pass,,350,tien,,,,,122289.62,5,
-77020150_39598869,0,negative,negative_pass,,428,taryn,,,,,142961.66,1,
-77021711_39155074,0,negative,negative_pass,,593,taryn,,,,,84526.83,37,
-77024171_39382622,0,negative,negative_pass,,12,maddie,,,,,17983.49,37,
-77029512_39429152,0,negative,negative_pass,,330,tien,,,,,97109.82,1,
-77030321_39701069,0,negative,negative_pass,,426,taryn,,,,,12587.52,5,
-77037769_39535999,0,negative,negative_pass,,690,sienna,,,,,24276.86,26,
-77039133_39436081,0,negative,negative_pass,,687,sienna,,,,,61143.12,1,
-77039216_39551144,0,negative,negative_pass,,753,mara,,,,,50351.83,5,
-77039361_39526194,0,negative,negative_pass,,322,tien,,,,,31470.07,1,
-77045182_39454912,0,negative,negative_pass,,237,tien,,,,,178932.79,26,
-77045589_39603830,0,negative,negative_pass,,337,tien,,,,,66535.54,1,
-77046309_39644773,0,negative,negative_pass,,664,sienna,,,,,11688.57,5,
-77051350_39386429,0,negative,negative_pass,,882,mike,,,,,26076.05,26,
-77054643_39487876,0,negative,negative_pass,,939,mike,,,,,281434.87,1,
-77058182_39383592,0,negative,negative_pass,,44,maddie,,,,,115094.33,5,
-77058228_39648974,0,negative,negative_pass,,908,mike,,,,,11688.55,37,
-77058803_39585700,0,negative,negative_pass,,33,maddie,,,,,15285.26,37,
-77058820_39268661,0,negative,negative_pass,,114,maddie,,,,,31471.94,5,
-77059026_39705091,0,negative,negative_pass,,968,ayush,,,,,45854.51,24,
-77059989_39501859,0,negative,negative_pass,,604,sienna,,,,,88116.7,37,
-77064258_39599825,0,negative,negative_pass,,685,sienna,,,,,47653.88,37,
-77068127_39429024,0,negative,negative_pass,,121,maddie,,,,,12588.31,5,
-77070135_39546320,0,negative,negative_pass,,856,mike,,,,,10789.69,37,
-77071134_39655968,0,negative,negative_pass,,441,taryn,,,,,13486.77,1,
-77073232_39682237,0,negative,negative_pass,,209,tien,,,,,23376.93,1,
-77076906_39602087,0,negative,negative_pass,,72,maddie,,,,,48552.98,1,
-77079471_39615573,0,negative,negative_pass,,240,tien,,,,,71930.12,1,
-77080629_39287456,0,negative,negative_pass,,129,maddie,,,,,55750.05,1,
-77082681_39638149,0,negative,negative_pass,,885,mike,,,,,83618.33,5,
-77084291_39529573,0,negative,negative_pass,,113,maddie,,,,,17982.89,1,
-77086773_39574923,0,negative,negative_pass,,53,maddie,,,,,13487.02,37,
-77089271_39533773,0,negative,negative_pass,,31,maddie,,,,,294019.9,5,
-77090543_39420570,0,negative,negative_pass,,39,maddie,,,,,88118.35,26,
-77093293_39199051,0,negative,negative_pass,,597,taryn,,,,,328212.6,1,
-77096123_39695404,0,negative,negative_pass,,152,maddie,,,,,16183.98,5,
-77097459_39644872,0,negative,negative_pass,,132,maddie,,,,,12587.69,1,
-77104250_39694988,0,negative,negative_pass,,855,mike,,,,,39560.84,1,
-77112659_39562525,0,negative,negative_pass,,720,mara,,,,,51250.84,37,
-77113822_39578351,0,negative,negative_pass,,204,tien,,,,,11688.74,1,
-77115161_39564807,0,negative,negative_pass,,797,mara,,,,,16184.47,1,
-77121796_39701363,0,negative,negative_pass,,738,mara,,,,,194207.48,5,
-77122903_39666045,0,negative,negative_pass,,179,maddie,,,,,171731.17,37,
-77123879_39423585,0,negative,negative_pass,,136,maddie,,,,,76429.13,5,
-77130819_39605067,0,negative,negative_pass,,590,taryn,,,,,53947.73,1,
-77141212_39698038,0,negative,negative_pass,,534,taryn,,,,,18881.3,1,
-77143881_39653339,0,negative,negative_pass,,202,tien,,,,,66534.78,37,
-77146356_38437814,0,negative,negative_pass,,798,mara,,,,,24282.97,37,
-77147599_39630111,0,negative,negative_pass,,145,maddie,,,,,46754.42,1,
-77150747_39205254,0,negative,negative_pass,,425,taryn,,,,,27875.55,59,
-77150988_39680280,0,negative,negative_pass,,94,maddie,,,,,52148.56,5,
-77152531_39563687,0,negative,negative_pass,,743,mara,,,,,45856.0,5,
-77152763_39487418,0,negative,negative_pass,,635,sienna,,,,,131276.34,5,
-77159011_39683212,0,negative,negative_pass,,985,ayush,,,,,26074.26,1,
-77159659_39550228,0,negative,negative_pass,,911,mike,,,,,38663.02,1,
-77167196_39573172,0,negative,negative_pass,,486,taryn,,,,,78224.78,1,
-77168864_39606271,0,negative,negative_pass,,196,maddie,,,,,24276.47,26,
-77169665_39447574,0,negative,negative_pass,,381,tien,,,,,14386.58,5,
-77170398_39477315,0,negative,negative_pass,,304,tien,,,,,11689.02,5,
-77170906_39632857,0,negative,negative_pass,,170,maddie,,,,,34166.67,1,
-77171001_39483306,0,negative,negative_pass,,818,mara,,,,,14386.47,1,
-77174297_39716960,0,negative,negative_pass,,289,tien,,,,,16183.9,1,
-77174749_39611211,0,negative,negative_pass,,46,maddie,,,,,13486.91,37,
-77176113_39679267,0,negative,negative_pass,,997,ayush,,,,,24276.06,5,
-77180056_39594289,0,negative,negative_pass,,354,tien,,,,,26074.8,5,
-77181162_39501495,0,negative,negative_pass,,485,taryn,,,,,17983.01,5,
-77181608_39598353,0,negative,negative_pass,,990,ayush,,,,,38662.59,37,
-77181784_39703128,0,negative,negative_pass,,889,mike,,,,,42258.09,24,
-77183100_39326079,0,negative,negative_pass,,821,mara,,,,,74632.47,5,
-77184392_38397097,0,negative,negative_pass,,270,tien,,,,,399323.65,26,
-77185060_39546986,0,negative,negative_pass,,161,maddie,,,,,161845.3,5,
-77195228_39451885,0,negative,negative_pass,,546,taryn,,,,,28773.13,5,
-77195729_39438861,0,negative,negative_pass,,659,sienna,,,,,111496.22,5,
-77196212_39698033,0,negative,negative_pass,,730,mara,,,,,10789.31,37,
-77202335_38428272,0,negative,negative_pass,,397,tien,,,,,14389.94,37,
-77206406_39476709,0,negative,negative_pass,,876,mike,,,,,37764.52,26,
-77208118_38425906,0,negative,negative_pass,,880,mike,,,,,42270.47,37,
-77208649_39709854,0,negative,negative_pass,,456,taryn,,,,,14385.71,36,
-77211018_39671148,0,negative,negative_pass,,924,mike,,,,,88113.26,37,
-77211688_39689532,0,negative,negative_pass,,360,tien,,,,,10789.33,26,
-77212177_39614381,0,negative,negative_pass,,511,taryn,,,,,90811.81,37,
-77215637_39344333,0,negative,negative_pass,,474,taryn,,,,,76430.52,1,
-77217653_39614505,0,negative,negative_pass,,984,ayush,,,,,163641.06,5,
-77217832_39458604,0,negative,negative_pass,,518,taryn,,,,,13487.38,5,
-77219332_39677469,0,negative,negative_pass,,478,taryn,,,,,28771.64,1,
-77220413_39590836,0,negative,negative_pass,,802,mara,,,,,32368.74,37,
-77224295_39682800,0,negative,negative_pass,,224,tien,,,,,10789.35,5,
-77226929_39712830,0,negative,negative_pass,,788,mara,,,,,25174.98,1,
-77230128_39542915,0,negative,negative_pass,,585,taryn,,,,,45856.22,37,
-77231395_39435992,0,negative,negative_pass,,790,mara,,,,,456775.13,1,
-77232431_39486645,0,negative,negative_pass,,726,mara,,,,,99806.0,5,
-77232733_39671235,0,negative,negative_pass,,931,mike,,,,,130371.67,5,
-77237268_39538985,0,negative,negative_pass,,796,mara,,,,,10789.71,1,
-77237657_39651977,0,negative,negative_pass,,688,sienna,,,,,186117.62,1,
-77237956_39474544,0,negative,negative_pass,,10,maddie,,,,,169041.26,37,
-77238522_39573666,0,negative,negative_pass,,309,tien,,,,,101602.27,1,
-77241324_39436045,0,negative,negative_pass,,390,tien,,,,,256261.62,1,
-77241380_39381105,0,negative,negative_pass,,176,maddie,,,,,15285.98,37,
-77241917_39574043,0,negative,negative_pass,,414,taryn,,,,,196910.58,36,
-77244897_39680728,0,negative,negative_pass,,86,maddie,,,,,18881.38,1,
-77245641_39317072,0,negative,negative_pass,,676,sienna,,,,,18882.95,37,
-77250313_39433549,0,negative,negative_pass,,125,maddie,,,,,22479.1,37,
-77251660_39300145,0,negative,negative_pass,,982,ayush,,,,,36866.86,5,
-77252170_39286668,0,negative,negative_pass,,918,mike,,,,,276052.71,1,
-77254971_39589030,0,negative,negative_pass,,533,taryn,,,,,35965.28,26,
-77258275_39629972,0,negative,negative_pass,,890,mike,,,,,57543.9,37,
-77260605_39653458,0,negative,negative_pass,,466,taryn,,,,,310195.93,37,
-77273937_39572703,0,negative,negative_pass,,729,mara,,,,,35965.41,1,
-77274292_39573357,0,negative,negative_pass,,165,maddie,,,,,28772.33,37,
-77276799_39580341,0,negative,negative_pass,,479,taryn,,,,,11688.74,5,
-77277967_39589183,0,negative,negative_pass,,181,maddie,,,,,10789.58,37,
-77279146_39611023,0,negative,negative_pass,,257,tien,,,,,27872.95,1,
-77279409_39691165,0,negative,negative_pass,,964,ayush,,,,,36863.55,5,
-77279706_39656571,0,negative,negative_pass,,245,tien,,,,,63837.38,26,
-77281564_39529742,0,negative,negative_pass,,686,sienna,,,,,32369.19,36,
-77285315_39333294,0,negative,negative_pass,,95,maddie,,,,,175341.05,5,
-77289785_39579798,0,negative,negative_pass,,844,mike,,,,,12587.87,5,
-77292449_39409829,0,negative,negative_pass,,412,taryn,,,,,38664.27,5,
-77294931_39535489,0,negative,negative_pass,,974,ayush,,,,,11688.86,24,
-77295062_39607064,0,negative,negative_pass,,220,tien,,,,,146557.82,1,
-77295292_39673677,0,negative,negative_pass,,946,mike,,,,,19780.52,37,
-77297269_39533772,0,negative,negative_pass,,92,maddie,,,,,14386.29,26,
-77298638_39212284,0,negative,negative_pass,,583,taryn,,,,,17984.2,5,
-77304453_39546792,0,negative,negative_pass,,940,mike,,,,,385731.38,5,
-77306810_39495459,0,negative,negative_pass,,346,tien,,,,,28772.84,5,
-77307733_39512825,0,negative,negative_pass,,365,tien,,,,,46755.68,37,
-77307751_39670596,0,negative,negative_pass,,18,maddie,,,,,16184.07,37,
-77309789_39493852,0,negative,negative_pass,,776,mara,,,,,22478.79,37,
-77313192_39144236,0,negative,negative_pass,,382,tien,,,,,250883.46,1,
-77315346_39406125,0,negative,negative_pass,,49,maddie,,,,,24277.58,37,
-77317812_39470525,0,negative,negative_pass,,514,taryn,,,,,69235.05,1,
-77318867_39681958,0,negative,negative_pass,,631,sienna,,,,,89911.28,37,
-77319352_39344860,0,negative,negative_pass,,751,mara,,,,,12588.56,26,
-77322864_39679867,0,negative,negative_pass,,865,mike,,,,,20679.6,37,
-77323423_39575139,0,negative,negative_pass,,254,tien,,,,,46755.0,36,
-77323678_39204092,0,negative,negative_pass,,718,sienna,,,,,246383.96,5,
-77323774_39293723,0,negative,negative_pass,,280,tien,,,,,174443.44,5,
-77325160_39657236,0,negative,negative_pass,,598,taryn,,,,,36863.83,37,
-77326413_39682661,0,negative,negative_pass,,715,sienna,,,,,84516.62,5,
-77329207_39473361,0,negative,negative_pass,,199,maddie,,,,,47655.26,26,
-77338707_39174015,0,negative,negative_pass,,419,taryn,,,,,203223.21,37,
-77339503_39559904,0,negative,negative_pass,,613,sienna,,,,,13487.07,1,
-77340297_39132744,0,negative,negative_pass,,999,ayush,,,,,78232.69,5,
-77343810_39605535,0,negative,negative_pass,,675,sienna,,,,,28772.11,26,
-77345881_39264840,0,negative,negative_pass,,579,taryn,,,,,40463.95,5,
-77346188_39078420,0,negative,negative_pass,,87,maddie,,,,,29674.84,26,
-77348904_39431400,0,negative,negative_pass,,490,taryn,,,,,37764.92,36,
-77350102_39232500,0,negative,negative_pass,,958,mike,,,,,92618.18,1,
-77357068_39290691,0,negative,negative_pass,,60,maddie,,,,,13487.9,37,
-77361202_39616191,0,negative,negative_pass,,872,mike,,,,,29671.17,1,
-77362020_39375480,0,negative,negative_pass,,214,tien,,,,,14386.82,37,
-77363989_39078873,0,negative,negative_pass,,421,taryn,,,,,160064.25,1,
-77372860_39620901,0,negative,negative_pass,,815,mara,,,,,18881.63,37,
-77373891_39591306,0,negative,negative_pass,,347,tien,,,,,11688.71,37,
-77374309_39234007,0,negative,negative_pass,,269,tien,,,,,12588.88,5,
-77374778_39619851,0,negative,negative_pass,,40,maddie,,,,,24276.39,24,
-77380343_39165558,0,negative,negative_pass,,119,maddie,,,,,20682.05,5,
-77382771_39664253,0,negative,negative_pass,,871,mike,,,,,170832.11,1,
-77388571_39646537,0,negative,negative_pass,,829,mara,,,,,34166.56,5,
-77388681_39580378,0,negative,negative_pass,,781,mara,,,,,36864.48,37,
-77396684_39354684,0,negative,negative_pass,,594,taryn,,,,,24277.87,5,
-77397248_39109955,0,negative,negative_pass,,238,tien,,,,,428933.17,26,
-77398214_39465932,0,negative,negative_pass,,294,tien,,,,,147461.82,5,
-77406688_39105287,0,negative,negative_pass,,156,maddie,,,,,276064.17,26,
-77409798_39280976,0,negative,negative_pass,,379,tien,,,,,124089.0,1,
-77427829_39562412,0,negative,negative_pass,,777,mara,,,,,17982.75,26,
-77437884_39251746,0,negative,negative_pass,,318,tien,,,,,63843.32,5,
-77439106_39258548,0,negative,negative_pass,,734,mara,,,,,18883.2,5,
-77442447_39236473,,excluded_band,negative_pass,,,mike,,,,,13488.07,37,truss at boundary: unsure if truss on side
-77444483_39333650,0,negative,negative_pass,,868,mike,,,,,35068.21,5,
-77447816_39297333,0,negative,negative_pass,,162,maddie,,,,,344390.64,1,
-77465710_39326036,0,negative,negative_pass,,82,maddie,,,,,165450.29,1,
-77465724_39340649,0,negative,negative_pass,,189,maddie,,,,,1277739.47,5,
-77476014_39371441,0,negative,negative_pass,,366,tien,,,,,48555.56,5,
-77479431_39301987,0,negative,negative_pass,,43,maddie,,,,,10790.29,59,
-77480349_39154317,0,negative,negative_pass,,668,sienna,,,,,35069.65,5,
-77480967_39367806,0,negative,negative_pass,,282,tien,,,,,13487.67,5,
-77488081_39256907,0,negative,negative_pass,,292,tien,,,,,135779.29,5,
-77502315_39314109,0,negative,negative_pass,,971,ayush,,,,,20681.34,5,
-77523345_39547776,0,negative,negative_pass,,548,taryn,,,,,39562.18,1,
-77523354_39717175,0,negative,negative_pass,,875,mike,,,,,26074.06,1,
-77524091_39465991,0,negative,negative_pass,,55,maddie,,,,,157352.55,5,
-77528851_39588645,0,negative,negative_pass,,937,mike,,,,,56645.32,37,
-77535018_39479592,0,negative,negative_pass,,723,mara,,,,,26974.64,37,
-77537503_39499181,0,negative,negative_pass,,54,maddie,,,,,442382.05,1,
-77537687_39519539,0,negative,negative_pass,,475,taryn,,,,,31470.12,1,
-77537818_39417734,0,negative,negative_pass,,198,maddie,,,,,32370.02,26,
-77540160_39318504,0,negative,negative_pass,,630,sienna,,,,,48556.15,26,
-77540453_39609430,0,negative,negative_pass,,123,maddie,,,,,33267.73,37,
-77544430_39333335,0,negative,negative_pass,,618,sienna,,,,,26975.55,1,
-77544450_39454503,0,negative,negative_pass,,228,tien,,,,,90815.14,37,
-77544601_39474396,0,negative,negative_pass,,830,mara,,,,,103402.91,1,
-77548983_39400197,0,negative,negative_pass,,266,tien,,,,,31470.99,37,
-77549254_39476460,0,negative,negative_pass,,816,mara,,,,,29672.12,37,
-77549528_39392545,0,negative,negative_pass,,565,taryn,,,,,17084.28,37,
-77550341_39422602,0,negative,negative_pass,,274,tien,,,,,10790.0,36,
-77557629_39396900,0,negative,negative_pass,,653,sienna,,,,,14386.75,37,
-77558640_39538008,0,negative,negative_pass,,348,tien,,,,,11688.85,1,
-77560875_39537863,0,negative,negative_pass,,422,taryn,,,,,34167.42,1,
-77561108_39416091,0,negative,negative_pass,,128,maddie,,,,,40462.55,37,
-77566733_39467575,0,negative,negative_pass,,562,taryn,,,,,26974.71,5,
-77583144_39395788,0,negative,negative_pass,,158,maddie,,,,,22479.3,5,
-77583318_39407647,0,negative,negative_pass,,494,taryn,,,,,43160.13,5,
-77588185_39693730,0,negative,negative_pass,,296,tien,,,,,44955.52,1,
-77591846_39456453,0,negative,negative_pass,,825,mara,,,,,58445.36,37,
-77595787_39695163,0,negative,negative_pass,,362,tien,,,,,12587.54,37,
-77604984_39696302,0,negative,negative_pass,,484,taryn,,,,,11688.43,1,
-77607818_39665910,0,negative,negative_pass,,773,mara,,,,,25175.25,1,
-77608157_39372473,0,negative,negative_pass,,570,taryn,,,,,52152.25,1,
-77608996_39351862,0,negative,negative_pass,,919,mike,,,,,21580.34,5,
-77612139_39371644,0,negative,negative_pass,,656,sienna,,,,,25176.95,1,
-77615382_39645908,0,negative,negative_pass,,253,tien,,,,,151052.2,1,
-77620232_39364753,0,negative,negative_pass,,573,taryn,,,,,126784.13,26,
-77628259_39571267,0,negative,negative_pass,,909,mike,,,,,27873.21,37,
-77630037_39622170,0,negative,negative_pass,,7,maddie,,,,,97105.51,1,
-77630705_39633040,0,negative,negative_pass,,827,mara,,,,,45855.27,1,
-77637562_39699756,0,negative,negative_pass,,989,ayush,,,,,17083.07,1,
-77644868_39537662,0,negative,negative_pass,,453,taryn,,,,,33268.27,37,
-77652421_39544865,0,negative,negative_pass,,950,mike,,,,,18881.96,1,
-77653829_39538180,0,negative,negative_pass,,402,taryn,,,,,86317.68,5,
-77660130_39551962,0,negative,negative_pass,,229,tien,,,,,16184.51,37,
-77668375_39446982,0,negative,negative_pass,,69,maddie,,,,,67437.1,1,
-77673928_39357539,0,negative,negative_pass,,811,mara,,,,,77329.46,5,
-77676986_39579268,0,negative,negative_pass,,367,tien,,,,,61141.11,1,
-77680753_39671367,0,negative,negative_pass,,658,sienna,,,,,174428.3,26,
-77689540_39555347,0,negative,negative_pass,,192,maddie,,,,,17083.64,37,
-77693109_39606496,0,negative,negative_pass,,188,maddie,,,,,83618.94,5,
-77702401_39504473,0,negative,negative_pass,,141,maddie,,,,,37764.28,1,
-77706321_39513542,0,negative,negative_pass,,459,taryn,,,,,12588.07,26,
-77709530_39531812,0,negative,negative_pass,,586,taryn,,,,,44957.19,24,
-77722614_39483711,0,negative,negative_pass,,341,tien,,,,,11689.0,36,
-77727470_39493931,0,negative,negative_pass,,878,mike,,,,,91713.47,5,
-77729035_39508530,0,negative,negative_pass,,384,tien,,,,,56646.37,5,
-77734880_39472498,0,negative,negative_pass,,731,mara,,,,,406418.55,1,
-77740519_39447446,0,negative,negative_pass,,513,taryn,,,,,25176.51,5,
-77745733_39427312,0,negative,negative_pass,,905,mike,,,,,122286.5,5,
-77749987_39576607,0,negative,negative_pass,,411,taryn,,,,,141164.12,26,
-77753526_39569419,0,negative,negative_pass,,492,taryn,,,,,77325.7,1,
-77764751_39560893,0,negative,negative_pass,,553,taryn,,,,,56645.68,37,
-77768377_39596974,0,negative,negative_pass,,784,mara,,,,,52149.56,1,
-77771284_39720771,0,negative,negative_pass,,742,mara,,,,,10789.26,48,
-77803145_39589584,0,negative,negative_pass,,643,sienna,,,,,18881.77,1,
-77812630_39533425,0,negative,negative_pass,,922,mike,,,,,75528.05,1,
-77817624_39579807,0,negative,negative_pass,,146,maddie,,,,,50351.5,24,
-77826385_39543420,0,negative,negative_pass,,163,maddie,,,,,53049.34,37,
-77828887_39632070,0,negative,negative_pass,,616,sienna,,,,,13486.85,37,
-77835770_39710680,0,negative,negative_pass,,447,taryn,,,,,54845.51,24,
-77855345_39669913,0,negative,negative_pass,,852,mike,,,,,32368.15,36,
-77872373_39660361,0,negative,negative_pass,,371,tien,,,,,53947.04,5,
-77872418_39663774,0,negative,negative_pass,,468,taryn,,,,,45854.94,1,
-77873924_39706654,0,negative,negative_pass,,833,mara,,,,,22477.69,26,
-77889800_39636185,0,negative,negative_pass,,902,mike,,,,,69232.43,5,
-77889815_39660506,0,negative,negative_pass,,524,taryn,,,,,47653.21,5,
-77901777_39644562,0,negative,negative_pass,,750,mara,,,,,347959.62,26,
-77914414_39648845,0,negative,negative_pass,,549,taryn,,,,,59341.9,1,
-77919506_39686295,0,negative,negative_pass,,544,taryn,,,,,28771.58,26,
-77925037_39663425,0,negative,negative_pass,,389,tien,,,,,97104.59,36,
-77942467_39629309,0,negative,negative_pass,,699,sienna,,,,,40460.56,1,
-77949139_39631888,0,negative,negative_pass,,440,taryn,,,,,30570.19,37,
-78051152_39697998,0,negative,negative_pass,,737,mara,,,,,49451.02,37,
-78053615_39682729,0,negative,negative_pass,,915,mike,,,,,11688.46,1,
-78862167_39707002,0,negative,negative_pass,,991,ayush,,,,,106094.69,37,
-78862860_39709275,0,negative,negative_pass,,467,taryn,,,,,13486.6,37,
-78890245_39720717,0,negative,negative_pass,,223,tien,,,,,184316.47,37,
-79018573_39691613,0,negative,negative_pass,,174,maddie,,,,,13486.66,5,
-79031316_39688008,0,negative,negative_pass,,992,ayush,,,,,13486.67,37,
-79038677_39690771,0,negative,negative_pass,,480,taryn,,,,,91709.31,1,
-79166011_39694937,0,negative,negative_pass,,77,maddie,,,,,29670.63,1,
-79240676_39631215,0,negative,negative_pass,,370,tien,,,,,16184.22,37,
-79267559_39510172,0,negative,negative_pass,,236,tien,,,,,51251.45,37,
-79281521_39714916,0,negative,negative_pass,,449,taryn,,,,,35964.24,5,
-79292420_39570765,0,negative,negative_pass,,455,taryn,,,,,17982.72,1,
-79333759_39336791,0,negative,negative_pass,,960,ayush,,,,,11689.39,37,
-79341163_39415006,0,negative,negative_pass,,619,sienna,,,,,14386.69,37,
-79345702_39548857,0,negative,negative_pass,,602,sienna,,,,,47654.42,1,
-79346451_39314465,0,negative,negative_pass,,353,tien,,,,,25177.28,37,
-79354515_39622847,0,negative,negative_pass,,108,maddie,,,,,22478.12,37,
-79355975_39637395,0,negative,negative_pass,,721,mara,,,,,30570.15,1,
-79358816_39329485,0,negative,negative_pass,,472,taryn,,,,,24278.01,37,
-79367290_39640344,0,negative,negative_pass,,809,mara,,,,,27872.76,5,
-79367295_39427203,1,positive,negative_pass,,,maddie,,,,,95311.53,1,rescued from rejection: Truss
-79368728_39373473,0,negative,negative_pass,,993,ayush,,,,,31471.18,37,
-79376703_39604908,0,negative,negative_pass,,374,tien,,,,,11688.68,1,
-79390332_39384696,0,negative,negative_pass,,505,taryn,,,,,12588.44,37,
-79406060_39339978,0,negative,negative_pass,,801,mara,,,,,10790.2,5,
-79471673_39315940,0,negative,negative_pass,,591,taryn,,,,,16185.39,1,
