{"type":"FeatureCollection","features":[{"type":"Feature","geometry":{"type":"Polygon","coordinates":[[[-75.97652567809556,38.858379123047584],[-75.97580148595294,38.85913939349843],[-75.97473928342448,38.85867988587188],[-75.9744120823145,38.85893886550313],[-75.97431553392457,38.85912690345867],[-75.97418674358283,38.85914356333757],[-75.97366644356222,38.859757649574014],[-75.97443351781952,38.86034240558269],[-75.97517383790637,38.8605470919879],[-75.97580680048826,38.86050116015153],[-75.97635933390283,38.8607684804538],[-75.97689583307016,38.860680818334096],[-75.97729273660511,38.86060974888626],[-75.97744836216353,38.86066823220013],[-75.97785066715504,38.86038423671338],[-75.9779150606466,38.860104369416156],[-75.97767369561771,38.85985367093071],[-75.97738937150562,38.859469390426156],[-75.97722302834468,38.859222915969255],[-75.97713188496296,38.858976465895545],[-75.97715332004934,38.85861306450897],[-75.97652567809556,38.858379123047584]]]},"id":"0_00000000000000000000","properties":{"labeler":"ayush","notes":"","point_id":1015,"queue_index":45,"source_asset":"point_1015_label","source_labeler":"ayush","source_point_id":1015,"status":"completed","timestamp":"2026-06-11 21:19:13"}},{"type":"Feature","geometry":{"type":"Polygon","coordinates":[[[-75.8549307355279,38.900294684487115],[-75.85504873108263,38.90053681500117],[-75.85546716681814,38.90127996765219],[-75.85568711103866,38.901638954652974],[-75.85627717333067,38.9022484564033],[-75.85658638768487,38.902733672365095],[-75.85668824742612,38.90283176800784],[-75.85700685784097,38.90296358762235],[-75.857342133803,38.903122225423374],[-75.85756225241258,38.903289729344635],[-75.85799663771049,38.90355221437598],[-75.85825948449373,38.903527156227966],[-75.85901043462212,38.90391541813764],[-75.86054618659638,38.901440892865985],[-75.85924624153766,38.90074774935547],[-75.85896194345209,38.9005891393644],[-75.8587903182635,38.90055159961439],[-75.85852747246555,38.900447197198694],[-75.85806073159165,38.90007977354738],[-75.85767989117481,38.89982098147439],[-75.85742777000026,38.89946607310788],[-75.8568805307589,38.89934086569004],[-75.85678399019706,38.899432738255435],[-75.85669276861398,38.899503700806655],[-75.85530342738832,38.900163304553175],[-75.85512107090831,38.90022179009919],[-75.8549307355279,38.900294684487115]]]},"id":"1_00000000000000000000","properties":{"labeler":"ayush","notes":"","point_id":1058,"queue_index":7,"source_asset":"point_1058_label","source_labeler":"ayush","source_point_id":1058,"status":"completed","timestamp":"2026-04-06 00:11:06"}},{"type":"Feature","geometry":{"type":"Polygon","coordinates":[[[-75.90843236665145,38.91619257782371],[-75.90948381819464,38.915491343778235],[-75.910127534837,38.91196846699612],[-75.90946237273815,38.91118377173057],[-75.90871133660941,38.910699571310126],[-75.90808905915188,38.91038234614224],[-75.90343270226387,38.91046576850028],[-75.90266027606553,38.913871885686746],[-75.90351857636936,38.91472333329717],[-75.90336836311644,38.9159922306532],[-75.90684449597516,38.91600891696797],[-75.90843236665145,38.91619257782371]]]},"id":"2_00000000000000000000","properties":{"labeler":"ayush","notes":"","point_id":1076,"queue_index":80,"source_asset":"point_1076_label","source_labeler":"ayush","source_point_id":1076,"status":"completed","timestamp":"2026-06-11 21:59:36"}},{"type":"Feature","geometry":{"type":"Polygon","coordinates":[[[-76.01365486779274,38.915109350170944],[-76.01580062999622,38.91402418621915],[-76.0160450280062,38.913704911758316],[-76.0154334123203,38.91211877314391],[-76.0144141944264,38.912936912883026],[-76.01371145216007,38.91375916888949],[-76.01314817544844,38.914180753889866],[-76.01347006078575,38.915082319211436],[-76.01365486779274,38.915109350170944]]]},"id":"3_00000000000000000000","properties":{"labeler":"ayush","notes":"","point_id":1079,"queue_index":46,"source_asset":"point_1079_label","source_labeler":"ayush","source_point_id":1079,"status":"completed","timestamp":"2026-06-11 21:19:52"}},{"type":"Feature","geometry":{"type":"Polygon","coordinates":[[[-75.87077078134068,38.91094143446193],[-75.869891096174,38.91257765467523],[-75.87040601936283,38.91461461357242],[-75.87104973719262,38.9159836856922],[-75.87306676574521,38.91777008243902],[-75.87448296762302,38.91842117832508],[-75.87746565844535,38.918654912338475],[-75.8794182453133,38.918454526531384],[-75.8823793823096,38.916818403779544],[-75.87077078134068,38.91094143446193]]]},"id":"4_00000000000000000000","properties":{"labeler":"ayush","notes":"","point_id":1083,"queue_index":54,"source_asset":"point_1083_label","source_labeler":"ayush","source_point_id":1083,"status":"completed","timestamp":"2026-06-11 21:26:30"}},{"type":"Feature","geometry":{"type":"Polygon","coordinates":[[[-76.04855629534862,38.92530949366034],[-76.04926443772882,38.92493388276875],[-76.05004764834821,38.92495060214395],[-76.05006907215477,38.925050728213364],[-76.05075569453832,38.923172706111764],[-76.05108846967931,38.921013927904575],[-76.05172152812402,38.920730119443796],[-76.0511850531093,38.92066334943948],[-76.05025135143205,38.9196857205],[-76.04943591759051,38.919159850763336],[-76.04885162807992,38.91849659081709],[-76.04826158168953,38.9184215053453],[-76.0476070831666,38.91821276460024],[-76.04774660590415,38.91843813987604],[-76.04619086627261,38.91815433413451],[-76.04555787095877,38.9183129294582],[-76.04540772227337,38.91849663779233],[-76.04855629534862,38.92530949366034]]]},"id":"5_00000000000000000000","properties":{"labeler":"ayush","notes":"","point_id":1093,"queue_index":78,"source_asset":"point_1093_label","source_labeler":"ayush","source_point_id":1093,"status":"completed","timestamp":"2026-06-11 21:58:35"}},{"type":"Feature","geometry":{"type":"Polygon","coordinates":[[[-75.88665230479876,38.955455523997216],[-75.88341214931462,38.95493819176598],[-75.88017200806186,38.955989452557034],[-75.87937809297496,38.95700726640668],[-75.87839103322622,38.95889274220118],[-75.8794424430746,38.961428887819565],[-75.88171701411692,38.96288051410558],[-75.88478543763829,38.963214185975204],[-75.88716725550013,38.96248008477056],[-75.88914133394285,38.95996061553637],[-75.88907698826674,38.95805852887213],[-75.88665230479876,38.955455523997216]]]},"id":"6_00000000000000000000","properties":{"labeler":"ayush","notes":"","point_id":1151,"queue_index":39,"source_asset":"point_1151_label","source_labeler":"ayush","source_point_id":1151,"status":"completed","timestamp":"2026-06-11 21:11:39"}},{"type":"Feature","geometry":{"type":"Polygon","coordinates":[[[-75.82908441829579,38.978207593285056],[-75.82893421464546,38.97789900136944],[-75.82639145734952,38.97660616936355],[-75.82248621431131,38.979950697606064],[-75.82308696651978,38.979975750107215],[-75.82385947249638,38.98031766480496],[-75.82461051595345,38.98080970167303],[-75.82577990134597,38.9814352499368],[-75.8257585318629,38.98175213258282],[-75.82583354671462,38.98199399564054],[-75.8262519798959,38.982127444959154],[-75.82658457975184,38.98221923790885],[-75.82674551488682,38.98200237919421],[-75.82705665563155,38.98200233582546],[-75.82751800100034,38.98210245654275],[-75.82809736283237,38.982285890292175],[-75.82876255313654,38.98248608299379],[-75.82949211311838,38.98269460959722],[-75.83021094061608,38.98286138843671],[-75.83068300445856,38.982869733449746],[-75.83104777999058,38.98283635109762],[-75.83118725274078,38.982803008388274],[-75.83296828910964,38.983270062891066],[-75.83472775769623,38.980843082429445],[-75.82908441829579,38.978207593285056]]]},"id":"7_00000000000000000000","properties":{"labeler":"ayush","notes":"","point_id":1174,"queue_index":6,"source_asset":"point_1174_label","source_labeler":"ayush","source_point_id":1174,"status":"completed","timestamp":"2026-04-05 23:54:49"}},{"type":"Feature","geometry":{"type":"Polygon","coordinates":[[[-75.46417959256097,38.01763119969441],[-75.46413674765246,38.01570824804887],[-75.46337495958132,38.01621962157979],[-75.46270436954197,38.01631263521968],[-75.46222693676391,38.01577164778068],[-75.46186755003838,38.01572935304684],[-75.46144380504948,38.01583507236213],[-75.46112192872985,38.01603372105955],[-75.46109508344915,38.01613932130027],[-75.460783962296,38.01627035965285],[-75.46044066157818,38.016181605729095],[-75.45987735157878,38.016063265256726],[-75.45929803877533,38.015898462656835],[-75.45868112196221,38.01584770879973],[-75.4585899176189,38.01601258735372],[-75.46048892995545,38.017601611530694],[-75.46129126722764,38.01807632148351],[-75.46420421504433,38.01804252464739],[-75.46417959256097,38.01763119969441]]]},"id":"8_00000000000000000000","properties":{"labeler":"ayush","notes":"","point_id":11,"queue_index":47,"source_asset":"point_11_label","source_labeler":"ayush","source_point_id":11,"status":"completed","timestamp":"2026-06-11 21:20:34"}},{"type":"Feature","geometry":{"type":"Polygon","coordinates":[[[-75.85806906468058,38.99651687760727],[-75.85523658405829,38.99783429376051],[-75.85375600507821,39.000819250372295],[-75.8547859669933,39.00155296761177],[-75.85452852154246,39.00196986634821],[-75.8561592674502,39.002886982242316],[-75.85733947429293,39.00443781651626],[-75.85864839045816,39.00393753860653],[-75.85937797410222,39.005562532882315],[-75.85864839045816,39.00566257430694],[-75.86092285284353,39.00716321336249],[-75.867488953389,38.99850889502145],[-75.86540757744706,38.99740828009045],[-75.86437760414972,38.9981587190699],[-75.8598500295602,38.99557386475393],[-75.85806906468058,38.99651687760727]]]},"id":"9_00000000000000000000","properties":{"labeler":"ayush","notes":"","point_id":1208,"queue_index":24,"source_asset":"point_1208_label","source_labeler":"ayush","source_point_id":1208,"status":"completed","timestamp":"2026-06-11 20:57:25"}},{"type":"Feature","geometry":{"type":"Polygon","coordinates":[[[-75.88744201328066,39.00140119380586],[-75.89038171076136,39.00415255986698],[-75.89209827855343,39.00183476983037],[-75.89145456808133,38.99970024157176],[-75.88982378627595,38.99801596999486],[-75.88778528249105,38.99759907916434],[-75.88508164923135,38.998016011373686],[-75.88310751396976,38.999300054888394],[-75.88744201328066,39.00140119380586]]]},"id":"10_00000000000000000000","properties":{"labeler":"ayush","notes":"","point_id":1217,"queue_index":35,"source_asset":"point_1217_label","source_labeler":"ayush","source_point_id":1217,"status":"completed","timestamp":"2026-06-11 21:09:26"}},{"type":"Feature","geometry":{"type":"Polygon","coordinates":[[[-75.77119091516997,39.02826324895171],[-75.77172730690488,39.027313114344885],[-75.77239249373577,39.02759644468865],[-75.77365854890209,39.024429248658016],[-75.7726714650246,39.02271221487816],[-75.77069736558657,39.02189532548568],[-75.7681868360039,39.02206205342727],[-75.76632001029743,39.02411251863195],[-75.7660624937784,39.02529606963821],[-75.76674917389995,39.02684638429056],[-75.77119091516997,39.02826324895171]]]},"id":"11_00000000000000000000","properties":{"labeler":"ayush","notes":"","point_id":1249,"queue_index":22,"source_asset":"point_1249_label","source_labeler":"ayush","source_point_id":1249,"status":"completed","timestamp":"2026-06-11 20:53:22"}},{"type":"Feature","geometry":{"type":"Polygon","coordinates":[[[-75.38655405331214,38.38884399146799],[-75.3817475432633,38.38850761943213],[-75.38146863223056,38.391820805944626],[-75.38112524010594,38.39511714416595],[-75.38603911548495,38.39518441189635],[-75.38655405331214,38.38884399146799]]]},"id":"12_00000000000000000000","properties":{"labeler":"ayush","notes":"","point_id":126,"queue_index":19,"source_asset":"point_126_label","source_labeler":"ayush","source_point_id":126,"status":"completed","timestamp":"2026-06-11 20:50:14"}},{"type":"Feature","geometry":{"type":"Polygon","coordinates":[[[-75.23332798615536,38.39045030711305],[-75.2338859006691,38.39334297813766],[-75.2365466276981,38.39568064540437],[-75.24096697664028,38.396689670906525],[-75.24480787324963,38.39497433274973],[-75.24534429331386,38.39367932386762],[-75.23332798615536,38.39045030711305]]]},"id":"13_00000000000000000000","properties":{"labeler":"ayush","notes":"","point_id":128,"queue_index":25,"source_asset":"point_128_label","source_labeler":"ayush","source_point_id":128,"status":"completed","timestamp":"2026-06-11 20:58:09"}},{"type":"Feature","geometry":{"type":"Polygon","coordinates":[[[-76.03526531376028,39.05017009020114],[-76.03591978229126,39.049032743462554],[-76.03631572008068,39.04749040699902],[-76.03366569532942,39.04817363125863],[-76.03477074173338,39.050106641318735],[-76.03526531376028,39.05017009020114]]]},"id":"14_00000000000000000000","properties":{"labeler":"ayush","notes":"","point_id":1294,"queue_index":107,"source_asset":"point_1294_label","source_labeler":"ayush","source_point_id":1294,"status":"completed","timestamp":"2026-06-11 22:34:53"}},{"type":"Feature","geometry":{"type":"Polygon","coordinates":[[[-75.96769773524984,39.08097895782938],[-75.96883501875212,39.082278146373696],[-75.97323383307672,39.082577999209306],[-75.97696749014108,39.07868027301193],[-75.97171038508914,39.076081710227676],[-75.96752606566702,39.07636491017241],[-75.96769773524984,39.08097895782938]]]},"id":"15_00000000000000000000","properties":{"labeler":"ayush","notes":"","point_id":1312,"queue_index":88,"source_asset":"point_1312_label","source_labeler":"ayush","source_point_id":1312,"status":"completed","timestamp":"2026-06-11 22:12:30"}},{"type":"Feature","geometry":{"type":"Polygon","coordinates":[[[-75.9687530822105,39.08626747790882],[-75.96983667800767,39.08625917419603],[-75.97161764369176,39.08433542147296],[-75.97157468323365,39.083086239235534],[-75.97002978092762,39.082303375158794],[-75.96811999900542,39.08202025200875],[-75.96713294329773,39.082361691439345],[-75.96604941506821,39.08322782359147],[-75.96595277230328,39.08473516937199],[-75.96716518681454,39.08595099073518],[-75.9683882204205,39.0845519748986],[-75.96865644131951,39.08478514629607],[-75.9687530822105,39.08626747790882]]]},"id":"16_00000000000000000000","properties":{"labeler":"ayush","notes":"","point_id":1320,"queue_index":53,"source_asset":"point_1320_label","source_labeler":"ayush","source_point_id":1320,"status":"completed","timestamp":"2026-06-11 21:25:50"}},{"type":"Feature","geometry":{"type":"Polygon","coordinates":[[[-75.953683912471,39.09761814771987],[-75.95574918740095,39.0965190236651],[-75.95549174948621,39.09628593546025],[-75.95592087147264,39.09587790438366],[-75.95407175736155,39.09443373008444],[-75.95391079034604,39.0944212673852],[-75.95201177307426,39.09524560849819],[-75.95247846808573,39.09601164686163],[-75.95344410011896,39.09742298026386],[-75.953683912471,39.09761814771987]]]},"id":"17_00000000000000000000","properties":{"labeler":"ayush","notes":"","point_id":1326,"queue_index":12,"source_asset":"point_1326_label","source_labeler":"ayush","source_point_id":1326,"status":"completed","timestamp":"2026-04-06 01:18:19"}},{"type":"Feature","geometry":{"type":"Polygon","coordinates":[[[-75.99819664130025,39.121985057383185],[-75.99968791744288,39.12044519105145],[-75.99977373241842,39.12026209047315],[-75.9996664858308,39.12008728619549],[-75.9950449736555,39.11686990301046],[-75.99281333680848,39.11863455621455],[-75.99184780046178,39.11978325194647],[-75.99051736505261,39.12041584921406],[-75.99047449899484,39.120682233163976],[-75.99093814253344,39.12111867251971],[-75.99143171971427,39.12086893223946],[-75.99179643253568,39.12115198560125],[-75.99160335981601,39.121601457736865],[-75.99381287507158,39.1232400108292],[-75.99504408802214,39.12417860897562],[-75.99678213261045,39.12219765176482],[-75.99759752264339,39.122647168333835],[-75.99819664130025,39.121985057383185]]]},"id":"18_00000000000000000000","properties":{"labeler":"ayush","notes":"","point_id":1334,"queue_index":56,"source_asset":"point_1334_label","source_labeler":"ayush","source_point_id":1334,"status":"completed","timestamp":"2026-06-11 21:31:30"}},{"type":"Feature","geometry":{"type":"Polygon","coordinates":[[[-75.99123067556908,39.124161281418054],[-75.99043676976777,39.122504930414706],[-75.98991458204263,39.122024347402785],[-75.99008622401813,39.121616431749985],[-75.9899360151595,39.12114201753555],[-75.98905628041851,39.12105878859677],[-75.98877729360844,39.12028471436426],[-75.98552648031735,39.11986849794049],[-75.98394931605344,39.11992676673817],[-75.98386349130432,39.12020144948375],[-75.98402442373677,39.120326270932686],[-75.98365969052692,39.12075085462051],[-75.98299452380871,39.120700884764055],[-75.98297300105088,39.12114200969927],[-75.98253315663652,39.12174130566357],[-75.98192901044115,39.123092951654556],[-75.98186461880661,39.12361730143806],[-75.9827766389459,39.125406785373286],[-75.9844717918925,39.12650542706603],[-75.98670338553643,39.12677178326133],[-75.98997569298699,39.12580631383968],[-75.99123067556908,39.124161281418054]]]},"id":"19_00000000000000000000","properties":{"labeler":"ayush","notes":"","point_id":1336,"queue_index":72,"source_asset":"point_1336_label","source_labeler":"ayush","source_point_id":1336,"status":"completed","timestamp":"2026-06-11 21:52:44"}},{"type":"Feature","geometry":{"type":"Polygon","coordinates":[[[-75.86819216432632,39.12120082640364],[-75.86372898040223,39.12130903320911],[-75.86204451271686,39.12247434719457],[-75.86193308290343,39.123419422522225],[-75.86237295091674,39.12424341064178],[-75.86211551925867,39.12485932415167],[-75.8666215693944,39.12588302686292],[-75.86819216432632,39.12120082640364]]]},"id":"20_00000000000000000000","properties":{"labeler":"ayush","notes":"","point_id":1337,"queue_index":106,"source_asset":"point_1337_label","source_labeler":"ayush","source_point_id":1337,"status":"completed","timestamp":"2026-06-11 22:34:29"}},{"type":"Feature","geometry":{"type":"Polygon","coordinates":[[[-75.8671630091025,39.124423977279],[-75.86282850806498,39.12402441411691],[-75.8620774895422,39.12457378786688],[-75.86094022786864,39.12450721064643],[-75.86102603918587,39.1237081814064],[-75.8592236360045,39.123691542621884],[-75.85542558925482,39.126438145123025],[-75.85308676518194,39.12479017523984],[-75.85128426097924,39.12648805504086],[-75.85231424085814,39.12588881931024],[-75.85381628881885,39.12573897186313],[-75.85493206530555,39.127153889695975],[-75.85544704292441,39.127853044597956],[-75.85304385712476,39.12875186062194],[-75.85306531115498,39.1296174443615],[-75.85531832085809,39.129950307716165],[-75.85679888351117,39.131448361147385],[-75.8589661099701,39.132080889351336],[-75.8592236360045,39.13263013242114],[-75.8626997927088,39.13356220330001],[-75.86287141315768,39.134161406479535],[-75.86422327150356,39.13431119575109],[-75.8671630091025,39.124423977279]]]},"id":"21_00000000000000000000","properties":{"labeler":"ayush","notes":"","point_id":1340,"queue_index":42,"source_asset":"point_1340_label","source_labeler":"ayush","source_point_id":1340,"status":"completed","timestamp":"2026-06-11 21:13:54"}},{"type":"Feature","geometry":{"type":"Polygon","coordinates":[[[-75.99705614387148,39.134320235033115],[-75.99800030070374,39.13370436242541],[-75.9963158517006,39.13256422313411],[-75.99561850862996,39.132356184015],[-75.99442759727377,39.13177361937458],[-75.99448126688308,39.132589206387046],[-75.99430963033684,39.13314682361997],[-75.9935586072481,39.13499430293751],[-75.99552197495969,39.135551869793154],[-75.99705614387148,39.134320235033115]]]},"id":"22_00000000000000000000","properties":{"labeler":"ayush","notes":"","point_id":1342,"queue_index":67,"source_asset":"point_1342_label","source_labeler":"ayush","source_point_id":1342,"status":"completed","timestamp":"2026-06-11 21:46:56"}},{"type":"Feature","geometry":{"type":"Polygon","coordinates":[[[-75.86908320636543,39.16631614054549],[-75.86917973853734,39.16625793160339],[-75.86928708507168,39.16615810300502],[-75.86924418192487,39.16600006747551],[-75.86908320636543,39.16585867909292],[-75.868825698275,39.16572554349713],[-75.86852528635069,39.16550097857282],[-75.86842875373199,39.165226457110826],[-75.86834294690449,39.1647855673995],[-75.86843947958177,39.16412841788617],[-75.86851456050742,39.16319672736179],[-75.86851456050742,39.16278079841065],[-75.86833798287155,39.16257538223068],[-75.86819854666092,39.16245889788739],[-75.86808047342402,39.16230917321702],[-75.86811273969374,39.162159461953664],[-75.8684346041956,39.162042962012514],[-75.86892808106592,39.16201804137148],[-75.86923921792358,39.162092892814606],[-75.8694645479497,39.16193484050842],[-75.86924994371186,39.16139408525147],[-75.86869202435504,39.16082010849855],[-75.86804829579056,39.160695304006104],[-75.86813419144042,39.16007143060761],[-75.86845605589346,39.15950574544026],[-75.86814491731255,39.15934762267044],[-75.86786595572933,39.16000482169492],[-75.86769425269543,39.160054780924675],[-75.8663102494882,39.15987177303433],[-75.86610636649038,39.15986344379727],[-75.86591329788504,39.160071385255],[-75.86506567217573,39.16005472732836],[-75.86471162161507,39.160204527776585],[-75.86354220245084,39.160212843619895],[-75.8634992975615,39.160287705742185],[-75.86272683003506,39.161801708523875],[-75.86201871632395,39.163631823460676],[-75.86307015930589,39.16398124980343],[-75.86427176087118,39.1643638902427],[-75.86686817824146,39.1654119943978],[-75.8689495326889,39.16631032184805],[-75.86908320636543,39.16631614054549]]]},"id":"23_00000000000000000000","properties":{"labeler":"ayush","notes":"","point_id":1360,"queue_index":0,"source_asset":"point_1360_label","source_labeler":"ayush","source_point_id":1360,"status":"completed","timestamp":"2026-03-31 20:42:13"}},{"type":"Feature","geometry":{"type":"Polygon","coordinates":[[[-75.97898742490976,39.19329168130332],[-75.98136923622562,39.193507877104594],[-75.98458790720912,39.19244358185832],[-75.98529673110166,39.1910758692704],[-75.98613362223517,39.19019443958505],[-75.98583319581442,39.18731723807106],[-75.98482465461386,39.18592015352711],[-75.98173477258636,39.184722698991514],[-75.97823720480568,39.185022011889004],[-75.97606995830812,39.18620292180232],[-75.9752116598487,39.1879491951113],[-75.97609139355798,39.1917444024604],[-75.97797971983098,39.193058183979616],[-75.97898742490976,39.19329168130332]]]},"id":"24_00000000000000000000","properties":{"labeler":"ayush","notes":"","point_id":1378,"queue_index":68,"source_asset":"point_1378_label","source_labeler":"ayush","source_point_id":1378,"status":"completed","timestamp":"2026-06-11 21:48:04"}},{"type":"Feature","geometry":{"type":"Polygon","coordinates":[[[-75.7627281320711,39.194799010810925],[-75.77253433008049,39.19556395697458],[-75.77259863982158,39.19191367156752],[-75.77159983976019,39.19116763367345],[-75.76652510062893,39.19038598549323],[-75.76361761620333,39.19117597871347],[-75.76215852933503,39.1925978771498],[-75.76130017339678,39.19394384004164],[-75.76221210987869,39.19470051625074],[-75.7627281320711,39.194799010810925]]]},"id":"25_00000000000000000000","properties":{"labeler":"ayush","notes":"","point_id":1382,"queue_index":61,"source_asset":"point_1382_label","source_labeler":"ayush","source_point_id":1382,"status":"completed","timestamp":"2026-06-11 21:41:55"}},{"type":"Feature","geometry":{"type":"Polygon","coordinates":[[[-75.85699542192027,39.215976178394534],[-75.8590981973922,39.21188641367892],[-75.8615014577623,39.21065607999738],[-75.86124402451917,39.208960223313234],[-75.85763911211231,39.20909318871934],[-75.85781073869609,39.208494637999905],[-75.84905601069758,39.20935920666316],[-75.84768273007336,39.21644167444825],[-75.84974264602249,39.21690717052429],[-75.85072972834452,39.21787136941526],[-75.85025764249772,39.21870255066135],[-75.85051518436113,39.219068344636426],[-75.85390547324691,39.21630870477056],[-75.85699542192027,39.215976178394534]]]},"id":"26_00000000000000000000","properties":{"labeler":"ayush","notes":"","point_id":1405,"queue_index":113,"source_asset":"point_1405_label","source_labeler":"ayush","source_point_id":1405,"status":"completed","timestamp":"2026-06-11 22:37:55"}},{"type":"Feature","geometry":{"type":"Polygon","coordinates":[[[-75.76879473556346,38.41034339768589],[-75.76936333620516,38.41017523069429],[-75.76966377997105,38.407947409758],[-75.76965304667937,38.406988942423446],[-75.76876253549088,38.40687970636393],[-75.76499676256148,38.407594315956246],[-75.76508254295145,38.41071333872002],[-75.768011553236,38.41080574844996],[-75.76879473556346,38.41034339768589]]]},"id":"27_00000000000000000000","properties":{"labeler":"ayush","notes":"","point_id":144,"queue_index":62,"source_asset":"point_144_label","source_labeler":"ayush","source_point_id":144,"status":"completed","timestamp":"2026-06-11 21:42:30"}},{"type":"Feature","geometry":{"type":"Polygon","coordinates":[[[-75.8322014185664,39.26706997044682],[-75.83165425935763,39.265674543585824],[-75.83107721735294,39.26527805560841],[-75.8311630467361,39.26378284456126],[-75.82997215941667,39.26333425276497],[-75.83035839423484,39.263649895053355],[-75.82991550091504,39.2643684509283],[-75.82871387429284,39.26598823011755],[-75.82784483442683,39.26613774676396],[-75.82692045959564,39.268033644627835],[-75.83183434067149,39.27114005675397],[-75.83279991310137,39.26773461158715],[-75.8322014185664,39.26706997044682]]]},"id":"28_00000000000000000000","properties":{"labeler":"ayush","notes":"","point_id":1461,"queue_index":81,"source_asset":"point_1461_label","source_labeler":"ayush","source_point_id":1461,"status":"completed","timestamp":"2026-06-11 22:00:16"}},{"type":"Feature","geometry":{"type":"Polygon","coordinates":[[[-76.12367242933468,39.271908929566386],[-76.12583965615406,39.27310498131467],[-76.13341423876872,39.26818787926827],[-76.12692378751976,39.2625491568185],[-76.11932778529818,39.26911125976457],[-76.1202504873485,39.269709337261965],[-76.12020757317013,39.27044026261367],[-76.12108735537062,39.27080574052941],[-76.12136625124946,39.26972595877426],[-76.12067962839001,39.26852987571283],[-76.12108735537062,39.268563072854874],[-76.123018467586,39.26891192990127],[-76.12370516715607,39.27012464494055],[-76.12367242933468,39.271908929566386]]]},"id":"29_00000000000000000000","properties":{"labeler":"ayush","notes":"","point_id":1462,"queue_index":108,"source_asset":"point_1462_label","source_labeler":"ayush","source_point_id":1462,"status":"completed","timestamp":"2026-06-11 22:35:35"}},{"type":"Feature","geometry":{"type":"Polygon","coordinates":[[[-75.83614372218743,39.27434478365997],[-75.83707716933206,39.27364713220195],[-75.83737755926283,39.272094033549465],[-75.83496351631987,39.27046604988293],[-75.83408378620916,39.270050802934456],[-75.83367610455502,39.27024179994224],[-75.83284681723325,39.26967602818597],[-75.8322567461669,39.27158636123669],[-75.83614372218743,39.27434478365997]]]},"id":"30_00000000000000000000","properties":{"labeler":"ayush","notes":"","point_id":1463,"queue_index":85,"source_asset":"point_1463_label","source_labeler":"ayush","source_point_id":1463,"status":"completed","timestamp":"2026-06-11 22:06:34"}},{"type":"Feature","geometry":{"type":"Polygon","coordinates":[[[-75.84904767707863,39.27713489807735],[-75.84979876468255,39.27715981180958],[-75.85010985492457,39.276503693044596],[-75.85144020349884,39.27580609459012],[-75.85013130939885,39.27517484862779],[-75.84488488454855,39.272841062772876],[-75.8446703317234,39.27283272212311],[-75.84222937153642,39.27348502804812],[-75.84192899186974,39.27356805990989],[-75.84165006732435,39.27355975586244],[-75.84149987695751,39.273501574594555],[-75.84128531901496,39.27350161515706],[-75.84116722334787,39.27354309714783],[-75.84107067208761,39.27390858391447],[-75.84094193697176,39.27396669276505],[-75.84034117155434,39.27392519837698],[-75.84025534771575,39.27440688748867],[-75.84019089114172,39.275778393887954],[-75.84036262750588,39.27640958454987],[-75.84043772331073,39.27684147875684],[-75.84041626737054,39.27724846196207],[-75.84037335548044,39.277472672624576],[-75.8405986427588,39.27758891482502],[-75.84822681321279,39.279158556766006],[-75.84904767707863,39.27713489807735]]]},"id":"31_00000000000000000000","properties":{"labeler":"ayush","notes":"","point_id":1466,"queue_index":1,"source_asset":"point_1466_label","source_labeler":"ayush","source_point_id":1466,"status":"completed","timestamp":"2026-04-06 00:09:30"}},{"type":"Feature","geometry":{"type":"MultiPolygon","coordinates":[[[[-76.14681185999241,39.27922590473119],[-76.14673931819975,39.279234317119474],[-76.14688953274701,39.2792675516206],[-76.14681185999241,39.27922590473119]]],[[[-76.14681185999241,39.27922590473119],[-76.14738308102459,39.2791595234586],[-76.14833797110003,39.27915955763029],[-76.14920695593331,39.27920937023105],[-76.14997942154962,39.27874433137109],[-76.1503764452293,39.27779758377956],[-76.1500867277521,39.2770417966793],[-76.14944297773029,39.27677604481802],[-76.14893873276397,39.276219533962966],[-76.1481340600805,39.27609501467512],[-76.14673931819975,39.27705840966964],[-76.14619215721197,39.27889378526764],[-76.14681185999241,39.27922590473119]]]]},"id":"32_00000000000000000000","properties":{"labeler":"ayush","notes":"","point_id":1467,"queue_index":101,"source_asset":"point_1467_label","source_labeler":"ayush","source_point_id":1467,"status":"completed","timestamp":"2026-06-11 22:21:25"}},{"type":"Feature","geometry":{"type":"Polygon","coordinates":[[[-75.5578878103627,38.4079186774399],[-75.55566694496628,38.40778422194379],[-75.55411125332486,38.410819153015474],[-75.55642870555273,38.41118904379221],[-75.5578878103627,38.4079186774399]]]},"id":"33_00000000000000000000","properties":{"labeler":"ayush","notes":"","point_id":146,"queue_index":60,"source_asset":"point_146_label","source_labeler":"ayush","source_point_id":146,"status":"completed","timestamp":"2026-06-11 21:40:34"}},{"type":"Feature","geometry":{"type":"Polygon","coordinates":[[[-75.8971339729208,39.29068288991046],[-75.8946556315354,39.29083235749594],[-75.89250986883847,39.291679307394745],[-75.8922738515589,39.29312405343298],[-75.89294210824636,39.295581473548076],[-75.89587105587137,39.296536299471796],[-75.89789880770489,39.29613777018563],[-75.89867126003274,39.295465282548726],[-75.90150375576074,39.29433607884073],[-75.9005810141236,39.29235987286974],[-75.89963690810686,39.29194471401388],[-75.8971339729208,39.29068288991046]]]},"id":"34_00000000000000000000","properties":{"labeler":"ayush","notes":"","point_id":1480,"queue_index":76,"source_asset":"point_1480_label","source_labeler":"ayush","source_point_id":1480,"status":"completed","timestamp":"2026-06-11 21:56:02"}},{"type":"Feature","geometry":{"type":"Polygon","coordinates":[[[-76.01249297929726,39.29838589435023],[-76.01440277135102,39.29695778624357],[-76.01493921212182,39.29699102982233],[-76.01614083899243,39.29607768771861],[-76.01614083899243,39.295679158386314],[-76.01766433102496,39.29421781314971],[-76.01665575549546,39.293072025508565],[-76.01483188871359,39.29171024178061],[-76.0129221911279,39.291461196071296],[-76.01262173413086,39.29104600554891],[-76.01227841715946,39.29099616764561],[-76.00755770041282,39.29479902069616],[-76.01249297929726,39.29838589435023]]]},"id":"35_00000000000000000000","properties":{"labeler":"ayush","notes":"","point_id":1482,"queue_index":65,"source_asset":"point_1482_label","source_labeler":"ayush","source_point_id":1482,"status":"completed","timestamp":"2026-06-11 21:45:27"}},{"type":"Feature","geometry":{"type":"Polygon","coordinates":[[[-75.80440207660047,39.3208178143561],[-75.80505531667184,39.31988173785305],[-75.80526992923846,39.31958300438761],[-75.80564541177078,39.31939207086583],[-75.80613892946788,39.3188276330543],[-75.80618185168105,39.3185952286262],[-75.80738464390387,39.31629725955944],[-75.80727733925139,39.31625578251638],[-75.80173046563631,39.3191774538119],[-75.7995095983125,39.320638267729834],[-75.79953106041742,39.320737862758875],[-75.79912336855911,39.32106159281084],[-75.79927360363209,39.32142674696732],[-75.79949886725883,39.32151809555092],[-75.80035726031831,39.32164257794187],[-75.80204166100168,39.32266342000648],[-75.80221326602128,39.32265513505167],[-75.80239569035595,39.32276304916238],[-75.80239569035597,39.32286261805241],[-75.80281410367623,39.32316975601879],[-75.80294287327703,39.323161435011855],[-75.80323251577006,39.32325323146493],[-75.80339347728108,39.323427550926105],[-75.80344713107776,39.323535402522786],[-75.80356516935946,39.323651626404946],[-75.80302871961304,39.32457285419467],[-75.80339347728108,39.32476375293861],[-75.8038762720414,39.324033377109856],[-75.80442344928657,39.32240662148763],[-75.80477747273325,39.32135260111374],[-75.80440207660047,39.3208178143561]]]},"id":"36_00000000000000000000","properties":{"labeler":"ayush","notes":"","point_id":1510,"queue_index":9,"source_asset":"point_1510_label","source_labeler":"ayush","source_point_id":1510,"status":"completed","timestamp":"2026-04-06 00:14:33"}},{"type":"Feature","geometry":{"type":"Polygon","coordinates":[[[-75.91079588399158,39.35012515595565],[-75.9103667123923,39.34846584253687],[-75.91193309820667,39.34815055312105],[-75.91111773967694,39.34534622514054],[-75.904444400471,39.34652439826563],[-75.9056245581505,39.35080545198677],[-75.91079588399158,39.35012515595565]]]},"id":"37_00000000000000000000","properties":{"labeler":"ayush","notes":"","point_id":1528,"queue_index":114,"source_asset":"point_1528_label","source_labeler":"ayush","source_point_id":1528,"status":"completed","timestamp":"2026-06-11 22:38:16"}},{"type":"Feature","geometry":{"type":"Polygon","coordinates":[[[-75.90204763166568,39.349172417617716],[-75.90114642894476,39.35016802428455],[-75.90117886489853,39.35157839971135],[-75.90068532358043,39.35262369227883],[-75.90564201629222,39.35210931299644],[-75.904097095293,39.346567232014934],[-75.90143631393859,39.34714798384706],[-75.90204763166568,39.349172417617716]]]},"id":"38_00000000000000000000","properties":{"labeler":"ayush","notes":"","point_id":1529,"queue_index":33,"source_asset":"point_1529_label","source_labeler":"ayush","source_point_id":1529,"status":"completed","timestamp":"2026-06-11 21:08:14"}},{"type":"Feature","geometry":{"type":"Polygon","coordinates":[[[-75.80947281184345,39.353131157551104],[-75.80927966623857,39.35279925460717],[-75.80554608724806,39.35057587081452],[-75.80361483231881,39.35104046978194],[-75.8019197193249,39.35133915011436],[-75.79668650522741,39.35641353257702],[-75.80134282292582,39.359582425130526],[-75.80426107000208,39.36074377223315],[-75.80853111369798,39.360295834064566],[-75.80947281184345,39.353131157551104]]]},"id":"39_00000000000000000000","properties":{"labeler":"ayush","notes":"","point_id":1532,"queue_index":84,"source_asset":"point_1532_label","source_labeler":"ayush","source_point_id":1532,"status":"completed","timestamp":"2026-06-11 22:03:22"}},{"type":"Feature","geometry":{"type":"Polygon","coordinates":[[[-75.26094853341337,38.43693868798919],[-75.26389895847471,38.43766975317916],[-75.2666240552218,38.43428301659313],[-75.26346665191306,38.43235434710636],[-75.26262784734763,38.43493900085432],[-75.26094853341337,38.43693868798919]]]},"id":"40_00000000000000000000","properties":{"labeler":"ayush","notes":"","point_id":197,"queue_index":50,"source_asset":"point_197_label","source_labeler":"ayush","source_point_id":197,"status":"completed","timestamp":"2026-06-11 21:23:18"}},{"type":"Feature","geometry":{"type":"Polygon","coordinates":[[[-75.66374717294694,38.44072874959508],[-75.66443380660472,38.43546804236664],[-75.65866163342363,38.43419061858167],[-75.65643004039208,38.43886316526869],[-75.66374717294694,38.44072874959508]]]},"id":"41_00000000000000000000","properties":{"labeler":"ayush","notes":"","point_id":201,"queue_index":71,"source_asset":"point_201_label","source_labeler":"ayush","source_point_id":201,"status":"completed","timestamp":"2026-06-11 21:50:56"}},{"type":"Feature","geometry":{"type":"Polygon","coordinates":[[[-75.67390546983873,38.44058361479295],[-75.67532159929728,38.43863398893188],[-75.67463501700524,38.438180178542034],[-75.67319731117452,38.43755832237065],[-75.67291841394811,38.43646581245413],[-75.66500050995454,38.43399502070438],[-75.6640993227657,38.4378944970803],[-75.67390546983873,38.44058361479295]]]},"id":"42_00000000000000000000","properties":{"labeler":"ayush","notes":"","point_id":203,"queue_index":104,"source_asset":"point_203_label","source_labeler":"ayush","source_point_id":203,"status":"completed","timestamp":"2026-06-11 22:22:55"}},{"type":"Feature","geometry":{"type":"Polygon","coordinates":[[[-75.46145100525753,38.444776572708946],[-75.46192310703337,38.4449614578446],[-75.46299593079684,38.4449446339773],[-75.4634466051586,38.444389984161454],[-75.46419763719717,38.444255576609706],[-75.4640903471361,38.443280827435935],[-75.46509879956976,38.443129557372856],[-75.46539924508382,38.44225562181794],[-75.46612875628765,38.44191948418827],[-75.46619320056973,38.44052453719171],[-75.45971298946532,38.44101198490287],[-75.45651575944707,38.44079344310405],[-75.45658011896207,38.441650566763336],[-75.45557160930433,38.44158335674622],[-75.45522829667128,38.441163230984095],[-75.45591492115285,38.443768219049154],[-75.46194452980517,38.44529752199676],[-75.46145100525753,38.444776572708946]]]},"id":"43_00000000000000000000","properties":{"labeler":"ayush","notes":"","point_id":218,"queue_index":92,"source_asset":"point_218_label","source_labeler":"ayush","source_point_id":218,"status":"completed","timestamp":"2026-06-11 22:14:42"}},{"type":"Feature","geometry":{"type":"Polygon","coordinates":[[[-75.64880847286166,38.443335270584974],[-75.64737077853638,38.440545421898136],[-75.6460404059491,38.44061264007001],[-75.64629786972463,38.44308323116899],[-75.64631935461227,38.445049499002835],[-75.64844367946436,38.44661240363965],[-75.64952731471485,38.44661241279509],[-75.6504714717556,38.44688972675026],[-75.6517481825307,38.446041007816866],[-75.65371485101436,38.445451566339],[-75.65388654374095,38.44432559148039],[-75.64880847286166,38.443335270584974]]]},"id":"44_00000000000000000000","properties":{"labeler":"ayush","notes":"","point_id":225,"queue_index":79,"source_asset":"point_225_label","source_labeler":"ayush","source_point_id":225,"status":"completed","timestamp":"2026-06-11 21:59:15"}},{"type":"Feature","geometry":{"type":"Polygon","coordinates":[[[-75.27469252358395,38.445942455460155],[-75.27640915703758,38.4472533100159],[-75.27801843906653,38.44821958150493],[-75.27888750846465,38.447061181521065],[-75.28013205359953,38.44553183912208],[-75.2773505027319,38.44478723868698],[-75.27769377163956,38.443686465053304],[-75.27582700968324,38.4432915201491],[-75.27506525752156,38.442955416463334],[-75.27520472101526,38.442703305811314],[-75.27382067153864,38.44177896899799],[-75.27181439633348,38.44477883098353],[-75.27469252358395,38.445942455460155]]]},"id":"45_00000000000000000000","properties":{"labeler":"ayush","notes":"","point_id":230,"queue_index":66,"source_asset":"point_230_label","source_labeler":"ayush","source_point_id":230,"status":"completed","timestamp":"2026-06-11 21:46:20"}},{"type":"Feature","geometry":{"type":"Polygon","coordinates":[[[-75.39032131733121,38.04257200766411],[-75.3902301606067,38.04250017011811],[-75.39014433983556,38.04233115880872],[-75.39009062401212,38.04220446297199],[-75.39007452704807,38.04210307587403],[-75.38999413113581,38.04203125548641],[-75.38991364624734,38.04194669859841],[-75.38975267634237,38.0418453202317],[-75.38965075829213,38.041765085917014],[-75.38950597406816,38.04170590622221],[-75.38937186177678,38.04167637220406],[-75.389200130281,38.04168475933413],[-75.38900705440037,38.04174814364912],[-75.38890513584937,38.041794606833214],[-75.38879245618492,38.04187488028675],[-75.38838478099372,38.04183262742549],[-75.38823457055229,38.04179465322193],[-75.38814874865254,38.04186220026071],[-75.38806826278535,38.04193824701006],[-75.38785366324245,38.04197211158769],[-75.38763372729997,38.04190025946423],[-75.38744064942662,38.04185377776626],[-75.3873976937908,38.041900270275306],[-75.3873440659303,38.04198896202799],[-75.38732263256782,38.042069239351775],[-75.3873011992023,38.04215378458167],[-75.38731720752537,38.04222552102971],[-75.38766592174413,38.04256358314513],[-75.38771954949092,38.04263114801066],[-75.38774107173225,38.04267765761073],[-75.38770887730402,38.04277901908788],[-75.38763915233109,38.042846625215816],[-75.38755324115967,38.04287614249447],[-75.38745132163238,38.0428508377163],[-75.38732263256782,38.042749431954306],[-75.3871509876885,38.04257619970652],[-75.38699535097214,38.04234808589599],[-75.38691495342873,38.04220868708278],[-75.38689343107026,38.04208614329057],[-75.38695782026579,38.041989013076844],[-75.38701687331614,38.04190867473677],[-75.38691495342873,38.041866455336894],[-75.38678617497399,38.04179886479145],[-75.38664672414843,38.04172281022471],[-75.38640526402958,38.041676369494624],[-75.38634096353537,38.041697476799975],[-75.38637849439422,38.0417650608563],[-75.38637849439422,38.041849551938924],[-75.38632486617365,38.04187066598693],[-75.3861531312304,38.0418495666139],[-75.38600834367003,38.04176509039099],[-75.38588498954006,38.041629896846],[-75.3857354881134,38.04159604000255],[-75.3842226783646,38.04109333926263],[-75.38366477593922,38.04084829353695],[-75.38348779068296,38.0408144329105],[-75.38337510699778,38.040894779337364],[-75.38325175072879,38.04103415948904],[-75.38302104666627,38.04117781458792],[-75.38267241071806,38.041287651792764],[-75.3823022509605,38.04132568464019],[-75.38200724312678,38.04132564854686],[-75.38165851591341,38.041287671128295],[-75.3812615831481,38.041194745613325],[-75.38117033204537,38.0411270781465],[-75.38117575730739,38.04102572798125],[-75.38121862576446,38.04090319322373],[-75.38118642995344,38.040806011625904],[-75.38089141995302,38.04064971554152],[-75.38067681026811,38.04056516683854],[-75.38049982153075,38.04057785422604],[-75.38024767892824,38.0406370647975],[-75.37972729440716,38.04111867532429],[-75.37946981413982,38.040991945219176],[-75.378938754152,38.04123271624154],[-75.3787670997983,38.041477809831356],[-75.37865983796382,38.04168481884644],[-75.37868660895946,38.041849520297575],[-75.38014575449822,38.04227207186006],[-75.38031207094129,38.04230158378525],[-75.38033884164587,38.04245371753161],[-75.37977558858488,38.043328219447694],[-75.37960393517635,38.0437760281847],[-75.38019404854295,38.044160469764954],[-75.38025230376986,38.04428212694245],[-75.38012351966584,38.04457784535991],[-75.37971582120247,38.04516086045501],[-75.3792267416944,38.04588024598783],[-75.3818476878523,38.046549673956214],[-75.3819174154845,38.04662994450337],[-75.38248066060547,38.04677774409526],[-75.38267916999405,38.04676090609056],[-75.38339262767096,38.04691293611587],[-75.3835267452445,38.047022773006645],[-75.38665419473163,38.04776212465436],[-75.38672392015698,38.04759312870114],[-75.38702434388111,38.04698901572757],[-75.38712092758087,38.04694251686561],[-75.39064530122687,38.04774945155451],[-75.39108516406357,38.04713688101401],[-75.39114955148057,38.047119972961156],[-75.39161627050399,38.047800127238936],[-75.3917396199755,38.04800287793656],[-75.39180934306427,38.04807049729793],[-75.39191668454262,38.048066214633195],[-75.39202393701264,38.04786347196902],[-75.39206689133881,38.047643822497086],[-75.39216347182904,38.047407245961416],[-75.39225996332553,38.047073525897865],[-75.39251377568775,38.04596367650623],[-75.3924493888498,38.04592565731283],[-75.39301143877826,38.04356672091248],[-75.39303829617523,38.04350973359825],[-75.39304896798727,38.043402012133505],[-75.3930356282221,38.0433302188549],[-75.39295247699273,38.04328792869152],[-75.39280493903077,38.043260494443615],[-75.39264130423359,38.0432625598673],[-75.39226174197005,38.04322980426795],[-75.39178968898254,38.043056596300744],[-75.39165015382231,38.043107313219316],[-75.39141412656055,38.04301857411571],[-75.39130687365937,38.04288550251865],[-75.39121029262377,38.04267213479443],[-75.39124248630914,38.0425284857437],[-75.39088310834546,38.042389048823885],[-75.39070337457781,38.04250312665993],[-75.39041905506572,38.04257915553273],[-75.39032131733121,38.04257200766411]]]},"id":"46_00000000000000000000","properties":{"labeler":"ayush","notes":"","point_id":24,"queue_index":3,"source_asset":"point_24_label","source_labeler":"ayush","source_point_id":24,"status":"completed","timestamp":"2026-04-05 23:49:24"}},{"type":"Feature","geometry":{"type":"Polygon","coordinates":[[[-75.60748231103419,38.456577899803236],[-75.60870540436112,38.45520005580677],[-75.60913450141405,38.45419184547708],[-75.60930615764471,38.45331802040471],[-75.60917748209282,38.45222577216541],[-75.60864102193436,38.4516544486473],[-75.60849076656099,38.451099857409154],[-75.6061519312759,38.45212492728711],[-75.6057442275442,38.45187288575315],[-75.60623771675691,38.45042774722931],[-75.60649525050869,38.449587492238116],[-75.6049288166865,38.44916734994248],[-75.60490732572705,38.449940413853845],[-75.60392033670682,38.44988999508533],[-75.604070507949,38.44926823226246],[-75.60243975193995,38.448831289367966],[-75.60234002151574,38.44938585463912],[-75.60133152377166,38.44943625653468],[-75.60128862960536,38.44913373960257],[-75.59952906992346,38.45010847531245],[-75.59970073737571,38.4508478110598],[-75.59909994482062,38.4511335045099],[-75.59830598903147,38.4511838924826],[-75.59779098118914,38.453603729123905],[-75.59813431995107,38.45493116070822],[-75.59955047286041,38.45493115749551],[-75.59942178876516,38.456561115859245],[-75.60748231103419,38.456577899803236]]]},"id":"47_00000000000000000000","properties":{"labeler":"ayush","notes":"","point_id":261,"queue_index":31,"source_asset":"point_261_label","source_labeler":"ayush","source_point_id":261,"status":"completed","timestamp":"2026-06-11 21:06:23"}},{"type":"Feature","geometry":{"type":"Polygon","coordinates":[[[-75.62076448961992,38.457383321434854],[-75.62417625973056,38.45743374325554],[-75.62460540031928,38.45272877333506],[-75.6192410082341,38.45294724054382],[-75.61928389715553,38.45414025477136],[-75.61864011803016,38.454123462172475],[-75.61861871787552,38.45535016706723],[-75.62035673768763,38.45541735794178],[-75.62076448961992,38.457383321434854]]]},"id":"48_00000000000000000000","properties":{"labeler":"ayush","notes":"","point_id":263,"queue_index":83,"source_asset":"point_263_label","source_labeler":"ayush","source_point_id":263,"status":"completed","timestamp":"2026-06-11 22:02:11"}},{"type":"Feature","geometry":{"type":"Polygon","coordinates":[[[-75.62897389650205,38.452572869953286],[-75.62536902416349,38.45273249929328],[-75.6253582801812,38.452858512234876],[-75.6253046490512,38.453934002337306],[-75.62438199519553,38.45386679360416],[-75.62415663626369,38.4532282388996],[-75.62466089637232,38.45319464380988],[-75.62451065740896,38.452757748108525],[-75.62365237441952,38.45290052685654],[-75.62362564733901,38.45745894746527],[-75.63045989602576,38.45761012470609],[-75.62897389650205,38.452572869953286]]]},"id":"49_00000000000000000000","properties":{"labeler":"ayush","notes":"","point_id":264,"queue_index":93,"source_asset":"point_264_label","source_labeler":"ayush","source_point_id":264,"status":"completed","timestamp":"2026-06-11 22:15:45"}},{"type":"Feature","geometry":{"type":"Polygon","coordinates":[[[-75.85276823460474,38.5217773317914],[-75.85254296665332,38.52170180675416],[-75.85212452228286,38.521231718710375],[-75.84909900861732,38.52114775882617],[-75.84898100810945,38.52173536317818],[-75.84804755059378,38.52190326069471],[-75.84667426020458,38.52155072128232],[-75.84600906512195,38.521483520562875],[-75.8455585073845,38.52165140543325],[-75.84414228214884,38.52221382520704],[-75.84435683577243,38.524320665882385],[-75.84501131097872,38.524748728524976],[-75.84565505559155,38.525025698222244],[-75.8458910620433,38.525621636870866],[-75.84634170738178,38.525554512492825],[-75.84860546263901,38.52517677677033],[-75.85046154831456,38.5247151175196],[-75.85116963114965,38.52445493538461],[-75.85159880546476,38.52385064522478],[-75.85206015975524,38.523069954650644],[-75.85256442075935,38.522155036638],[-75.85276823460474,38.5217773317914]]]},"id":"50_00000000000000000000","properties":{"labeler":"ayush","notes":"","point_id":328,"queue_index":10,"source_asset":"point_328_label","source_labeler":"ayush","source_point_id":328,"status":"completed","timestamp":"2026-04-06 00:22:36"}},{"type":"Feature","geometry":{"type":"Polygon","coordinates":[[[-75.82367060262078,38.521007313826246],[-75.82464695963785,38.51995807921444],[-75.82434343932464,38.51941113627804],[-75.82333489244853,38.51900820308792],[-75.82225132172509,38.51807645116721],[-75.82190798237399,38.51784983713945],[-75.82137151298006,38.51843743144072],[-75.82095315412249,38.51963777814781],[-75.81985874707489,38.52089693444607],[-75.81924725167639,38.520955698798005],[-75.81885025710088,38.520326134615274],[-75.81838897231088,38.52063668532313],[-75.81764862572156,38.52162720325123],[-75.81855514851082,38.52206593698242],[-75.81848004114885,38.52221706078498],[-75.81769686497454,38.521923243676596],[-75.81701016348146,38.5227793774314],[-75.81791136983726,38.524038468364836],[-75.81835625136074,38.52533366668228],[-75.81933255615148,38.52574498690299],[-75.81960079494236,38.5263660374824],[-75.8191394239092,38.5267773504638],[-75.81997632840068,38.52884209880974],[-75.82062000906609,38.52872461634529],[-75.82107064587154,38.52792723766376],[-75.822046932051,38.52838048061513],[-75.82354938881738,38.52858130195867],[-75.8241072197372,38.52755737991487],[-75.82372105661678,38.52685229281004],[-75.82423322130018,38.52358392775419],[-75.82391134516482,38.521974055432814],[-75.82367530220287,38.52162990988853],[-75.82318175656286,38.521453574569804],[-75.82367060262078,38.521007313826246]]]},"id":"51_00000000000000000000","properties":{"labeler":"ayush","notes":"","point_id":329,"queue_index":55,"source_asset":"point_329_label","source_labeler":"ayush","source_point_id":329,"status":"completed","timestamp":"2026-06-11 21:28:07"}},{"type":"Feature","geometry":{"type":"Polygon","coordinates":[[[-75.88322353606256,38.53116152656204],[-75.88249398684803,38.53075866275961],[-75.88253688597072,38.5301291546803],[-75.88103478846938,38.529432547906275],[-75.88141033650224,38.528861798283245],[-75.87994049058095,38.52766156227343],[-75.87951131360326,38.528005713156645],[-75.87911439907856,38.52908846717087],[-75.87900706001028,38.52854284540233],[-75.87837410353134,38.5282071887731],[-75.87874957000516,38.530573999214276],[-75.87900706001028,38.530993664414304],[-75.88056280374465,38.53132935325353],[-75.88144251109252,38.53176579651471],[-75.88265290853268,38.53176351624187],[-75.88373646070325,38.53129345759282],[-75.88322353606256,38.53116152656204]]]},"id":"52_00000000000000000000","properties":{"labeler":"ayush","notes":"","point_id":345,"queue_index":99,"source_asset":"point_345_label","source_labeler":"ayush","source_point_id":345,"status":"completed","timestamp":"2026-06-11 22:20:12"}},{"type":"Feature","geometry":{"type":"Polygon","coordinates":[[[-75.7175136806414,38.53046423701982],[-75.71690210378465,38.52942354245366],[-75.71624766398887,38.52960814328661],[-75.71574336619003,38.5290878245464],[-75.71535717741995,38.52914657255281],[-75.71551805995344,38.52962499173566],[-75.71456323324978,38.5300614263414],[-75.71421990229238,38.5307663881465],[-75.71522841802118,38.53250372890412],[-75.71646223183079,38.53111890298298],[-75.7175136806414,38.53046423701982]]]},"id":"53_00000000000000000000","properties":{"labeler":"ayush","notes":"","point_id":347,"queue_index":40,"source_asset":"point_347_label","source_labeler":"ayush","source_point_id":347,"status":"completed","timestamp":"2026-06-11 21:12:13"}},{"type":"Feature","geometry":{"type":"Polygon","coordinates":[[[-75.85754780242976,38.53690786066606],[-75.85617983449805,38.53688687323255],[-75.85617451543423,38.53742392418229],[-75.85641591207938,38.537713462857596],[-75.85688797741106,38.53788967374851],[-75.85748876138041,38.537768056442765],[-75.8576282081436,38.53807013550536],[-75.85860991656261,38.53802820538377],[-75.85953257797858,38.53742394851917],[-75.85973647044732,38.53639587131796],[-75.85754780242976,38.53690786066606]]]},"id":"54_00000000000000000000","properties":{"labeler":"ayush","notes":"","point_id":359,"queue_index":38,"source_asset":"point_359_label","source_labeler":"ayush","source_point_id":359,"status":"completed","timestamp":"2026-06-11 21:11:12"}},{"type":"Feature","geometry":{"type":"Polygon","coordinates":[[[-75.73094526797394,38.55956191078287],[-75.72959347885532,38.55826156514429],[-75.72884246956836,38.558068590707414],[-75.7276086727866,38.55801823532823],[-75.72709367818662,38.558060214635944],[-75.7263747767246,38.55845446989407],[-75.72529118261545,38.55917602393489],[-75.72374625723101,38.5582866995195],[-75.72310249646956,38.55930184046766],[-75.7258706030126,38.56124821571633],[-75.7251624320705,38.56186900414157],[-75.7258706030126,38.56259045529859],[-75.7276300569127,38.56311064557522],[-75.72818799514953,38.56321130647474],[-75.7288102605524,38.56384883511747],[-75.72966854407719,38.564553535361334],[-75.73260830168974,38.562338776300926],[-75.73230786923173,38.56160053331707],[-75.73247955767407,38.56077838488283],[-75.73187869159577,38.560023377900656],[-75.73157825761783,38.56020793071086],[-75.73094526797394,38.55956191078287]]]},"id":"55_00000000000000000000","properties":{"labeler":"ayush","notes":"","point_id":377,"queue_index":15,"source_asset":"point_377_label","source_labeler":"ayush","source_point_id":377,"status":"completed","timestamp":"2026-06-11 20:43:46"}},{"type":"Feature","geometry":{"type":"Polygon","coordinates":[[[-75.79505294897614,38.56479692600451],[-75.7960721611373,38.564662698954244],[-75.79664083082626,38.564771725149576],[-75.79766003166053,38.56370638195688],[-75.79774588117253,38.563261704416675],[-75.79685536735263,38.562288573522],[-75.79600786194241,38.561751668790805],[-75.7948813353537,38.561843929315884],[-75.7948813353537,38.561995007137135],[-75.79446289879441,38.56251509879087],[-75.79348651249518,38.56255700258991],[-75.79278914030687,38.56339592501974],[-75.79492417226169,38.56467110949311],[-75.79505294897614,38.56479692600451]]]},"id":"56_00000000000000000000","properties":{"labeler":"ayush","notes":"","point_id":383,"queue_index":95,"source_asset":"point_383_label","source_labeler":"ayush","source_point_id":383,"status":"completed","timestamp":"2026-06-11 22:17:24"}},{"type":"Feature","geometry":{"type":"Polygon","coordinates":[[[-75.76704190567463,38.57184674659743],[-75.76601193071488,38.57136022941263],[-75.76654834181582,38.57060531033963],[-75.7631580160847,38.568642446577314],[-75.76019688219006,38.567904210294394],[-75.7563296629498,38.575092441554474],[-75.76040668293143,38.57809521960252],[-75.76678332597112,38.57176704299802],[-75.76704190567463,38.57184674659743]]]},"id":"57_00000000000000000000","properties":{"labeler":"ayush","notes":"","point_id":402,"queue_index":112,"source_asset":"point_402_label","source_labeler":"ayush","source_point_id":402,"status":"completed","timestamp":"2026-06-11 22:37:25"}},{"type":"Feature","geometry":{"type":"Polygon","coordinates":[[[-75.78302841088853,38.57931236595459],[-75.78324296783639,38.5774336544397],[-75.78376875960893,38.577274310992024],[-75.78314646603275,38.57667039114835],[-75.78218082353855,38.57646069017847],[-75.78173024136412,38.57628453453199],[-75.77891930390203,38.57682131102474],[-75.77638727533359,38.577643351016974],[-75.77801802891238,38.57907752294199],[-75.78011797932064,38.580888628495835],[-75.78302841088853,38.57931236595459]]]},"id":"58_00000000000000000000","properties":{"labeler":"ayush","notes":"","point_id":431,"queue_index":105,"source_asset":"point_431_label","source_labeler":"ayush","source_point_id":431,"status":"completed","timestamp":"2026-06-11 22:23:20"}},{"type":"Feature","geometry":{"type":"Polygon","coordinates":[[[-75.8543779015525,38.5790472374727],[-75.85392187395571,38.57959656110042],[-75.85366974609296,38.58017524845808],[-75.852966994932,38.58164299074598],[-75.85271211712022,38.582195408172495],[-75.85267993599349,38.58233379516217],[-75.85272825200747,38.58239249196819],[-75.85291061156687,38.58243861076186],[-75.85443570276828,38.58286279271859],[-75.85500963564675,38.5830346659777],[-75.8554227524057,38.58316471733206],[-75.85551388615514,38.58313116239486],[-75.85561583531899,38.58303471387753],[-75.85706962241248,38.58120637120278],[-75.85834999587007,38.57956714510674],[-75.85838536709741,38.57947326604987],[-75.85838270760694,38.57937259570826],[-75.85833714166246,38.579248910450566],[-75.85827810094217,38.57915662534823],[-75.85818422082723,38.579037134017014],[-75.85800399565406,38.57884885583634],[-75.8578001893408,38.57867895860114],[-75.85762581458938,38.57858255607798],[-75.85590386347329,38.577662019512026],[-75.85580457405565,38.57761378237138],[-75.8557161000338,38.57760542601747],[-75.85567319277284,38.57762637981075],[-75.8554290466646,38.57798284927063],[-75.85525209809659,38.57816949500802],[-75.8543779015525,38.5790472374727]]]},"id":"59_00000000000000000000","properties":{"labeler":"ayush","notes":"","point_id":435,"queue_index":4,"source_asset":"point_435_label","source_labeler":"ayush","source_point_id":435,"status":"completed","timestamp":"2026-04-05 23:51:27"}},{"type":"Feature","geometry":{"type":"Polygon","coordinates":[[[-75.88283505224004,38.58297328243129],[-75.88445510159434,38.58136299175804],[-75.88451944937916,38.58034815355043],[-75.88225804144011,38.57873179603794],[-75.88039129341149,38.57901698096759],[-75.87970462954094,38.579419528175634],[-75.87891071182581,38.58139893000093],[-75.88004791757565,38.582640156821704],[-75.88146413808573,38.583009175250275],[-75.88283505224004,38.58297328243129]]]},"id":"60_00000000000000000000","properties":{"labeler":"ayush","notes":"","point_id":437,"queue_index":77,"source_asset":"point_437_label","source_labeler":"ayush","source_point_id":437,"status":"completed","timestamp":"2026-06-11 21:57:41"}},{"type":"Feature","geometry":{"type":"Polygon","coordinates":[[[-75.74883941862957,38.58507812945023],[-75.74996595217051,38.58428143870838],[-75.750201939336,38.582100839849325],[-75.7506167789936,38.58197104725973],[-75.75027344514503,38.580377499487305],[-75.7435679797026,38.580461368798254],[-75.74296139297094,38.584268902646066],[-75.74883941862957,38.58507812945023]]]},"id":"61_00000000000000000000","properties":{"labeler":"ayush","notes":"","point_id":446,"queue_index":82,"source_asset":"point_446_label","source_labeler":"ayush","source_point_id":446,"status":"completed","timestamp":"2026-06-11 22:01:18"}},{"type":"Feature","geometry":{"type":"MultiPolygon","coordinates":[[[[-75.72287365235925,38.589833089461294],[-75.72288146092735,38.589812085622455],[-75.72279565538885,38.58982882749763],[-75.72287365235925,38.589833089461294]]],[[[-75.72287365235925,38.589833089461294],[-75.72236644946355,38.591204093807335],[-75.7209502472035,38.59079319666066],[-75.72151885940337,38.589476585276174],[-75.71914785241773,38.58892309848361],[-75.71776383009286,38.59224395219438],[-75.7223449758237,38.59320831585764],[-75.72273123465116,38.59242845953556],[-75.72257027141512,38.59235293197526],[-75.72277418181282,38.59174081169743],[-75.72317108751845,38.59173237734869],[-75.72417962950279,38.589904312421645],[-75.72287365235925,38.589833089461294]]]]},"id":"62_00000000000000000000","properties":{"labeler":"ayush","notes":"","point_id":479,"queue_index":32,"source_asset":"point_479_label","source_labeler":"ayush","source_point_id":479,"status":"completed","timestamp":"2026-06-11 21:07:42"}},{"type":"Feature","geometry":{"type":"Polygon","coordinates":[[[-75.78085523866204,38.59201154535317],[-75.77817839791102,38.591294594348774],[-75.77754002533977,38.5932442615434],[-75.77885969805479,38.59357967446691],[-75.77955172750936,38.593177178757934],[-75.78085523866204,38.59201154535317]]]},"id":"63_00000000000000000000","properties":{"labeler":"ayush","notes":"","point_id":481,"queue_index":91,"source_asset":"point_481_label","source_labeler":"ayush","source_point_id":481,"status":"completed","timestamp":"2026-06-11 22:14:12"}},{"type":"Feature","geometry":{"type":"Polygon","coordinates":[[[-75.72958921983448,38.611699719267065],[-75.73027589659294,38.61046731502783],[-75.72781896467751,38.60966246219145],[-75.72694993367318,38.60951159573909],[-75.72544788367512,38.60999781886992],[-75.72434280926554,38.61244583372287],[-75.72620964716175,38.612647004566185],[-75.72882747418717,38.61294882483181],[-75.72958921983448,38.611699719267065]]]},"id":"64_00000000000000000000","properties":{"labeler":"ayush","notes":"","point_id":542,"queue_index":36,"source_asset":"point_542_label","source_labeler":"ayush","source_point_id":542,"status":"completed","timestamp":"2026-06-11 21:10:09"}},{"type":"Feature","geometry":{"type":"Polygon","coordinates":[[[-75.85244651178934,38.618822007348776],[-75.85210315676383,38.618889107922456],[-75.85182416357058,38.61826881217358],[-75.85145944142144,38.618101096560274],[-75.8514808956915,38.61763166430499],[-75.85324040074298,38.61783287412314],[-75.85362666090697,38.61711197144371],[-75.85216751927193,38.61375873889599],[-75.85126626419078,38.612769512613035],[-75.84746827013628,38.61333962011508],[-75.84712499171168,38.61275280240509],[-75.84588042314333,38.61528446061036],[-75.84401363847763,38.61744724849971],[-75.84476466407988,38.617950238827575],[-75.84740390549494,38.61972737826777],[-75.84772581706584,38.620280597702774],[-75.84901327873143,38.6202303391387],[-75.85025781980725,38.620867403656824],[-75.85358375301327,38.619794410600484],[-75.85244651178934,38.618822007348776]]]},"id":"65_00000000000000000000","properties":{"labeler":"ayush","notes":"","point_id":560,"queue_index":48,"source_asset":"point_560_label","source_labeler":"ayush","source_point_id":560,"status":"completed","timestamp":"2026-06-11 21:21:18"}},{"type":"Feature","geometry":{"type":"Polygon","coordinates":[[[-75.9408101824128,38.61793671539066],[-75.94008066628258,38.61706485342217],[-75.93776327114423,38.616092443037786],[-75.93686203187589,38.61607568294269],[-75.93632555608123,38.6163104520011],[-75.93501665283947,38.61711518178439],[-75.93432998984716,38.61775228023139],[-75.93364332348898,38.617752286375016],[-75.933128365813,38.61793667913372],[-75.93261340624436,38.61803732276242],[-75.93248466605648,38.61845640693961],[-75.93332151946456,38.62221178635786],[-75.9408101824128,38.62226200901953],[-75.9408101824128,38.61793671539066]]]},"id":"66_00000000000000000000","properties":{"labeler":"ayush","notes":"","point_id":568,"queue_index":14,"source_asset":"point_568_label","source_labeler":"ayush","source_point_id":568,"status":"completed","timestamp":"2026-04-12 05:40:24"}},{"type":"Feature","geometry":{"type":"Polygon","coordinates":[[[-75.45932212870319,38.01478315504606],[-75.46144647179325,38.01229801141853],[-75.4603091901736,38.012019027341935],[-75.45829221416732,38.01191759778854],[-75.45683302314275,38.01174010684623],[-75.45514864660598,38.01165557088638],[-75.45518082665976,38.01244172034179],[-75.45474097273114,38.012644567195565],[-75.45494480980682,38.01338002988982],[-75.45482675679365,38.01365897251245],[-75.45503059375295,38.01379416729268],[-75.4558566950919,38.01376039397259],[-75.4564253538387,38.01391248571198],[-75.45730513943866,38.013092616234125],[-75.45765920346331,38.013041881008256],[-75.45828145807457,38.0132024497627],[-75.45862476372932,38.01350680263947],[-75.45847453426698,38.013895586580944],[-75.45819558709157,38.01396321152216],[-75.45839941947945,38.01436895321908],[-75.45869987840412,38.014597206780586],[-75.45932212870319,38.01478315504606]]]},"id":"67_00000000000000000000","properties":{"labeler":"ayush","notes":"","point_id":5,"queue_index":18,"source_asset":"point_5_label","source_labeler":"ayush","source_point_id":5,"status":"completed","timestamp":"2026-06-11 20:49:18"}},{"type":"Feature","geometry":{"type":"Polygon","coordinates":[[[-75.73511785539388,38.28966322140275],[-75.7379717053877,38.289966402657136],[-75.73930212228092,38.28755796148039],[-75.73631946932232,38.286648438394984],[-75.7352358611926,38.28920010300662],[-75.73511785539388,38.28966322140275]]]},"id":"68_00000000000000000000","properties":{"labeler":"ayush","notes":"","point_id":62,"queue_index":89,"source_asset":"point_62_label","source_labeler":"ayush","source_point_id":62,"status":"completed","timestamp":"2026-06-11 22:13:14"}},{"type":"Feature","geometry":{"type":"Polygon","coordinates":[[[-75.83491421894915,38.64709919400854],[-75.83498931763476,38.646747265233614],[-75.83462455221851,38.64595122280976],[-75.83401303162579,38.64568307479493],[-75.83324049213451,38.6456160420019],[-75.83254313708805,38.64580037968389],[-75.83213545101457,38.64634508313233],[-75.8320871279901,38.64658383690717],[-75.83213545101457,38.64696931128368],[-75.83231251707574,38.64732122484367],[-75.83296155052652,38.647752815869005],[-75.8337984623731,38.64781146509512],[-75.83446894587973,38.647555899704685],[-75.83491421894915,38.64709919400854]]]},"id":"69_00000000000000000000","properties":{"labeler":"ayush","notes":"","point_id":644,"queue_index":30,"source_asset":"point_644_label","source_labeler":"ayush","source_point_id":644,"status":"completed","timestamp":"2026-06-11 21:03:13"}},{"type":"Feature","geometry":{"type":"Polygon","coordinates":[[[-75.23851819631946,38.28966984239807],[-75.23834647401694,38.28875188845706],[-75.23767062161755,38.287859291757286],[-75.23629727549744,38.28719397347739],[-75.23475236900747,38.2871266299889],[-75.23327181178905,38.28780036966119],[-75.23259584828988,38.28865082766011],[-75.23241343645869,38.289787698429464],[-75.23281039780272,38.290629741233666],[-75.23347558843473,38.29130347564444],[-75.23430173129448,38.291758155801176],[-75.23569646057163,38.291926545986925],[-75.23689808809957,38.29165708531418],[-75.23812124955832,38.290806625074],[-75.23851819631946,38.28966984239807]]]},"id":"70_00000000000000000000","properties":{"labeler":"ayush","notes":"","point_id":64,"queue_index":29,"source_asset":"point_64_label","source_labeler":"ayush","source_point_id":64,"status":"completed","timestamp":"2026-06-11 21:02:36"}},{"type":"Feature","geometry":{"type":"Polygon","coordinates":[[[-75.73234859534587,38.655572271524846],[-75.72904415285748,38.65704681953982],[-75.73651138236691,38.66418468120837],[-75.73930088015017,38.66334690414592],[-75.73994465733716,38.661135266102214],[-75.73870004250647,38.660196944171894],[-75.73651138236691,38.659426184514295],[-75.73234859534587,38.655572271524846]]]},"id":"71_00000000000000000000","properties":{"labeler":"ayush","notes":"","point_id":681,"queue_index":17,"source_asset":"point_681_label","source_labeler":"ayush","source_point_id":681,"status":"completed","timestamp":"2026-06-11 20:47:07"}},{"type":"Feature","geometry":{"type":"Polygon","coordinates":[[[-75.8836234525833,38.665057634089244],[-75.88606963714238,38.66400204496834],[-75.88682061677528,38.66187423128895],[-75.88579062232871,38.65889169724472],[-75.88109142653029,38.658640374245834],[-75.87956795227542,38.659394396473346],[-75.8783663034618,38.66056729533006],[-75.87958940228303,38.66395184455852],[-75.88034041640437,38.66475605827114],[-75.8836234525833,38.665057634089244]]]},"id":"72_00000000000000000000","properties":{"labeler":"ayush","notes":"","point_id":688,"queue_index":70,"source_asset":"point_688_label","source_labeler":"ayush","source_point_id":688,"status":"completed","timestamp":"2026-06-11 21:49:35"}},{"type":"Feature","geometry":{"type":"Polygon","coordinates":[[[-75.8855807404279,38.6817896268556],[-75.88817712065877,38.67931048859411],[-75.88839169613135,38.67857346068785],[-75.88806987711557,38.678121185467575],[-75.88534471154898,38.67601044960047],[-75.88326333277065,38.67642923574179],[-75.88251233420168,38.67761862778879],[-75.88212606429121,38.67892518833209],[-75.88369249833949,38.68142107464987],[-75.8855807404279,38.6817896268556]]]},"id":"73_00000000000000000000","properties":{"labeler":"ayush","notes":"","point_id":723,"queue_index":26,"source_asset":"point_723_label","source_labeler":"ayush","source_point_id":723,"status":"completed","timestamp":"2026-06-11 20:59:13"}},{"type":"Feature","geometry":{"type":"Polygon","coordinates":[[[-75.78669046982796,38.68304716551268],[-75.7888147722943,38.67825648877281],[-75.78581070792322,38.67736866361493],[-75.78497386919365,38.677167657082265],[-75.78394384571182,38.67961332379619],[-75.78274227532665,38.68006558839609],[-75.78229160622215,38.68153967680434],[-75.78368636085722,38.68231018017524],[-75.78669046982796,38.68304716551268]]]},"id":"74_00000000000000000000","properties":{"labeler":"ayush","notes":"","point_id":726,"queue_index":97,"source_asset":"point_726_label","source_labeler":"ayush","source_point_id":726,"status":"completed","timestamp":"2026-06-11 22:18:45"}},{"type":"Feature","geometry":{"type":"Polygon","coordinates":[[[-75.24170966837461,38.2999415624521],[-75.24565683325616,38.29982012213079],[-75.25013442620953,38.2952150128278],[-75.24970528575855,38.293901445927105],[-75.23331169470097,38.28457101622203],[-75.23193839907967,38.28612049182884],[-75.23047927031735,38.287299477004616],[-75.22979261151305,38.2890174013742],[-75.22987843290112,38.29049948388098],[-75.23185248980346,38.2903984652411],[-75.2333546044296,38.29198157782685],[-75.23241040961341,38.292756263522854],[-75.2329254175856,38.29336247955068],[-75.23099419566138,38.29534972661972],[-75.23322578618377,38.29625912706387],[-75.23077964364194,38.29885246072468],[-75.24170966837461,38.2999415624521]]]},"id":"75_00000000000000000000","properties":{"labeler":"ayush","notes":"","point_id":73,"queue_index":20,"source_asset":"point_73_label","source_labeler":"ayush","source_point_id":73,"status":"completed","timestamp":"2026-06-11 20:51:43"}},{"type":"Feature","geometry":{"type":"Polygon","coordinates":[[[-75.87629297652099,38.69176126939786],[-75.88350273322108,38.68811002128451],[-75.88448975722314,38.68615040065988],[-75.88092780540343,38.68249889268176],[-75.87901805096735,38.68352067322067],[-75.87635732802647,38.683302955222636],[-75.87811687828392,38.68228113364517],[-75.87346050621596,38.681745148273734],[-75.87172243780715,38.68939971462172],[-75.87486589014671,38.69247455633259],[-75.87629297652099,38.69176126939786]]]},"id":"76_00000000000000000000","properties":{"labeler":"ayush","notes":"","point_id":741,"queue_index":49,"source_asset":"point_741_label","source_labeler":"ayush","source_point_id":741,"status":"completed","timestamp":"2026-06-11 21:22:22"}},{"type":"Feature","geometry":{"type":"Polygon","coordinates":[[[-75.57352060404078,38.315785540670774],[-75.57285539546685,38.315692922270934],[-75.57167517359943,38.31690511441746],[-75.57334890608058,38.317309199381434],[-75.57598821831117,38.31820141483386],[-75.57773695650216,38.3188664571895],[-75.57844513272612,38.31900112536249],[-75.5801295357096,38.31890009528694],[-75.58111659544441,38.317435410360936],[-75.58187831362018,38.316206432642495],[-75.58205000165339,38.315726648918876],[-75.58198560756193,38.31545725445664],[-75.58183541378551,38.31485954689845],[-75.58064451649817,38.31149225120666],[-75.58058012179289,38.31115557161524],[-75.5804835740924,38.310987138604396],[-75.5791209746436,38.31230047496651],[-75.57886348181403,38.312418318776984],[-75.57817689128535,38.312426717632476],[-75.57751170370071,38.31243511142884],[-75.5772327130625,38.31235940797232],[-75.57687866687667,38.31222469053566],[-75.576674819026,38.3121320780551],[-75.57578436923029,38.31292342060434],[-75.57484017569709,38.31392517306105],[-75.57435741777967,38.31432081428339],[-75.57394971483113,38.315095243301066],[-75.57352060404078,38.315785540670774]]]},"id":"77_00000000000000000000","properties":{"labeler":"ayush","notes":"","point_id":75,"queue_index":2,"source_asset":"point_75_label","source_labeler":"ayush","source_point_id":75,"status":"completed","timestamp":"2026-04-05 23:43:55"}},{"type":"Feature","geometry":{"type":"Polygon","coordinates":[[[-75.87595021118999,38.71053552860458],[-75.87580005719883,38.70961464366776],[-75.8749309514168,38.70864346761421],[-75.87345040122887,38.70810766321857],[-75.87193296079671,38.70835316400476],[-75.87117126497502,38.70884710847559],[-75.87010906784745,38.71119126732465],[-75.87283417293004,38.71267306386237],[-75.87305949722553,38.71241354590591],[-75.87333844856018,38.711877726762545],[-75.87345651740536,38.711953115021686],[-75.87407877049988,38.71232981948151],[-75.87487271537672,38.712078691985084],[-75.87575245817304,38.71107405370189],[-75.87595021118999,38.71053552860458]]]},"id":"78_00000000000000000000","properties":{"labeler":"ayush","notes":"","point_id":781,"queue_index":59,"source_asset":"point_781_label","source_labeler":"ayush","source_point_id":781,"status":"completed","timestamp":"2026-06-11 21:40:05"}},{"type":"Feature","geometry":{"type":"Polygon","coordinates":[[[-75.72687832755658,38.71965399424178],[-75.73329416552856,38.72424104390416],[-75.73335849282347,38.7240568392893],[-75.73402367973368,38.72425772258165],[-75.73632550265356,38.720786245322536],[-75.73523115870773,38.72011655082054],[-75.73497367524556,38.718710284123816],[-75.73615381879127,38.71748807929563],[-75.72995026013474,38.71487438792281],[-75.72606643415847,38.71864976459039],[-75.72687832755658,38.71965399424178]]]},"id":"79_00000000000000000000","properties":{"labeler":"ayush","notes":"","point_id":798,"queue_index":69,"source_asset":"point_798_label","source_labeler":"ayush","source_point_id":798,"status":"completed","timestamp":"2026-06-11 21:49:06"}},{"type":"Feature","geometry":{"type":"Polygon","coordinates":[[[-75.38660750358066,38.33458494055659],[-75.38663969824249,38.33395369555198],[-75.38642509667997,38.33149787645575],[-75.38648948607414,38.329789391788644],[-75.38638222969247,38.32976413836262],[-75.38591015841538,38.32986512453177],[-75.38581357394533,38.32972206791288],[-75.38591015841538,38.328257596842256],[-75.38014877843517,38.32870361958759],[-75.37998495211708,38.33218557239499],[-75.38137969365583,38.33333016769891],[-75.38165860485185,38.33347321940653],[-75.3819698001259,38.33352372612508],[-75.38261353385394,38.333675214731464],[-75.3839546222024,38.33382672281281],[-75.3841584658831,38.33372572425684],[-75.38449108980078,38.33375934688629],[-75.3846627376872,38.333860372798696],[-75.38453395732219,38.333927690396266],[-75.3846627376872,38.33418854276653],[-75.385006032878,38.33423910004925],[-75.3852528314022,38.33399504649215],[-75.38546734568548,38.334138103821516],[-75.38547810696618,38.33443261801464],[-75.38562832013518,38.33465140842749],[-75.38547810696618,38.334744023479445],[-75.38592874602735,38.334971256364454],[-75.38599313563202,38.33485343068772],[-75.3865510295027,38.33497968423247],[-75.38660750358066,38.33458494055659]]]},"id":"80_00000000000000000000","properties":{"labeler":"ayush","notes":"","point_id":79,"queue_index":8,"source_asset":"point_79_label","source_labeler":"ayush","source_point_id":79,"status":"completed","timestamp":"2026-04-06 00:12:47"}},{"type":"Feature","geometry":{"type":"Polygon","coordinates":[[[-75.8707545598681,38.72582736247341],[-75.87226731498028,38.72484804973285],[-75.8717094075318,38.72298982916774],[-75.87063657740771,38.72180964697252],[-75.86895210333772,38.721491513115424],[-75.86801868881557,38.72232022009251],[-75.86692437875968,38.723031746527354],[-75.8665167028852,38.72290619890088],[-75.8642207007688,38.723885469091435],[-75.86821494571382,38.72766741364889],[-75.87015684605875,38.7262026844654],[-75.87051088298772,38.726102263294365],[-75.8707545598681,38.72582736247341]]]},"id":"81_00000000000000000000","properties":{"labeler":"ayush","notes":"","point_id":809,"queue_index":44,"source_asset":"point_809_label","source_labeler":"ayush","source_point_id":809,"status":"completed","timestamp":"2026-06-11 21:18:23"}},{"type":"Feature","geometry":{"type":"Polygon","coordinates":[[[-75.76628364044161,38.7330181601994],[-75.76731361345108,38.73365416006834],[-75.76864393626319,38.73479234197949],[-75.7694593150615,38.73423999863486],[-75.77053219818274,38.732599629118496],[-75.77154076309101,38.73124382741244],[-75.7719269785927,38.730323160102834],[-75.77149783048134,38.72995490005962],[-75.77212008595343,38.72906773197265],[-75.7711973905576,38.72868271477469],[-75.76857962474867,38.72756118006856],[-75.76638015359975,38.72791271309926],[-75.76515705741612,38.72879986047065],[-75.76441678997584,38.72984606724747],[-75.76442752365924,38.73095924223829],[-75.76502834252487,38.731997060073724],[-75.7660905252235,38.73255781161803],[-75.76628364044161,38.7330181601994]]]},"id":"82_00000000000000000000","properties":{"labeler":"ayush","notes":"","point_id":821,"queue_index":16,"source_asset":"point_821_label","source_labeler":"ayush","source_point_id":821,"status":"completed","timestamp":"2026-06-11 20:46:26"}},{"type":"Feature","geometry":{"type":"Polygon","coordinates":[[[-75.90986957000014,38.732487243408805],[-75.90969791810988,38.732478906442616],[-75.90903266536039,38.732319842587714],[-75.9084533691739,38.73154986744953],[-75.90702643116853,38.73168379068009],[-75.90711221446105,38.7326629609828],[-75.90714438318226,38.7337426427831],[-75.90802419042332,38.73481390483851],[-75.90875378465805,38.73520718638503],[-75.91092101079384,38.733976973116526],[-75.90986957000014,38.732487243408805]]]},"id":"83_00000000000000000000","properties":{"labeler":"ayush","notes":"","point_id":824,"queue_index":102,"source_asset":"point_824_label","source_labeler":"ayush","source_point_id":824,"status":"completed","timestamp":"2026-06-11 22:21:48"}},{"type":"Feature","geometry":{"type":"Polygon","coordinates":[[[-75.88450845885048,38.73745115942186],[-75.8849054468386,38.736681213944536],[-75.88535969048694,38.73564363739313],[-75.88482328397762,38.735099714065],[-75.88308517815484,38.733768967290096],[-75.88282769558877,38.733668579775355],[-75.88250577524461,38.73356811525348],[-75.88225901642195,38.7333003023389],[-75.88217321799459,38.73337562845928],[-75.88207669470147,38.733367304439],[-75.88188355928222,38.733241755139375],[-75.88174404780533,38.733091061416026],[-75.8816260745238,38.73276471258797],[-75.88106811540626,38.732304362171924],[-75.88077845442595,38.73212865146901],[-75.88051024271896,38.73206164479965],[-75.88031710515632,38.73207843384167],[-75.87867564679816,38.7333505127708],[-75.87841815618867,38.733568163944206],[-75.87812848977141,38.73371073252243],[-75.87925497679353,38.734447155944395],[-75.8789331369381,38.7348572859631],[-75.8805316925834,38.73592010726556],[-75.88267746027725,38.737526968383534],[-75.88396495841357,38.73842236171709],[-75.88450845885048,38.73745115942186]]]},"id":"84_00000000000000000000","properties":{"labeler":"ayush","notes":"","point_id":830,"queue_index":5,"source_asset":"point_830_label","source_labeler":"ayush","source_point_id":830,"status":"completed","timestamp":"2026-04-05 23:52:45"}},{"type":"Feature","geometry":{"type":"Polygon","coordinates":[[[-75.9203454326415,38.73559275212023],[-75.9202488469123,38.735626211191686],[-75.91983042613248,38.735626225341726],[-75.91989475774393,38.735735007617706],[-75.91970167420999,38.73581870079672],[-75.91947633590866,38.73598603252142],[-75.9193905601645,38.73582707072185],[-75.91901502483287,38.73602795480005],[-75.91781335818884,38.73717441745991],[-75.92012009537359,38.738747733943995],[-75.92220146072525,38.737015464976345],[-75.9203454326415,38.73559275212023]]]},"id":"85_00000000000000000000","properties":{"labeler":"ayush","notes":"","point_id":840,"queue_index":98,"source_asset":"point_840_label","source_labeler":"ayush","source_point_id":840,"status":"completed","timestamp":"2026-06-11 22:19:28"}},{"type":"Feature","geometry":{"type":"MultiPolygon","coordinates":[[[[-75.78402730866725,38.740235139980186],[-75.78401169817133,38.740287947042006],[-75.78404389481732,38.74023225753862],[-75.78402730866725,38.740235139980186]]],[[[-75.78402730866725,38.740235139980186],[-75.78404389481732,38.74017916456766],[-75.78139390036004,38.736965574487016],[-75.77745638120311,38.73854724040888],[-75.77834692708562,38.73983602482343],[-75.77855075842238,38.741183368875795],[-75.78402730866725,38.740235139980186]]]]},"id":"86_00000000000000000000","properties":{"labeler":"ayush","notes":"","point_id":850,"queue_index":87,"source_asset":"point_850_label","source_labeler":"ayush","source_point_id":850,"status":"completed","timestamp":"2026-06-11 22:11:47"}},{"type":"Feature","geometry":{"type":"Polygon","coordinates":[[[-75.80996010870606,38.73952395672272],[-75.81002449029623,38.73831895174829],[-75.80904812173662,38.737791670129695],[-75.80704188950376,38.73981689199488],[-75.80726714087112,38.74051983829631],[-75.8086121679123,38.74177073030068],[-75.81076868970776,38.742264394586385],[-75.8128607986066,38.73961165693335],[-75.81188693247327,38.738189870837545],[-75.8117259805458,38.73816476180321],[-75.81000941471989,38.739871885298086],[-75.80996010870606,38.73952395672272]]]},"id":"87_00000000000000000000","properties":{"labeler":"ayush","notes":"","point_id":853,"queue_index":109,"source_asset":"point_853_label","source_labeler":"ayush","source_point_id":853,"status":"completed","timestamp":"2026-06-11 22:36:05"}},{"type":"Feature","geometry":{"type":"Polygon","coordinates":[[[-75.93186913924275,38.74434969232569],[-75.93592463765094,38.74491869819887],[-75.93744812157988,38.73874298126377],[-75.93485167682516,38.73621561801743],[-75.93036703690878,38.738542124205274],[-75.92792091391192,38.74066767808373],[-75.92802821567084,38.7418727324132],[-75.92783505472447,38.74192289294725],[-75.92785649737476,38.74368026525419],[-75.93013099458996,38.744165582634515],[-75.93146138557366,38.744316187235846],[-75.93171886771135,38.74219074424723],[-75.93234112902483,38.74193963605096],[-75.93186913924275,38.74434969232569]]]},"id":"88_00000000000000000000","properties":{"labeler":"ayush","notes":"","point_id":855,"queue_index":64,"source_asset":"point_855_label","source_labeler":"ayush","source_point_id":855,"status":"completed","timestamp":"2026-06-11 21:44:56"}},{"type":"Feature","geometry":{"type":"Polygon","coordinates":[[[-75.81518246082427,38.75675327950029],[-75.81586908245089,38.75638513688028],[-75.81634119386447,38.755774343592066],[-75.81609405384366,38.75468699335197],[-75.81590091721034,38.75426869755111],[-75.81551464315831,38.754017696817144],[-75.81427015255521,38.75364114527927],[-75.81311140267435,38.753783397738076],[-75.81249987831511,38.75417662338035],[-75.81211359504479,38.75515558402328],[-75.81232819699088,38.75612608442569],[-75.81451685235419,38.75696271968211],[-75.81518246082427,38.75675327950029]]]},"id":"89_00000000000000000000","properties":{"labeler":"ayush","notes":"","point_id":889,"queue_index":73,"source_asset":"point_889_label","source_labeler":"ayush","source_point_id":889,"status":"completed","timestamp":"2026-06-11 21:53:13"}},{"type":"Feature","geometry":{"type":"Polygon","coordinates":[[[-75.76901481355188,38.75639317512029],[-75.769522295607,38.75438124742985],[-75.7692540515142,38.75421807999957],[-75.76797713533941,38.75412183390174],[-75.76760164264769,38.75396706939345],[-75.76673799685673,38.75411762002742],[-75.76655534965387,38.754396175561595],[-75.76576674395773,38.75460955609807],[-75.76532152134766,38.75495258688076],[-75.76509079276909,38.755157541214494],[-75.76488161982712,38.755526901984084],[-75.76403942509258,38.756434665910284],[-75.76447391800055,38.75653928470926],[-75.76513372729623,38.756660611235795],[-75.76683965469408,38.757242071424905],[-75.76880839619812,38.75707054064662],[-75.76901481355188,38.75639317512029]]]},"id":"90_00000000000000000000","properties":{"labeler":"ayush","notes":"","point_id":891,"queue_index":58,"source_asset":"point_891_label","source_labeler":"ayush","source_point_id":891,"status":"completed","timestamp":"2026-06-11 21:37:39"}},{"type":"Feature","geometry":{"type":"Polygon","coordinates":[[[-75.94743244493705,38.77381109994222],[-75.94831217660928,38.775065753484085],[-75.94940656217042,38.7752163176961],[-75.94990002067894,38.77538357444201],[-75.9512304009438,38.77498210225794],[-75.95262517371265,38.77356017262402],[-75.95193850854879,38.77190397060771],[-75.95011459042412,38.76991316867352],[-75.94940656217042,38.76905992815264],[-75.94535101142756,38.770565587936446],[-75.94562999654543,38.77235571144343],[-75.94657414751408,38.7735434902807],[-75.94818345086037,38.77299140791129],[-75.94852674879172,38.77252296187574],[-75.94947088020042,38.77225533107041],[-75.94981426356232,38.773392865218106],[-75.94934215551844,38.773493277549896],[-75.94871988119291,38.77322562782483],[-75.94743244493705,38.77381109994222]]]},"id":"91_00000000000000000000","properties":{"labeler":"ayush","notes":"","point_id":918,"queue_index":23,"source_asset":"point_918_label","source_labeler":"ayush","source_point_id":918,"status":"completed","timestamp":"2026-06-11 20:55:00"}},{"type":"Feature","geometry":{"type":"Polygon","coordinates":[[[-75.87200263275705,38.78026238979698],[-75.87188996981169,38.779321469398994],[-75.87123012303192,38.779459403956004],[-75.8708010082327,38.77923781225727],[-75.87020551067667,38.77917503146445],[-75.86908976594577,38.77978147125422],[-75.8687679029352,38.78047146960201],[-75.8720079512259,38.78033764404991],[-75.87200263275705,38.78026238979698]]]},"id":"92_00000000000000000000","properties":{"labeler":"ayush","notes":"","point_id":931,"queue_index":37,"source_asset":"point_931_label","source_labeler":"ayush","source_point_id":931,"status":"completed","timestamp":"2026-06-11 21:10:37"}},{"type":"Feature","geometry":{"type":"Polygon","coordinates":[[[-75.67204923112895,38.362657585636015],[-75.67319713364623,38.362674448493934],[-75.672971850059,38.361463044165035],[-75.67183459756221,38.36158079844352],[-75.67175914730844,38.36019683771339],[-75.6658796769525,38.362257916565326],[-75.66780017323097,38.36583766601769],[-75.67195221111506,38.365686246601854],[-75.67202730620923,38.36259888339394],[-75.67203804675735,38.362725084190785],[-75.67204923112895,38.362657585636015]]]},"id":"93_00000000000000000000","properties":{"labeler":"ayush","notes":"","point_id":93,"queue_index":34,"source_asset":"point_93_label","source_labeler":"ayush","source_point_id":93,"status":"completed","timestamp":"2026-06-11 21:08:52"}},{"type":"Feature","geometry":{"type":"Polygon","coordinates":[[[-75.77002711472677,38.79057764327843],[-75.76575796193514,38.793096539290985],[-75.76309716176064,38.795404504680484],[-75.76419155985575,38.79731097712256],[-75.76719563397047,38.7985986980668],[-75.77279609272225,38.799083601173585],[-75.77590740359902,38.796809268414506],[-75.77002711472677,38.79057764327843]]]},"id":"94_00000000000000000000","properties":{"labeler":"ayush","notes":"","point_id":961,"queue_index":90,"source_asset":"point_961_label","source_labeler":"ayush","source_point_id":961,"status":"completed","timestamp":"2026-06-11 22:13:38"}},{"type":"Feature","geometry":{"type":"Polygon","coordinates":[[[-75.77840094507908,38.79606573531053],[-75.77880869600808,38.798122713891864],[-75.78219900645088,38.79954422833261],[-75.78593257464955,38.798892011387565],[-75.78644762450745,38.79735345429372],[-75.78631884004312,38.79344010016627],[-75.78432328689584,38.79226933853374],[-75.78303586140389,38.79327279643056],[-75.7810402624871,38.79327283076962],[-75.78080423732597,38.79290490697731],[-75.77986004409276,38.793824724281215],[-75.77840094507908,38.79606573531053]]]},"id":"95_00000000000000000000","properties":{"labeler":"ayush","notes":"","point_id":965,"queue_index":74,"source_asset":"point_965_label","source_labeler":"ayush","source_point_id":965,"status":"completed","timestamp":"2026-06-11 21:54:52"}},{"type":"Feature","geometry":{"type":"Polygon","coordinates":[[[-75.78319001602755,38.813833373826434],[-75.78420931273284,38.81182702303775],[-75.78263211386982,38.811108019442564],[-75.78015381347647,38.81173499792247],[-75.7803254447669,38.81287198406347],[-75.78311497875738,38.813950414150305],[-75.78319001602755,38.813833373826434]]]},"id":"96_00000000000000000000","properties":{"labeler":"ayush","notes":"","point_id":980,"queue_index":57,"source_asset":"point_980_label","source_labeler":"ayush","source_point_id":980,"status":"completed","timestamp":"2026-06-11 21:32:12"}},{"type":"Feature","geometry":{"type":"Polygon","coordinates":[[[-75.7710472147117,38.83124765189711],[-75.7710686810856,38.831565206429836],[-75.77099354876289,38.83187446983686],[-75.77082190629588,38.832192030114165],[-75.77161580642334,38.83282724809167],[-75.77187331297314,38.83299433989826],[-75.77205568729428,38.83295257359974],[-75.77224879448167,38.83281048318708],[-75.77252776605012,38.83277708246983],[-75.77280673707574,38.83280217062991],[-75.77312855099001,38.83301944930652],[-75.77345045288439,38.8331698812977],[-75.77371868912716,38.83328692391573],[-75.77413709763466,38.83332028408764],[-75.77465210121424,38.83342894159331],[-75.77498464387897,38.833487478905454],[-75.77556404152504,38.833554296020026],[-75.77586447229713,38.83355435297209],[-75.7760575743534,38.83371314801583],[-75.7762184777514,38.83460735685869],[-75.77740937016107,38.834590674306014],[-75.77737717202336,38.83404738387225],[-75.77821405515293,38.834030728353426],[-75.77770775696617,38.82771539397222],[-75.77724110598415,38.82776554188073],[-75.77688701435595,38.8278407275646],[-75.7767583099927,38.827995429185584],[-75.77609482873947,38.82810339203353],[-75.77583191900798,38.82806998026481],[-75.77571394653582,38.827973887917764],[-75.77395978198847,38.82802819630992],[-75.7731175518494,38.828082568214995],[-75.77292444583215,38.82806999316785],[-75.7728975688601,38.82841684569808],[-75.77282252619865,38.82847120717471],[-75.77251135597288,38.82862996923034],[-75.77218945196991,38.828801319862464],[-75.77188910219883,38.829006070537254],[-75.77151734530551,38.82922809373938],[-75.77122231636206,38.829549858708425],[-75.77107205183825,38.829971893525276],[-75.7710345300347,38.830406481806776],[-75.77100233046498,38.830933060056765],[-75.7710472147117,38.83124765189711]]]},"id":"97_00000000000000000000","properties":{"labeler":"ayush","notes":"","point_id":988,"queue_index":13,"source_asset":"point_988_label","source_labeler":"ayush","source_point_id":988,"status":"completed","timestamp":"2026-04-12 05:39:28"}},{"type":"Feature","geometry":{"type":"Polygon","coordinates":[[[-75.77158538105812,38.83309809827412],[-75.77102743371141,38.83359957131674],[-75.77075928113791,38.834284872482996],[-75.77084505808249,38.83498687245552],[-75.7713708066518,38.83580591432449],[-75.77247587471838,38.83640762806418],[-75.77383843728776,38.83642429536324],[-75.775040082365,38.83588947479067],[-75.77554434984924,38.835304486270154],[-75.77158538105812,38.83309809827412]]]},"id":"98_00000000000000000000","properties":{"labeler":"ayush","notes":"","point_id":991,"queue_index":27,"source_asset":"point_991_label","source_labeler":"ayush","source_point_id":991,"status":"completed","timestamp":"2026-06-11 20:59:55"}},{"type":"Feature","geometry":{"type":"Polygon","coordinates":[[[-75.94243372755523,38.85143119974059],[-75.94412892779292,38.85032828588239],[-75.94374265004328,38.84884099154454],[-75.94234787726332,38.84770460235604],[-75.93812077056444,38.84549863101076],[-75.93700494407369,38.844662995368346],[-75.93314254223685,38.84618384854471],[-75.93211262131119,38.84934229714897],[-75.93204820670033,38.85042856316016],[-75.93286362083413,38.850662510066314],[-75.9330352443932,38.85128079639197],[-75.9323056877598,38.851397723035475],[-75.93322839817313,38.852634355182715],[-75.93554586835587,38.85346983594185],[-75.93797050573967,38.8539043589903],[-75.93979440502805,38.853687072475886],[-75.94234787726332,38.851548180153365],[-75.94243372755523,38.85143119974059]]]},"id":"99_00000000000000000000","properties":{"labeler":"ayush","notes":"","point_id":998,"queue_index":51,"source_asset":"point_998_label","source_labeler":"ayush","source_point_id":998,"status":"completed","timestamp":"2026-06-11 21:24:00"}},{"type":"Feature","geometry":{"type":"Polygon","coordinates":[[[-75.94885294749022,38.852502653819904],[-75.94755470405046,38.85052237643686],[-75.9466552111314,38.849006663146405],[-75.94654792364531,38.84876429843722],[-75.94654792364531,38.848605601893325],[-75.9464406360769,38.848622281772556],[-75.94455241455881,38.85010954645132],[-75.94157336172238,38.85243237801577],[-75.94194883661858,38.85253266566072],[-75.942775001879,38.85237391847164],[-75.94401951207074,38.85249087149795],[-75.9443092199096,38.85259950945504],[-75.9456054558,38.85310380500263],[-75.94623846390351,38.85342968740012],[-75.9473220572689,38.853070420857776],[-75.94885294749022,38.852502653819904]]]},"id":"100_00000000000000000000","properties":{"labeler":"maddie","notes":"","point_id":1002,"queue_index":75,"source_asset":"point_1002_label","source_labeler":"maddie","source_point_id":1002,"status":"completed","timestamp":"2026-04-13 13:46:19"}},{"type":"Feature","geometry":{"type":"Polygon","coordinates":[[[-75.99068528650693,38.85538759016347],[-75.98943003329923,38.85401737393405],[-75.98931197355236,38.85388370089347],[-75.9887862389085,38.853282099874214],[-75.9883248909498,38.853482646148734],[-75.9875416852942,38.85395056000869],[-75.98696236003174,38.85428477665283],[-75.98674775842366,38.854443514303206],[-75.98702674930642,38.85474424665987],[-75.98637231552365,38.855019942824754],[-75.98603965047934,38.85515364369734],[-75.98586800350786,38.85532911170727],[-75.98582513601649,38.85547116294784],[-75.98612547388564,38.85577191483858],[-75.98634007645408,38.85583875330685],[-75.98630792594594,38.85594738341631],[-75.98601821676176,38.856081078776526],[-75.98695164324447,38.857041865881236],[-75.98771341876765,38.858052724364455],[-75.98783139130418,38.858203118081256],[-75.98877552226182,38.85756816678388],[-75.98905380053823,38.85744324130919],[-75.98901084546189,38.857180057858486],[-75.9890323672853,38.85701718205666],[-75.98919860775958,38.8568793001623],[-75.9893970864032,38.85667878753174],[-75.98998127268057,38.85597325313926],[-75.99023342145676,38.855772707432],[-75.99068528650693,38.85538759016347]]]},"id":"101_00000000000000000000","properties":{"labeler":"maddie","notes":"","point_id":1011,"queue_index":6,"source_asset":"point_1011_label","source_labeler":"maddie","source_point_id":1011,"status":"completed","timestamp":"2026-04-12 16:35:31"}},{"type":"Feature","geometry":{"type":"Polygon","coordinates":[[[-75.98601015697456,38.86859906476053],[-75.98599412596782,38.869643245964845],[-75.98592309352901,38.87036033169062],[-75.98598748328493,38.87068613109928],[-75.98753778829698,38.870761323534815],[-75.98752078321694,38.87116641848665],[-75.98890483050538,38.87109542373451],[-75.9895109834353,38.8712207008462],[-75.99009570063289,38.871588272297316],[-75.99081627572835,38.872094465262556],[-75.99118107873082,38.87226154717682],[-75.99135812164906,38.8723116704737],[-75.991540478276,38.872136299278345],[-75.99157262757394,38.87200259344617],[-75.99153516434174,38.871610017015385],[-75.99152976184169,38.871317684995915],[-75.9914469530033,38.871140953051494],[-75.9914898187611,38.87097805456417],[-75.99166154735654,38.87078597836873],[-75.99200828082583,38.87054321312332],[-75.99219072516466,38.870371990008245],[-75.99236776679648,38.870200733003735],[-75.99257155480875,38.870096310576805],[-75.9928075800991,38.870046176685264],[-75.9930221723509,38.8699626977104],[-75.9929363532029,38.86971623338778],[-75.9925108878307,38.86877579336609],[-75.99190058541433,38.86744025905288],[-75.9915520803651,38.86663859361836],[-75.99078501191595,38.86673465201414],[-75.98939026674903,38.86682237545801],[-75.98931516196394,38.867198283373014],[-75.98915423565457,38.867331938224076],[-75.98881626322824,38.86739458416303],[-75.98826563920046,38.867290930996084],[-75.98794909803703,38.86722825047079],[-75.98778817014626,38.86695674310495],[-75.987691631036,38.866852381844744],[-75.98743416355816,38.866772973034074],[-75.98697794808447,38.866623503256655],[-75.98688672252382,38.86681976949942],[-75.98682242175286,38.8673293841633],[-75.98674731558054,38.86778880202017],[-75.9865219968202,38.868097898578796],[-75.98601015697456,38.86859906476053]]]},"id":"102_00000000000000000000","properties":{"labeler":"maddie","notes":"","point_id":1021,"queue_index":61,"source_asset":"point_1021_label","source_labeler":"maddie","source_point_id":1021,"status":"completed","timestamp":"2026-04-13 00:53:26"}},{"type":"Feature","geometry":{"type":"Polygon","coordinates":[[[-75.89773077483376,38.89508275267128],[-75.89695831734674,38.89465688082127],[-75.89615368439672,38.89418922799324],[-75.89484476125547,38.89345442549093],[-75.89407228794101,38.89302016506428],[-75.89375039326747,38.89292835334675],[-75.89278479346255,38.892886589286924],[-75.89226986328005,38.8929868353164],[-75.89136859798985,38.892970074440406],[-75.89071416002832,38.89293665741323],[-75.89042443022585,38.892719607437876],[-75.89029574001553,38.89227702757596],[-75.89015198263066,38.89202648352322],[-75.88933658655164,38.891500403425326],[-75.88873576070567,38.89119980235748],[-75.88840312951169,38.89086571801706],[-75.888252988769,38.89081562187615],[-75.8881563810047,38.890915821204324],[-75.88767360708441,38.892201855865004],[-75.88669910246168,38.89477609136835],[-75.88578237950657,38.89701558511728],[-75.8853102333958,38.89795082926213],[-75.88464114283684,38.89932772232949],[-75.8861432019473,38.89994558891305],[-75.88764524506229,38.900546788079964],[-75.89021827766976,38.90156013085424],[-75.8912482397737,38.9019274734241],[-75.89130186034662,38.90073353775064],[-75.89122067613243,38.898931179949926],[-75.8911885037726,38.89823817248804],[-75.89185366360266,38.898087869026966],[-75.89261542506802,38.89808289327753],[-75.89335573450472,38.89799111735347],[-75.89391355638085,38.898049543458136],[-75.89446074080377,38.89805789905373],[-75.89476118615744,38.89799109809508],[-75.89523321198826,38.89752346702496],[-75.89563016977556,38.89717281520025],[-75.8959198888744,38.89694730824346],[-75.89596278391211,38.89684715765044],[-75.89564089355828,38.896713545990664],[-75.8951115276736,38.89631822282361],[-75.89485397844247,38.896134447055466],[-75.89481108306711,38.89587559631317],[-75.89471456842479,38.8957754394196],[-75.8952187658588,38.89578374493377],[-75.89595906161597,38.895833854296306],[-75.89631055228931,38.895907020668204],[-75.89681483263604,38.89572332302727],[-75.8971903386388,38.89543105109851],[-75.89773077483376,38.89508275267128]]]},"id":"103_00000000000000000000","properties":{"labeler":"maddie","notes":"","point_id":1051,"queue_index":9,"source_asset":"point_1051_label","source_labeler":"maddie","source_point_id":1051,"status":"completed","timestamp":"2026-04-12 16:48:11"}},{"type":"Feature","geometry":{"type":"Polygon","coordinates":[[[-76.01693256106498,38.90642785384072],[-76.01822006274259,38.907012305963825],[-76.01944176148129,38.907604522760714],[-76.01961876832624,38.907675457319904],[-76.01968314244533,38.90767125369631],[-76.0197314008781,38.9076337472819],[-76.01978506069369,38.90751264226524],[-76.02002112821619,38.90695743425534],[-76.02058411132765,38.90551343825672],[-76.02116878607933,38.90403983808136],[-76.02145009849396,38.90330156391009],[-76.0212945222623,38.903268176325426],[-76.02122474754951,38.903230610280445],[-76.020752704755,38.90309282740356],[-76.01979781153791,38.90288410048943],[-76.01969589329893,38.90288827083056],[-76.01957254645059,38.90292586778777],[-76.01946522663383,38.9029508759888],[-76.01932576387632,38.90293421943708],[-76.01922915816318,38.90288822858642],[-76.01920772957241,38.902821447848815],[-76.01921844386821,38.90270456606422],[-76.0191863009783,38.902667044025236],[-76.01910040947278,38.90262110598965],[-76.01891437006003,38.902552429664894],[-76.01883387982252,38.9025065232971],[-76.01883387982252,38.90242718555145],[-76.01883387982252,38.90237286063517],[-76.01885530847119,38.90230191440835],[-76.01879633540531,38.90227269589216],[-76.01870513076446,38.902255970123804],[-76.0186407561905,38.902210070326184],[-76.01839937340871,38.9021724908094],[-76.01813115998546,38.90208904563526],[-76.01799700880461,38.902043096447976],[-76.01793263390138,38.90203471565467],[-76.0177908673308,38.901976271001544],[-76.01741533132264,38.90184271348851],[-76.01679309575601,38.90163395225674],[-76.01636398447044,38.901525450074836],[-76.01577920087477,38.902289397609934],[-76.01524276335752,38.90290304340793],[-76.01459368712263,38.903787403437924],[-76.01461511642752,38.903879273606634],[-76.01477070016557,38.90396691604612],[-76.01497454381969,38.904079660234245],[-76.01504963471658,38.90425497325217],[-76.01509798331496,38.90446712799636],[-76.01509258173246,38.90468422961222],[-76.01518378875295,38.90477185128273],[-76.0152857103135,38.904855383766375],[-76.01532325568269,38.905034879036165],[-76.01517838717379,38.90526861291558],[-76.01511401096015,38.90547314061027],[-76.015130127154,38.90555998482569],[-76.01524816493416,38.905618434563124],[-76.0166911753049,38.90630718565871],[-76.01693256106498,38.90642785384072]]]},"id":"104_00000000000000000000","properties":{"labeler":"maddie","notes":"","point_id":1064,"queue_index":66,"source_asset":"point_1064_label","source_labeler":"maddie","source_point_id":1064,"status":"completed","timestamp":"2026-04-13 13:08:48"}},{"type":"Feature","geometry":{"type":"Polygon","coordinates":[[[-75.76621356191293,38.91335201925285],[-75.76708262195599,38.91252970463389],[-75.7677799419222,38.91188273124783],[-75.76820377881072,38.911502838119176],[-75.76941141434638,38.910390123490416],[-75.7696796581449,38.91015220537523],[-75.7700604676758,38.90995604126822],[-75.77026431079678,38.90984330065307],[-75.770233086804,38.90979046098335],[-75.7697395339243,38.9096652448585],[-75.76924065703743,38.90962348216086],[-75.76875783410227,38.909510838350265],[-75.76817317531005,38.90950662646397],[-75.76786740606244,38.909460756563576],[-75.7675025578307,38.90938975491641],[-75.76705042149914,38.90918718592878],[-75.76671777172866,38.90912876454174],[-75.76614916060198,38.909170502760134],[-75.76500368176754,38.909305976501194],[-75.76277159955978,38.90956786150351],[-75.7613435526077,38.909743461100014],[-75.76163860186234,38.909985533506685],[-75.76303852513539,38.91102549606294],[-75.76473702596981,38.91228668593577],[-75.76515794449286,38.912575667469575],[-75.76621356191293,38.91335201925285]]]},"id":"105_00000000000000000000","properties":{"labeler":"maddie","notes":"","point_id":1073,"queue_index":19,"source_asset":"point_1073_label","source_labeler":"maddie","source_point_id":1073,"status":"completed","timestamp":"2026-04-12 17:15:49"}},{"type":"Feature","geometry":{"type":"Polygon","coordinates":[[[-75.76596997222936,38.91880341160228],[-75.76619528826566,38.91901204770558],[-75.7666994981456,38.91930422327856],[-75.76720379496024,38.919546273482446],[-75.7677616684744,38.91972155940961],[-75.76810504923299,38.91975499244797],[-75.76880236422971,38.919754991624835],[-75.77019556478096,38.919608302690165],[-75.77039940770993,38.91957492353455],[-75.77120413205674,38.919074072732464],[-75.77230920140788,38.91839794475579],[-75.77261762227756,38.917972222219355],[-75.77260688920697,38.917805258041916],[-75.7730682331118,38.91710406886381],[-75.77302884907175,38.915693490407676],[-75.77300738299131,38.914917136807304],[-75.77309324729379,38.91464998870897],[-75.77238690543412,38.914210318970625],[-75.77146421175527,38.91370946741356],[-75.76995872341607,38.91296104312575],[-75.76949736950709,38.91290260921455],[-75.76927205865651,38.91280244102551],[-75.76882143589363,38.91255204218638],[-75.76863905745964,38.912543648816104],[-75.76687957267336,38.91292766358097],[-75.76568859280852,38.91399619968176],[-75.76409007755933,38.91547382272509],[-75.76415589912689,38.91682057086033],[-75.76596997222936,38.91880341160228]]]},"id":"106_00000000000000000000","properties":{"labeler":"maddie","notes":"","point_id":1085,"queue_index":105,"source_asset":"point_1085_label","source_labeler":"maddie","source_point_id":1085,"status":"completed","timestamp":"2026-04-14 15:56:54"}},{"type":"Feature","geometry":{"type":"Polygon","coordinates":[[[-75.74922250135123,38.94277563046968],[-75.749270763669,38.94280480584652],[-75.7493512304018,38.94282572478345],[-75.74942096228597,38.942909161557424],[-75.74946390149555,38.94299255000374],[-75.74952289852912,38.94309689992589],[-75.74953895636416,38.94319287412233],[-75.74983056988503,38.9434378822677],[-75.75006664598962,38.94359223929673],[-75.75015243529353,38.9437132622337],[-75.75016317004253,38.943842529164414],[-75.75020610903054,38.943942698420145],[-75.75019537428476,38.94400529350788],[-75.74990030153684,38.94416379782041],[-75.74926198063811,38.943588029328225],[-75.74935850523099,38.94350462928505],[-75.74905278465296,38.943279334329155],[-75.7490420498211,38.94310822815326],[-75.74873091678404,38.94286212069456],[-75.7486665076367,38.94289963037007],[-75.74835005070463,38.94324179913845],[-75.74777604378384,38.943771632205205],[-75.7471941386036,38.94433216555824],[-75.74708687758095,38.944465666605666],[-75.74714587558924,38.9445241190161],[-75.74724240160178,38.94457833346954],[-75.74731754634797,38.94467430568508],[-75.74737166473591,38.94479795176442],[-75.7473931346481,38.944902244650606],[-75.7473931346481,38.94498154772382],[-75.74730725498009,38.945044097763436],[-75.74730725498009,38.945102482176594],[-75.74727513881008,38.945131744895285],[-75.74719999404175,38.94513591650745],[-75.7471087911297,38.94511506798822],[-75.7470390581249,38.945127560828105],[-75.74692106199653,38.9451233666353],[-75.74683527076576,38.94509835061036],[-75.74672792075657,38.94505247062166],[-75.74667965758584,38.94498153602054],[-75.74654019112653,38.94491894452251],[-75.74630410923565,38.94517764413217],[-75.74519910598492,38.9461551582755],[-75.74472161419945,38.94657235853367],[-75.74478602511243,38.94661829191814],[-75.74480208347605,38.94665579994627],[-75.74486108242095,38.94668919721609],[-75.74530636841452,38.94695625718582],[-75.74530636841452,38.94700628805686],[-75.74494696354863,38.94727744297718],[-75.74526883988125,38.947494440615024],[-75.74564518941025,38.94718238385911],[-75.74634793656823,38.94660661451227],[-75.74679321796178,38.94622279228342],[-75.74705600342561,38.94601838082952],[-75.74744760788204,38.94623115677002],[-75.74803776283392,38.9465941730206],[-75.74849909694942,38.946877810828575],[-75.74909918395836,38.94727522502661],[-75.74972144776665,38.947671563764295],[-75.7502471849513,38.947984418424284],[-75.7509713790099,38.948460058934295],[-75.75113772222393,38.948639465787416],[-75.751250303202,38.94862690557352],[-75.75176530016951,38.948251492643344],[-75.752704089207,38.947671579574816],[-75.75363746051312,38.94698318611753],[-75.75444751295299,38.94635736533621],[-75.75522003489112,38.94581078053791],[-75.75637472921053,38.9449471681273],[-75.75708815817191,38.94442982698257],[-75.75750918782684,38.94411918500396],[-75.75749313088203,38.94404826775052],[-75.7566454813299,38.94345162880013],[-75.75551900012168,38.942679792514134],[-75.75417657926418,38.94178793539018],[-75.75317339271218,38.94109943632483],[-75.75239562555844,38.940569579927754],[-75.75162725809696,38.94006609641469],[-75.75081186677652,38.94085468275708],[-75.75000658457472,38.941644973000116],[-75.75018357493512,38.94187028986384],[-75.74994217599854,38.94211648953394],[-75.74928770870689,38.94274649348142],[-75.74922250135123,38.94277563046968]]]},"id":"107_00000000000000000000","properties":{"labeler":"maddie","notes":"","point_id":1135,"queue_index":24,"source_asset":"point_1135_label","source_labeler":"maddie","source_point_id":1135,"status":"completed","timestamp":"2026-04-12 18:41:35"}},{"type":"Feature","geometry":{"type":"Polygon","coordinates":[[[-75.53768346021343,38.38571653012024],[-75.53742056448085,38.38498908203094],[-75.53724073962232,38.38408284386794],[-75.53699490162965,38.38320355335355],[-75.53683400057625,38.382640099304524],[-75.53679108767611,38.38255178760398],[-75.53620638706965,38.38256437491028],[-75.53560551395104,38.382627405091284],[-75.53460251331822,38.38267172566862],[-75.53439327635003,38.38265906431755],[-75.53427528611651,38.38268429476574],[-75.5341143821153,38.38278108082656],[-75.53387298136239,38.382949265792014],[-75.5336798249381,38.383050182866455],[-75.53347067551826,38.38309645781656],[-75.53327751857066,38.383146864705644],[-75.53305166500417,38.38327703203798],[-75.53275659773043,38.3833905606685],[-75.53258494134118,38.383470493610965],[-75.53243469741325,38.38355036152848],[-75.53221861599198,38.383838234451744],[-75.53192887803364,38.384330215883644],[-75.53192354706314,38.38453204969489],[-75.5320037781488,38.38539414344388],[-75.53204136146637,38.3857010399963],[-75.53208960670406,38.385928164552816],[-75.53215402251266,38.38600800214596],[-75.53233643016114,38.38612153867206],[-75.53350754767611,38.38620142238016],[-75.53428541479987,38.38631916099284],[-75.53500419416193,38.386352849546405],[-75.53617902220746,38.38630658865578],[-75.53779371813637,38.38624347104626],[-75.53768346021343,38.38571653012024]]]},"id":"108_00000000000000000000","properties":{"labeler":"maddie","notes":"","point_id":114,"queue_index":44,"source_asset":"point_114_label","source_labeler":"maddie","source_point_id":114,"status":"completed","timestamp":"2026-04-13 00:14:40"}},{"type":"Feature","geometry":{"type":"Polygon","coordinates":[[[-75.89468682820775,38.98705880216719],[-75.89523400962727,38.98705885127584],[-75.89556662469928,38.98691703930503],[-75.89514821909492,38.98552440410627],[-75.89457958961762,38.98388142524204],[-75.89380711484922,38.9815773151171],[-75.89047042897087,38.981902541001524],[-75.88743412508087,38.98222782811551],[-75.88762725290154,38.9833620739624],[-75.88776870844819,38.984402155753585],[-75.88798328454224,38.985019356342484],[-75.88814423855627,38.985111094257256],[-75.88861628654884,38.98504434618596],[-75.88889520714154,38.98536955672712],[-75.88906688439758,38.98563647669931],[-75.88937797687926,38.985844916965384],[-75.88983938514781,38.98604506751794],[-75.89047583537345,38.986324713061926],[-75.89116244681463,38.98654153658022],[-75.89212805773585,38.9868418093382],[-75.89269669710693,38.987000267627955],[-75.89317945382442,38.9870169125192],[-75.89379098465173,38.986933497412736],[-75.89423093069516,38.98691686151706],[-75.89443477307793,38.986950182776546],[-75.89468682820775,38.98705880216719]]]},"id":"109_00000000000000000000","properties":{"labeler":"maddie","notes":"","point_id":1183,"queue_index":35,"source_asset":"point_1183_label","source_labeler":"maddie","source_point_id":1183,"status":"completed","timestamp":"2026-04-12 19:26:37"}},{"type":"Feature","geometry":{"type":"Polygon","coordinates":[[[-75.8822541415127,38.986493519593054],[-75.88214680483186,38.98664777801713],[-75.88217366116842,38.98695634814145],[-75.88227559111213,38.98744004837011],[-75.88231308358596,38.98758176312822],[-75.88310707079884,38.98750673118195],[-75.88317682588082,38.987490027611834],[-75.88354696154565,38.98693968749156],[-75.8837615440619,38.98661437910668],[-75.88389564688964,38.98642681190471],[-75.88424433137193,38.98624745066554],[-75.8855033641247,38.98560530289672],[-75.88639917171652,38.985100762337744],[-75.8860612170719,38.984917259638685],[-75.8851333222253,38.9842483981625],[-75.88460223284977,38.98389396189889],[-75.88426427390016,38.98366042943778],[-75.8840925907982,38.98350618415711],[-75.88416234539295,38.983433056580225],[-75.88475237747875,38.98356648409715],[-75.88548200364865,38.9839167723254],[-75.88656562272301,38.9844839015585],[-75.88733804854472,38.98491755311733],[-75.88759552287848,38.9849342256834],[-75.8877564773351,38.98482579942473],[-75.88739167060479,38.98299941550952],[-75.88728442646425,38.982323908155394],[-75.88728442646425,38.982223782755916],[-75.88411944676443,38.982524017038294],[-75.88097584586228,38.98280758251137],[-75.87847603621857,38.983024402645235],[-75.87711350033864,38.98315783257615],[-75.87728785106403,38.98384126689525],[-75.87716987405885,38.983874665214614],[-75.87602183121928,38.98395806964869],[-75.875978930117,38.984917146691565],[-75.87606482094715,38.98677686986384],[-75.87613989782196,38.988653156445736],[-75.87623642517379,38.98871154018906],[-75.87724495034627,38.98858648686894],[-75.87892941419243,38.988353018672385],[-75.8815150146878,38.9880110984593],[-75.88226601856402,38.98789434630257],[-75.88201925932215,38.986693424676595],[-75.88207297203869,38.986451571875925],[-75.88186911178497,38.98641822586908],[-75.88160090215044,38.98611804762048],[-75.88148284011406,38.98551756467832],[-75.8814077660801,38.98500055561438],[-75.8813004287556,38.984425104912134],[-75.88148284011406,38.984358346394984],[-75.8816438015446,38.98536748094314],[-75.88220166975158,38.98533410539278],[-75.88241625431357,38.98569269324235],[-75.88263083854923,38.98605127905902],[-75.88256648990316,38.98648496021052],[-75.8822541415127,38.986493519593054]]]},"id":"110_00000000000000000000","properties":{"labeler":"maddie","notes":"","point_id":1187,"queue_index":13,"source_asset":"point_1187_label","source_labeler":"maddie","source_point_id":1187,"status":"completed","timestamp":"2026-04-12 17:00:18"}},{"type":"Feature","geometry":{"type":"Polygon","coordinates":[[[-75.81766760219435,38.984278187740614],[-75.81815043729867,38.984703544910154],[-75.81854734515038,38.984953732558125],[-75.81868683015375,38.98523725637038],[-75.81876672582523,38.98557193122662],[-75.8193997710761,38.98745662847689],[-75.82000053630864,38.98749832774353],[-75.82259696572089,38.98769015077246],[-75.82353032445705,38.98776519433486],[-75.82361615839413,38.987690132030444],[-75.82364914414957,38.98530091508396],[-75.82377789492828,38.983400405133665],[-75.82379935338008,38.98229119430764],[-75.82331653743212,38.981915938772026],[-75.8216535808589,38.980639900170196],[-75.82107419279077,38.981165306681355],[-75.82033386016137,38.98183248863721],[-75.82055917919521,38.98193257921975],[-75.82064501492384,38.98184924122708],[-75.82114929878446,38.982174491411435],[-75.82169649839976,38.98254140016304],[-75.82177160406515,38.98276657438841],[-75.82166431024531,38.98300846040006],[-75.82107419279077,38.983425469292],[-75.8196687191312,38.98247469350488],[-75.81766760219435,38.984278187740614]]]},"id":"111_00000000000000000000","properties":{"labeler":"maddie","notes":"","point_id":1188,"queue_index":50,"source_asset":"point_1188_label","source_labeler":"maddie","source_point_id":1188,"status":"completed","timestamp":"2026-04-13 00:29:15"}},{"type":"Feature","geometry":{"type":"Polygon","coordinates":[[[-75.87981418398508,39.00062098224717],[-75.87921340622277,39.000796093731175],[-75.87836577163887,39.00109623347093],[-75.87790450312279,39.00130464954104],[-75.87793667851204,39.001438113398],[-75.87660631312067,39.00122127809356],[-75.87584880851216,39.0010795316178],[-75.87569856577439,39.00098786368542],[-75.87541961909942,39.001062910570425],[-75.87490462553863,39.00121297647385],[-75.87446479650525,39.00124629740941],[-75.87420729821925,39.001304710707075],[-75.87417512198047,39.00157145893188],[-75.87382100559033,39.00235520384424],[-75.87345625148464,39.003180611547286],[-75.87349915335298,39.00334737642464],[-75.87384245647075,39.0034390925249],[-75.87404632831223,39.00387265334988],[-75.8742434632392,39.00411012149585],[-75.87466184220887,39.004243527903355],[-75.87509103392381,39.00426015529596],[-75.87542360785461,39.00437691338553],[-75.87561675211015,39.004643687166464],[-75.87547723444126,39.00503552361992],[-75.87571327981948,39.005327389362044],[-75.87589569839584,39.005402418325076],[-75.87626044620335,39.005377410802375],[-75.87796991754284,39.00530233906633],[-75.87948268403107,39.005235645443484],[-75.87981524762004,39.005193949587685],[-75.88006201071494,39.00503552358157],[-75.88014098545054,39.0049717536606],[-75.88027509171853,39.00496757996277],[-75.88035557314535,39.00501344468585],[-75.8807524841805,39.00495930115808],[-75.88161774282325,39.00492220632101],[-75.88188054569396,39.00488050264965],[-75.88221851035273,39.004934714978276],[-75.88233116505913,39.00497642299511],[-75.88213271190074,39.00457622832388],[-75.88156402993346,39.00358478833623],[-75.88108123345371,39.002734338412964],[-75.88062360787474,39.00199127981532],[-75.88008408110004,39.001049650626406],[-75.87981418398508,39.00062098224717]]]},"id":"112_00000000000000000000","properties":{"labeler":"maddie","notes":"","point_id":1220,"queue_index":37,"source_asset":"point_1220_label","source_labeler":"maddie","source_point_id":1220,"status":"completed","timestamp":"2026-04-12 19:36:17"}},{"type":"Feature","geometry":{"type":"Polygon","coordinates":[[[-75.7839807432624,39.01587780886571],[-75.78460835494973,39.015144303486494],[-75.78479080175404,39.01485671428612],[-75.78515729118025,39.014435111997656],[-75.78540404127688,39.014122499963285],[-75.78551136235795,39.01409329843164],[-75.78567766552707,39.01411413708076],[-75.78595661094211,39.01419751234879],[-75.78643059516344,39.01436665405244],[-75.7867845744962,39.014458387470725],[-75.78691868019358,39.01448755608482],[-75.78709039206701,39.013791496596895],[-75.78724055109323,39.01317869326033],[-75.7873156748942,39.01300365341546],[-75.7873156748942,39.01296193367152],[-75.78712258802035,39.01292857787061],[-75.7869562865306,39.01288692090011],[-75.78683823452909,39.012799383821495],[-75.78629631161942,39.0125875910987],[-75.7855828505706,39.01227079076228],[-75.78417410046336,39.011662275186254],[-75.78342311027555,39.01132880013165],[-75.78258625758625,39.0109953627101],[-75.78231262742624,39.010882769256334],[-75.7819639588698,39.010903661205944],[-75.78192102938313,39.01097031850085],[-75.7818137943075,39.0109536756859],[-75.78154557322077,39.011558090789514],[-75.78173325707631,39.011766478159146],[-75.78178159715995,39.011878991056356],[-75.78167968382695,39.01194153435463],[-75.7815133760129,39.011858148759714],[-75.78123974380246,39.011747425005424],[-75.78075163940728,39.01273116464443],[-75.78058054081643,39.01277530527204],[-75.78037671236828,39.012725322482424],[-75.78029085243034,39.01271694197942],[-75.78009775608021,39.01280865202285],[-75.77999584154882,39.01301288039263],[-75.77988319441933,39.01307962629313],[-75.77982412116481,39.01318381414232],[-75.77981879924879,39.013358840771524],[-75.77982412116481,39.01350890746695],[-75.77978660165266,39.01361311483963],[-75.77984558622407,39.013725618788605],[-75.77994750086238,39.0137965008503],[-75.78015674052347,39.013904858741185],[-75.78019425993864,39.01405072741919],[-75.78012995360638,39.01416331059609],[-75.78004205345586,39.01430564169588],[-75.7799294063627,39.01435983152478],[-75.77986501121295,39.01435988139912],[-75.7798704218258,39.01454746387419],[-75.77981134856603,39.014726663062405],[-75.77946808454733,39.01546021512473],[-75.77895842022579,39.01660136722846],[-75.77896383087291,39.016651395839105],[-75.7793875459969,39.01670976730527],[-75.77962898411486,39.01672643937455],[-75.77975768589901,39.01671806446112],[-75.7798704218258,39.01663893667534],[-75.77995619331729,39.01656387394267],[-75.78018689797378,39.01613459987827],[-75.78049264094247,39.015455195925135],[-75.78055703581002,39.01529677569624],[-75.78065894994202,39.01542184950227],[-75.78074480965925,39.015626106442575],[-75.78091644024137,39.01579693703316],[-75.78103981899787,39.01602619466794],[-75.7811384509683,39.01603491032248],[-75.78128870493654,39.016255801657],[-75.78148179968076,39.01641003057661],[-75.78165883992483,39.016468386946215],[-75.78180900464963,39.01647670497348],[-75.78208795760405,39.016330841348015],[-75.78258146795423,39.01598902273618],[-75.78290334860853,39.01573057467105],[-75.7839807432624,39.01587780886571]]]},"id":"113_00000000000000000000","properties":{"labeler":"maddie","notes":"","point_id":1238,"queue_index":28,"source_asset":"point_1238_label","source_labeler":"maddie","source_point_id":1238,"status":"completed","timestamp":"2026-04-12 18:54:21"}},{"type":"Feature","geometry":{"type":"Polygon","coordinates":[[[-75.23581352574537,38.39105079213037],[-75.23763741646471,38.391504895714085],[-75.23992267999867,38.392143971600646],[-75.24244131818575,38.392801999804774],[-75.24347126590115,38.39307104996917],[-75.24368588940885,38.392591778596994],[-75.24340690549651,38.39245721365024],[-75.24358476447497,38.39212562403056],[-75.24466838236484,38.39238629739391],[-75.2448293265271,38.39199948224764],[-75.24538719971748,38.390452184955954],[-75.24552668995597,38.39029243147326],[-75.24649225806535,38.39063714840645],[-75.24669290177668,38.390179242752005],[-75.24780338080014,38.38722804064512],[-75.24838278509522,38.385714247525755],[-75.24694508580704,38.38552086354904],[-75.24398516897669,38.385068652816656],[-75.24382422393877,38.38512756820964],[-75.24192527353198,38.384849989228066],[-75.24161406136753,38.384757498770576],[-75.24134584511992,38.38453885653184],[-75.24097035939867,38.384337036094244],[-75.23992971262251,38.38374830802844],[-75.23846131165864,38.38485368129481],[-75.23675538530196,38.38623288918564],[-75.23507801670334,38.38751932657258],[-75.2341123776024,38.38830138921531],[-75.23191302691494,38.390016931699535],[-75.23581352574537,38.39105079213037]]]},"id":"114_00000000000000000000","properties":{"labeler":"maddie","notes":"","point_id":123,"queue_index":55,"source_asset":"point_123_label","source_labeler":"maddie","source_point_id":123,"status":"completed","timestamp":"2026-04-13 00:36:25"}},{"type":"Feature","geometry":{"type":"Polygon","coordinates":[[[-76.06172463384652,39.01620735222079],[-76.06021180802165,39.016390777721575],[-76.0586669203917,39.01669498803927],[-76.05801238278009,39.016861712714565],[-76.05816260625338,39.01706177664956],[-76.05836107449178,39.01747441277329],[-76.05847376395742,39.018007884322024],[-76.05859176468941,39.01857430249423],[-76.05883343128914,39.01894402830829],[-76.05896214292407,39.01936495994029],[-76.05917140972693,39.01951498761056],[-76.05949327632048,39.01965675930229],[-76.05949327632048,39.019890153950406],[-76.05969174264025,39.01997347764238],[-76.06007796329767,39.020023491896055],[-76.06115836623286,39.02023940481799],[-76.06189326553688,39.02038527317617],[-76.06214006052006,39.020360220440814],[-76.06205419574471,39.019839230348914],[-76.06196753423154,39.01889137340631],[-76.06189778008323,39.01822039422533],[-76.06181200367725,39.01674915496858],[-76.06172463384652,39.01620735222079]]]},"id":"115_00000000000000000000","properties":{"labeler":"maddie","notes":"","point_id":1241,"queue_index":73,"source_asset":"point_1241_label","source_labeler":"maddie","source_point_id":1241,"status":"completed","timestamp":"2026-04-13 13:42:15"}},{"type":"Feature","geometry":{"type":"Polygon","coordinates":[[[-75.25043004373828,38.40008487830871],[-75.2505803001884,38.400021851541034],[-75.25081093643482,38.40000079701876],[-75.25146002741751,38.39996295041247],[-75.25169075136866,38.399929330725556],[-75.25201796576594,38.39992937290903],[-75.25233983866657,38.39992511448322],[-75.25296204129982,38.39973598455014],[-75.2538632960483,38.399403573820585],[-75.25429242498534,38.39931528374427],[-75.2545660485822,38.399105056928214],[-75.25494693111231,38.3989999720901],[-75.25542439038573,38.39900832710667],[-75.25652092112831,38.399089540702654],[-75.25716473655953,38.39922828393529],[-75.25756163457709,38.399350170991305],[-75.25783525239818,38.39951410936742],[-75.25830727315663,38.399784408875625],[-75.25853264631685,38.40015444066505],[-75.25863990317559,38.40050753420773],[-75.25858623025059,38.40065045341216],[-75.25870425725516,38.40066729967182],[-75.25956257612097,38.40076819415404],[-75.26080709886946,38.40086910779287],[-75.2616976269922,38.39925475497833],[-75.26149379841884,38.399153833242565],[-75.26106460043151,38.39910335098416],[-75.26094657522673,38.39890998760578],[-75.26089299211009,38.398632528912934],[-75.26091444316067,38.398195308189],[-75.26100772404315,38.39766039437102],[-75.26101902811574,38.39755652504243],[-75.26127652932517,38.39749770113287],[-75.26170563771667,38.39751445302115],[-75.26212406398179,38.39753973835522],[-75.26245668579796,38.3975229115971],[-75.26273563541307,38.397598555743684],[-75.26293946235052,38.39746400546524],[-75.26312183827783,38.39721180103512],[-75.26325063168994,38.39679978652877],[-75.26354026071294,38.395992583738426],[-75.26374177241152,38.395394083324845],[-75.26346282461054,38.395343592516674],[-75.26349504515441,38.39507458944174],[-75.263631225832,38.39449373231612],[-75.26356678479428,38.394224689950875],[-75.26374924898893,38.394006043358665],[-75.26384573240777,38.39364441823492],[-75.26399597584059,38.393171536994835],[-75.2642320215078,38.39240631384233],[-75.26439294534593,38.39183449313848],[-75.26433704925299,38.39159781822066],[-75.26411177355264,38.391501065164],[-75.26381671618297,38.391362364621266],[-75.26341974519887,38.39129086865349],[-75.26300675188313,38.39128248146948],[-75.26264725098511,38.39120257496227],[-75.26168988329147,38.39105963446637],[-75.26104617568828,38.39088304296951],[-75.26044536764175,38.39069802865485],[-75.25979622530441,38.39078633210073],[-75.25955483231341,38.390866169194055],[-75.25905593447058,38.390908232664366],[-75.25845511869883,38.39100491680524],[-75.25730136786004,38.391160546649274],[-75.25631432639324,38.391307648777946],[-75.25545064882284,38.39145065783844],[-75.25524681202472,38.391467461577584],[-75.25480388886973,38.390659295031604],[-75.2541974488223,38.38960992678015],[-75.25411698162455,38.38947542588762],[-75.25396672860357,38.388969781671925],[-75.25389703180326,38.388940337123444],[-75.2538325867135,38.38851980568359],[-75.25373609705387,38.387952185221806],[-75.25359661420168,38.38769150617671],[-75.25358584366353,38.387435053864365],[-75.25346247199117,38.38717431470234],[-75.25348926483747,38.38691363334501],[-75.25330901387203,38.386315617297065],[-75.25313730794251,38.38575217751149],[-75.25294423868411,38.38492800628394],[-75.2524693531545,38.38335151234299],[-75.25204555998441,38.38194283971993],[-75.25194301628328,38.381568561624164],[-75.25190011169376,38.38080744751259],[-75.25188426725727,38.38027824144217],[-75.25154628189779,38.38040434771124],[-75.25109035209917,38.3804296525723],[-75.25072014181296,38.38055579291787],[-75.25044660043957,38.3807744239802],[-75.25027489133866,38.381127635482734],[-75.25010327106224,38.38157338104033],[-75.24971543346184,38.38264655178191],[-75.24911369131209,38.384230360732964],[-75.24951603987215,38.38428923247463],[-75.25013291295966,38.38434391396337],[-75.25018658881353,38.3843775187754],[-75.25011146041585,38.38456676875181],[-75.25033675648505,38.384633999244826],[-75.25055359585363,38.384784962978195],[-75.2506126124273,38.384915309853405],[-75.25059107093546,38.38500774274555],[-75.25055359585363,38.38509192381193],[-75.25043022176733,38.385133969235255],[-75.25031218845864,38.38513393672988],[-75.25016736164413,38.38513817414071],[-75.25001176390775,38.38510872371933],[-75.24993663542534,38.3850413989254],[-75.24986693681255,38.38502460663091],[-75.24975424397002,38.384999396246606],[-75.2497006569814,38.38497837996093],[-75.24968454527522,38.38485219489843],[-75.24958796401799,38.384772294706586],[-75.24945924825815,38.384705019676026],[-75.24930364981104,38.38467981297779],[-75.24911057577712,38.38467558659821],[-75.24893352427328,38.38467561422947],[-75.24885839526839,38.38479757415635],[-75.2487243379725,38.38514654379424],[-75.24834878109284,38.38609096894634],[-75.24794393705709,38.38719818556097],[-75.24740396533277,38.38858156112763],[-75.2469009336026,38.38987122814671],[-75.24640742504276,38.391185664501734],[-75.24582925960819,38.39260986328478],[-75.24540010724323,38.39374503276268],[-75.24517115428245,38.39441093458257],[-75.2457880446535,38.39507098799704],[-75.24607512483388,38.39537587376127],[-75.2454421234575,38.395909798643565],[-75.24506379908416,38.39632900312763],[-75.24518183638767,38.39674943601259],[-75.24538399509025,38.39742255523899],[-75.24526595794056,38.39798585211485],[-75.24504608457912,38.39865625178005],[-75.24522848157184,38.39889583589233],[-75.24564686332185,38.39931208422106],[-75.24595931363746,38.39976190248239],[-75.2459807667557,38.399909019968476],[-75.24596465466301,38.40007717693884],[-75.24614705057567,38.40041766267705],[-75.24629731117618,38.40060691100349],[-75.24646359465682,38.400707758419],[-75.2466931688267,38.400622842965305],[-75.24703650575489,38.40065231661227],[-75.24727257726975,38.40069436621892],[-75.2474066358207,38.40082047337742],[-75.24748710650212,38.40091291269644],[-75.24794304689753,38.40090872192879],[-75.24842586868961,38.400887699057094],[-75.24860292077315,38.40084147111337],[-75.24868873176554,38.400748969340704],[-75.24871721673176,38.40059347914556],[-75.24893708488874,38.40045890344192],[-75.24913558907032,38.40041267294941],[-75.2494950323183,38.40035382596561],[-75.24969887668244,38.4004000704178],[-75.24985447473289,38.40040845984019],[-75.25001532449842,38.40033280326671],[-75.25017092223123,38.40020664769637],[-75.25043004373828,38.40008487830871]]]},"id":"116_00000000000000000000","properties":{"labeler":"maddie","notes":"","point_id":127,"queue_index":29,"source_asset":"point_127_label","source_labeler":"maddie","source_point_id":127,"status":"completed","timestamp":"2026-04-12 19:03:13"}},{"type":"Feature","geometry":{"type":"Polygon","coordinates":[[[-75.74657461415832,39.04466904797979],[-75.74486871235791,39.04355244559433],[-75.74465409804623,39.043602457154165],[-75.7445038944538,39.04356913547049],[-75.74428936831876,39.04337748285006],[-75.74418201641073,39.04320250261431],[-75.74398896021606,39.04311085797261],[-75.74373140368562,39.04308585670991],[-75.74350614115467,39.04313578975055],[-75.7427121744258,39.04322748462544],[-75.74175735021942,39.043369159428615],[-75.74162861437702,39.04344410324456],[-75.7414784076284,39.04369414382886],[-75.74129599449681,39.04396909203143],[-75.74066295880692,39.04459403947115],[-75.74044842694963,39.0454522792139],[-75.74006913597344,39.04645336077793],[-75.74007570148656,39.04712117485103],[-75.74154557038179,39.04773480070279],[-75.74189966041712,39.04794309728848],[-75.74202839601722,39.04799315717507],[-75.74209839761501,39.0479141906524],[-75.74366477427736,39.04860571184882],[-75.74404032951372,39.048289095472406],[-75.74443726540306,39.048014175599],[-75.74517754702542,39.04761422555931],[-75.74633214453496,39.046981002855766],[-75.74627846935272,39.046839278021196],[-75.74637508466634,39.046164400867],[-75.74657461415832,39.04466904797979]]]},"id":"117_00000000000000000000","properties":{"labeler":"maddie","notes":"","point_id":1288,"queue_index":39,"source_asset":"point_1288_label","source_labeler":"maddie","source_point_id":1288,"status":"completed","timestamp":"2026-04-12 19:41:16"}},{"type":"Feature","geometry":{"type":"Polygon","coordinates":[[[-76.00388836095279,39.05526542552203],[-76.0052616182967,39.05394904549887],[-76.00486470607949,39.05343354900834],[-76.0047680902831,39.05310033462303],[-76.00478960966427,39.05271703473375],[-76.00483247130246,39.05253378242301],[-76.0046929938156,39.05225881343333],[-76.00416280097122,39.051672073650195],[-76.00405546921841,39.051647053461735],[-76.00248905379188,39.053363417330765],[-75.99964593981943,39.05623075416937],[-76.00022530074986,39.056471104603496],[-76.00051498030814,39.05689600330652],[-76.00081537498035,39.05721257465206],[-76.0010192391546,39.05779573498425],[-76.0010192391546,39.05797070717985],[-76.00079394354238,39.05827702729266],[-76.00013948605353,39.058518594312574],[-75.99981756976935,39.0587601787272],[-75.99980685397374,39.05884354901976],[-76.0003218311498,39.05903510379686],[-76.00048274452048,39.059193367235366],[-76.0004398815385,39.059376673572025],[-76.0000965344054,39.05962663461256],[-76.00011796595108,39.05977653621202],[-76.00022530074986,39.05993488975529],[-76.00042916579092,39.06000147372433],[-76.0006007947723,39.06011815849752],[-76.00070804063793,39.06027642220764],[-76.00086904212043,39.06072630143301],[-76.00098700348407,39.060926181132025],[-76.00113720039059,39.06100952956536],[-76.00130891705562,39.0609095452389],[-76.00144839794486,39.06071791203235],[-76.00152349616872,39.060568013578575],[-76.00157707447576,39.0603263694398],[-76.00159859435195,39.06009313321544],[-76.00186675121228,39.05965162228289],[-76.0020384669745,39.05956831960541],[-76.00222621165958,39.05955995299872],[-76.00237109370515,39.059551660091394],[-76.0025856711756,39.05944754157672],[-76.00275189542624,39.05933502968473],[-76.00283239500507,39.05938500360059],[-76.00244619142961,39.05971824439257],[-76.00253200469945,39.05985151601904],[-76.0026178179162,39.05993488580443],[-76.00251048496804,39.060034852490965],[-76.00245690702143,39.06005147491854],[-76.0022637605661,39.05995150473333],[-76.00212968258435,39.060005636563005],[-76.00211356487902,39.06011813195765],[-76.00195796693502,39.060243086881194],[-76.00194725130467,39.060318035115095],[-76.0021242804965,39.060393038207856],[-76.00226916264852,39.06044720030725],[-76.00240324049547,39.06048468419507],[-76.00252128911345,39.06050555436258],[-76.00285692567054,39.060722471129495],[-76.0030822179331,39.06085575510535],[-76.00319486392719,39.06086824657653],[-76.00349525279755,39.06085989445159],[-76.00415279397139,39.060762705404926],[-76.00488773091563,39.06063775814883],[-76.00529004503171,39.060508655951956],[-76.00566552534625,39.06027951699839],[-76.00588009772045,39.06004627072647],[-76.00604924038151,39.0594025728224],[-76.00610290549683,39.058894417424625],[-76.00616728589655,39.05876947923443],[-76.00651593136591,39.058423682589606],[-76.00655888102654,39.058182131726696],[-76.00653736191988,39.057669788525466],[-76.00644083584486,39.057436492023974],[-76.00558688710036,39.056610545385965],[-76.00388836095279,39.05526542552203]]]},"id":"118_00000000000000000000","properties":{"labeler":"maddie","notes":"","point_id":1300,"queue_index":95,"source_asset":"point_1300_label","source_labeler":"maddie","source_point_id":1300,"status":"completed","timestamp":"2026-04-14 00:53:36"}},{"type":"Feature","geometry":{"type":"Polygon","coordinates":[[[-75.89068358288242,39.06061591451491],[-75.89141308973446,39.06049096808293],[-75.89147752297316,39.059499613947004],[-75.89155259164741,39.05777511578803],[-75.89165992117005,39.05639214542462],[-75.89138091741856,39.05614222154166],[-75.89073720367013,39.05577978221991],[-75.89067817648781,39.056608706078094],[-75.89062455567765,39.05690035048496],[-75.88820521668099,39.056742004184535],[-75.88817836149268,39.056550451220524],[-75.88818908584243,39.056321348958605],[-75.88828569358431,39.056050582824675],[-75.88833931528403,39.05588389340361],[-75.88824811406688,39.055679823973485],[-75.88807111795042,39.05553816333499],[-75.88767413887227,39.05544232726351],[-75.88700895932288,39.05540485653593],[-75.88640812355945,39.05538823729465],[-75.88531891940949,39.055271698605175],[-75.88519013590695,39.055438337724595],[-75.88514723759096,39.05607147506113],[-75.88503999174387,39.05707957539176],[-75.88480121433366,39.05881244233551],[-75.8845651841505,39.05936223143841],[-75.88640280563303,39.059623784267714],[-75.88878459618128,39.059915374093066],[-75.88998624489648,39.060098639636735],[-75.89069439567099,39.06009866825923],[-75.89068358288242,39.06061591451491]]]},"id":"119_00000000000000000000","properties":{"labeler":"maddie","notes":"","point_id":1301,"queue_index":53,"source_asset":"point_1301_label","source_labeler":"maddie","source_point_id":1301,"status":"completed","timestamp":"2026-04-13 00:33:48"}},{"type":"Feature","geometry":{"type":"Polygon","coordinates":[[[-75.9220573815093,39.086310507414076],[-75.92220757478465,39.08636883556703],[-75.92249723911952,39.0864146694198],[-75.92278690285643,39.08649377493737],[-75.9236612956062,39.0871016415645],[-75.92387590555968,39.08728070123057],[-75.92399393203333,39.08733897555124],[-75.92407438846145,39.087339030158624],[-75.92572825404267,39.08660885012821],[-75.92569068452934,39.08592600400966],[-75.92603403760825,39.085892700579805],[-75.92605548053393,39.08623826930623],[-75.92618422662625,39.086400714909715],[-75.92735365750157,39.085876072673784],[-75.92730022789013,39.085778659553256],[-75.92686038534,39.08523736598081],[-75.92683353753291,39.08517072011308],[-75.92727346877359,39.08497915108861],[-75.92774015766665,39.0856828588651],[-75.92811026468955,39.085487164174225],[-75.92807810077109,39.08541635992796],[-75.92789566121519,39.085216469052966],[-75.92780448565124,39.08496668022238],[-75.92778304299298,39.08473347096324],[-75.92769718372112,39.08456693297685],[-75.92750942729737,39.08442537649468],[-75.92695156151785,39.0840797599082],[-75.92657604642227,39.083888205008954],[-75.92606106278264,39.08356755863254],[-75.925953050661,39.08349103126817],[-75.92572772239868,39.083287039859236],[-75.92545950775062,39.082945544867464],[-75.92533616605546,39.082774870657694],[-75.92525030528552,39.08263739371224],[-75.9250357860424,39.08264162088462],[-75.92470855717225,39.082654071732094],[-75.92435979574896,39.08270401162396],[-75.92408085687272,39.08274155551866],[-75.92383408234099,39.08282481379069],[-75.92337730463875,39.08309683200782],[-75.92292132293134,39.08340907561461],[-75.92249218838523,39.083708868774856],[-75.9223848823913,39.083863004646176],[-75.92235714763302,39.08407342579907],[-75.92240535117104,39.08427742470656],[-75.92240535117104,39.08457719803855],[-75.92236786937728,39.084810421075424],[-75.922113737235,39.08562461928917],[-75.92197958221557,39.08604514252544],[-75.92196354385922,39.086161693257395],[-75.92199570917978,39.08624496501728],[-75.9220573815093,39.086310507414076]]]},"id":"120_00000000000000000000","properties":{"labeler":"maddie","notes":"","point_id":1321,"queue_index":69,"source_asset":"point_1321_label","source_labeler":"maddie","source_point_id":1321,"status":"completed","timestamp":"2026-04-13 13:16:06"}},{"type":"Feature","geometry":{"type":"Polygon","coordinates":[[[-75.92190125122023,39.09433834471228],[-75.92183683191865,39.09362221649207],[-75.92166519465307,39.09245644848968],[-75.92160077524315,39.09147390844711],[-75.92112874931121,39.09159050376229],[-75.92065663318118,39.091640390375105],[-75.9199699884753,39.091673759111515],[-75.9190902560357,39.09174037604483],[-75.91825340632244,39.09174033505998],[-75.91763117112333,39.09172370525266],[-75.91709471036606,39.09127403745262],[-75.91621495991117,39.09055789873979],[-75.91546395987177,39.08995838028842],[-75.91488460158148,39.08952532147654],[-75.91464853321729,39.08960861070216],[-75.91443390915751,39.089858389143664],[-75.91428370756638,39.0900749376351],[-75.91419792865058,39.09042468327461],[-75.91413350581469,39.090657840179155],[-75.91419792865058,39.09092427124607],[-75.91432668561919,39.091224079312894],[-75.91454122122838,39.0913573217159],[-75.91484162369936,39.09152385839791],[-75.91518500331813,39.09177366270438],[-75.915571182542,39.09187359538511],[-75.9155497380145,39.09202343852865],[-75.915571182542,39.09214005856997],[-75.91615053800035,39.09265631137097],[-75.91642949263635,39.09282285759633],[-75.91694451162031,39.09272294241091],[-75.91756674986217,39.09267296263265],[-75.91771694794238,39.09322253222135],[-75.91782425750482,39.09398864578518],[-75.9172877974852,39.09443824210645],[-75.91724490895116,39.09482128184372],[-75.91767405953941,39.09482130310928],[-75.91941209271677,39.094771333979885],[-75.92112874931121,39.09473803403792],[-75.92110730563253,39.09440498016629],[-75.92190125122023,39.09433834471228]]]},"id":"121_00000000000000000000","properties":{"labeler":"maddie","notes":"","point_id":1323,"queue_index":0,"source_asset":"point_1323_label","source_labeler":"maddie","source_point_id":1323,"status":"completed","timestamp":"2026-04-12 14:06:04"}},{"type":"Feature","geometry":{"type":"Polygon","coordinates":[[[-75.54636284469636,38.39942091962431],[-75.5462904393751,38.3992422472574],[-75.5462851089206,38.399137119850835],[-75.5462824436933,38.3990656779975],[-75.54670088379565,38.39898792068173],[-75.54706566309932,38.39892270038922],[-75.54720238847645,38.398992084115925],[-75.54728021261137,38.3989437191377],[-75.54762624522785,38.39888912347909],[-75.54795610817389,38.39881975512911],[-75.54814924600826,38.398767135079545],[-75.54817607562312,38.39874194757483],[-75.54813849639301,38.39866628215797],[-75.54807417636474,38.398483431022754],[-75.54804734673144,38.398245894451755],[-75.54800443707603,38.398090348951456],[-75.54794535854461,38.39805674335174],[-75.54747868173848,38.39814505357118],[-75.54684027472665,38.398275372339945],[-75.54637359444044,38.398376261924106],[-75.54538692460025,38.398600290990565],[-75.54472443244033,38.39875164189199],[-75.54421519010855,38.39889130647288],[-75.54420186378537,38.39905528863328],[-75.5442393551715,38.39931382316422],[-75.54429301581192,38.399716520079366],[-75.54433059601708,38.400040191445314],[-75.54434934169504,38.400281110496174],[-75.54441641744276,38.4003420706153],[-75.54456389513899,38.400304259219475],[-75.54470071166575,38.40031269715837],[-75.54478120236861,38.40035677748048],[-75.54487777338599,38.40032107244002],[-75.54492068394667,38.40026014928274],[-75.54513257131573,38.400194945065984],[-75.54536053868777,38.400176042044045],[-75.54550268496212,38.40021810508688],[-75.54565415943567,38.40024269668786],[-75.54572389983039,38.400276303278325],[-75.54580705521359,38.40028469235078],[-75.54581505092105,38.400377173866566],[-75.54598136153848,38.40037932159555],[-75.54607793177397,38.40035195291814],[-75.54617450194654,38.400421332421445],[-75.54624157686838,38.40042133226882],[-75.54630865175986,38.40045287357197],[-75.5463595575844,38.4004885999635],[-75.54644537783538,38.40049913205661],[-75.54648562271856,38.400530689080654],[-75.54661168774551,38.40051174016201],[-75.54659827279708,38.40044445693458],[-75.54657952740351,38.40034354743539],[-75.54657144289655,38.4001459682285],[-75.54656611245217,38.40001984056367],[-75.5466793843542,38.400011713987375],[-75.54675445470433,38.40003906693993],[-75.5468939344255,38.39997602165893],[-75.54699316928095,38.399929793605],[-75.54707099352574,38.39992768056388],[-75.54730428833435,38.39992556629763],[-75.547443767538,38.39987927413736],[-75.54751057536483,38.39980939118955],[-75.54767963812188,38.39978206985051],[-75.5478995171416,38.39967066645132],[-75.54815706390978,38.39953818788742],[-75.54827770829228,38.399510847657275],[-75.54825363272748,38.39929647115358],[-75.54818922390942,38.39924182469295],[-75.5479709444378,38.399154187501956],[-75.54782880053085,38.399160424149855],[-75.54765982678408,38.39920042154355],[-75.54749893730143,38.399238207855504],[-75.54715290438766,38.399295004848824],[-75.54679887501194,38.39932861555491],[-75.54654132588324,38.399377004787674],[-75.54636284469636,38.39942091962431]]]},"id":"122_00000000000000000000","properties":{"labeler":"maddie","notes":"","point_id":134,"queue_index":65,"source_asset":"point_134_label","source_labeler":"maddie","source_point_id":134,"status":"completed","timestamp":"2026-04-13 01:02:39"}},{"type":"Feature","geometry":{"type":"Polygon","coordinates":[[[-75.83252646791094,39.159438446105064],[-75.83382470722471,39.15919715580779],[-75.83667853991888,39.15882281144186],[-75.83849169181116,39.15858150570491],[-75.83862042914856,39.15856488415247],[-75.83878135065618,39.15829871580236],[-75.83902818527548,39.15773298451196],[-75.83953240394206,39.156385226900476],[-75.84028584710235,39.15440939458094],[-75.84014638328397,39.154309521107464],[-75.83965289482663,39.154209727000584],[-75.83919150018646,39.15404331199914],[-75.83850490246617,39.15364393620656],[-75.83554373444811,39.15361066876464],[-75.83524334063964,39.15381035615843],[-75.83528625407972,39.15480039005089],[-75.83496440296307,39.15487524453204],[-75.83463182270995,39.15396840300713],[-75.83468546473891,39.153627331300264],[-75.8317457630375,39.15357738944369],[-75.83173503441142,39.15509158683065],[-75.83303319228864,39.15559078160548],[-75.8329473640347,39.1556572908576],[-75.83246457914049,39.155532486090785],[-75.83119851340822,39.15610653931914],[-75.83043039197747,39.15628215492713],[-75.8299583272963,39.157513432734966],[-75.83064496631444,39.15838696355868],[-75.83150388108915,39.15907175976143],[-75.83252646791094,39.159438446105064]]]},"id":"123_00000000000000000000","properties":{"labeler":"maddie","notes":"","point_id":1354,"queue_index":76,"source_asset":"point_1354_label","source_labeler":"maddie","source_point_id":1354,"status":"completed","timestamp":"2026-04-13 15:31:24"}},{"type":"Feature","geometry":{"type":"Polygon","coordinates":[[[-75.99373183887742,39.17419278218188],[-75.99175772944777,39.17290355560602],[-75.98989447742171,39.17170464618244],[-75.98980865634205,39.17170466749297],[-75.98974426835585,39.17183775439012],[-75.98981937290907,39.172278586813455],[-75.98995886533831,39.17359275972972],[-75.98963701402377,39.17363429897392],[-75.98986232773554,39.176558127733365],[-75.99096736929494,39.176533212810575],[-75.99111580572207,39.17664365095626],[-75.99118019307284,39.177150928941586],[-75.99151275725002,39.17717591737939],[-75.99262850203559,39.17706777545311],[-75.9932937112254,39.17728406721423],[-75.99526779882808,39.17781627191395],[-75.99713469838989,39.178307022457524],[-75.99715613039282,39.17821554828975],[-75.99685572780186,39.17733389929528],[-75.9963602215184,39.1759407387998],[-75.99632798476595,39.175857494351845],[-75.99373183887742,39.17419278218188]]]},"id":"124_00000000000000000000","properties":{"labeler":"maddie","notes":"","point_id":1370,"queue_index":96,"source_asset":"point_1370_label","source_labeler":"maddie","source_point_id":1370,"status":"completed","timestamp":"2026-04-14 00:55:17"}},{"type":"Feature","geometry":{"type":"Polygon","coordinates":[[[-75.99216840674384,39.18274991389454],[-75.99254392255342,39.182608557720464],[-75.99292483979407,39.18233828926744],[-75.99314474573767,39.182159475490295],[-75.99297310754005,39.181639677321535],[-75.99245836880495,39.18050729182355],[-75.99190581076928,39.17929874669544],[-75.99153684708762,39.178429901646616],[-75.991113060181,39.1784590617779],[-75.99061416789888,39.178558813270364],[-75.99016354254775,39.1786628253496],[-75.98962709454379,39.1787625740564],[-75.98918727117521,39.178862375578376],[-75.98881174629561,39.178883181426535],[-75.98853275899477,39.17885406928899],[-75.98821630700724,39.17892481682253],[-75.98803926008704,39.17890816111857],[-75.98787833230064,39.178995501091656],[-75.98723780775153,39.17905348899589],[-75.98686227760614,39.17913249827623],[-75.98663695903207,39.17910340344055],[-75.98649755183841,39.17906597537335],[-75.98646531279788,39.179120012876474],[-75.98650826866067,39.17935289360319],[-75.98662624221971,39.17970630549926],[-75.986921264248,39.180860809531104],[-75.9872846603801,39.182217264101126],[-75.98757684683233,39.183305778183275],[-75.98908958166383,39.18299393535264],[-75.9892236722358,39.1834845449754],[-75.98983522634141,39.18334737750796],[-75.99141967478691,39.18297228048607],[-75.99216840674384,39.18274991389454]]]},"id":"125_00000000000000000000","properties":{"labeler":"maddie","notes":"","point_id":1371,"queue_index":32,"source_asset":"point_1371_label","source_labeler":"maddie","source_point_id":1371,"status":"completed","timestamp":"2026-04-12 19:21:20"}},{"type":"Feature","geometry":{"type":"Polygon","coordinates":[[[-76.00017969232653,39.198770451839046],[-75.99838793363062,39.198728868068585],[-75.99772274884097,39.19892008523055],[-75.99677859012131,39.19942724478244],[-75.99600614820625,39.20022548340216],[-75.99568431090067,39.200990370484675],[-75.99574860757114,39.201522424513165],[-75.99583451354447,39.201790037809104],[-75.99600614820625,39.201981301277314],[-75.9961777826559,39.202796022152086],[-75.99706827687216,39.20362743791997],[-75.99762621663358,39.203893497559925],[-75.9983874908246,39.20413989015635],[-75.9989775728682,39.20423965375148],[-76.00015781799002,39.20420641966085],[-76.00110195372547,39.203890494700595],[-76.00171168434599,39.20353217004505],[-76.00228032104759,39.20305002556273],[-76.00265580950916,39.20250959273831],[-76.00288110209831,39.2021022102241],[-76.00254856514894,39.20159505270365],[-76.00292405288452,39.20137988273683],[-76.00272019150889,39.20054012149528],[-76.00222080957549,39.199787893342844],[-76.00160922145007,39.19928904757143],[-76.00105138625813,39.19898970759238],[-76.0006115105066,39.19880676637569],[-76.00017969232653,39.198770451839046]]]},"id":"126_00000000000000000000","properties":{"labeler":"maddie","notes":"","point_id":1390,"queue_index":93,"source_asset":"point_1390_label","source_labeler":"maddie","source_point_id":1390,"status":"completed","timestamp":"2026-04-14 00:47:34"}},{"type":"Feature","geometry":{"type":"Polygon","coordinates":[[[-75.97098581359873,39.20095463150129],[-75.97086242348173,39.19982389868299],[-75.97081955136957,39.19941583400931],[-75.97031527158927,39.199411685745886],[-75.96946774439157,39.19948237069743],[-75.96890978026806,39.19951559852433],[-75.96786373546071,39.199532254265],[-75.96640143865208,39.19963750278966],[-75.96538753037261,39.199720613270735],[-75.96515154716799,39.19971233624461],[-75.96489403801282,39.19993262266892],[-75.96456229607156,39.200419046224525],[-75.964373791888,39.200689084261064],[-75.96429867360851,39.20143733683696],[-75.96424508094336,39.2020193346436],[-75.96428795507713,39.20211272004154],[-75.96474929409595,39.20214594813619],[-75.96480297514996,39.20217087918504],[-75.96480297514996,39.202736252026824],[-75.96456690237362,39.20274873078989],[-75.96457762088355,39.20268633402953],[-75.96429867360851,39.202669759178725],[-75.96428795507713,39.20338060064359],[-75.96429867360851,39.203687386147536],[-75.96509263988686,39.203662473782984],[-75.96586507624414,39.20367077974105],[-75.96606899164213,39.2036707751347],[-75.96635325027236,39.20344210734407],[-75.96668047030288,39.20288093720806],[-75.96685214092679,39.20263980325179],[-75.9680207002595,39.20254823950041],[-75.96817093276826,39.202905714799066],[-75.9681494962999,39.20312191228348],[-75.96787046758888,39.203304787659796],[-75.96773635644782,39.203562498367525],[-75.96746388189601,39.204289989053585],[-75.9674584784616,39.20467243066992],[-75.96762129004892,39.2047983853925],[-75.9677929595145,39.204839936139486],[-75.9680987396902,39.20481085965219],[-75.96899455127497,39.20470270925078],[-75.97008452289937,39.20458587711703],[-75.97016495281238,39.20451933344046],[-75.97010595907015,39.20402889233393],[-75.96998797151075,39.20319828874375],[-75.96986989527213,39.20319410518115],[-75.96962320153251,39.203210740297614],[-75.96938173355703,39.20317745132291],[-75.96907595619545,39.20304449870179],[-75.96895796776421,39.202990461823696],[-75.96893653141689,39.202894801562564],[-75.96954268272731,39.20282827250773],[-75.96969291359584,39.20278256126802],[-75.969810901405,39.20264538948363],[-75.97039189247093,39.20247659242149],[-75.9705314043727,39.2024017963507],[-75.97099272273343,39.20227708025571],[-75.9711214274491,39.202073382962055],[-75.97116979133769,39.201844760993694],[-75.97107855541661,39.20173480017267],[-75.97098581359873,39.20095463150129]]]},"id":"127_00000000000000000000","properties":{"labeler":"maddie","notes":"","point_id":1391,"queue_index":43,"source_asset":"point_1391_label","source_labeler":"maddie","source_point_id":1391,"status":"completed","timestamp":"2026-04-13 00:12:30"}},{"type":"Feature","geometry":{"type":"Polygon","coordinates":[[[-75.98072327878258,39.219435413897315],[-75.98119536918739,39.21951026403898],[-75.98241845674693,39.21942707538512],[-75.98264378215474,39.21935228260432],[-75.98320160268322,39.21919433528045],[-75.98421015565219,39.21860424862646],[-75.98414062799712,39.21826614072566],[-75.98446249203458,39.218074896079365],[-75.9848379400904,39.21789206792224],[-75.98502039383983,39.21760942077531],[-75.98533153892936,39.2166618885918],[-75.98515980251426,39.215639434040334],[-75.98446320059521,39.21469815729117],[-75.98422724970732,39.214465448829664],[-75.98386242845879,39.214282549268496],[-75.98352984598193,39.21393340941831],[-75.9825729251476,39.213634856333606],[-75.98158588328565,39.21350185948077],[-75.98051300760648,39.21358500472499],[-75.97968688858305,39.21405050215986],[-75.97870859505274,39.21460120619625],[-75.97825793112968,39.214825687721735],[-75.97811851554042,39.2150085200679],[-75.9780004461933,39.21590631498443],[-75.9777289660319,39.21602826649027],[-75.97731054010694,39.21607810828852],[-75.97728910504476,39.2169842071501],[-75.97741780394297,39.217684906426626],[-75.97782551205535,39.218358135379034],[-75.97843702769832,39.218798707814244],[-75.97922745905979,39.21916332372879],[-75.97995703633194,39.21930459504505],[-75.98072327878258,39.219435413897315]]]},"id":"128_00000000000000000000","properties":{"labeler":"maddie","notes":"","point_id":1410,"queue_index":104,"source_asset":"point_1410_label","source_labeler":"maddie","source_point_id":1410,"status":"completed","timestamp":"2026-04-14 15:55:01"}},{"type":"Feature","geometry":{"type":"Polygon","coordinates":[[[-75.99508960956926,39.223469405874276],[-75.99573337475384,39.223469357532764],[-75.99667745201826,39.22338622764858],[-75.9974821266909,39.223178502019316],[-75.99800782842681,39.22302052846191],[-75.99887687917152,39.22250521003574],[-75.99954205843085,39.221981620334624],[-75.99982589443646,39.22149505107731],[-76.0001370063711,39.2207553076827],[-76.00059831509812,39.21962487380416],[-76.00036416280861,39.218753489232164],[-76.00008519871048,39.21805527651402],[-75.99942002205407,39.217265629768164],[-75.99888360979908,39.216858273733955],[-75.99807894324934,39.216351256378466],[-75.99715621895483,39.21610188349331],[-75.99701673375249,39.21612684522759],[-75.99592573323118,39.21852679372016],[-75.9955716588112,39.21916687551928],[-75.99473677290707,39.220749854946405],[-75.99413595660849,39.22178050535705],[-75.9935244214307,39.22301062597392],[-75.99371758004493,39.223052194118395],[-75.99415747763813,39.22324336676987],[-75.99508960956926,39.223469405874276]]]},"id":"129_00000000000000000000","properties":{"labeler":"maddie","notes":"","point_id":1415,"queue_index":41,"source_asset":"point_1415_label","source_labeler":"maddie","source_point_id":1415,"status":"completed","timestamp":"2026-04-12 19:47:18"}},{"type":"Feature","geometry":{"type":"Polygon","coordinates":[[[-75.77703603097947,39.22700539824454],[-75.77546966337864,39.22695560500982],[-75.77458983253669,39.22647352866582],[-75.77424655600811,39.226274061053736],[-75.77371008499621,39.226357197007935],[-75.77330240826164,39.22662310900563],[-75.77265869178825,39.22692234011383],[-75.7718432424767,39.22730460655576],[-75.77139262779252,39.227736768308475],[-75.7709849444684,39.22796947687356],[-75.76898944383726,39.22855125486091],[-75.76868899865893,39.228684276169446],[-75.76759463486073,39.22881719133338],[-75.76592091715565,39.23008046902451],[-75.76589953871866,39.23037964468659],[-75.76705822767117,39.231626194985076],[-75.76716547378693,39.23222459979195],[-75.7674331008412,39.233080095458085],[-75.76754043538297,39.23374493846666],[-75.76811977440343,39.234592523203105],[-75.76872057780972,39.235024703639525],[-75.769750533324,39.235523253375625],[-75.77060883872032,39.23583907234107],[-75.77102503870222,39.236174714854755],[-75.77156151976133,39.23649056263005],[-75.77201204521131,39.236689972810154],[-75.77201204521131,39.23713871868769],[-75.7718618702186,39.23763726332309],[-75.77350394050858,39.23803114541129],[-75.77562826120565,39.23848823678206],[-75.77814948183271,39.23896294553531],[-75.78110847111397,39.239431257190994],[-75.78149466082812,39.239511057506846],[-75.78266413343245,39.239519391404734],[-75.78501378212178,39.2393864464965],[-75.78464897754466,39.238563730660616],[-75.78440222614621,39.237799249731026],[-75.7843163686224,39.23705970215973],[-75.78408034886232,39.237051390304536],[-75.78318983863453,39.23736716394591],[-75.78268559806598,39.23761649007456],[-75.78270706269629,39.23796549092371],[-75.78130156610123,39.238239695215356],[-75.78129083368114,39.238106729915586],[-75.78152685804021,39.23789071276594],[-75.78152685804021,39.237450274660226],[-75.78166637920893,39.237101285381044],[-75.78174141723835,39.23703475829841],[-75.78196679718252,39.23713445889246],[-75.78233151989818,39.2372258900171],[-75.78281438579961,39.237234229285],[-75.78320057091229,39.23714275731847],[-75.7835868436794,39.23699324711019],[-75.7839408300462,39.23676054348967],[-75.78366188070224,39.23666080252766],[-75.78328642910539,39.23663588264436],[-75.7829108878271,39.236710649227604],[-75.78252470193294,39.23677717698964],[-75.78199651076537,39.23626339535169],[-75.78185707861569,39.23595592540556],[-75.78221115795684,39.235706683474824],[-75.78228619570075,39.2355155091699],[-75.7823827867813,39.23514159521867],[-75.7825647042409,39.2346064532002],[-75.78250039897321,39.23439036343237],[-75.78267202745093,39.234190891261235],[-75.78268275976752,39.23402467912084],[-75.78260763353458,39.23388340112956],[-75.78238234329623,39.23373381932908],[-75.78197469123945,39.23377538382633],[-75.78084814282508,39.234066290443266],[-75.77972158554807,39.23437373294528],[-75.77956068608457,39.2345815238742],[-75.77922806534164,39.23415766329617],[-75.77952848843043,39.2341992358333],[-75.78069788839454,39.23393332578664],[-75.78101977328335,39.23380030062481],[-75.78134165744859,39.23355101819328],[-75.78208192619458,39.233393144755034],[-75.78104336691166,39.23141358014736],[-75.78101276615239,39.231095429075836],[-75.78065877254585,39.230812825176],[-75.77981117116883,39.23077964295426],[-75.7789323426778,39.23057626895385],[-75.7777199975531,39.2294543109392],[-75.77727809396198,39.2278567746967],[-75.77703603097947,39.22700539824454]]]},"id":"130_00000000000000000000","properties":{"labeler":"maddie","notes":"","point_id":1431,"queue_index":71,"source_asset":"point_1431_label","source_labeler":"maddie","source_point_id":1431,"status":"completed","timestamp":"2026-04-13 13:38:09"}},{"type":"Feature","geometry":{"type":"Polygon","coordinates":[[[-75.87705225150705,39.237247168129485],[-75.87682702221777,39.237388461726816],[-75.876832340505,39.23760861905251],[-75.87676798921594,39.2377540418597],[-75.87658557176611,39.23775409581407],[-75.876478319414,39.23768343434607],[-75.87632275903958,39.23779149668787],[-75.87624227531421,39.23801164588328],[-75.87634952784556,39.23825268339665],[-75.87644073675234,39.23841883529115],[-75.87640448365651,39.23856305594246],[-75.87629714252844,39.23864612570795],[-75.87608795562004,39.238712598222676],[-75.87604505453783,39.23878324733434],[-75.87605577980959,39.23916130391528],[-75.87612553837555,39.24001461378571],[-75.8763830331651,39.240151750717416],[-75.87659044687109,39.24041080189325],[-75.87698745712808,39.24066843008784],[-75.87744881727725,39.24083046121537],[-75.87776525362632,39.24121269221014],[-75.87820347691195,39.241781854237935],[-75.87863256922805,39.24232198319822],[-75.87903241011963,39.2428239158394],[-75.87974593405818,39.24262871933105],[-75.88094216436149,39.24229629006262],[-75.8826648741849,39.241790418605525],[-75.88293317043168,39.241715675574284],[-75.88301356170858,39.241541143235594],[-75.88295993798431,39.24138328546541],[-75.88235722364875,39.24070230411173],[-75.88146466989699,39.23981592349255],[-75.88048994511695,39.23879053054956],[-75.87949748631834,39.23775710250979],[-75.87887499118507,39.23712322795533],[-75.87847798623449,39.23699027190313],[-75.87819904504896,39.23709416918502],[-75.87799526783841,39.23713154534638],[-75.87782357711131,39.237222932772276],[-75.87772696220667,39.237222916283784],[-75.87762511761635,39.23716061694235],[-75.87750705225523,39.23709002209511],[-75.8773729433582,39.23706921628537],[-75.87727100987472,39.23712326422733],[-75.87712085728768,39.23720214835529],[-75.87705225150705,39.237247168129485]]]},"id":"131_00000000000000000000","properties":{"labeler":"maddie","notes":"","point_id":1439,"queue_index":59,"source_asset":"point_1439_label","source_labeler":"maddie","source_point_id":1439,"status":"completed","timestamp":"2026-04-13 00:47:03"}},{"type":"Feature","geometry":{"type":"Polygon","coordinates":[[[-75.83957008506117,39.29802949221081],[-75.839763189557,39.29766413651521],[-75.83981142130929,39.29743995946232],[-75.83982755766392,39.297257313182335],[-75.83974705319505,39.29723237242965],[-75.83972559715049,39.29714524038099],[-75.83967195702489,39.29714109193693],[-75.83930188393684,39.297336185524934],[-75.83930188393684,39.29743580486453],[-75.83919992304592,39.29767243773444],[-75.83910869015192,39.29770983896889],[-75.83874393531364,39.29763926317656],[-75.83857760537778,39.297606037075916],[-75.83763884833476,39.297352815382254],[-75.83752083829766,39.297356932525595],[-75.83746187757373,39.29741090235789],[-75.83739209996355,39.29761020570046],[-75.8371989922436,39.29756450355162],[-75.83716139915832,39.29756039744513],[-75.83676596185659,39.29805034127833],[-75.83664795109429,39.29815415217642],[-75.83656744482305,39.29834505942796],[-75.83639490589859,39.29888213012673],[-75.836427090719,39.299210115159],[-75.83650218860494,39.299405202938075],[-75.83649678013987,39.299664791202275],[-75.83643241052333,39.299884786366476],[-75.83624470997361,39.30020031998996],[-75.83612129029893,39.30032480822203],[-75.83615347518133,39.30038298294558],[-75.83658269491318,39.300366352399884],[-75.83726930192594,39.30028333860998],[-75.83790873718704,39.30024138148617],[-75.83913183086236,39.300191552414766],[-75.83985380140163,39.30015373389781],[-75.84015427412032,39.300191123118864],[-75.84027582840922,39.29939641666421],[-75.84033487662579,39.2991141078718],[-75.84075867541746,39.299317529063934],[-75.84078545094718,39.29907261289815],[-75.84077472300376,39.2989605660998],[-75.84070734086129,39.29867838315581],[-75.84073411640068,39.298508236276675],[-75.84071266050529,39.29841691307108],[-75.84048737340784,39.29842935332283],[-75.84036936573793,39.2984833213372],[-75.84022990200157,39.29852896792616],[-75.84008502979981,39.29848333445523],[-75.83992951810416,39.298404473238136],[-75.8398758780556,39.29835459216437],[-75.83982755766392,39.29821763039021],[-75.83968268505164,39.298167803456096],[-75.83960758884744,39.29812629440832],[-75.83957008506117,39.29802949221081]]]},"id":"132_00000000000000000000","properties":{"labeler":"maddie","notes":"","point_id":1490,"queue_index":102,"source_asset":"point_1490_label","source_labeler":"maddie","source_point_id":1490,"status":"completed","timestamp":"2026-04-14 15:51:10"}},{"type":"Feature","geometry":{"type":"Polygon","coordinates":[[[-75.80607898023942,39.31362642341087],[-75.80675757565594,39.31377381254146],[-75.8071249842425,39.313858868745676],[-75.80725641040067,39.313848460928966],[-75.80733152367691,39.31379249555236],[-75.807412046484,39.31366377346241],[-75.80758639416833,39.3133006299779],[-75.80772048034008,39.312985196468865],[-75.8077446016486,39.31291669900705],[-75.80782778465922,39.31276315541297],[-75.80793508889764,39.31259505929609],[-75.80798067100424,39.312489247216135],[-75.8079323397818,39.312239450445404],[-75.80791894892644,39.31217716884487],[-75.80784117552314,39.312065146256124],[-75.80784117552314,39.31194685219646],[-75.80788941809529,39.31169986559558],[-75.80791806211478,39.31141691599513],[-75.80787780085973,39.31119900898773],[-75.80777324569718,39.31107450555541],[-75.80760643615703,39.31090060154126],[-75.80755819348916,39.31079060752629],[-75.80752325301734,39.31068684204222],[-75.80751252256613,39.31056853490076],[-75.8075393930333,39.31047724401371],[-75.80759570571209,39.31034442630125],[-75.80778078360375,39.31016710193403],[-75.80792293957883,39.31006953102005],[-75.8081187474523,39.30992015990005],[-75.80827429391383,39.30979971875247],[-75.8083601370423,39.30968973237753],[-75.80842451935476,39.30955278923344],[-75.80856933511113,39.309206061532755],[-75.80857740506016,39.309050415653054],[-75.80852916272069,39.30890929134533],[-75.80851302281671,39.30888648731651],[-75.80826622394764,39.30887398198693],[-75.80812947785788,39.30886572538879],[-75.80798998252229,39.30893832318263],[-75.80780756533913,39.308890638145805],[-75.80772447099801,39.30889066180454],[-75.8075742448198,39.30883873859753],[-75.80729658314955,39.30876053843607],[-75.80713030514194,39.30874396220639],[-75.80704029323296,39.30874537893182],[-75.80689006633426,39.30880764043722],[-75.80679615227176,39.30880973755989],[-75.80667013528813,39.308836731078856],[-75.8066084126433,39.30891143872137],[-75.80648505595556,39.30895917689747],[-75.80640994223364,39.30902554842305],[-75.8062704452166,39.30910023898876],[-75.80614708823666,39.309193619323246],[-75.80594054708753,39.309288485188254],[-75.80575546680853,39.309379801216686],[-75.80558652652637,39.309475291199114],[-75.80550281011296,39.30956458028222],[-75.80538477343389,39.30956453900977],[-75.80525600603629,39.309614320841504],[-75.80511384740385,39.30970567815129],[-75.8049878289344,39.309817743333824],[-75.80484833052704,39.3100003257786],[-75.80471956264536,39.31011445533046],[-75.80447550639656,39.31027638747064],[-75.80423411023408,39.31040294215713],[-75.80401683560203,39.31055235800506],[-75.80381570107639,39.31073295988409],[-75.80352951843868,39.310900142678086],[-75.80333370426732,39.31103708036807],[-75.80310445590379,39.31125478830381],[-75.8029193719467,39.311426974821785],[-75.80275840990105,39.311624118187545],[-75.80265651152047,39.311777743961684],[-75.80245608455444,39.312068878768955],[-75.80236225625859,39.31224942854482],[-75.80225760837006,39.31240294394571],[-75.80207066093419,39.312683870450954],[-75.80209487188253,39.31271714425913],[-75.80219136089589,39.312754491631445],[-75.80238451609617,39.31279179592002],[-75.80275166988856,39.31288521776967],[-75.80312981957064,39.31298481430962],[-75.80385312559953,39.31314638115951],[-75.80452907110319,39.313293688120126],[-75.80554449096051,39.31351777655127],[-75.80607898023942,39.31362642341087]]]},"id":"133_00000000000000000000","properties":{"labeler":"maddie","notes":"","point_id":1503,"queue_index":26,"source_asset":"point_1503_label","source_labeler":"maddie","source_point_id":1503,"status":"completed","timestamp":"2026-04-12 18:47:06"}},{"type":"Feature","geometry":{"type":"Polygon","coordinates":[[[-75.82204604532726,39.31461343090796],[-75.82196021044334,39.31449715963093],[-75.82170270548104,39.314463951363244],[-75.81559799898817,39.31407384315946],[-75.81506159450258,39.314762777133645],[-75.81473969763582,39.31560945139462],[-75.81425693964954,39.31687114267701],[-75.8139774287674,39.31763168147949],[-75.81911654596784,39.318752212004746],[-75.82033483556921,39.317279925265986],[-75.82204604532726,39.31461343090796]]]},"id":"134_00000000000000000000","properties":{"labeler":"maddie","notes":"","point_id":1507,"queue_index":78,"source_asset":"point_1507_label","source_labeler":"maddie","source_point_id":1507,"status":"completed","timestamp":"2026-04-13 15:33:21"}},{"type":"Feature","geometry":{"type":"Polygon","coordinates":[[[-75.85234243266214,39.34304314828913],[-75.85200989313276,39.34127582990713],[-75.85188116794419,39.34052905448507],[-75.85152708441886,39.339815409680945],[-75.85097308465994,39.338380224218646],[-75.85079072260781,39.338197678529475],[-75.85052245403861,39.338147838174415],[-75.84983582249014,39.33809812255076],[-75.84893464124141,39.33810638610269],[-75.84770081597304,39.33818937317004],[-75.84644552494228,39.33826402669164],[-75.84537268071472,39.33832211454413],[-75.84506149142398,39.33832212544565],[-75.84455729239785,39.33797360502798],[-75.84442847178609,39.33921000041932],[-75.84471820717532,39.339442375544095],[-75.8448576665015,39.33977426730071],[-75.8448147559542,39.34020574090126],[-75.84467529658583,39.340479551891384],[-75.84477184539392,39.34131762690639],[-75.8449542151855,39.34327158937514],[-75.84507221904337,39.34404322673877],[-75.84554432215111,39.343827477250635],[-75.84602715123502,39.34361180908318],[-75.84664934758345,39.34338776341646],[-75.84738963178954,39.34319693359043],[-75.84825872938232,39.34303094441296],[-75.84928864258615,39.34293138083864],[-75.85028645529397,39.342889912536045],[-75.85127353382975,39.342981187420875],[-75.85234243266214,39.34304314828913]]]},"id":"135_00000000000000000000","properties":{"labeler":"maddie","notes":"","point_id":1524,"queue_index":17,"source_asset":"point_1524_label","source_labeler":"maddie","source_point_id":1524,"status":"completed","timestamp":"2026-04-12 17:11:59"}},{"type":"Feature","geometry":{"type":"Polygon","coordinates":[[[-75.83635128348574,39.34457944568928],[-75.83611526117414,39.34440515427443],[-75.83489214152398,39.34551698974534],[-75.83312194645129,39.34705761258175],[-75.83241377358245,39.347729655059894],[-75.83322923162883,39.34819428600661],[-75.8343986348115,39.348906750593855],[-75.83492432668483,39.34907273832831],[-75.83608307628309,39.34923032268894],[-75.8365443923581,39.349238682856644],[-75.83670531621789,39.34913081783011],[-75.83728472926646,39.34824305019092],[-75.83756366238707,39.347853104576],[-75.83757439057308,39.34767055933674],[-75.83746710867653,39.34742996611108],[-75.83734723657727,39.34700681051999],[-75.83754043275839,39.34683264049584],[-75.83784082170943,39.34662518045798],[-75.83789446252668,39.346492474364446],[-75.83773354001413,39.34643439328353],[-75.83723995450919,39.346533926411375],[-75.83685373839306,39.3465339334273],[-75.83668208644883,39.34642603291709],[-75.83652116256275,39.34644266415054],[-75.8365104342972,39.346293304849034],[-75.83654261909143,39.34619371113496],[-75.83695029252054,39.346094180013914],[-75.83721849808582,39.346052726881744],[-75.83731505196536,39.345961406688886],[-75.83731505196536,39.34576232193597],[-75.83737942118192,39.34538895070202],[-75.83740087758095,39.34508195790692],[-75.83732578017013,39.34485790656228],[-75.83725068271963,39.34479981312523],[-75.83702539012987,39.34478326666316],[-75.83661771691627,39.34491600879449],[-75.8362529556808,39.34502387726793],[-75.8360920313086,39.34494088778188],[-75.83608130301063,39.34476669735947],[-75.8362314991084,39.34466711690038],[-75.83635128348574,39.34457944568928]]]},"id":"136_00000000000000000000","properties":{"labeler":"maddie","notes":"","point_id":1527,"queue_index":88,"source_asset":"point_1527_label","source_labeler":"maddie","source_point_id":1527,"status":"completed","timestamp":"2026-04-14 00:21:42"}},{"type":"Feature","geometry":{"type":"Polygon","coordinates":[[[-75.631810654373,38.42339482133597],[-75.63123130283226,38.42216766219642],[-75.63107041583662,38.42152043023645],[-75.63093092702341,38.421032851203336],[-75.63056617779893,38.42104972740329],[-75.62883884524791,38.421234599270385],[-75.62748699397612,38.421352320894876],[-75.627615742254,38.4221507990263],[-75.62642477196844,38.42227693252801],[-75.62676813254562,38.424008439392594],[-75.62845260330097,38.423806715353365],[-75.62962198096454,38.42369745653997],[-75.63068417977748,38.42353777156303],[-75.631810654373,38.42339482133597]]]},"id":"137_00000000000000000000","properties":{"labeler":"maddie","notes":"","point_id":172,"queue_index":16,"source_asset":"point_172_label","source_labeler":"maddie","source_point_id":172,"status":"completed","timestamp":"2026-04-12 17:10:29"}},{"type":"Feature","geometry":{"type":"Polygon","coordinates":[[[-75.6477061885441,38.43450216075879],[-75.64771160410434,38.43446438045315],[-75.64774374234295,38.43410616696109],[-75.64782426546775,38.4326270443058],[-75.64787122987173,38.43160802045061],[-75.6478819722002,38.43118365985044],[-75.64781219144083,38.431133206224054],[-75.64765123391327,38.43112896066528],[-75.64558522663954,38.43107460322522],[-75.64421186740108,38.43103259974735],[-75.64371841731234,38.43102419036636],[-75.64348767244739,38.4310283857664],[-75.64341265143356,38.43104939259793],[-75.64339116611836,38.431104045862675],[-75.64343404796331,38.43138133742732],[-75.6435199003977,38.43186884650109],[-75.643557455273,38.432293239223405],[-75.64359501013864,38.43252016077519],[-75.64360575278164,38.432898348656195],[-75.64355878700599,38.43349920863376],[-75.64354804435952,38.433869051262505],[-75.64356952965166,38.43398245381085],[-75.64370359070058,38.434053894550516],[-75.6443044667912,38.434125395746975],[-75.64610690267116,38.43432286976579],[-75.64751238237899,38.43449091136483],[-75.6477061885441,38.43450216075879]]]},"id":"138_00000000000000000000","properties":{"labeler":"maddie","notes":"","point_id":189,"queue_index":25,"source_asset":"point_189_label","source_labeler":"maddie","source_point_id":189,"status":"completed","timestamp":"2026-04-12 18:43:20"}},{"type":"Feature","geometry":{"type":"Polygon","coordinates":[[[-75.65323838932315,38.43125850531621],[-75.65315254260368,38.431229096716976],[-75.65271807042762,38.43123334278412],[-75.65087807441061,38.43117868611436],[-75.64919359568785,38.43114926973663],[-75.64788055172706,38.43112811744155],[-75.64784841351856,38.43210731508486],[-75.64778404830072,38.43339311751893],[-75.64776256362859,38.43389736156087],[-75.64848141063193,38.43394358804254],[-75.64829870291098,38.434573699658856],[-75.64885117555798,38.434632461681545],[-75.64889414457868,38.43434252002806],[-75.64995087665888,38.43438875735485],[-75.65032640843812,38.43438874505886],[-75.6508789621881,38.43446441464064],[-75.65084433886224,38.43480588495915],[-75.65094092904309,38.43484795697364],[-75.65148273840367,38.434910961199904],[-75.6523532868025,38.43501923226357],[-75.65259200755979,38.43394145975722],[-75.65291080436216,38.43275103573127],[-75.65317083053368,38.43156828942112],[-75.65323838932315,38.43125850531621]]]},"id":"139_00000000000000000000","properties":{"labeler":"maddie","notes":"","point_id":190,"queue_index":67,"source_asset":"point_190_label","source_labeler":"maddie","source_point_id":190,"status":"completed","timestamp":"2026-04-13 13:10:36"}},{"type":"Feature","geometry":{"type":"Polygon","coordinates":[[[-75.37687835546629,38.438336748930936],[-75.37697485667557,38.43695014647823],[-75.37710364344747,38.43545422932217],[-75.37721570919614,38.434201083284954],[-75.37656119069166,38.43313372612883],[-75.37637886067036,38.432940436267664],[-75.37555268058026,38.432990899803116],[-75.37494120302942,38.43313377944294],[-75.37488748182963,38.432864812215506],[-75.37486604670987,38.43226810209943],[-75.37488214528558,38.43199071513225],[-75.37465685401301,38.43199077128934],[-75.37435640583531,38.431990706851266],[-75.37385218877641,38.432074761550375],[-75.37289729367886,38.43224282989398],[-75.37218921232432,38.432394164179925],[-75.37230724093625,38.43257905275434],[-75.37071940600228,38.43291520445928],[-75.37064424759701,38.43281434340069],[-75.37044038579488,38.43278073174746],[-75.36989328412002,38.43284799844316],[-75.36935685395477,38.43284801955459],[-75.3690027609793,38.432747140503345],[-75.36899199853232,38.433284975764415],[-75.36901343447967,38.43481036470401],[-75.36904563286794,38.4368020880176],[-75.37122772489302,38.437275649094175],[-75.37490100107377,38.438052981675156],[-75.37594171243607,38.43827989745349],[-75.37687835546629,38.438336748930936]]]},"id":"140_00000000000000000000","properties":{"labeler":"maddie","notes":"","point_id":196,"queue_index":42,"source_asset":"point_196_label","source_labeler":"maddie","source_point_id":196,"status":"completed","timestamp":"2026-04-13 00:07:44"}},{"type":"Feature","geometry":{"type":"Polygon","coordinates":[[[-75.29296646239688,38.435987084159834],[-75.28912551606565,38.44227294068924],[-75.2923364117356,38.44336379501573],[-75.29900974532518,38.44433849973458],[-75.30693405867555,38.44558370039383],[-75.30843615554102,38.445415660378536],[-75.31064625157698,38.44575178175067],[-75.3113543511491,38.44568460293347],[-75.31219119997736,38.44602071171499],[-75.31300660044528,38.4453989070328],[-75.31367180172242,38.44050452898801],[-75.30615226132124,38.43885934854904],[-75.29549420329054,38.43649323845843],[-75.29296646239688,38.435987084159834]]]},"id":"141_00000000000000000000","properties":{"labeler":"maddie","notes":"","point_id":215,"queue_index":82,"source_asset":"point_215_label","source_labeler":"maddie","source_point_id":215,"status":"completed","timestamp":"2026-04-13 15:38:47"}},{"type":"Feature","geometry":{"type":"Polygon","coordinates":[[[-75.71754305259304,38.446025565100506],[-75.71755911399005,38.44584911654969],[-75.71767766656693,38.445671296065285],[-75.71799960376264,38.44548219709025],[-75.71869157108485,38.44535194114796],[-75.72002970828858,38.445141888850316],[-75.720410649193,38.44505784723175],[-75.72177849650178,38.44481000642623],[-75.72323444325781,38.44459484687037],[-75.72417856470764,38.44438891596494],[-75.72506908563531,38.44425026127379],[-75.72528896430931,38.444229293715004],[-75.72551966796559,38.444136840358375],[-75.72601851899555,38.44403600338917],[-75.7265761972682,38.44372129628567],[-75.72658693377387,38.44362463205734],[-75.72648498130354,38.443002797872666],[-75.72645286049293,38.44239362033154],[-75.72637770486666,38.44234317645284],[-75.72603440198651,38.44237677758791],[-75.72601834153194,38.44230958822283],[-75.72636164445031,38.44227590839732],[-75.72652792734856,38.44222132005096],[-75.72654398774641,38.44219192878428],[-75.72628116487846,38.442040687835224],[-75.72539065142784,38.44149024158136],[-75.72457582148364,38.44098833099156],[-75.72358706979226,38.44039651538129],[-75.72305058731,38.44007717826092],[-75.72243370985203,38.439762111303494],[-75.72196164419478,38.43956038954095],[-75.72151096202704,38.43956038113257],[-75.7215699705027,38.43989236366642],[-75.7217053793347,38.440620769854355],[-75.72177503586,38.440839238944996],[-75.72176438773093,38.44104508151243],[-75.72154973902805,38.441082894418194],[-75.72025207922509,38.44120725141386],[-75.71881722163067,38.441322371643444],[-75.71833973122801,38.44131399109608],[-75.7178515908301,38.44135179158283],[-75.71761555070795,38.441414785364245],[-75.71736877301014,38.441381205028804],[-75.71711667065503,38.441381175818776],[-75.71699332580155,38.44143163435728],[-75.71703618593163,38.44162491520563],[-75.7170791347863,38.44195686133884],[-75.7171649437201,38.44209970444998],[-75.71733123720688,38.44246770177842],[-75.71741172176597,38.442887819264776],[-75.71743852036334,38.44311889978978],[-75.71751359190438,38.44319458310992],[-75.71754580344017,38.44363340662657],[-75.7175687863222,38.44408225082197],[-75.71758484771635,38.44436311512001],[-75.71755263618927,38.44449336761144],[-75.717590260672,38.44463620940018],[-75.71754198774899,38.44475802145315],[-75.71724152393548,38.44483787376193],[-75.71730053415489,38.44501851965796],[-75.71730594712118,38.445148794984824],[-75.71732200854454,38.445354629241926],[-75.71726832256444,38.44567394843445],[-75.71723619970399,38.44590919669569],[-75.71728447272913,38.44599327301563],[-75.71740781733415,38.44605629999085],[-75.71754305259304,38.446025565100506]]]},"id":"142_00000000000000000000","properties":{"labeler":"maddie","notes":"","point_id":221,"queue_index":58,"source_asset":"point_221_label","source_labeler":"maddie","source_point_id":221,"status":"completed","timestamp":"2026-04-13 00:44:32"}},{"type":"Feature","geometry":{"type":"Polygon","coordinates":[[[-75.2917104520714,38.44458586309998],[-75.29193043704853,38.44364895153516],[-75.29200554511604,38.443380021024055],[-75.29169977318101,38.44324141484232],[-75.29083611547021,38.4429397473648],[-75.29005290144207,38.44268346829057],[-75.28918380597398,38.44237677233447],[-75.2890390155809,38.44244819907619],[-75.28886200980799,38.442750680334846],[-75.28837913631361,38.44350701653476],[-75.2879010669256,38.44428531863414],[-75.28775618633426,38.44489453148705],[-75.28769718394139,38.445344119785005],[-75.28752204548383,38.446589191562836],[-75.28803704809381,38.44668159076557],[-75.28961417169869,38.446905700623994],[-75.29055828452087,38.447061117740134],[-75.29112693861775,38.447157769738254],[-75.29119670761433,38.447065367517055],[-75.29130394178854,38.44660317812845],[-75.29140049697695,38.446044423669534],[-75.29168936126219,38.44476303874405],[-75.2917108080344,38.44455299753457],[-75.2917104520714,38.44458586309998]]]},"id":"143_00000000000000000000","properties":{"labeler":"maddie","notes":"","point_id":233,"queue_index":18,"source_asset":"point_233_label","source_labeler":"maddie","source_point_id":233,"status":"completed","timestamp":"2026-04-12 17:13:52"}},{"type":"Feature","geometry":{"type":"Polygon","coordinates":[[[-75.7257385699016,38.447611020455604],[-75.7260926100278,38.446476654453924],[-75.72423650729857,38.44610693308202],[-75.72385025249756,38.44603972584853],[-75.72360348545041,38.446644664961795],[-75.72250913373325,38.44698083028317],[-75.72227310122078,38.447006000171015],[-75.72102860010996,38.44677910050901],[-75.71999856213247,38.44788830685984],[-75.71932266227047,38.449005831392064],[-75.72069619892574,38.44946358552386],[-75.72109319907675,38.45024499435615],[-75.72094119624217,38.45064828305208],[-75.7210484767182,38.450883573354595],[-75.72135966950935,38.45095076681013],[-75.72166003602436,38.451488518810415],[-75.72191754324537,38.45179102201299],[-75.72152054536006,38.4519926692393],[-75.72208924404903,38.452160660545],[-75.72247541482652,38.45232034004842],[-75.7228176613643,38.4524177995494],[-75.72335414471192,38.45240100775843],[-75.72349363360516,38.45238416542615],[-75.72361164891215,38.45207331405349],[-75.72483474322546,38.45198086330191],[-75.72733458302238,38.4516448164617],[-75.72671231125614,38.44858641769264],[-75.72656750158534,38.44843942675718],[-75.7265245555521,38.44780921785921],[-75.72561257044917,38.447767242692485],[-75.7257385699016,38.447611020455604]]]},"id":"144_00000000000000000000","properties":{"labeler":"maddie","notes":"","point_id":248,"queue_index":89,"source_asset":"point_248_label","source_labeler":"maddie","source_point_id":248,"status":"completed","timestamp":"2026-04-14 00:23:22"}},{"type":"Feature","geometry":{"type":"Polygon","coordinates":[[[-75.71960005046564,38.46215579283911],[-75.72017940496227,38.46205495375329],[-75.72064073949727,38.461819736832574],[-75.72117714219648,38.46158446495733],[-75.72143465027841,38.461382867069354],[-75.72058705475021,38.46075282370787],[-75.72001843888246,38.46041674098468],[-75.71968585790248,38.46020670341601],[-75.71934253911343,38.45987071066632],[-75.71895627122454,38.45958505909893],[-75.7183661747073,38.45950105295217],[-75.71762593293195,38.45951786223286],[-75.71530846005926,38.459627025028766],[-75.71361336964786,38.45965222103582],[-75.7132056114509,38.459694271461565],[-75.71279794084411,38.45991268692459],[-75.71229371975343,38.46024036334776],[-75.71190743302961,38.46036636812148],[-75.71192890822029,38.46050913988121],[-75.71147828350921,38.460845185330726],[-75.71244386813953,38.461231641654614],[-75.71304472634436,38.46154250593143],[-75.71308758764506,38.461676920694174],[-75.71470769999978,38.46211379059143],[-75.71600585328076,38.46249176668599],[-75.71648867565361,38.462592597687824],[-75.71706804262465,38.462575827121384],[-75.71791104448428,38.46243826764303],[-75.71822224403331,38.46228705396863],[-75.71880160405465,38.46211066660306],[-75.71933801358244,38.46207707794928],[-75.71960005046564,38.46215579283911]]]},"id":"145_00000000000000000000","properties":{"labeler":"maddie","notes":"","point_id":266,"queue_index":36,"source_asset":"point_266_label","source_labeler":"maddie","source_point_id":266,"status":"completed","timestamp":"2026-04-12 19:30:23"}},{"type":"Feature","geometry":{"type":"Polygon","coordinates":[[[-75.45808464810915,38.04518064151143],[-75.45797744257231,38.044977819201726],[-75.45761262315726,38.04403149909209],[-75.45686164706888,38.04381181112105],[-75.4560032824908,38.043727371494086],[-75.45237695804812,38.04381181405274],[-75.45231259673281,38.04403153108829],[-75.45224823538994,38.04435258925233],[-75.45184055364705,38.04538342510064],[-75.45134699590136,38.04534963759421],[-75.4517332547577,38.04413294779612],[-75.45166880426953,38.04382870831658],[-75.4507247125725,38.04384560191831],[-75.44928705043903,38.04387943993461],[-75.4475060442916,38.044031498309586],[-75.4474631057279,38.04442014709446],[-75.44714128835928,38.04455540443487],[-75.44658335142238,38.04509614745462],[-75.4462615321717,38.04587349886321],[-75.44602550131684,38.046891908766156],[-75.44664771518991,38.04780439339017],[-75.44694819760761,38.04831130333852],[-75.44718422701484,38.048649313919626],[-75.44812834094012,38.04903788438526],[-75.44864333391945,38.04912236997934],[-75.44945871363878,38.04935899269121],[-75.45205506229897,38.049730706059336],[-75.45226965954167,38.04988278237794],[-75.4527202771954,38.05074459164738],[-75.4529992345372,38.051285280645644],[-75.45310653252281,38.05169076286262],[-75.45344985000355,38.05207941336647],[-75.45344985000355,38.05236664848044],[-75.45379316669998,38.05297494820587],[-75.45430814027401,38.053059406382964],[-75.45578869057991,38.05245117823287],[-75.45576726692988,38.052265262469966],[-75.45497334519746,38.050530846851224],[-75.45561703460949,38.05029430758181],[-75.45516642564208,38.04938183168001],[-75.4549089849941,38.04841865523568],[-75.4555097384165,38.04838482680616],[-75.45630374620885,38.048266561151046],[-75.4565182484896,38.04774277341065],[-75.4577628534818,38.04750621814419],[-75.45802028923883,38.047354132241495],[-75.45808464810915,38.04518064151143]]]},"id":"146_00000000000000000000","properties":{"labeler":"maddie","notes":"","point_id":26,"queue_index":3,"source_asset":"point_26_label","source_labeler":"maddie","source_point_id":26,"status":"completed","timestamp":"2026-04-12 16:24:55"}},{"type":"Feature","geometry":{"type":"Polygon","coordinates":[[[-75.87623607061983,38.47558980343121],[-75.87720160642606,38.47637927497338],[-75.8773732979093,38.47650530390348],[-75.8781028735878,38.47624491218426],[-75.87821012470619,38.47617776122548],[-75.8781028735878,38.47605176557027],[-75.8788002703118,38.476076907903426],[-75.87970143863353,38.476580862560276],[-75.88020568974643,38.476891630846595],[-75.88124644983901,38.47733930135869],[-75.88252314761674,38.47795246656802],[-75.88384344164005,38.478587313058966],[-75.8846158823681,38.47904084985273],[-75.8849914208706,38.478679724440454],[-75.88553855129189,38.47783984130516],[-75.88586046471632,38.477369506942814],[-75.88515840533563,38.47686663022565],[-75.88531936257343,38.476438311264154],[-75.8849331003474,38.47562358800369],[-75.88449693652113,38.475096326853404],[-75.88384246666918,38.474558757230945],[-75.88324161741907,38.4741136315024],[-75.88268375332301,38.47383640791362],[-75.88175034089271,38.473685251593],[-75.88074184790112,38.47361808464923],[-75.87992648606571,38.47360964876236],[-75.8792398199344,38.47390364039316],[-75.87895015520274,38.474138843896256],[-75.8788428160096,38.47431522573574],[-75.87860677586185,38.47428999785391],[-75.87779140169629,38.47469316879461],[-75.87772705084423,38.47485279506203],[-75.87749100883143,38.474877975304395],[-75.8762893423442,38.475499522955545],[-75.87623607061983,38.47558980343121]]]},"id":"147_00000000000000000000","properties":{"labeler":"maddie","notes":"","point_id":272,"queue_index":57,"source_asset":"point_272_label","source_labeler":"maddie","source_point_id":272,"status":"completed","timestamp":"2026-04-13 00:42:01"}},{"type":"Feature","geometry":{"type":"Polygon","coordinates":[[[-75.71455968369636,38.488737550591445],[-75.71462943240498,38.48887194807732],[-75.71465623151818,38.489027267308515],[-75.7146884436907,38.48917846358136],[-75.71462943240498,38.48932966137119],[-75.71462943240498,38.489489200121255],[-75.71460254454801,38.48961931137835],[-75.71449525928675,38.489741100249915],[-75.71450599669036,38.489778897915926],[-75.71463475673251,38.489816717314376],[-75.7165781231795,38.48972539533421],[-75.71652976118081,38.48946091247875],[-75.71643862760901,38.48943986463247],[-75.71618111062331,38.48947763650088],[-75.71606308924639,38.4892719444011],[-75.7161060383902,38.489192157078215],[-75.71631297499515,38.488805217582616],[-75.71692987858772,38.487852088848115],[-75.71758227434394,38.48702241091404],[-75.7176412844242,38.4869384024275],[-75.71789507186317,38.486662570330786],[-75.71789507186317,38.48621324409414],[-75.71788726302553,38.484371554868964],[-75.71786862829767,38.48366610987374],[-75.71766479971264,38.483430977165526],[-75.71750391956854,38.48332181798233],[-75.71728935327306,38.483305034904106],[-75.71653295573535,38.48340159722559],[-75.71542248882855,38.4834729467201],[-75.71456420937695,38.48354019524912],[-75.71468320810392,38.48428645735703],[-75.7146402585374,38.48448383042424],[-75.71459198462922,38.48458457654519],[-75.71397507106002,38.48464339881138],[-75.71397134401377,38.48565115828602],[-75.71389627063317,38.48576036693103],[-75.71396069530968,38.485861099905385],[-75.714014293779,38.48603994877324],[-75.71400355633888,38.48627086280121],[-75.7138265215709,38.48629189396695],[-75.71380513540129,38.486426230385625],[-75.71372997319506,38.48656065498047],[-75.713225755354,38.48657740951218],[-75.7116891313235,38.486597019805146],[-75.71167839371076,38.48709247326438],[-75.71170519337083,38.488112071132534],[-75.71168984124829,38.488374704574916],[-75.71224242789316,38.488517449530434],[-75.71250527629981,38.488643424186066],[-75.7126983746223,38.48864765294431],[-75.71381418680956,38.48860562475652],[-75.71441503932061,38.48865178467093],[-75.71455968369636,38.488737550591445]]]},"id":"148_00000000000000000000","properties":{"labeler":"maddie","notes":"","point_id":283,"queue_index":98,"source_asset":"point_283_label","source_labeler":"maddie","source_point_id":283,"status":"completed","timestamp":"2026-04-14 01:01:16"}},{"type":"Feature","geometry":{"type":"Polygon","coordinates":[[[-75.8796963863633,38.48516298026334],[-75.87914923329208,38.4843735300346],[-75.87888234804232,38.48415344081443],[-75.87863558288564,38.48408624231211],[-75.87841026748444,38.48416179678082],[-75.87741247580242,38.48458176399745],[-75.87596403882225,38.485245201889654],[-75.87543841056734,38.485774279649775],[-75.87511647337527,38.48584985272572],[-75.87507357199803,38.48604297852594],[-75.87389342445871,38.48628658050028],[-75.87317455252973,38.486269765370174],[-75.87240213785118,38.486110194126525],[-75.8721768125076,38.486034603027676],[-75.87184423093493,38.48642094005432],[-75.87235923564981,38.4866980353432],[-75.87283124778929,38.48721030316209],[-75.87320353794213,38.48807202809967],[-75.87311764537247,38.48854230333735],[-75.87325716537143,38.48913857314813],[-75.87282459974193,38.48937944277563],[-75.87235258758024,38.490277968408726],[-75.87478123953927,38.491250482025556],[-75.87749570662974,38.49237574970461],[-75.87763513366723,38.4920818823861],[-75.8781072168165,38.49181313870856],[-75.87853639806214,38.491611625087764],[-75.8789333142117,38.49114134512477],[-75.87905758295102,38.49099106834015],[-75.8808921739086,38.49031923540047],[-75.88025922588116,38.48939556873455],[-75.8806132374929,38.48841300772481],[-75.88090289881222,38.48778314061321],[-75.88080637465036,38.48717852169175],[-75.88079564973943,38.48707774008105],[-75.88019478751784,38.48678379009499],[-75.87986222482293,38.48639745532856],[-75.8800446380399,38.48622110728432],[-75.88028067578377,38.4864814424798],[-75.8806132374929,38.48680062524852],[-75.88088144900418,38.486934923734076],[-75.88101023643904,38.486649390941366],[-75.88081709956049,38.48627990553093],[-75.88007681294148,38.48563326815554],[-75.8796963863633,38.48516298026334]]]},"id":"149_00000000000000000000","properties":{"labeler":"maddie","notes":"","point_id":285,"queue_index":72,"source_asset":"point_285_label","source_labeler":"maddie","source_point_id":285,"status":"completed","timestamp":"2026-04-13 13:40:54"}},{"type":"Feature","geometry":{"type":"Polygon","coordinates":[[[-75.70173590980822,38.50922441455683],[-75.70184852932684,38.50886553220625],[-75.70199859980227,38.508443731908905],[-75.70212470857949,38.50829471816503],[-75.70181356314997,38.508099501518686],[-75.7012391049292,38.50780119133425],[-75.70075632042054,38.507578686107166],[-75.70047472496333,38.50747583549673],[-75.69990354510315,38.507082466557996],[-75.69956026811884,38.506830612099115],[-75.69915105036168,38.50656074565426],[-75.69846706572697,38.50720300497042],[-75.69789800793043,38.50764842174721],[-75.6975969708375,38.50787202300525],[-75.69756209238389,38.50799590845586],[-75.69761037197138,38.50834012566686],[-75.69767471514662,38.508965552111114],[-75.69779576898785,38.51057902456741],[-75.69794593240994,38.51070499188725],[-75.69873987898114,38.51067138670343],[-75.6995649717645,38.51064400053265],[-75.7001444064934,38.51047611227446],[-75.70123866119417,38.51050963662109],[-75.70134595628315,38.510484464918875],[-75.70145325129265,38.510282998149286],[-75.70173590980822,38.50922441455683]]]},"id":"150_00000000000000000000","properties":{"labeler":"maddie","notes":"","point_id":297,"queue_index":85,"source_asset":"point_297_label","source_labeler":"maddie","source_point_id":297,"status":"completed","timestamp":"2026-04-13 15:44:43"}},{"type":"Feature","geometry":{"type":"Polygon","coordinates":[[[-75.95619390009311,38.51392162446687],[-75.95676786085481,38.513854470747845],[-75.95698782389232,38.513804077440334],[-75.95713266444672,38.51380411926508],[-75.95751350137104,38.5136823715953],[-75.95781930407635,38.51362356926493],[-75.95831645351075,38.513672595831544],[-75.9586865682444,38.51376494531549],[-75.95915155781509,38.51388284793453],[-75.95930711503956,38.51388702286274],[-75.95960210633885,38.51373593895792],[-75.96019961683507,38.51357643028577],[-75.96049460624812,38.513488314523855],[-75.96078968362279,38.51345893534158],[-75.96107935669207,38.51357646102961],[-75.96151811723264,38.51373376896909],[-75.96178635134356,38.51386385383859],[-75.9620921446878,38.513935227184305],[-75.96248377533566,38.5139520404879],[-75.96304132225113,38.5139860763951],[-75.96355625834306,38.51398189984452],[-75.96356706551403,38.513746814495335],[-75.96372093473447,38.51357671838025],[-75.96385504973694,38.5132241016867],[-75.9640492239374,38.51247689966315],[-75.96428476609242,38.51147457327808],[-75.96450693185233,38.510607087265015],[-75.96446396920307,38.51053990086583],[-75.96404559203194,38.510372031752176],[-75.96279745111465,38.50976611418037],[-75.96172992300836,38.50925404450742],[-75.9608579827401,38.508849918235356],[-75.96080438875335,38.508912891046315],[-75.96048247005933,38.508736553124024],[-75.95988168310294,38.50840492235454],[-75.95947401109447,38.508174103952825],[-75.9594096090842,38.508132055998665],[-75.95924873680765,38.50821607967936],[-75.95893753346894,38.50858542581855],[-75.95834648439813,38.509280362396254],[-75.9575889776514,38.51013417720728],[-75.95675076343142,38.511067368793185],[-75.95589730700472,38.51204443405198],[-75.95565510656628,38.51298111784191],[-75.95561754508539,38.51337984092138],[-75.95588357582795,38.51382263942494],[-75.95602841752768,38.51389823238722],[-75.95619390009311,38.51392162446687]]]},"id":"151_00000000000000000000","properties":{"labeler":"maddie","notes":"","point_id":303,"queue_index":38,"source_asset":"point_303_label","source_labeler":"maddie","source_point_id":303,"status":"completed","timestamp":"2026-04-12 19:38:46"}},{"type":"Feature","geometry":{"type":"Polygon","coordinates":[[[-75.82549207808049,38.51376209827196],[-75.82522385039121,38.513871252885885],[-75.82505218440471,38.51398034467997],[-75.82475176842998,38.51424058632801],[-75.82462301853235,38.51445051819743],[-75.82450499769055,38.51475269266903],[-75.82431479860728,38.51500299644509],[-75.82402511028427,38.515271623496446],[-75.82389635972922,38.51557388672812],[-75.82391781816315,38.51580049207422],[-75.82417531911796,38.51595163134165],[-75.8242933402332,38.51620347903792],[-75.82420387119237,38.516558665612244],[-75.82430043391093,38.51747369844],[-75.82358157654554,38.51738978106104],[-75.82479397567133,38.517943771947],[-75.8294750002448,38.516007380579055],[-75.83129897270898,38.51526869581474],[-75.83112961938951,38.51369734179592],[-75.83082079289542,38.51203704289773],[-75.83068131978573,38.511407354349444],[-75.83041310188251,38.511264647943236],[-75.82994103714391,38.511147162410666],[-75.82962990270931,38.510836491369936],[-75.82885742806636,38.509996963287215],[-75.82833171375705,38.509543648314796],[-75.82781672642699,38.50942605965073],[-75.8268595437483,38.50921947988816],[-75.82633382205468,38.50912712784962],[-75.82579736934427,38.50917751234453],[-75.82492831166081,38.50922791031067],[-75.82500341562077,38.51015140523696],[-75.82541830443256,38.5120288859416],[-75.82561142815588,38.51281802180704],[-75.82556851179557,38.513288116167026],[-75.8256436154176,38.51364070482484],[-75.82549207808049,38.51376209827196]]]},"id":"152_00000000000000000000","properties":{"labeler":"maddie","notes":"","point_id":305,"queue_index":70,"source_asset":"point_305_label","source_labeler":"maddie","source_point_id":305,"status":"completed","timestamp":"2026-04-13 13:32:16"}},{"type":"Feature","geometry":{"type":"Polygon","coordinates":[[[-75.95133759624522,38.51747268462003],[-75.95193841995805,38.5175818636711],[-75.95231395561437,38.51765736311118],[-75.95297918013459,38.51750632686715],[-75.95335462440379,38.51755665636231],[-75.9535584694893,38.51753984281072],[-75.95394472011762,38.51775814198403],[-75.95457379253607,38.51791720933394],[-75.95502435583079,38.517850048573386],[-75.95508875986371,38.51799271590507],[-75.95542132161889,38.51834525614513],[-75.95582218416311,38.51858875467598],[-75.956326427745,38.51875665157576],[-75.95683066950619,38.51879020183846],[-75.95732419038032,38.51863912464262],[-75.95760315159622,38.51835372822976],[-75.9579679530058,38.51837051500786],[-75.95825763193088,38.518387264703826],[-75.95853650269517,38.51821937618716],[-75.95870818333974,38.518446021704165],[-75.95896570391074,38.51858871548788],[-75.95948065504157,38.518420821226094],[-75.9606501619758,38.518093463664854],[-75.96077887623672,38.51792731770793],[-75.96081103263712,38.516777283951406],[-75.96031752408967,38.51676888149625],[-75.96027464873589,38.51689478374779],[-75.95999569285836,38.5169367341664],[-75.95929825643235,38.51705425752576],[-75.9586760264549,38.51686122386797],[-75.95861162407647,38.51607211998392],[-75.95877258567364,38.516055336364474],[-75.95966305341247,38.51613090348906],[-75.95996344768444,38.51633235843709],[-75.96051064018934,38.516592576731306],[-75.96112223179865,38.516668114491544],[-75.96107926810713,38.51651705211579],[-75.96104711176854,38.51642469408162],[-75.9610578305489,38.516198020272185],[-75.96335375660762,38.516323955219],[-75.96361126860624,38.51660099296466],[-75.96353614991615,38.51446876089509],[-75.9633967195988,38.51440838018126],[-75.96258130634389,38.5142236712839],[-75.96210924145697,38.51448393000169],[-75.9614654979311,38.51444198171662],[-75.96091361416242,38.51402387975566],[-75.96089217657874,38.51366293346385],[-75.960699061007,38.513553791219906],[-75.96020555206366,38.51358737362119],[-75.9604159424656,38.51214914759326],[-75.96058762079862,38.51048689964576],[-75.96079145532535,38.5089085635603],[-75.95965419482783,38.50829575181234],[-75.95931083565443,38.50818661470914],[-75.95915359529694,38.50840835591815],[-75.95847768120801,38.50919752199149],[-75.95654780888299,38.51129311393257],[-75.95517451374315,38.5127706540194],[-75.95356520230756,38.51459120714662],[-75.95191299441241,38.51616101394581],[-75.95077566161454,38.51732783850126],[-75.95133759624522,38.51747268462003]]]},"id":"153_00000000000000000000","properties":{"labeler":"maddie","notes":"","point_id":308,"queue_index":56,"source_asset":"point_308_label","source_labeler":"maddie","source_point_id":308,"status":"completed","timestamp":"2026-04-13 00:40:27"}},{"type":"Feature","geometry":{"type":"Polygon","coordinates":[[[-75.78469776012159,38.52231275386816],[-75.78490158241772,38.52220992656694],[-75.78511081483839,38.5220273130022],[-75.78526904720772,38.52187839442614],[-75.78554533256766,38.52168111319933],[-75.7860637542193,38.52130841596462],[-75.78614686115971,38.521224469177206],[-75.78596184393516,38.52109226550972],[-75.78552706138538,38.52083487184296],[-75.7850683297722,38.52062291875742],[-75.78470627489696,38.52040466879464],[-75.78451584537282,38.520297643329364],[-75.7846177566867,38.52016337593218],[-75.78415219257344,38.519799327293974],[-75.78390597249495,38.51967857786213],[-75.78373168461133,38.5200458280004],[-75.78358276365104,38.520140427839145],[-75.78342719030847,38.52020544957799],[-75.7833305999326,38.520249545848976],[-75.78321795542661,38.52029990990746],[-75.78313750768187,38.520409011265755],[-75.78309990034137,38.52055797140286],[-75.78296579106555,38.52065879762565],[-75.78287727177894,38.52075951612584],[-75.78278343063178,38.520816207430315],[-75.78267610750527,38.52087076275481],[-75.782555391066,38.520914786171545],[-75.7824990685191,38.521000857928385],[-75.78260098126883,38.5210428242109],[-75.78282361026092,38.52115610533784],[-75.78330603102035,38.521417895336],[-75.78357433750512,38.52157106921916],[-75.78404788613658,38.521828381692536],[-75.78427326244949,38.52201090240294],[-75.78444222792949,38.52214104704232],[-75.7846101288624,38.522328021222805],[-75.78469776012159,38.52231275386816]]]},"id":"154_00000000000000000000","properties":{"labeler":"maddie","notes":"","point_id":320,"queue_index":48,"source_asset":"point_320_label","source_labeler":"maddie","source_point_id":320,"status":"completed","timestamp":"2026-04-13 00:24:27"}},{"type":"Feature","geometry":{"type":"Polygon","coordinates":[[[-75.81222710355239,38.529780125503905],[-75.81218418315859,38.53014102693255],[-75.81207688211754,38.53050192971068],[-75.81207688211754,38.53075372625303],[-75.81219491325825,38.53093835719832],[-75.81230221421046,38.53106423603165],[-75.81255964748794,38.53110616376235],[-75.81437284073334,38.53113979275678],[-75.81587484640508,38.53125723128627],[-75.81656155337079,38.53130763155087],[-75.81688335744593,38.53140830792333],[-75.8177631939207,38.531878367959415],[-75.81799915800954,38.53146707640357],[-75.8179562393543,38.531139756597945],[-75.81790259101706,38.53038442741537],[-75.81741611938709,38.529626149999594],[-75.81692255205078,38.52893793575537],[-75.81638615255198,38.527880356429634],[-75.8160964480978,38.527292814277935],[-75.81589258164728,38.52709139834609],[-75.81492698317403,38.52707461038713],[-75.81380051725002,38.52700743535262],[-75.81243798083672,38.526957129614594],[-75.81222337905591,38.52800628058149],[-75.81209461783237,38.52896306761644],[-75.81207315761714,38.529407932152694],[-75.81222710355239,38.529780125503905]]]},"id":"155_00000000000000000000","properties":{"labeler":"maddie","notes":"","point_id":343,"queue_index":63,"source_asset":"point_343_label","source_labeler":"maddie","source_point_id":343,"status":"completed","timestamp":"2026-04-13 00:56:36"}},{"type":"Feature","geometry":{"type":"Polygon","coordinates":[[[-75.86441988825142,38.54004222721851],[-75.86468804185171,38.539337259161215],[-75.86481684404498,38.53853166387839],[-75.86473484679166,38.53831473568568],[-75.8637249913171,38.53743010997395],[-75.86314568631491,38.53695179170448],[-75.86259846917457,38.536800713642116],[-75.86183672308155,38.536683167434255],[-75.86124668395588,38.53667484752248],[-75.86097843518677,38.53689301835895],[-75.86123595756081,38.536465012366094],[-75.86113933132046,38.53612088692079],[-75.86106424648082,38.53608739198014],[-75.86029176566466,38.53624680532278],[-75.8584192312717,38.53666146954607],[-75.85755019598531,38.536862900331045],[-75.85616618223385,38.536913244754174],[-75.85621981612137,38.537408353238284],[-75.85632717248643,38.53756782588778],[-75.85655243442152,38.537786009472875],[-75.85693868555593,38.53786997419878],[-75.85752874263423,38.53780282071893],[-75.85752874263423,38.53793708869595],[-75.85802651273201,38.53921289595124],[-75.85823031871958,38.5398590434524],[-75.85858438549253,38.54006043009098],[-75.85984994091145,38.5409665593901],[-75.8606438770208,38.54151207111255],[-75.86105156981567,38.541570764256946],[-75.86162015702351,38.541520444817564],[-75.86293984852658,38.541285468260476],[-75.86405564177011,38.54038759128147],[-75.86441988825142,38.54004222721851]]]},"id":"156_00000000000000000000","properties":{"labeler":"maddie","notes":"","point_id":358,"queue_index":103,"source_asset":"point_358_label","source_labeler":"maddie","source_point_id":358,"status":"completed","timestamp":"2026-04-14 15:53:28"}},{"type":"Feature","geometry":{"type":"Polygon","coordinates":[[[-75.8258957930509,38.54761861145608],[-75.82606736934972,38.54724102656849],[-75.82633559544871,38.54707319620661],[-75.8268613171358,38.546855053568464],[-75.82742995269167,38.54672081522311],[-75.82778400764417,38.54664523236837],[-75.82733339209712,38.54494189083768],[-75.82703475432469,38.54347103114106],[-75.82699183839374,38.542757758094154],[-75.8268416325335,38.54277454155057],[-75.82690600649302,38.54257312145291],[-75.82643393011338,38.54255633821084],[-75.82615497515269,38.54238854294813],[-75.82381611225134,38.54218713295722],[-75.82186683834658,38.54208642785152],[-75.82128753981922,38.54216199533133],[-75.82116951621167,38.54268224379143],[-75.82123389273701,38.543286451545306],[-75.82140556332895,38.543739537898865],[-75.82165233944221,38.543974545354686],[-75.82165233944221,38.54426824317977],[-75.8219634026507,38.54455350204003],[-75.82226382451124,38.54464586752562],[-75.8225964336887,38.54459546471807],[-75.82282174914154,38.54436053447803],[-75.82299341781857,38.54431859365235],[-75.8233904008412,38.54393261271207],[-75.82354061034479,38.543882215906066],[-75.82350842260738,38.544058448042136],[-75.82319727410365,38.54449482059977],[-75.82285393703425,38.54476329346181],[-75.8225964336887,38.54487242961459],[-75.8225964336887,38.54501507472567],[-75.82307925207945,38.54500665036964],[-75.82356206883237,38.54494795207643],[-75.82440958783253,38.544847192611094],[-75.82435204040583,38.54494701439085],[-75.82451288939527,38.54562670574679],[-75.82470601434748,38.546398651467975],[-75.82486118801724,38.5467800932527],[-75.82517233288291,38.547140909101785],[-75.82555858073515,38.54755212580885],[-75.8258957930509,38.54761861145608]]]},"id":"157_00000000000000000000","properties":{"labeler":"maddie","notes":"","point_id":365,"queue_index":8,"source_asset":"point_365_label","source_labeler":"maddie","source_point_id":365,"status":"completed","timestamp":"2026-04-12 16:43:20"}},{"type":"Feature","geometry":{"type":"Polygon","coordinates":[[[-75.78931916865034,38.54916471197214],[-75.78953912641283,38.54897596178711],[-75.78954985821437,38.54873256483403],[-75.78954985821437,38.548522870172654],[-75.78939970161233,38.54816623330102],[-75.78920120729157,38.54777606176347],[-75.78908830132849,38.54765625700655],[-75.78893273397176,38.547559774562124],[-75.78861086687954,38.54746326466235],[-75.78782761549583,38.547240926069456],[-75.78731806963101,38.54707310219855],[-75.78636708988357,38.54678700986289],[-75.78615785929975,38.54671570692092],[-75.78592716426579,38.54720236185033],[-75.78550337980097,38.54791563015784],[-75.78541220122966,38.54796178434296],[-75.78532634431174,38.54796178725298],[-75.78525636378994,38.54826603896789],[-75.78510079226649,38.54850938025505],[-75.78492375627924,38.54889536188629],[-75.7848271669133,38.54924124566643],[-75.78487009552845,38.54939222902665],[-75.78495595272007,38.54964401086299],[-75.78512225653463,38.549828602591866],[-75.78548883380711,38.55017645434047],[-75.7856873332787,38.550306510885626],[-75.78580538622975,38.5503694624055],[-75.78604672482962,38.5504114294642],[-75.78626136594727,38.55041562355213],[-75.78648665007982,38.55039882727473],[-75.78659929201307,38.55038618806355],[-75.78677632592739,38.55033586905879],[-75.78688896763258,38.550298098353615],[-75.7869855556068,38.55025198442195],[-75.78720542826366,38.55020161229334],[-75.7874897810251,38.55014286373565],[-75.78781032023512,38.55010091103758],[-75.78800340618076,38.55006733549835],[-75.78814833133576,38.54995831108165],[-75.78830922114612,38.54981984249997],[-75.7884487357029,38.54964787031233],[-75.7885988933033,38.54953454235314],[-75.78879738845991,38.549408724053244],[-75.78931916865034,38.54916471197214]]]},"id":"158_00000000000000000000","properties":{"labeler":"maddie","notes":"","point_id":367,"queue_index":20,"source_asset":"point_367_label","source_labeler":"maddie","source_point_id":367,"status":"completed","timestamp":"2026-04-12 17:18:28"}},{"type":"Feature","geometry":{"type":"Polygon","coordinates":[[[-75.86903223664292,38.55106033346377],[-75.86853876013612,38.55025486743541],[-75.86795938620328,38.54953327274444],[-75.8669937872553,38.54884518401241],[-75.86626424287219,38.548459266750626],[-75.86624279084188,38.548324976347374],[-75.86113587405009,38.54778797866474],[-75.8608139929438,38.54798930751357],[-75.86064237000025,38.54844246514878],[-75.85999860481158,38.5491304934691],[-75.85941919590915,38.5493990104202],[-75.85888277958671,38.54983532442095],[-75.8586038883937,38.551009972250746],[-75.85881842012938,38.55116490199459],[-75.85774558090081,38.55353099055347],[-75.8571447093704,38.55421893899278],[-75.85669409837509,38.555896922016444],[-75.85969817414515,38.55604795818137],[-75.86019168148641,38.55577953327418],[-75.8607710872274,38.556047979312766],[-75.86137185472114,38.555997640929746],[-75.86182253947757,38.55613191098699],[-75.86259501193983,38.55472236482441],[-75.86319577169184,38.55509152770832],[-75.86295979406181,38.5563332652761],[-75.86461198379126,38.55653458813005],[-75.86747131323608,38.55724361400614],[-75.86817939965624,38.55569982662725],[-75.86865151439545,38.55304855773596],[-75.86903223664292,38.55106033346377]]]},"id":"159_00000000000000000000","properties":{"labeler":"maddie","notes":"","point_id":370,"queue_index":90,"source_asset":"point_370_label","source_labeler":"maddie","source_point_id":370,"status":"completed","timestamp":"2026-04-14 00:43:27"}},{"type":"Feature","geometry":{"type":"Polygon","coordinates":[[[-75.73191347304365,38.574225337931864],[-75.73691313015985,38.5734956046498],[-75.73732082139757,38.572900020629575],[-75.73749241514489,38.572052866987775],[-75.73744743169522,38.57134645980506],[-75.73711489088608,38.570683854171875],[-75.73656763422338,38.569970849129234],[-75.73638530359942,38.56976110985998],[-75.73519442608482,38.56990374286409],[-75.73499097687096,38.5690819850549],[-75.73165429781848,38.5695516914275],[-75.73151481681299,38.57008860525257],[-75.73074234513815,38.56983694333622],[-75.73088182689067,38.569316828596946],[-75.72895027655296,38.56856074800913],[-75.72852108892725,38.57085071985898],[-75.72853954482,38.570977897415126],[-75.7297733336419,38.57168247111716],[-75.72974112483377,38.57289037602913],[-75.72982603894883,38.57322822822271],[-75.73064146035142,38.57373993031419],[-75.73167142238555,38.57360568135452],[-75.73191347304365,38.574225337931864]]]},"id":"160_00000000000000000000","properties":{"labeler":"maddie","notes":"","point_id":397,"queue_index":97,"source_asset":"point_397_label","source_labeler":"maddie","source_point_id":397,"status":"completed","timestamp":"2026-04-14 00:58:25"}},{"type":"Feature","geometry":{"type":"Polygon","coordinates":[[[-75.73691029095677,38.57343779365925],[-75.73724283223804,38.57295966916965],[-75.73750031164644,38.572036968419546],[-75.7374574575935,38.57134079426052],[-75.73665884381147,38.570060337949734],[-75.73635841979448,38.56974152878742],[-75.73517827792395,38.56986735859185],[-75.7350065926952,38.56911241619366],[-75.73487785082104,38.56907047689601],[-75.73166991400407,38.5695486033043],[-75.73145536876073,38.570127393026496],[-75.7307901700036,38.56985056521932],[-75.73090817934403,38.56925501927134],[-75.72899286694444,38.56844137034943],[-75.7285851521602,38.570915887832776],[-75.72991547821347,38.571628898124345],[-75.72975461171849,38.57276127508753],[-75.73015158695819,38.573366866136126],[-75.73069869051614,38.57374427825982],[-75.73170726862301,38.573643642404],[-75.73185739682764,38.57422238953549],[-75.7355802956105,38.57364362920089],[-75.73691029095677,38.57343779365925]]]},"id":"161_00000000000000000000","properties":{"labeler":"maddie","notes":"","point_id":405,"queue_index":79,"source_asset":"point_405_label","source_labeler":"maddie","source_point_id":405,"status":"completed","timestamp":"2026-04-13 15:34:42"}},{"type":"Feature","geometry":{"type":"Polygon","coordinates":[[[-75.85576086895958,38.57727251346071],[-75.8558788638229,38.57703763472905],[-75.85579304938659,38.576827969551],[-75.8558574102187,38.57674408769719],[-75.85603976575088,38.576744032996565],[-75.85652255908906,38.57575432035701],[-75.85708770711437,38.57464145304232],[-75.85702334684127,38.57454081337493],[-75.85612212264495,38.57427243693051],[-75.85502780926342,38.5739285074766],[-75.85298933550445,38.57329102375117],[-75.84995302439201,38.572393540151836],[-75.84953457237651,38.57319038757141],[-75.84759398501265,38.574026350034515],[-75.84714334365262,38.57504965771384],[-75.84642194213846,38.57639565792768],[-75.84583183882334,38.57761180186513],[-75.8449149396498,38.579377688819896],[-75.84576250861527,38.57975511878239],[-75.84695335218784,38.58025827876617],[-75.84832663987471,38.58075315268278],[-75.84890600548168,38.580962783513506],[-75.84922348087231,38.58116518908898],[-75.8503714751725,38.58156772976022],[-75.85126192013806,38.581945202305],[-75.85154091443796,38.58196198049856],[-75.8517769110942,38.58183615696273],[-75.85222753772767,38.58112328979413],[-75.85221681064957,38.58099745019069],[-75.85194863343294,38.58068710840303],[-75.85198081472574,38.580569681430084],[-75.85228117310605,38.58048583706102],[-75.85253871129305,38.580494243812645],[-75.85293765076207,38.58074276793902],[-75.85321655311054,38.58079305510921],[-75.8535813593907,38.58018919882904],[-75.8538454555018,38.57946853550133],[-75.85479545274994,38.5784910588279],[-75.85538551875578,38.57784520009777],[-75.85576086895958,38.57727251346071]]]},"id":"162_00000000000000000000","properties":{"labeler":"maddie","notes":"","point_id":421,"queue_index":14,"source_asset":"point_421_label","source_labeler":"maddie","source_point_id":421,"status":"completed","timestamp":"2026-04-12 17:04:42"}},{"type":"Feature","geometry":{"type":"Polygon","coordinates":[[[-75.9141841047708,38.575919879865275],[-75.91304682015733,38.57585277745137],[-75.9130951155069,38.57717377851952],[-75.91315820958995,38.577581768093914],[-75.91358196714954,38.57787532195731],[-75.91368927987116,38.57818144487022],[-75.91478358138409,38.578122744349876],[-75.91491233781593,38.57818985192555],[-75.9150035217558,38.578391126327745],[-75.9151484057368,38.57891952605742],[-75.91517853449695,38.579065741866174],[-75.91587051944767,38.578990256866014],[-75.91605297463762,38.579040607154944],[-75.91614415783701,38.57919994415254],[-75.91631039644277,38.579376077597736],[-75.91651429544478,38.579443184933716],[-75.91685049332662,38.579359754489886],[-75.91767122394205,38.57911655846043],[-75.91829354757569,38.57893202001175],[-75.91838472932022,38.57876844043441],[-75.91836931083697,38.5783088004378],[-75.91846049253232,38.57805718570556],[-75.91866970511967,38.57764621230762],[-75.91874484789581,38.57734849820473],[-75.91904834277926,38.576834075760836],[-75.91914696739869,38.576094572616256],[-75.91906110284175,38.57544449275891],[-75.9190210504195,38.575082812784],[-75.9188977030651,38.5750912124353],[-75.91784623335886,38.57538900226805],[-75.91644615191728,38.575628045311284],[-75.91517995232078,38.57586082480044],[-75.9141841047708,38.575919879865275]]]},"id":"163_00000000000000000000","properties":{"labeler":"maddie","notes":"","point_id":422,"queue_index":84,"source_asset":"point_422_label","source_labeler":"maddie","source_point_id":422,"status":"completed","timestamp":"2026-04-13 15:42:02"}},{"type":"Feature","geometry":{"type":"Polygon","coordinates":[[[-75.87833226678971,38.583178245560504],[-75.87801033619375,38.58413433748984],[-75.8778172838489,38.584494988254804],[-75.87759187850439,38.58478249706875],[-75.87791381005432,38.585503797270576],[-75.87832668264743,38.58601939220021],[-75.87902407826601,38.58662318879704],[-75.87949606813521,38.586899967804456],[-75.87996814506265,38.58692512423263],[-75.88094446888547,38.58685799596386],[-75.88120195488732,38.58685800915964],[-75.88201713208544,38.586589823267595],[-75.8822102673219,38.58622086090568],[-75.88306860355975,38.58549958836546],[-75.88339043398594,38.585466028813414],[-75.88378910916116,38.58443453847334],[-75.88361742548103,38.584384203185856],[-75.88316681022314,38.583931271268035],[-75.88280376431094,38.58308321786687],[-75.88178446537572,38.583250949040945],[-75.88107635850379,38.58318390582549],[-75.88064727361508,38.58303290687342],[-75.87992843606159,38.58263877367491],[-75.87944563398786,38.582202602435636],[-75.87904863064179,38.58167424828729],[-75.87908080577034,38.58154008080495],[-75.8789628302631,38.58147300478202],[-75.87833226678971,38.583178245560504]]]},"id":"164_00000000000000000000","properties":{"labeler":"maddie","notes":"","point_id":450,"queue_index":87,"source_asset":"point_450_label","source_labeler":"maddie","source_point_id":450,"status":"completed","timestamp":"2026-04-14 00:20:19"}},{"type":"Feature","geometry":{"type":"Polygon","coordinates":[[[-75.78420496663456,38.5876875323999],[-75.78355047820502,38.587461098306925],[-75.783915285582,38.58679016622076],[-75.78437659306856,38.58694957097845],[-75.78444098618915,38.58713404925661],[-75.78515977464848,38.58735209384078],[-75.78546018529049,38.587452692118674],[-75.78559970262545,38.58741913836972],[-75.78632921730798,38.58678177203948],[-75.78727336787064,38.58586767817114],[-75.78772748034208,38.585247609820414],[-75.78826389884189,38.58455990622647],[-75.78783471098679,38.58436695937384],[-75.78800642176076,38.58404827788957],[-75.7866438165953,38.58351157491822],[-75.78640780067377,38.583511553150004],[-75.78619324847043,38.583352245418716],[-75.78451957059184,38.582756772009795],[-75.78421915797541,38.583352186693546],[-75.78387581582797,38.58320122412818],[-75.78280294391887,38.58512179762135],[-75.78138671585212,38.5846521212825],[-75.78121508583367,38.584526367399654],[-75.78104336691166,38.584283097964814],[-75.78033529027655,38.58407349047796],[-75.77938045008722,38.5855475072777],[-75.77818948536282,38.587392515170826],[-75.77885473089974,38.587568662409275],[-75.78088246893319,38.588130545406365],[-75.78265269153971,38.588650458095394],[-75.78363979534144,38.58893563783649],[-75.7839937815773,38.588985873583546],[-75.78508819752915,38.58797117484039],[-75.78420496663456,38.5876875323999]]]},"id":"165_00000000000000000000","properties":{"labeler":"maddie","notes":"","point_id":452,"queue_index":46,"source_asset":"point_452_label","source_labeler":"maddie","source_point_id":452,"status":"completed","timestamp":"2026-04-13 00:18:56"}},{"type":"Feature","geometry":{"type":"Polygon","coordinates":[[[-75.77639295217999,38.58472876992318],[-75.77716544469524,38.583604926615294],[-75.77688648215346,38.58350428626066],[-75.77665045014781,38.583722372854595],[-75.77645734889049,38.58373909179179],[-75.7738395017154,38.583806223482426],[-75.7706208138006,38.58435975230459],[-75.77034183852219,38.58419198594933],[-75.76673702108307,38.58123986041095],[-75.76632932452732,38.580266903536085],[-75.76298192879358,38.58115598399286],[-75.76373293736872,38.58177658094514],[-75.76411917388943,38.5837894564104],[-75.76484870921351,38.58472870735131],[-75.76343248118486,38.58511449903857],[-75.7636255999793,38.585718333331386],[-75.76399036935906,38.585986669698535],[-75.7647843072901,38.586355726703154],[-75.76620052198041,38.58776460501259],[-75.76813174969152,38.588334867203415],[-75.76905437610489,38.588619968263295],[-75.76916170943365,38.58878769838091],[-75.77014872876678,38.58900579855087],[-75.77201559334863,38.5891566945333],[-75.77315285553964,38.5894921541068],[-75.77639295217999,38.58472876992318]]]},"id":"166_00000000000000000000","properties":{"labeler":"maddie","notes":"","point_id":458,"queue_index":91,"source_asset":"point_458_label","source_labeler":"maddie","source_point_id":458,"status":"completed","timestamp":"2026-04-14 00:45:00"}},{"type":"Feature","geometry":{"type":"Polygon","coordinates":[[[-75.7209829016476,38.590794266559094],[-75.72117598864442,38.59022403229403],[-75.72129932992732,38.58990951469685],[-75.72143349672841,38.589586686191865],[-75.72143349672841,38.58952798796705],[-75.72137448819699,38.58948182192859],[-75.72117066455789,38.58943149879091],[-75.72088094522024,38.58936023719485],[-75.71892831933863,38.58889483475664],[-75.71759256783335,38.58859290969808],[-75.7161977933365,38.58825751086831],[-75.7160369115595,38.5885929490556],[-75.71502840147066,38.58835413393369],[-75.71470823243226,38.589306209219764],[-75.7143257679343,38.590463504986445],[-75.71400790455853,38.591441489777],[-75.71483938823827,38.59161337291137],[-75.7168666975583,38.592070062927604],[-75.71849475383799,38.59243487227646],[-75.71870931834371,38.59243066232823],[-75.7190043662029,38.592522913525144],[-75.72022749953345,38.59277451294875],[-75.72156003223482,38.5930750630255],[-75.72216085254095,38.59320924738283],[-75.72233787709908,38.593255379912165],[-75.7226007071455,38.592794179721785],[-75.7226757760041,38.5926096722775],[-75.72268118876899,38.59250903869731],[-75.72246663016267,38.59241681734152],[-75.72268118876899,38.592035311548614],[-75.72278305519174,38.591712407382325],[-75.72308350748001,38.59175015390438],[-75.72331421466042,38.5915797724625],[-75.7234482908563,38.59130300014934],[-75.72370038216214,38.59068664207076],[-75.72399861421576,38.59009397115047],[-75.7241381024864,38.58995974261544],[-75.72417031254501,38.589917831225115],[-75.72380553099279,38.58993881043654],[-75.72332273307234,38.5899303942739],[-75.72288820469036,38.58982563499915],[-75.72280239915588,38.58980886866726],[-75.72240975166976,38.591033924599564],[-75.72236689313377,38.59113038530256],[-75.7209829016476,38.590794266559094]]]},"id":"167_00000000000000000000","properties":{"labeler":"maddie","notes":"","point_id":473,"queue_index":23,"source_asset":"point_473_label","source_labeler":"maddie","source_point_id":473,"status":"completed","timestamp":"2026-04-12 18:37:22"}},{"type":"Feature","geometry":{"type":"Polygon","coordinates":[[[-75.78619245021855,38.595066317172076],[-75.78617098611095,38.59412713971212],[-75.78656789419176,38.59402648847873],[-75.78809183360308,38.59351059666863],[-75.7890681680484,38.59327584962566],[-75.7898192172998,38.593082972283106],[-75.78992653506872,38.59297394248378],[-75.79033416447189,38.5928816603603],[-75.79122471892336,38.59268048528753],[-75.7915143851752,38.59245402292237],[-75.791922098743,38.59227792023001],[-75.79255508572203,38.59226956313298],[-75.79157983937864,38.5898075805003],[-75.79086534038187,38.58804738719584],[-75.79052201418435,38.58719199079463],[-75.78983535931647,38.58735965119755],[-75.78961008045762,38.5872422803359],[-75.78801147729179,38.58650425891598],[-75.78717465143367,38.586177229653345],[-75.78643432033262,38.586923555024086],[-75.78717465143367,38.587443533775236],[-75.78652017658575,38.588064107421616],[-75.78567260991358,38.587586143060506],[-75.7844709653456,38.58867034059648],[-75.78381647813237,38.589349586389126],[-75.783612654291,38.58975209008928],[-75.78347144978859,38.591865386860476],[-75.7834177884933,38.59270395529163],[-75.78338559170646,38.593190264329316],[-75.78449065579406,38.59291354001047],[-75.78473740704005,38.59288005143559],[-75.78488765723091,38.59303093179946],[-75.7848661929276,38.593664701730745],[-75.78490912153102,38.59394139699047],[-75.78531676523095,38.59398334508152],[-75.78553140744351,38.59405042922091],[-75.78556360374763,38.59445293888159],[-75.78535969369922,38.595886800373044],[-75.78568156810579,38.59591195529981],[-75.78581035314366,38.59600422171722],[-75.78587474561913,38.59643188568593],[-75.7862931186142,38.59629771327308],[-75.78619245021855,38.595066317172076]]]},"id":"168_00000000000000000000","properties":{"labeler":"maddie","notes":"","point_id":474,"queue_index":11,"source_asset":"point_474_label","source_labeler":"maddie","source_point_id":474,"status":"completed","timestamp":"2026-04-12 16:52:30"}},{"type":"Feature","geometry":{"type":"Polygon","coordinates":[[[-75.86925348942682,38.59079722243628],[-75.86659267127706,38.59021020200701],[-75.86307361652902,38.589472202444114],[-75.86223678877576,38.589321239530484],[-75.86204371489035,38.589388360138905],[-75.86155012535791,38.58935482885279],[-75.8610995283821,38.58913674989944],[-75.858653354831,38.58860008228949],[-75.85722529261389,38.588357145046835],[-75.85497222458464,38.587870732929254],[-75.8538349058512,38.58761919780225],[-75.85344873490759,38.58765268505721],[-75.85312683633106,38.58795462704236],[-75.85310538231016,38.58832363183369],[-75.85295520407291,38.58855843218708],[-75.85309421203353,38.58933802049299],[-75.8535877423841,38.59004239034538],[-75.85390963991365,38.59150156961342],[-75.85403836325978,38.59411791264103],[-75.8542314480597,38.596700539043674],[-75.85448898270245,38.59966884493614],[-75.85481087818462,38.599819778650534],[-75.8564201673232,38.599836592227376],[-75.86107647990488,38.599953964225676],[-75.86468139342148,38.60007131744166],[-75.86648913441553,38.59740489710551],[-75.86778706277629,38.59442837502639],[-75.86925348942682,38.59079722243628]]]},"id":"169_00000000000000000000","properties":{"labeler":"maddie","notes":"","point_id":490,"queue_index":27,"source_asset":"point_490_label","source_labeler":"maddie","source_point_id":490,"status":"completed","timestamp":"2026-04-12 18:49:34"}},{"type":"Feature","geometry":{"type":"Polygon","coordinates":[[[-75.75479154654755,38.60312795352267],[-75.75493100500579,38.60301057070618],[-75.75515633836105,38.60228950980851],[-75.75539231700793,38.60145943273708],[-75.75561764963994,38.60084993325407],[-75.75621850536044,38.600103682309054],[-75.756776332843,38.59914783417475],[-75.75681926985592,38.59895493250754],[-75.75622187646178,38.59810499692033],[-75.75593213888419,38.5977276281897],[-75.75534210504257,38.59743416985352],[-75.75497731370055,38.59709874857817],[-75.75440865608991,38.59618760319166],[-75.75474124565822,38.595868971915486],[-75.75570689545874,38.59533229737711],[-75.75564248943603,38.59507234394936],[-75.75557817209805,38.59430089860364],[-75.75549229731777,38.59389843991428],[-75.75525623012126,38.59373071070893],[-75.7543121348868,38.59358811171034],[-75.75247750999098,38.59356299854988],[-75.7509217865158,38.59358815963847],[-75.7509217865158,38.59365525606667],[-75.75082526297199,38.593906824653914],[-75.75064286168657,38.59412484439224],[-75.74860440512572,38.59534287061673],[-75.74764953128592,38.59594656361892],[-75.74766026622169,38.596055556401694],[-75.74805719212746,38.596508370727],[-75.74752080071275,38.59686898060642],[-75.74696284860643,38.59627357314185],[-75.74680191242437,38.59632395100627],[-75.74593290716298,38.59634909131013],[-75.74482781234221,38.596365853081736],[-75.74379785562131,38.596365859242205],[-75.74349744649301,38.59646643793206],[-75.74335833183494,38.5967434668068],[-75.7426073942679,38.59790060486598],[-75.74329400900437,38.59812699114624],[-75.7432853143299,38.59820249900359],[-75.74309225693281,38.59857139209596],[-75.74278111103344,38.598303090160464],[-75.74245922913884,38.59819408083001],[-75.74229828792174,38.59843724369592],[-75.7423304939239,38.59853790604926],[-75.74414360037792,38.59994651749205],[-75.7466406211859,38.601833138789445],[-75.74899023872047,38.603669328638595],[-75.75074976519174,38.60505269734159],[-75.75203730299152,38.604532873329774],[-75.7528848022882,38.604440625443885],[-75.75343199691909,38.604340066969854],[-75.75537395326998,38.60383702257085],[-75.75479154654755,38.60312795352267]]]},"id":"170_00000000000000000000","properties":{"labeler":"maddie","notes":"","point_id":507,"queue_index":4,"source_asset":"point_507_label","source_labeler":"maddie","source_point_id":507,"status":"completed","timestamp":"2026-04-12 16:30:06"}},{"type":"Feature","geometry":{"type":"Polygon","coordinates":[[[-75.89806586550297,38.60652044537563],[-75.90046686740767,38.605306503225506],[-75.90083164028384,38.60507173460689],[-75.90176510359414,38.604099195809454],[-75.90343420882759,38.60233720867869],[-75.90501963663294,38.60072652187455],[-75.90621051246379,38.59946884724711],[-75.90717610880091,38.59850455727877],[-75.90645731795854,38.59802664005878],[-75.90608174806066,38.59829491970651],[-75.9053736746666,38.598362029434185],[-75.90479427478719,38.59842070788848],[-75.90446168151767,38.598412333140885],[-75.90412908746185,38.598320036639784],[-75.90160062023983,38.59796224324844],[-75.90059209202201,38.597886784810015],[-75.8999054379196,38.59792029134268],[-75.89930465714446,38.59842339615859],[-75.89859654964967,38.59906069457824],[-75.89802403460342,38.59975697858776],[-75.89755192950065,38.60073794361154],[-75.89713352979399,38.601517761295256],[-75.89671512884426,38.602020861698925],[-75.8962650872062,38.60265273936381],[-75.89609341871922,38.60279529627575],[-75.89385107405938,38.60278690647776],[-75.89430165517268,38.60396907740041],[-75.89465802446222,38.60537414546678],[-75.89489403774816,38.60609513566301],[-75.89558071628771,38.607797138539325],[-75.89806586550297,38.60652044537563]]]},"id":"171_00000000000000000000","properties":{"labeler":"maddie","notes":"","point_id":519,"queue_index":47,"source_asset":"point_519_label","source_labeler":"maddie","source_point_id":519,"status":"completed","timestamp":"2026-04-13 00:22:44"}},{"type":"Feature","geometry":{"type":"Polygon","coordinates":[[[-75.72753280791528,38.60656910741595],[-75.7281550761436,38.60472459103985],[-75.72860573756974,38.60339986181632],[-75.72860573756974,38.6032525161216],[-75.72802632815339,38.60326923325993],[-75.72764008349355,38.60337824378497],[-75.72761861063812,38.60327766406611],[-75.72706075893106,38.603336357437456],[-75.72506518141047,38.603604671077505],[-75.72418539714299,38.60373882036365],[-75.72347730666786,38.60357949371241],[-75.72302671796369,38.60326930660064],[-75.72262972312738,38.60297580942525],[-75.72212296304595,38.602263452491606],[-75.72203715705679,38.60212931138684],[-75.72175817632193,38.60289230105513],[-75.7215973007359,38.603755924252134],[-75.72161877448693,38.60395708420415],[-75.72206936758403,38.603864870898995],[-75.72227318995488,38.60427569734684],[-75.72240194307615,38.60457756755681],[-75.72146854689731,38.604980022877406],[-75.72155524056969,38.60529793250131],[-75.72159809934654,38.60636269760102],[-75.72163669885516,38.60752663018074],[-75.72171185694928,38.60766916857483],[-75.721947890379,38.60779495426861],[-75.72267746194728,38.60802967922184],[-75.72367518192469,38.6083314828331],[-75.72516890953001,38.60879256480275],[-75.7266387529305,38.60925372328087],[-75.7269177242348,38.608314740221076],[-75.72753280791528,38.60656910741595]]]},"id":"172_00000000000000000000","properties":{"labeler":"maddie","notes":"","point_id":524,"queue_index":31,"source_asset":"point_524_label","source_labeler":"maddie","source_point_id":524,"status":"completed","timestamp":"2026-04-12 19:19:30"}},{"type":"Feature","geometry":{"type":"Polygon","coordinates":[[[-75.70989167934577,38.608070671393754],[-75.70996941705454,38.608003603176954],[-75.70998547929281,38.60795962689571],[-75.70996941705454,38.60789047947589],[-75.7098970038477,38.607823354924996],[-75.70978163959526,38.60771441680154],[-75.70971996405335,38.60775210040771],[-75.70967435075796,38.60767245742249],[-75.70972573227063,38.60764369369648],[-75.70957283006446,38.607478159286494],[-75.70909344554767,38.60699373342778],[-75.7087930529224,38.607085943502405],[-75.70843098358222,38.60716554914201],[-75.70815738989901,38.60725990885547],[-75.70797227237465,38.60737726055],[-75.7079539913407,38.607463794402534],[-75.70803980568878,38.60759377519864],[-75.7080064383785,38.60781768173619],[-75.70792328629788,38.60795813142136],[-75.70798682620584,38.60819768276361],[-75.70793855007722,38.6082877852884],[-75.70797608831833,38.60854560040061],[-75.70804415408769,38.60891428763557],[-75.70811390593805,38.6092492931691],[-75.70824267167022,38.609265993987144],[-75.70836069942884,38.609293284821455],[-75.70857261669669,38.609194798187154],[-75.70891587231634,38.6090836772466],[-75.7092131587126,38.60895013574043],[-75.70930704784158,38.60888091759824],[-75.70937147456213,38.60875516590828],[-75.70955650155466,38.608430307274354],[-75.70958330160782,38.60826261795552],[-75.70965039046085,38.608185049143614],[-75.70989167934577,38.608070671393754]]]},"id":"173_00000000000000000000","properties":{"labeler":"maddie","notes":"","point_id":530,"queue_index":101,"source_asset":"point_530_label","source_labeler":"maddie","source_point_id":530,"status":"completed","timestamp":"2026-04-14 01:05:46"}},{"type":"Feature","geometry":{"type":"Polygon","coordinates":[[[-75.89427214233112,38.62209956232607],[-75.89526990337788,38.62172234098682],[-75.89579563499309,38.62139548636217],[-75.8962033149353,38.621026617541666],[-75.89637498328834,38.620615879136025],[-75.89622476241263,38.62030577869347],[-75.89590287265749,38.61994529278152],[-75.89550591563868,38.61968547398531],[-75.89495873527534,38.61952613808739],[-75.89470127439175,38.61971895428573],[-75.89427214233112,38.619467509325304],[-75.89388590463349,38.61941719659503],[-75.89338161380172,38.61941723690672],[-75.89287740979316,38.619559719908445],[-75.89224442692105,38.61960166277587],[-75.89164352484032,38.61968543749438],[-75.89036682098644,38.61989503899803],[-75.8890901055695,38.6200626376134],[-75.88872530228946,38.62020515677202],[-75.88827470334911,38.620456672065124],[-75.88811374948402,38.62075005049448],[-75.88799578152899,38.620808725257945],[-75.88764169980912,38.62077520227236],[-75.88464974025851,38.62221508713073],[-75.88482142268248,38.62250011720619],[-75.88497156707818,38.62271808048004],[-75.88548661254832,38.622894079253896],[-75.88595866943633,38.623321559282275],[-75.88621614628828,38.623531100971505],[-75.88648434714959,38.62364010272835],[-75.88693495181066,38.62374902637281],[-75.88752506093026,38.62399212937116],[-75.88825458412602,38.62419331212193],[-75.8890762792233,38.62421291121135],[-75.8894625301018,38.62416264548997],[-75.88976298611124,38.624020173551536],[-75.89019213190271,38.623877702805984],[-75.89078222739018,38.62378548359112],[-75.89128643889468,38.623701645214055],[-75.89183363351903,38.623374710837254],[-75.89268118717945,38.622846655691255],[-75.89427214233112,38.62209956232607]]]},"id":"174_00000000000000000000","properties":{"labeler":"maddie","notes":"","point_id":576,"queue_index":12,"source_asset":"point_576_label","source_labeler":"maddie","source_point_id":576,"status":"completed","timestamp":"2026-04-12 16:55:11"}},{"type":"Feature","geometry":{"type":"Polygon","coordinates":[[[-75.90354596036101,38.63085016359564],[-75.90376051242185,38.63021316994989],[-75.9039107252561,38.62962651205077],[-75.90423259670072,38.628997860337236],[-75.90256013330388,38.62811028979678],[-75.89957717566303,38.6266540438239],[-75.89781762729218,38.62584101891169],[-75.89768885520967,38.6258913138601],[-75.89438443289953,38.628715908829754],[-75.89470623749757,38.62893377585697],[-75.89569912102533,38.62945412773224],[-75.89554889942882,38.62969716481407],[-75.89739435398921,38.63059196464632],[-75.89990490617791,38.63190779629232],[-75.90134255114135,38.63212572240554],[-75.90189998689102,38.63194943076781],[-75.90249012195032,38.631698048601294],[-75.90335914648685,38.631161623715194],[-75.90354596036101,38.63085016359564]]]},"id":"175_00000000000000000000","properties":{"labeler":"maddie","notes":"","point_id":593,"queue_index":81,"source_asset":"point_593_label","source_labeler":"maddie","source_point_id":593,"status":"completed","timestamp":"2026-04-13 15:37:09"}},{"type":"Feature","geometry":{"type":"Polygon","coordinates":[[[-76.01402271004272,38.64188490676848],[-76.01342720181839,38.64133181542124],[-76.01310531638148,38.641009173359684],[-76.01289615686038,38.64092961372545],[-76.01256355537974,38.64096729069419],[-76.01186080372561,38.64103431225864],[-76.0111741651613,38.64116426302128],[-76.01048752319461,38.641361148439735],[-76.0102943879247,38.641545484883025],[-76.01016563092855,38.64186814811429],[-76.01004767737183,38.642253646641336],[-76.009778650791,38.6425277920314],[-76.0091724978089,38.64300965115752],[-76.00897404743995,38.64322331006185],[-76.00967672517912,38.643403497951894],[-76.01079312090997,38.64367891855839],[-76.01175330082711,38.643900976251835],[-76.01221997260708,38.64403505163762],[-76.01239167554765,38.644051753951345],[-76.0125848078944,38.644001532043085],[-76.01275110870903,38.64391768054921],[-76.01299781444861,38.643716626330715],[-76.01368940285536,38.643080250204825],[-76.01417758603726,38.64263197773011],[-76.01439745829238,38.64245182550431],[-76.014448197994,38.64232693449412],[-76.01433015953207,38.64212998184242],[-76.01402271004272,38.64188490676848]]]},"id":"176_00000000000000000000","properties":{"labeler":"maddie","notes":"","point_id":628,"queue_index":62,"source_asset":"point_628_label","source_labeler":"maddie","source_point_id":628,"status":"completed","timestamp":"2026-04-13 00:55:33"}},{"type":"Feature","geometry":{"type":"Polygon","coordinates":[[[-75.87383111055094,38.646204149155764],[-75.87369699816406,38.64632989858283],[-75.8732410328246,38.64640531342612],[-75.87305861082066,38.64632989423623],[-75.87254360865437,38.64728928519535],[-75.8725811923527,38.64740237977448],[-75.87267240369225,38.64744432515414],[-75.87627055098947,38.64848431726121],[-75.87711686858042,38.64870803771653],[-75.87778209475668,38.647304512015516],[-75.87858497115688,38.64557410562158],[-75.87898481218328,38.64470915485153],[-75.87893659377328,38.644617029130366],[-75.87681744930023,38.644007123987905],[-75.8751276419135,38.64348760635362],[-75.87478434191846,38.64401551847379],[-75.87451071181297,38.64465238201418],[-75.87477361655014,38.645339484773984],[-75.87449280661752,38.645956078304714],[-75.87435869485871,38.6461990979504],[-75.87383111055094,38.646204149155764]]]},"id":"177_00000000000000000000","properties":{"labeler":"maddie","notes":"","point_id":640,"queue_index":80,"source_asset":"point_640_label","source_labeler":"maddie","source_point_id":640,"status":"completed","timestamp":"2026-04-13 15:35:54"}},{"type":"Feature","geometry":{"type":"Polygon","coordinates":[[[-75.83446566528843,38.64832669277049],[-75.83661142182268,38.64966734697529],[-75.83788807882718,38.65050523760325],[-75.8380705461249,38.6503544499029],[-75.83963693577493,38.65053036770255],[-75.84047380829374,38.65000248019619],[-75.84209939623328,38.648866780391714],[-75.84266797081118,38.64845619433543],[-75.84326881504012,38.64802886564361],[-75.8430864430825,38.64777748683611],[-75.84348931013727,38.647421480446695],[-75.84395060214959,38.646876810922095],[-75.84400424065836,38.646600266499824],[-75.84375750335016,38.6462651200617],[-75.84375750335016,38.645469093393494],[-75.84363949839893,38.64512546412279],[-75.84292632438883,38.64496681912155],[-75.8424543012307,38.64465673324364],[-75.8418212699631,38.64442213329006],[-75.84128487571309,38.64448916013698],[-75.84086639813044,38.64469862076165],[-75.84022653288228,38.64492193558336],[-75.83969013260692,38.64478792506484],[-75.83920737062653,38.644821460164614],[-75.83890689590409,38.64481303218886],[-75.83840267501651,38.644628699316925],[-75.83730281649115,38.64473765520216],[-75.83644446874573,38.644561650283435],[-75.83586514093362,38.64468736566346],[-75.8355647478047,38.645156597308294],[-75.83540479795742,38.64579864379521],[-75.83531897113589,38.64627623884888],[-75.83335557977128,38.64765882304373],[-75.83446566528843,38.64832669277049]]]},"id":"178_00000000000000000000","properties":{"labeler":"maddie","notes":"","point_id":647,"queue_index":49,"source_asset":"point_647_label","source_labeler":"maddie","source_point_id":647,"status":"completed","timestamp":"2026-04-13 00:26:41"}},{"type":"Feature","geometry":{"type":"Polygon","coordinates":[[[-75.91441689518003,38.646706487386524],[-75.91310796472554,38.6463377696043],[-75.91163809510695,38.645960711126556],[-75.9110372758247,38.64624559560126],[-75.91005026063806,38.64837392128175],[-75.9118848910738,38.64906942180943],[-75.91271646179808,38.64938371961978],[-75.91338160849615,38.64938370746651],[-75.9140253958999,38.64965186994276],[-75.91475495898163,38.64809332071104],[-75.91520104244883,38.64729275527743],[-75.91429983541454,38.64698273417191],[-75.91441689518003,38.646706487386524]]]},"id":"179_00000000000000000000","properties":{"labeler":"maddie","notes":"","point_id":650,"queue_index":100,"source_asset":"point_650_label","source_labeler":"maddie","source_point_id":650,"status":"completed","timestamp":"2026-04-14 01:04:08"}},{"type":"Feature","geometry":{"type":"Polygon","coordinates":[[[-75.73687071955791,38.65410171557128],[-75.73785778315676,38.65227520058113],[-75.73811526146633,38.65160494595706],[-75.73839421056988,38.65038161179422],[-75.73809387889509,38.64981184591651],[-75.73697807691522,38.6483733626437],[-75.7360553333826,38.64800466982833],[-75.73444601903618,38.64743486049408],[-75.73215002215791,38.647384614173376],[-75.73110861754382,38.64743381346909],[-75.72947786414052,38.64828850794804],[-75.72851230463132,38.64957882357089],[-75.72816891809849,38.65105355048749],[-75.72840502970146,38.65209249982934],[-75.72793289483978,38.651955439507134],[-75.72698879794464,38.65257549178901],[-75.7267742457401,38.652374349703045],[-75.72492888840439,38.65388250858656],[-75.72804017012064,38.656295475837574],[-75.72913456863556,38.65537385428337],[-75.72941353511482,38.65552472854621],[-75.73070099746805,38.6546700676976],[-75.73181675930303,38.65482094505668],[-75.7324819533253,38.65520631051263],[-75.73273944123743,38.655323624707336],[-75.73364064530902,38.655491146266876],[-75.73385527602812,38.65515603754399],[-75.73540018188824,38.65485443210077],[-75.73687071955791,38.65410171557128]]]},"id":"180_00000000000000000000","properties":{"labeler":"maddie","notes":"","point_id":666,"queue_index":94,"source_asset":"point_666_label","source_labeler":"maddie","source_point_id":666,"status":"completed","timestamp":"2026-04-14 00:49:42"}},{"type":"Feature","geometry":{"type":"Polygon","coordinates":[[[-75.77625440158349,38.65856823171099],[-75.77632412040232,38.65793566245497],[-75.77640998271781,38.65745813001658],[-75.77634017524001,38.657378541906894],[-75.77598350905713,38.65731993615908],[-75.77530228393798,38.657273884759135],[-75.77452437056445,38.657198466598985],[-75.7736553556151,38.6571440009711],[-75.77301696289537,38.65708535617901],[-75.77160941975828,38.6569735221821],[-75.770000148507,38.65687717286079],[-75.76914414580352,38.656846312817635],[-75.76910121247641,38.657101852108376],[-75.76907974580803,38.65751653955646],[-75.7689962741455,38.658475273077265],[-75.7690123298038,38.65888581266772],[-75.76929662997512,38.65889001532075],[-75.76946827426754,38.658957036162995],[-75.76969899580676,38.65899890666802],[-75.77020691896391,38.65911066211569],[-75.77055561612913,38.65918609797312],[-75.77088816829587,38.659265651007246],[-75.7716427723393,38.65943456995776],[-75.7721255855621,38.65955183507296],[-75.77281755883433,38.659723583797664],[-75.77320377089667,38.65980733614618],[-75.77356319377377,38.65988275636006],[-75.77398160273515,38.659920467645],[-75.77440107489869,38.659958152028366],[-75.77500185198731,38.65996235465755],[-75.77507698220941,38.65994138210957],[-75.77518431102979,38.65985767100208],[-75.7754685989631,38.659866011735694],[-75.77569390007599,38.65988697193616],[-75.77576361916752,38.6598576462985],[-75.77584407105412,38.65966915812593],[-75.7759138787736,38.65954764180112],[-75.7760640495212,38.65945550596729],[-75.77617128890147,38.65937170339907],[-75.77620348731016,38.6591915944998],[-75.77625440158349,38.65856823171099]]]},"id":"181_00000000000000000000","properties":{"labeler":"maddie","notes":"","point_id":680,"queue_index":21,"source_asset":"point_680_label","source_labeler":"maddie","source_point_id":680,"status":"completed","timestamp":"2026-04-12 17:20:44"}},{"type":"Feature","geometry":{"type":"Polygon","coordinates":[[[-75.73352876038003,38.66694926346068],[-75.7335502323557,38.666882243213685],[-75.73396866906118,38.66688225591204],[-75.7342723809475,38.66645933856364],[-75.73432606060379,38.666291824898366],[-75.73421878999798,38.66620805114365],[-75.73308148597822,38.66624992975257],[-75.73255577485504,38.66628340265705],[-75.73254503879357,38.665956694374096],[-75.73258798303466,38.66578079462824],[-75.73286694283489,38.66583946367214],[-75.7332209654684,38.66595674764433],[-75.73393983281319,38.665914856382706],[-75.73387541705068,38.665462496715975],[-75.73378961804958,38.66495982260354],[-75.7334784520609,38.66498495394562],[-75.73282399867685,38.66485094010654],[-75.73200858961334,38.6648676812103],[-75.73149458673228,38.66490213367816],[-75.73150532287195,38.66521207171053],[-75.73135510557233,38.66522047885412],[-75.73070064255236,38.66526234929678],[-75.73022860393226,38.66527911250204],[-75.73006764905713,38.66517017486644],[-75.73001405654509,38.664977516084534],[-75.73000332029441,38.664692661702944],[-75.72998184779068,38.66429892760541],[-75.72989595774378,38.6640476234798],[-75.72982089264023,38.66369575805641],[-75.72967067358645,38.66369577596027],[-75.72945612536954,38.66372927878248],[-75.72912347739987,38.663754398362194],[-75.72891966470134,38.6635031187213],[-75.72873732440702,38.66348637259975],[-75.72814717913027,38.663561766251114],[-75.7278896830209,38.663771167174716],[-75.72762145002416,38.66404758713474],[-75.72740689876015,38.66424028733963],[-75.72710645546977,38.664491620340776],[-75.72682757326159,38.66449996645869],[-75.72601213030596,38.66449996180085],[-75.72599065720831,38.664575368754655],[-75.72605507649166,38.66492723983042],[-75.7260971353471,38.66574076133879],[-75.72588249308522,38.6661010247037],[-75.72593617586358,38.666302078406346],[-75.72641896504412,38.66639421243482],[-75.72797087154053,38.666392490848565],[-75.7288506327338,38.66655997688145],[-75.72895790733234,38.666635367879515],[-75.7293548847643,38.66709613882703],[-75.73352876038003,38.66694926346068]]]},"id":"182_00000000000000000000","properties":{"labeler":"maddie","notes":"","point_id":699,"queue_index":40,"source_asset":"point_699_label","source_labeler":"maddie","source_point_id":699,"status":"completed","timestamp":"2026-04-12 19:44:11"}},{"type":"Feature","geometry":{"type":"Polygon","coordinates":[[[-75.74844489026755,38.689426481553404],[-75.74823037000701,38.6883755548505],[-75.74817137244338,38.68835460823908],[-75.74744716428901,38.68844250058394],[-75.74541398564362,38.68874396095607],[-75.74404609635947,38.68893242406575],[-75.74271057743837,38.68914454920444],[-75.74257110713363,38.68920734120522],[-75.74242622467018,38.68931201120357],[-75.74222234205892,38.68937904044572],[-75.74209360663221,38.68946275224251],[-75.74223307739945,38.68987309441195],[-75.7425425387721,38.690848159458476],[-75.74293956751217,38.69219536973803],[-75.74326810242172,38.69325574519484],[-75.74370798136718,38.69468767194362],[-75.74382065687924,38.694892823506834],[-75.74415327092757,38.69471694192393],[-75.74494181778005,38.694277346438],[-75.74589387056051,38.693848213608845],[-75.74699709409934,38.693398312979596],[-75.7485635061717,38.69288129095806],[-75.74927697389255,38.69264680068893],[-75.7492620693556,38.692229502349164],[-75.74948741159454,38.69208715604417],[-75.74962687519707,38.69205366268544],[-75.7495893477906,38.6917856504555],[-75.74951420423095,38.69145068058368],[-75.74933339819698,38.69079936480913],[-75.74884518528302,38.690841200335974],[-75.7485624415567,38.69000030880486],[-75.74844489026755,38.689426481553404]]]},"id":"183_00000000000000000000","properties":{"labeler":"maddie","notes":"","point_id":748,"queue_index":22,"source_asset":"point_748_label","source_labeler":"maddie","source_point_id":748,"status":"completed","timestamp":"2026-04-12 17:22:35"}},{"type":"Feature","geometry":{"type":"Polygon","coordinates":[[[-75.91360394366734,38.706416412095585],[-75.91559945032324,38.70477542462028],[-75.91348307277694,38.70279325594606],[-75.91157960838702,38.701143797165635],[-75.91042085738445,38.70266766322676],[-75.9094076070534,38.703957068974866],[-75.9102659547982,38.70459337565492],[-75.90976172265734,38.70505385246514],[-75.91097409217275,38.70584927109568],[-75.91254047121772,38.70707159887059],[-75.91350602407572,38.706334901119185],[-75.91360394366734,38.706416412095585]]]},"id":"184_00000000000000000000","properties":{"labeler":"maddie","notes":"","point_id":768,"queue_index":99,"source_asset":"point_768_label","source_labeler":"maddie","source_point_id":768,"status":"completed","timestamp":"2026-04-14 01:02:45"}},{"type":"Feature","geometry":{"type":"Polygon","coordinates":[[[-75.91683746722443,38.71592769233848],[-75.91786741169881,38.716325323371],[-75.91829656038452,38.7164927442774],[-75.91904763388688,38.7166140731319],[-75.91970743393375,38.71654296310832],[-75.91978789281947,38.716434086087894],[-75.91990592273136,38.71624156638954],[-75.92020099707689,38.716090934838384],[-75.92050670407792,38.716153665311914],[-75.92067302612898,38.71619557339947],[-75.92111288807811,38.715864860248935],[-75.92254482234402,38.71462414167869],[-75.92369895427166,38.713645071622494],[-75.92479326637083,38.712778480078214],[-75.92409822411246,38.71250401068434],[-75.9234438498437,38.71221100129972],[-75.92152333013624,38.71183428082689],[-75.91949556455486,38.713558859895976],[-75.91885189083763,38.714094645416125],[-75.91811889316497,38.713560718706674],[-75.91799013967284,38.71358586621181],[-75.91745368028695,38.714657406038434],[-75.91683746722443,38.71592769233848]]]},"id":"185_00000000000000000000","properties":{"labeler":"maddie","notes":"","point_id":789,"queue_index":83,"source_asset":"point_789_label","source_labeler":"maddie","source_point_id":789,"status":"completed","timestamp":"2026-04-13 15:39:57"}},{"type":"Feature","geometry":{"type":"Polygon","coordinates":[[[-75.81072239905689,38.729242140761635],[-75.80984260779509,38.72853914035118],[-75.80940275446878,38.72822104810382],[-75.80903801216344,38.72823783395523],[-75.80854441581509,38.728020179746764],[-75.80797579354218,38.727668642378944],[-75.80790068060519,38.72761840557924],[-75.80515410943889,38.72960207779366],[-75.80369500248818,38.73076543854738],[-75.80372045473388,38.73085747863259],[-75.8046753097446,38.731527079767375],[-75.80591988408793,38.73245604595772],[-75.80756342569106,38.733801643953406],[-75.8080676671634,38.73419502551528],[-75.80965549293703,38.732931242469235],[-75.81003105260544,38.73264675646619],[-75.8100847039059,38.73202741700413],[-75.81018127619586,38.731692594774024],[-75.81068550841249,38.73131596903553],[-75.81143653265538,38.73073011570412],[-75.81097513518615,38.73034515063129],[-75.81084646151456,38.7302196154803],[-75.81044944353411,38.730453926329474],[-75.80947316656425,38.73026976383785],[-75.80948389686793,38.730152659482954],[-75.81072239905689,38.729242140761635]]]},"id":"186_00000000000000000000","properties":{"labeler":"maddie","notes":"","point_id":822,"queue_index":10,"source_asset":"point_822_label","source_labeler":"maddie","source_point_id":822,"status":"completed","timestamp":"2026-04-12 16:49:48"}},{"type":"Feature","geometry":{"type":"Polygon","coordinates":[[[-75.81579885086725,38.73349032500747],[-75.81593301799123,38.733276918307084],[-75.81593026902961,38.73313465668903],[-75.81596245848006,38.73306140029324],[-75.81608855592657,38.732952655449935],[-75.81604563669572,38.73293169619389],[-75.81604297641238,38.732908654051755],[-75.81611267581926,38.73287519202036],[-75.81627362279264,38.73285635387253],[-75.81625482348613,38.73282497657981],[-75.81617439434955,38.732812470381766],[-75.81605902678771,38.73279988368932],[-75.81597859754062,38.73274547388262],[-75.81597017330594,38.732696813521876],[-75.81602914293826,38.73268004238419],[-75.81599961378708,38.73258797148192],[-75.81593798385724,38.73257754919399],[-75.81592450507766,38.73255035269116],[-75.81593523489572,38.7325042899984],[-75.81604528199126,38.73248551723521],[-75.81594596471297,38.73239345281353],[-75.81584141546753,38.732433189808596],[-75.81576364638619,38.732395555980176],[-75.81572400808095,38.732309208522146],[-75.81553885182456,38.73229451307752],[-75.81544237184082,38.7322171315499],[-75.81542357242462,38.73217110716244],[-75.81531893411929,38.732150209428255],[-75.81530288366058,38.73210624726254],[-75.81518751539309,38.732079012916344],[-75.81488441830061,38.73209574318203],[-75.81461998373955,38.73220997874909],[-75.81434641493982,38.732276953288206],[-75.81422838558075,38.73238363763903],[-75.8141237463978,38.732333445406056],[-75.81401378649565,38.732293640343215],[-75.81392262612535,38.73226437866158],[-75.81382064704276,38.73226229217623],[-75.81352029605128,38.73248824752991],[-75.81309552932291,38.73280450840508],[-75.81258589625622,38.733218849307434],[-75.81285414774955,38.73341133560539],[-75.81318669022224,38.73364143778221],[-75.81355984629182,38.73390427564931],[-75.81337743623443,38.734013037408346],[-75.81243869026356,38.734749502632845],[-75.81194519436586,38.73512837861199],[-75.81100643896326,38.735772786149084],[-75.81072745378385,38.7355803081279],[-75.81032511469199,38.73593603625358],[-75.81034657517034,38.736032276105014],[-75.8106470215281,38.736283322157384],[-75.81112136721914,38.73666766619106],[-75.8119742809639,38.7373497318406],[-75.81208637072524,38.737419482563304],[-75.81225796366226,38.73732325831205],[-75.81290708856312,38.736883871330726],[-75.81301970965892,38.736636966168426],[-75.81309481989933,38.73649844596737],[-75.81318606947701,38.736423162422845],[-75.81345964050408,38.7358791538358],[-75.81366351043529,38.735397967692016],[-75.81358946462623,38.734997462746165],[-75.81413128396863,38.7353238681505],[-75.81432433432336,38.73536154898337],[-75.81474173720503,38.73532305531546],[-75.81499916607616,38.73518493647243],[-75.81526457537612,38.734944260160944],[-75.81543625316317,38.734613696869204],[-75.81553282182749,38.734304019613084],[-75.81579885086725,38.73349032500747]]]},"id":"187_00000000000000000000","properties":{"labeler":"maddie","notes":"","point_id":825,"queue_index":106,"source_asset":"point_825_label","source_labeler":"maddie","source_point_id":825,"status":"completed","timestamp":"2026-04-14 17:57:08"}},{"type":"Feature","geometry":{"type":"Polygon","coordinates":[[[-75.55312365781647,38.33612791480455],[-75.55270523585628,38.33746416332858],[-75.55241553792105,38.33856890791873],[-75.55228681271366,38.33905696325972],[-75.55213658874494,38.339667027457],[-75.55209901051958,38.33990692943132],[-75.552157998557,38.33995738902167],[-75.55251743419288,38.33977224135754],[-75.553627894684,38.33928836672318],[-75.55504367531239,38.33871684869786],[-75.55562297149493,38.338531761823134],[-75.55568737707982,38.33811940418375],[-75.55550499815779,38.33803946666523],[-75.55483890898248,38.337753880631716],[-75.55461895142923,38.337610812160385],[-75.55475105037056,38.337085213046606],[-75.55479395807127,38.33687060947492],[-75.55476179950587,38.33680327719712],[-75.55457941944339,38.3367864816859],[-75.5542736458388,38.33676965216549],[-75.55414483341073,38.336698078903396],[-75.55401077953036,38.33651294432096],[-75.55383905890851,38.33651716712518],[-75.55374249373257,38.336441368066225],[-75.5538176493395,38.336226789875724],[-75.55388738589103,38.335940670670134],[-75.5538551382923,38.33587757795553],[-75.55326508594838,38.33573031851711],[-75.55312365781647,38.33612791480455]]]},"id":"188_00000000000000000000","properties":{"labeler":"maddie","notes":"","point_id":82,"queue_index":51,"source_asset":"point_82_label","source_labeler":"maddie","source_point_id":82,"status":"completed","timestamp":"2026-04-13 00:30:51"}},{"type":"Feature","geometry":{"type":"Polygon","coordinates":[[[-75.75208103986171,38.74628475171908],[-75.75257456471846,38.746468844950314],[-75.75304661881614,38.74649392223304],[-75.75300376939143,38.7468537725392],[-75.75235996190152,38.74718845832161],[-75.75237069648577,38.747364146714],[-75.7525316264376,38.747447823981055],[-75.75296083123875,38.74747291536455],[-75.75336847702663,38.74770719262576],[-75.75487378447156,38.74849425276537],[-75.75433732976592,38.749188761163005],[-75.75568915275564,38.749883185405444],[-75.75586081331622,38.74988324112406],[-75.75678351858367,38.74887081383028],[-75.75724491335194,38.74794197031157],[-75.75759896474497,38.746703621538074],[-75.7577598888432,38.7460927378454],[-75.75849469046973,38.74341362819726],[-75.75893452284579,38.742275383127634],[-75.75835514675802,38.74228378466255],[-75.75749685680307,38.74237585903504],[-75.75714280515845,38.742509732031564],[-75.75683168965065,38.74267711102052],[-75.75658489038551,38.74334652202117],[-75.75647763636712,38.743589189115475],[-75.7557802615128,38.74364778367119],[-75.75550134610901,38.743547372977034],[-75.7548575498042,38.743815156405915],[-75.75453569492755,38.744015956130234],[-75.75422457377609,38.74397411093359],[-75.75389198301235,38.74411642056161],[-75.75337699366189,38.744618443652215],[-75.75299072825963,38.745061954335995],[-75.75267960376469,38.7455222110267],[-75.75234700942693,38.74602427271535],[-75.75211102578126,38.7462250504823],[-75.75208103986171,38.74628475171908]]]},"id":"189_00000000000000000000","properties":{"labeler":"maddie","notes":"","point_id":869,"queue_index":15,"source_asset":"point_869_label","source_labeler":"maddie","source_point_id":869,"status":"completed","timestamp":"2026-04-12 17:08:09"}},{"type":"Feature","geometry":{"type":"Polygon","coordinates":[[[-75.91981040003255,38.750198330594756],[-75.92117296581186,38.74957921556156],[-75.92249263143212,38.74890978220822],[-75.92316854211325,38.74860855037995],[-75.9236942580151,38.748357544890276],[-75.92395175441601,38.74839940116745],[-75.92488515275535,38.747989379865736],[-75.924992456837,38.74791407764847],[-75.92490659585667,38.74769654227073],[-75.92409122405179,38.74665058862944],[-75.9239711596659,38.74646332888849],[-75.92311289568305,38.74687330823777],[-75.92295198167793,38.74689841727887],[-75.92270520516065,38.74657211885732],[-75.92207341985493,38.74588097614367],[-75.9214940888376,38.74534546973366],[-75.92121514426445,38.74497731155912],[-75.92086105753378,38.7445839722696],[-75.92054994605796,38.74429114511039],[-75.91965940669145,38.7446341805456],[-75.91881183835571,38.74509440324855],[-75.91761025858513,38.74571367370158],[-75.91655877923813,38.74634957879812],[-75.9160867363539,38.7466257702499],[-75.91607601412994,38.746776338504105],[-75.91707379774796,38.74759236924523],[-75.91785695544768,38.748362130412644],[-75.91887625904559,38.74939139020942],[-75.91957398550402,38.75009497483155],[-75.91972418143689,38.75022889571186],[-75.91981040003255,38.750198330594756]]]},"id":"190_00000000000000000000","properties":{"labeler":"maddie","notes":"","point_id":872,"queue_index":64,"source_asset":"point_872_label","source_labeler":"maddie","source_point_id":872,"status":"completed","timestamp":"2026-04-13 00:58:07"}},{"type":"Feature","geometry":{"type":"Polygon","coordinates":[[[-75.87411883570493,38.74890205652029],[-75.8740418963188,38.74854314961762],[-75.87395068586324,38.748183349174376],[-75.87402576386157,38.74810806648887],[-75.87417600837833,38.74808297834573],[-75.87444955049244,38.74809966480464],[-75.87454607899929,38.74805779594063],[-75.87474994982549,38.74806200702123],[-75.87483575276349,38.7482209614169],[-75.8749645457121,38.74832974670135],[-75.87510938223944,38.74833814000762],[-75.87521131728286,38.74815823208009],[-75.8752756692811,38.747882151698974],[-75.87525324358808,38.747587813602536],[-75.87476510716645,38.747307459964496],[-75.87411954482351,38.746862559029765],[-75.87329873769518,38.746318586129235],[-75.872136835393,38.74564035683025],[-75.87168627214201,38.74544793623182],[-75.87117126497502,38.745226135276994],[-75.87076360134486,38.74506717750379],[-75.87031294507437,38.74480777427545],[-75.87008770504275,38.7446529804327],[-75.8698731017508,38.744577658468394],[-75.86959414357706,38.744502338408],[-75.86934736219808,38.744485562244265],[-75.86925614871299,38.744506543633],[-75.86938494674625,38.745852970446194],[-75.86952003829444,38.7472264589294],[-75.86963811032925,38.74811343433081],[-75.86965415464469,38.74850668043059],[-75.86968633191272,38.74883298788715],[-75.86973464212231,38.74892922397135],[-75.86979367806244,38.74896686565378],[-75.86989552829758,38.74896270019137],[-75.86997601563777,38.74899201350095],[-75.87018521159399,38.749113266864356],[-75.87071635519035,38.74928903923783],[-75.87110256766374,38.74939781783195],[-75.87141910686827,38.74943545923074],[-75.87159071673715,38.74938104801148],[-75.87220225248375,38.749330879480866],[-75.8730122518385,38.749276504512395],[-75.87355411027272,38.74924298546202],[-75.874036932486,38.74921372368491],[-75.87414418669167,38.74917184249122],[-75.87411883570493,38.74890205652029]]]},"id":"191_00000000000000000000","properties":{"labeler":"maddie","notes":"","point_id":873,"queue_index":45,"source_asset":"point_873_label","source_labeler":"maddie","source_point_id":873,"status":"completed","timestamp":"2026-04-13 00:16:43"}},{"type":"Feature","geometry":{"type":"Polygon","coordinates":[[[-75.89615740668772,38.7511774540567],[-75.8972302200294,38.74996426046838],[-75.89895760515522,38.74798116570465],[-75.89788391872439,38.74751646720657],[-75.89642479100054,38.74587643924587],[-75.89472086093335,38.74375704639718],[-75.89396983476017,38.744200612159794],[-75.89204935559725,38.745673327954435],[-75.89130912792683,38.746493354808656],[-75.89170405830758,38.747048800784334],[-75.89247654460516,38.74733327229912],[-75.89266966551794,38.747977598872254],[-75.89357083385966,38.748783968228764],[-75.89468665095396,38.74979640123339],[-75.89534115909274,38.750601386245044],[-75.8959634042948,38.75088588294021],[-75.89615740668772,38.7511774540567]]]},"id":"192_00000000000000000000","properties":{"labeler":"maddie","notes":"","point_id":875,"queue_index":77,"source_asset":"point_875_label","source_labeler":"maddie","source_point_id":875,"status":"completed","timestamp":"2026-04-13 15:32:32"}},{"type":"Feature","geometry":{"type":"Polygon","coordinates":[[[-75.92905922987245,38.75637416291143],[-75.92968150299406,38.75595585795941],[-75.92915572093044,38.75536175707097],[-75.92948834432558,38.7551024014671],[-75.92987457279169,38.754859783807625],[-75.93004620001126,38.75485141084059],[-75.93057197873479,38.75534502447757],[-75.93178434571564,38.75450004613083],[-75.93187011388069,38.754483281464765],[-75.9317306519823,38.754165378228045],[-75.93047540004737,38.75247523358569],[-75.93008917323677,38.7520652530803],[-75.92955267150802,38.75171387893176],[-75.92887679159325,38.75131223719497],[-75.92855488801848,38.751136483049365],[-75.92780395401512,38.750935723865354],[-75.92739618852102,38.75077671763639],[-75.92570105158946,38.75174730704618],[-75.9257547476321,38.751897919562325],[-75.92535769769539,38.75214054077467],[-75.92487496285068,38.75242507134265],[-75.92440285932527,38.75274301192903],[-75.92415608535997,38.7535378707869],[-75.92457449324195,38.75402307101795],[-75.9257976335656,38.75517772521932],[-75.92639847829213,38.75481798079205],[-75.92682760088842,38.755261401503624],[-75.92740690988013,38.75508565755377],[-75.92856986235476,38.756239096022384],[-75.92905922987245,38.75637416291143]]]},"id":"193_00000000000000000000","properties":{"labeler":"maddie","notes":"","point_id":887,"queue_index":86,"source_asset":"point_887_label","source_labeler":"maddie","source_point_id":887,"status":"completed","timestamp":"2026-04-14 00:18:19"}},{"type":"Feature","geometry":{"type":"Polygon","coordinates":[[[-75.84668250530599,38.77386979282962],[-75.84660741280561,38.77401194436861],[-75.84648941022469,38.774204392154665],[-75.84644650017093,38.774471997451066],[-75.84642495648202,38.774731272958014],[-75.84645722768559,38.774973845687185],[-75.8465859577982,38.77519134554837],[-75.84675759776661,38.77540880475016],[-75.84703651227233,38.77565974516736],[-75.84733696978324,38.775935802809926],[-75.84750860884287,38.776011025353135],[-75.84779674212783,38.77606802524996],[-75.8505540150731,38.77607632072966],[-75.85387994132891,38.77607632048316],[-75.85498507909763,38.776051285810404],[-75.855246513043,38.77386265932389],[-75.85537523517456,38.772432345115554],[-75.85509323426409,38.772346292093864],[-75.85435290163285,38.7721037147433],[-75.85368774257623,38.771936377745845],[-75.85364483470102,38.771710566430336],[-75.85351611099742,38.77150981450463],[-75.85334439055788,38.77153487200871],[-75.85270068085289,38.7716771278821],[-75.85165997666188,38.77182766884295],[-75.85080171575711,38.77206187267313],[-75.8500554208306,38.77242719765722],[-75.84976569634368,38.77256939739417],[-75.84944387805864,38.7725442665998],[-75.84911124307457,38.77246895411459],[-75.84868214988506,38.772427171392835],[-75.84843533205726,38.77241878552107],[-75.84821005722091,38.77245227138394],[-75.84793114502298,38.77267815071884],[-75.84764141619586,38.77291232538344],[-75.8474054126563,38.77294581889557],[-75.84715859260656,38.7729458058093],[-75.84694404322012,38.77292902020788],[-75.8468367684052,38.77297922206703],[-75.84675094849486,38.77307128496524],[-75.84672949350914,38.77325526948289],[-75.84668250530599,38.77386979282962]]]},"id":"194_00000000000000000000","properties":{"labeler":"maddie","notes":"","point_id":921,"queue_index":68,"source_asset":"point_921_label","source_labeler":"maddie","source_point_id":921,"status":"completed","timestamp":"2026-04-13 13:13:54"}},{"type":"Feature","geometry":{"type":"Polygon","coordinates":[[[-75.91033800047312,38.78206416232237],[-75.90868572598515,38.780684151654796],[-75.9078381800644,38.77996492768559],[-75.90644340469802,38.780843088090926],[-75.90454436465012,38.782122679241766],[-75.90451219533428,38.78239868096276],[-75.90419032452932,38.782549213852],[-75.90388998791862,38.78249908172205],[-75.90357883886823,38.78259103952199],[-75.90273126217463,38.78316817945511],[-75.90242011056193,38.78342742218652],[-75.90251661992242,38.78351941801121],[-75.90284921778985,38.78374518348063],[-75.90329861802945,38.78404288525616],[-75.90374925753046,38.78414323080582],[-75.90452176637116,38.784185028668624],[-75.90599153315051,38.784243569778965],[-75.90664607734448,38.78422689607486],[-75.90742920454154,38.78376684911876],[-75.90813735620493,38.783256736889086],[-75.90883469290735,38.78282185106151],[-75.90952139204443,38.782437085931804],[-75.91033800047312,38.78206416232237]]]},"id":"195_00000000000000000000","properties":{"labeler":"maddie","notes":"","point_id":937,"queue_index":5,"source_asset":"point_937_label","source_labeler":"maddie","source_point_id":937,"status":"completed","timestamp":"2026-04-12 16:32:58"}},{"type":"Feature","geometry":{"type":"Polygon","coordinates":[[[-75.88150127623436,38.792717119056945],[-75.88137248924752,38.79077707866407],[-75.88124379077854,38.789305290054635],[-75.88012795595175,38.789338709969954],[-75.87877616107734,38.78937217028533],[-75.8784543201305,38.78948925249449],[-75.8781323898128,38.78963974360293],[-75.87776764683973,38.789639783004056],[-75.8769522678291,38.78977355610311],[-75.87675912539973,38.7898906330094],[-75.87660897226847,38.79010808804013],[-75.87648018081916,38.79034225494199],[-75.87602954277968,38.79037564278397],[-75.87600809223133,38.79054292806577],[-75.87635147789082,38.790626601598866],[-75.8768664661767,38.79067672639001],[-75.87725266183988,38.79059307485561],[-75.87781054739868,38.79065997097922],[-75.8778748982127,38.790843980946875],[-75.87740290292456,38.7909443305247],[-75.87669477407731,38.79099453309912],[-75.87660897226847,38.79111156780547],[-75.87650163129581,38.79144604410315],[-75.87658743316985,38.79178053432074],[-75.87660897226847,38.79238270352586],[-75.87663042272557,38.79293460981807],[-75.87703806942937,38.79305161240081],[-75.87772474626772,38.79325235846506],[-75.87766039538528,38.79336944240721],[-75.87710242059538,38.793436288376576],[-75.87688791659468,38.793720645516004],[-75.87639437887997,38.79403841482371],[-75.87626558723497,38.79452340135731],[-75.87650163129581,38.7946237023791],[-75.8769522678291,38.79460699006379],[-75.87796078788985,38.794590257445236],[-75.87849722048085,38.79459026187686],[-75.87952717952467,38.794523397895375],[-75.87978466811165,38.794473163352784],[-75.87969886818027,38.794055099104206],[-75.87935549066029,38.79392126976026],[-75.87926969046809,38.79368720433228],[-75.87995635645412,38.79362026745524],[-75.88014940587428,38.79338609529121],[-75.88029964387673,38.79435609975796],[-75.88040698196225,38.79452338772704],[-75.88124379077854,38.794456495116805],[-75.88173731154247,38.79440628816247],[-75.88150127623436,38.792717119056945]]]},"id":"196_00000000000000000000","properties":{"labeler":"maddie","notes":"","point_id":953,"queue_index":1,"source_asset":"point_953_label","source_labeler":"maddie","source_point_id":953,"status":"completed","timestamp":"2026-04-12 14:15:25"}},{"type":"Feature","geometry":{"type":"Polygon","coordinates":[[[-75.67198984743187,38.36154553461464],[-75.67189335996804,38.360308865136794],[-75.67192549287479,38.36003965593907],[-75.6708419353888,38.360443423267775],[-75.66905019098466,38.36108279895602],[-75.66687219543279,38.36189037625751],[-75.6663465103404,38.36202498345854],[-75.66624993036697,38.36210910260158],[-75.66594953783424,38.36199979041126],[-75.66557404629688,38.36222691746519],[-75.66593879683681,38.36290832432346],[-75.66648596531769,38.36376639883243],[-75.66694729314818,38.364456177747876],[-75.66749898498807,38.36554081623028],[-75.66811050387807,38.36665121921184],[-75.6683787582693,38.366962469238885],[-75.66874350178252,38.36656711916302],[-75.6685182112999,38.366129660391714],[-75.66845385520753,38.36589414285457],[-75.6697198452772,38.36581000815273],[-75.669998837401,38.36586886098007],[-75.67012754819096,38.366482939140894],[-75.67055673127823,38.366474572626146],[-75.67065330839415,38.36680265937248],[-75.67118971854308,38.366811005553586],[-75.67131842827968,38.36653343910181],[-75.67205872896763,38.36653343080759],[-75.67210169114611,38.36499400194119],[-75.67203041297944,38.36280751028865],[-75.67207337516626,38.36270656495198],[-75.67317840440937,38.362723452824895],[-75.67315701224489,38.361789645652706],[-75.67298534223008,38.36151203874662],[-75.67198984743187,38.36154553461464]]]},"id":"197_00000000000000000000","properties":{"labeler":"maddie","notes":"","point_id":95,"queue_index":60,"source_asset":"point_95_label","source_labeler":"maddie","source_point_id":95,"status":"completed","timestamp":"2026-04-13 00:51:05"}},{"type":"Feature","geometry":{"type":"Polygon","coordinates":[[[-75.82409977136547,38.80386890858287],[-75.82070948035957,38.80187056451495],[-75.81936838046882,38.80105739450393],[-75.81767318872558,38.802052356624465],[-75.81656811537903,38.802788127564384],[-75.8158385778279,38.80335671048045],[-75.81567763036307,38.80360583250983],[-75.81587076729906,38.80405732616267],[-75.81627841129486,38.804751308346006],[-75.81665395351305,38.80537833999836],[-75.81715816283051,38.80643808990983],[-75.817244000609,38.8065551633787],[-75.8210098161932,38.805267583365776],[-75.82082156324846,38.80475833642829],[-75.82246315956348,38.80423159852553],[-75.82259182274301,38.80448242611567],[-75.82421194025585,38.80395574366238],[-75.82409977136547,38.80386890858287]]]},"id":"198_00000000000000000000","properties":{"labeler":"maddie","notes":"","point_id":972,"queue_index":92,"source_asset":"point_972_label","source_labeler":"maddie","source_point_id":972,"status":"completed","timestamp":"2026-04-14 00:46:10"}},{"type":"Feature","geometry":{"type":"Polygon","coordinates":[[[-75.78024064917832,38.812877133916984],[-75.77957549877702,38.80926557316198],[-75.78131354028802,38.80771057105117],[-75.78229302537525,38.80690297860625],[-75.78225009598725,38.806334500981045],[-75.77950356407058,38.806050245402325],[-75.77926744767791,38.80641810950567],[-75.77656378967086,38.80586630574006],[-75.77583422523581,38.80579938351004],[-75.77484724504275,38.80626758076829],[-75.77482577923462,38.80702004505574],[-75.7725512723737,38.80671910922036],[-75.77107063257398,38.80696991408643],[-75.77012655261838,38.80728761659567],[-75.76956859959606,38.80820726877145],[-75.76935402217224,38.80839119207476],[-75.76948282188805,38.80890949270832],[-75.77019086343932,38.80914361663989],[-75.77089899019924,38.80954490775236],[-75.77252980622175,38.80989602778139],[-75.77235807689048,38.81125036445327],[-75.77587715654676,38.81148442102358],[-75.77696950572027,38.811845626552845],[-75.78024064917832,38.812877133916984]]]},"id":"199_00000000000000000000","properties":{"labeler":"maddie","notes":"","point_id":977,"queue_index":74,"source_asset":"point_977_label","source_labeler":"maddie","source_point_id":977,"status":"completed","timestamp":"2026-04-13 13:44:15"}},{"type":"Feature","geometry":{"type":"Polygon","coordinates":[[[-75.93024945882141,38.85326303275989],[-75.92926240150861,38.85386455137858],[-75.9285972414625,38.853847855611505],[-75.92921951663479,38.85586974109757],[-75.93119362491355,38.85765771846011],[-75.93222355259367,38.857273396799854],[-75.93316770538564,38.85723992817259],[-75.93544220500185,38.85615386976374],[-75.93567823837333,38.854783617661184],[-75.93497013706563,38.8535471018575],[-75.93363977939582,38.852728272514746],[-75.93222355259367,38.85256116523898],[-75.93024945882141,38.85326303275989]]]},"id":"200_00000000000000000000","properties":{"labeler":"mara","notes":"","point_id":1008,"queue_index":24,"source_asset":"point_1008_label","source_labeler":"mara","source_point_id":1008,"status":"completed","timestamp":"2026-04-12 04:24:20"}},{"type":"Feature","geometry":{"type":"MultiPolygon","coordinates":[[[[-75.97772205723133,38.8651456413337],[-75.97770815105477,38.86503485374085],[-75.97770062223249,38.865028695596536],[-75.97772205723133,38.8651456413337]]],[[[-75.98252855092848,38.86676630351192],[-75.98233546533928,38.86462771165089],[-75.98222820529298,38.86404296316704],[-75.98194920478532,38.863324490629175],[-75.98205655361829,38.862672922715326],[-75.9816917266776,38.86215496626129],[-75.98059741726168,38.86183753774657],[-75.98025410967735,38.86167044982229],[-75.97840868404306,38.86162033166651],[-75.97858034021687,38.862689612957254],[-75.9780868945773,38.863424818754545],[-75.97763622864176,38.8644606797238],[-75.97770815105477,38.86503485374085],[-75.97827998606083,38.86549649255586],[-75.97778645078236,38.86683308259435],[-75.98252855092848,38.86676630351192]]]]},"id":"201_00000000000000000000","properties":{"labeler":"mara","notes":"","point_id":1018,"queue_index":117,"source_asset":"point_1018_label","source_labeler":"mara","source_point_id":1018,"status":"completed","timestamp":"2026-04-13 01:21:17"}},{"type":"Feature","geometry":{"type":"Polygon","coordinates":[[[-75.94824892116317,38.86794921528154],[-75.95550167139675,38.86520926184052],[-75.95309842233603,38.86099886456092],[-75.95279801329647,38.86033051216246],[-75.94987973310135,38.860297106396516],[-75.94760520234873,38.86357194046836],[-75.94721902279377,38.866245112309464],[-75.94824892116317,38.86794921528154]]]},"id":"202_00000000000000000000","properties":{"labeler":"mara","notes":"truss is barely visible on the edge","point_id":1019,"queue_index":31,"source_asset":"point_1019_label","source_labeler":"mara","source_point_id":1019,"status":"completed","timestamp":"2026-04-12 04:32:18"}},{"type":"Feature","geometry":{"type":"Polygon","coordinates":[[[-75.88534444565066,38.87114152377648],[-75.88178242677047,38.86900314859103],[-75.87796300382509,38.86659735916307],[-75.87427227115289,38.87077397145198],[-75.87813469438267,38.87304598098182],[-75.88199701196987,38.87535134122474],[-75.88414284601797,38.873547143385665],[-75.88534444565066,38.87114152377648]]]},"id":"203_00000000000000000000","properties":{"labeler":"mara","notes":"","point_id":1025,"queue_index":95,"source_asset":"point_1025_label","source_labeler":"mara","source_point_id":1025,"status":"completed","timestamp":"2026-04-12 21:33:19"}},{"type":"Feature","geometry":{"type":"Polygon","coordinates":[[[-75.98971548417082,38.875230404368324],[-75.99053082711761,38.873994278037465],[-75.9908741979005,38.87399422630022],[-75.99104583869085,38.872774755719036],[-75.9913247323816,38.87230697470773],[-75.98939354372575,38.871154304003966],[-75.9876340618099,38.87115426994013],[-75.986239285029,38.87122112414031],[-75.98583160156872,38.87192270808383],[-75.9857243442182,38.87337615536075],[-75.98538096071555,38.87553115255391],[-75.98971548417082,38.875230404368324]]]},"id":"204_00000000000000000000","properties":{"labeler":"mara","notes":"","point_id":1027,"queue_index":70,"source_asset":"point_1027_label","source_labeler":"mara","source_point_id":1027,"status":"completed","timestamp":"2026-04-12 20:35:54"}},{"type":"Feature","geometry":{"type":"Polygon","coordinates":[[[-75.88644490587845,38.87818621177753],[-75.88344086672375,38.881560405549955],[-75.88674536831772,38.883464612341335],[-75.88640200794404,38.884333208682015],[-75.8874319979258,38.88476746010505],[-75.88751779315497,38.885368792191294],[-75.88798993187575,38.88566939469814],[-75.888676555424,38.88583643455074],[-75.88987820506003,38.887005623894154],[-75.89146600121325,38.887573450686574],[-75.89309685264544,38.88680515446398],[-75.8973883274757,38.8846004483801],[-75.88644490587845,38.87818621177753]]]},"id":"205_00000000000000000000","properties":{"labeler":"mara","notes":"","point_id":1041,"queue_index":41,"source_asset":"point_1041_label","source_labeler":"mara","source_point_id":1041,"status":"completed","timestamp":"2026-04-12 19:22:25"}},{"type":"Feature","geometry":{"type":"Polygon","coordinates":[[[-75.64846658450372,38.371915473486],[-75.64812327487434,38.369257486621116],[-75.64400340758134,38.36959391187447],[-75.63589233184143,38.37134348785312],[-75.63855316090161,38.374068822745656],[-75.64099926257663,38.376390185579254],[-75.64460419365714,38.37978812579455],[-75.64460419365714,38.37776958153386],[-75.64494751155982,38.37649117098502],[-75.64674993950396,38.37477532581209],[-75.6500115122338,38.373866911404455],[-75.64911032117482,38.37268933066004],[-75.64846658450372,38.371915473486]]]},"id":"206_00000000000000000000","properties":{"labeler":"mara","notes":"","point_id":104,"queue_index":67,"source_asset":"point_104_label","source_labeler":"mara","source_point_id":104,"status":"completed","timestamp":"2026-04-12 20:34:21"}},{"type":"Feature","geometry":{"type":"Polygon","coordinates":[[[-76.0088148264566,38.899294509516984],[-76.00911520315326,38.90056368789375],[-76.01035974046707,38.901498828605135],[-76.01113227956745,38.90149885515669],[-76.01387881423794,38.898125583749724],[-76.01199053322439,38.89555373017893],[-76.0094585279613,38.89488571747367],[-76.0075702752719,38.89445152697224],[-76.00684075444848,38.895186384754865],[-76.00641152378492,38.895587191076174],[-76.00658323392098,38.8962885766387],[-76.00752732592457,38.8968897656116],[-76.00851444910903,38.8971903858287],[-76.0089006357857,38.89762458254919],[-76.0088148264566,38.899294509516984]]]},"id":"207_00000000000000000000","properties":{"labeler":"mara","notes":"","point_id":1050,"queue_index":42,"source_asset":"point_1050_label","source_labeler":"mara","source_point_id":1050,"status":"completed","timestamp":"2026-04-12 19:23:07"}},{"type":"Feature","geometry":{"type":"Polygon","coordinates":[[[-75.92632121304754,38.90158559266993],[-75.92589208890179,38.89767795859618],[-75.92511960896621,38.89704336836119],[-75.92524835591757,38.89497254856072],[-75.92323136584311,38.893536287411024],[-75.91868228799301,38.89296844192415],[-75.91859651176371,38.89734398011862],[-75.91885401751776,38.90195299043147],[-75.92632121304754,38.90158559266993]]]},"id":"208_00000000000000000000","properties":{"labeler":"mara","notes":"","point_id":1053,"queue_index":51,"source_asset":"point_1053_label","source_labeler":"mara","source_point_id":1053,"status":"completed","timestamp":"2026-04-12 19:45:57"}},{"type":"Feature","geometry":{"type":"Polygon","coordinates":[[[-75.76008333240095,38.9098690198256],[-75.76454648120409,38.90933473045308],[-75.76452510256236,38.90741451682159],[-75.7640529974716,38.90724757164454],[-75.76377400942293,38.90629580418322],[-75.76235785950139,38.904809671200866],[-75.76040517485109,38.90484306156959],[-75.75980433663943,38.904609283255354],[-75.75716507202526,38.90455917416393],[-75.75660715733876,38.909919125574575],[-75.76008333240095,38.9098690198256]]]},"id":"209_00000000000000000000","properties":{"labeler":"mara","notes":"","point_id":1066,"queue_index":80,"source_asset":"point_1066_label","source_labeler":"mara","source_point_id":1066,"status":"completed","timestamp":"2026-04-12 21:03:39"}},{"type":"Feature","geometry":{"type":"Polygon","coordinates":[[[-75.76450603032741,38.909270123783976],[-75.76450603032741,38.90745011020483],[-75.7640340138823,38.9072663837742],[-75.7639910790262,38.906648570881515],[-75.76330447441772,38.90578035754454],[-75.76229594032492,38.904828548695065],[-75.76055784572807,38.904811852915145],[-75.75982828860205,38.90456132918213],[-75.75742499973705,38.904594777768715],[-75.75663110983442,38.90875248383271],[-75.756759832252,38.90997133707729],[-75.7600428802669,38.90988790077555],[-75.76450603032741,38.909270123783976]]]},"id":"210_00000000000000000000","properties":{"labeler":"mara","notes":"","point_id":1071,"queue_index":50,"source_asset":"point_1071_label","source_labeler":"mara","source_point_id":1071,"status":"completed","timestamp":"2026-04-12 19:45:12"}},{"type":"Feature","geometry":{"type":"Polygon","coordinates":[[[-75.77589383234177,38.91247396268487],[-75.77447762466625,38.91304168748203],[-75.77314726726765,38.914661134350226],[-75.77314726726765,38.91709871281131],[-75.77485336545853,38.91766107439432],[-75.77672016877393,38.91897996538272],[-75.77802911637659,38.9183288681902],[-75.77940235870726,38.917878131165885],[-75.78028215999575,38.91622527990093],[-75.78030362498636,38.914989790355015],[-75.77978864172096,38.91355397281254],[-75.77934089038422,38.91362339476178],[-75.77809635074111,38.91287208866185],[-75.77650844047494,38.91265499423525],[-75.7759076697021,38.9123711795601],[-75.77589383234177,38.91247396268487]]]},"id":"211_00000000000000000000","properties":{"labeler":"mara","notes":"","point_id":1082,"queue_index":113,"source_asset":"point_1082_label","source_labeler":"mara","source_point_id":1082,"status":"completed","timestamp":"2026-04-13 01:18:55"}},{"type":"Feature","geometry":{"type":"Polygon","coordinates":[[[-75.89332888029769,38.92064739784026],[-75.89337186475205,38.92116488120989],[-75.89470216066066,38.92121501242291],[-75.89538884013552,38.92123170203973],[-75.89590384754497,38.92134853949322],[-75.89800666414149,38.92143202544509],[-75.89912244609437,38.92044704036918],[-75.89968042237862,38.92046375648017],[-75.89933709352262,38.91861065999179],[-75.89888643989443,38.91712478742076],[-75.89541028773688,38.915989444687845],[-75.89508839612049,38.916256618000745],[-75.89401556646602,38.915972829307826],[-75.89343620846746,38.91685763523839],[-75.89268517544667,38.920597307732265],[-75.89332888029769,38.92064739784026]]]},"id":"212_00000000000000000000","properties":{"labeler":"mara","notes":"","point_id":1088,"queue_index":104,"source_asset":"point_1088_label","source_labeler":"mara","source_point_id":1088,"status":"completed","timestamp":"2026-04-13 00:47:04"}},{"type":"Feature","geometry":{"type":"Polygon","coordinates":[[[-75.69071057665147,38.382947874401346],[-75.6858611846432,38.38351975697353],[-75.68526039122574,38.38436075254784],[-75.6849599492063,38.38590811607912],[-75.68521743293668,38.38681639925677],[-75.68530326074533,38.38826285278441],[-75.68581822653191,38.388531911169885],[-75.68607579749654,38.389372881691905],[-75.68650493349546,38.389473792571096],[-75.6869340682259,38.390348335850845],[-75.68903694319805,38.390213839700166],[-75.6884790315059,38.38809467224064],[-75.69002397833994,38.38752283326645],[-75.69079648996535,38.386580932890865],[-75.69105396334206,38.385504469448115],[-75.69066770872892,38.384596238102624],[-75.69071057665147,38.382947874401346]]]},"id":"213_00000000000000000000","properties":{"labeler":"mara","notes":"","point_id":116,"queue_index":27,"source_asset":"point_116_label","source_labeler":"mara","source_point_id":116,"status":"completed","timestamp":"2026-04-12 04:26:45"}},{"type":"Feature","geometry":{"type":"Polygon","coordinates":[[[-75.9363324669303,38.98328699215702],[-75.93590328483607,38.98515510926006],[-75.93658994011533,38.985455340260074],[-75.93689038396641,38.98675633873324],[-75.93650408623941,38.988590978552914],[-75.93547410142665,38.98935814911193],[-75.93538833546793,38.990692448426124],[-75.93384338740246,38.9914929328624],[-75.93392915430711,38.99192656887803],[-75.93487329560502,38.99236018096237],[-75.93504500530356,38.993694356862925],[-75.93487329560502,38.994661645876306],[-75.94045233546869,38.995095288064526],[-75.94040936542254,38.99459496157201],[-75.9411389684371,38.994428200002304],[-75.94216891157315,38.99319404906394],[-75.94354224589149,38.993294166436925],[-75.94508717551355,38.993460928485355],[-75.9469325103632,38.99336086977279],[-75.9497220391664,38.99129278678266],[-75.94766207935756,38.98775700096247],[-75.94680378334411,38.987256710065935],[-75.94585963392578,38.98602247423986],[-75.94345639627974,38.985221869814225],[-75.94319893572472,38.985622110875916],[-75.94165398525129,38.98535527562505],[-75.94036648396127,38.98488822269905],[-75.93955111351093,38.98492159252165],[-75.9363324669303,38.98328699215702]]]},"id":"214_00000000000000000000","properties":{"labeler":"mara","notes":"small linear truss","point_id":1189,"queue_index":112,"source_asset":"point_1189_label","source_labeler":"mara","source_point_id":1189,"status":"completed","timestamp":"2026-04-13 01:18:18"}},{"type":"Feature","geometry":{"type":"Polygon","coordinates":[[[-75.79468754918086,38.99387084930008],[-75.79880737774523,38.99507153533021],[-75.80511597579364,38.9971395052478],[-75.80777670426613,38.99183616388792],[-75.80854920457695,38.99050197786091],[-75.80558803413082,38.98910096914802],[-75.80554511173902,38.988233679989165],[-75.79957992660295,38.985431684079046],[-75.79833538567384,38.98743316119459],[-75.79618958469581,38.98963464848675],[-75.79468754918086,38.99387084930008]]]},"id":"215_00000000000000000000","properties":{"labeler":"mara","notes":"","point_id":1195,"queue_index":85,"source_asset":"point_1195_label","source_labeler":"mara","source_point_id":1195,"status":"completed","timestamp":"2026-04-12 21:06:15"}},{"type":"Feature","geometry":{"type":"Polygon","coordinates":[[[-75.89230363070422,38.99333666390367],[-75.89318344207754,38.99198581741855],[-75.89354823381926,38.990935104821],[-75.89232507877522,38.98920057358411],[-75.89052263176737,38.988333302797216],[-75.88745424442102,38.9882165620619],[-75.88666028167421,38.988183162572575],[-75.8866388327414,38.98856678635298],[-75.88567327285847,38.98856682415053],[-75.88603799540122,38.98920057791312],[-75.88723966752198,38.99283632500918],[-75.88951411286045,38.99337001560742],[-75.88998624489648,38.99355344614022],[-75.89230363070422,38.99333666390367]]]},"id":"216_00000000000000000000","properties":{"labeler":"mara","notes":"","point_id":1199,"queue_index":81,"source_asset":"point_1199_label","source_labeler":"mara","source_point_id":1199,"status":"completed","timestamp":"2026-04-12 21:04:05"}},{"type":"Feature","geometry":{"type":"Polygon","coordinates":[[[-76.10577569926625,39.000022978865715],[-76.10908013520736,38.994920029180285],[-76.10702024795589,38.993969461571325],[-76.10641939004117,38.99373594513638],[-76.10472423085943,38.994519746036424],[-76.10362992347721,38.996487621235964],[-76.10229950434469,38.9984887486912],[-76.1025570229596,38.998788930809695],[-76.10371576223459,38.9989890985623],[-76.10405902823213,38.99883897780153],[-76.10476714990146,38.99952272683229],[-76.10577569926625,39.000022978865715]]]},"id":"217_00000000000000000000","properties":{"labeler":"mara","notes":"","point_id":1209,"queue_index":49,"source_asset":"point_1209_label","source_labeler":"mara","source_point_id":1209,"status":"completed","timestamp":"2026-04-12 19:44:37"}},{"type":"Feature","geometry":{"type":"Polygon","coordinates":[[[-75.96335021326755,39.00432002876075],[-75.9621056980853,38.99926745596884],[-75.96146195454308,38.99915073189483],[-75.96150491811677,38.998767131655946],[-75.96094701072217,38.99811682921982],[-75.95712752637456,38.99803337639548],[-75.95665544304296,38.99830025711353],[-75.95942351708618,39.00226905982651],[-75.96047494030664,39.00268590297231],[-75.96045350265558,39.00356971199739],[-75.96289967684454,39.004653526477306],[-75.96335021326755,39.00432002876075]]]},"id":"218_00000000000000000000","properties":{"labeler":"mara","notes":"","point_id":1219,"queue_index":78,"source_asset":"point_1219_label","source_labeler":"mara","source_point_id":1219,"status":"completed","timestamp":"2026-04-12 21:02:39"}},{"type":"Feature","geometry":{"type":"Polygon","coordinates":[[[-76.01655170975282,39.0241836550798],[-76.01745296466342,39.023683567554166],[-76.01818251815888,39.02281669348264],[-76.01753876864214,39.022716674382664],[-76.0171525174953,39.02288340115129],[-76.01560759068344,39.02211653959208],[-76.01650876318944,39.02044946350948],[-76.01728126799732,39.020116073521756],[-76.01831126770303,39.02028272006053],[-76.01882617613397,39.01978264993148],[-76.02092909009568,39.02004934884092],[-76.02213066497296,39.02028273027019],[-76.02294608298271,39.018982407516205],[-76.02401898477358,39.01874903745928],[-76.02380444049909,39.01811548496136],[-76.02230235562331,39.01828216811479],[-76.02389024053983,39.017648718012616],[-76.02350400711967,39.015247966632764],[-76.02213066497296,39.01444762937155],[-76.02183031650496,39.01338065831736],[-76.01861162380816,39.01301384952805],[-76.01324726485204,39.02271668656469],[-76.01655170975282,39.0241836550798]]]},"id":"219_00000000000000000000","properties":{"labeler":"mara","notes":"","point_id":1240,"queue_index":55,"source_asset":"point_1240_label","source_labeler":"mara","source_point_id":1240,"status":"completed","timestamp":"2026-04-12 19:49:14"}},{"type":"Feature","geometry":{"type":"Polygon","coordinates":[[[-75.89716277616,39.04542239087738],[-75.89673356297287,39.04398915800858],[-75.89463072736872,39.041655923295885],[-75.89467362279899,39.03998934719758],[-75.89428738620201,39.039289394857526],[-75.89433037036395,39.03745605991238],[-75.89124044041596,39.0363226921057],[-75.88815053135815,39.03625601987722],[-75.88587606402659,39.03748934763842],[-75.88548980332492,39.041855959393715],[-75.8878501605438,39.045755631678446],[-75.89111166232148,39.04818867570655],[-75.89716277616,39.04542239087738]]]},"id":"220_00000000000000000000","properties":{"labeler":"mara","notes":"","point_id":1285,"queue_index":98,"source_asset":"point_1285_label","source_labeler":"mara","source_point_id":1285,"status":"completed","timestamp":"2026-04-13 00:32:52"}},{"type":"Feature","geometry":{"type":"Polygon","coordinates":[[[-76.03306832380213,39.0517947033425],[-76.03358326582662,39.0509615120787],[-76.03306832380213,39.05006171483281],[-76.03143751382866,39.049561748853826],[-76.03057920369898,39.049661779261605],[-76.02959214931371,39.05032832052457],[-76.0286050878794,39.050095012557954],[-76.02813298173065,39.0496284137531],[-76.02766096251213,39.049328485132804],[-76.02800424132704,39.04689546066262],[-76.02645934713296,39.04676214362029],[-76.02581563612428,39.04576228892675],[-76.02311192862457,39.04329580282283],[-76.01907791828624,39.04549561498556],[-76.01993621125052,39.04629553476387],[-76.02079449889219,39.04589561988416],[-76.02165278121066,39.047128765228145],[-76.02139528821944,39.04772873900389],[-76.02246820203685,39.048761898856036],[-76.02349816313944,39.04816201938773],[-76.02736053751072,39.05129480852459],[-76.02778970323541,39.05129480203485],[-76.02809012730425,39.05072829560254],[-76.02851929076407,39.05129486571867],[-76.0299783657281,39.05156144914564],[-76.0304504655738,39.0512281916025],[-76.03105130149213,39.05166146462668],[-76.03306832380213,39.0517947033425]]]},"id":"221_00000000000000000000","properties":{"labeler":"mara","notes":"","point_id":1295,"queue_index":46,"source_asset":"point_1295_label","source_labeler":"mara","source_point_id":1295,"status":"completed","timestamp":"2026-04-12 19:27:11"}},{"type":"Feature","geometry":{"type":"Polygon","coordinates":[[[-75.87567977434108,39.060576064522664],[-75.87625911662617,39.06085931893881],[-75.87698869806037,39.0609426716401],[-75.87724619127631,39.0611425712929],[-75.87724619127631,39.061542414015115],[-75.87698869806037,39.06287530428402],[-75.87870534017733,39.0640582275408],[-75.87960650910497,39.06447475487522],[-75.88200977539154,39.06500787177186],[-75.8832972796197,39.061992260680995],[-75.88452033571205,39.059476438278],[-75.87567977434108,39.058276793511425],[-75.87625911662617,39.05884330658468],[-75.87608751242709,39.05930980043311],[-75.8753579263381,39.05982629820859],[-75.87510042967993,39.06017620371156],[-75.8751862324051,39.06044281060154],[-75.87567977434108,39.060576064522664]]]},"id":"222_00000000000000000000","properties":{"labeler":"mara","notes":"","point_id":1303,"queue_index":116,"source_asset":"point_1303_label","source_labeler":"mara","source_point_id":1303,"status":"completed","timestamp":"2026-04-13 01:20:37"}},{"type":"Feature","geometry":{"type":"Polygon","coordinates":[[[-75.86424206445972,39.08478729275572],[-75.86261132299526,39.08162258475657],[-75.86102346839303,39.07885758537587],[-75.8577189858737,39.07905746757922],[-75.85703230054492,39.080256763633905],[-75.85728983009597,39.08178921581846],[-75.85677485917633,39.08198905889833],[-75.85694648680737,39.08318832667458],[-75.85617398352784,39.08348814964608],[-75.85698939368265,39.08445412826307],[-75.85823395336045,39.08505377963698],[-75.8614097073316,39.085253657690075],[-75.86424206445972,39.08478729275572]]]},"id":"223_00000000000000000000","properties":{"labeler":"mara","notes":"","point_id":1316,"queue_index":59,"source_asset":"point_1316_label","source_labeler":"mara","source_point_id":1316,"status":"completed","timestamp":"2026-04-12 20:09:34"}},{"type":"Feature","geometry":{"type":"Polygon","coordinates":[[[-75.67662276814377,38.39753426860138],[-75.67464868654857,38.395079005822645],[-75.67130129657647,38.39524714462197],[-75.67035709694483,38.39914863440451],[-75.6696275283256,38.39935046798084],[-75.6686834066012,38.40089756736731],[-75.67533526877605,38.40298271244133],[-75.6765369352073,38.40274731838446],[-75.67546406360722,38.398038728456186],[-75.67662276814377,38.39753426860138]]]},"id":"224_00000000000000000000","properties":{"labeler":"mara","notes":"","point_id":132,"queue_index":19,"source_asset":"point_132_label","source_labeler":"mara","source_point_id":132,"status":"completed","timestamp":"2026-04-12 04:13:31"}},{"type":"Feature","geometry":{"type":"Polygon","coordinates":[[[-75.97504469405395,39.2041374199842],[-75.97495886381421,39.200279723020365],[-75.97369283949021,39.1995812737864],[-75.97367140387122,39.199315237350454],[-75.97081751405814,39.19939839212441],[-75.97101061561911,39.201493577162765],[-75.97118228091058,39.20175962973563],[-75.9710535762511,39.20224182046936],[-75.97077464193215,39.202324992028444],[-75.9707960779968,39.20255779800962],[-75.9707960779968,39.20312309911234],[-75.97006654131555,39.20327278157349],[-75.97032395233867,39.20455310668975],[-75.97504469405395,39.2041374199842]]]},"id":"225_00000000000000000000","properties":{"labeler":"mara","notes":"linear truss?","point_id":1392,"queue_index":53,"source_asset":"point_1392_label","source_labeler":"mara","source_point_id":1392,"status":"completed","timestamp":"2026-04-12 19:47:39"}},{"type":"Feature","geometry":{"type":"Polygon","coordinates":[[[-75.99324562071978,39.20850494597005],[-75.99350316599595,39.20946924275668],[-75.9938464408693,39.210267348422406],[-75.99341725858069,39.211530880051065],[-75.99358898479382,39.212295711270876],[-75.9937606222305,39.21362568921231],[-75.99401807798787,39.21425746504223],[-75.99367480353865,39.21525498154847],[-76.00174285713943,39.217083648258914],[-76.00393157710013,39.21169716530776],[-76.00453235099974,39.21093235762702],[-76.00341661332124,39.20667598596425],[-76.00174285713943,39.20730780577004],[-76.00015498406763,39.20754058590008],[-75.99865299705826,39.20767360046346],[-75.99685050263312,39.20747404954095],[-75.99586347358742,39.20760707191899],[-75.99324562071978,39.20850494597005]]]},"id":"226_00000000000000000000","properties":{"labeler":"mara","notes":"","point_id":1404,"queue_index":18,"source_asset":"point_1404_label","source_labeler":"mara","source_point_id":1404,"status":"completed","timestamp":"2026-04-12 04:11:18"}},{"type":"Feature","geometry":{"type":"Polygon","coordinates":[[[-75.81335757241244,39.22889650506156],[-75.81022472927103,39.23853637860145],[-75.81584664736543,39.23920110861343],[-75.81674786108184,39.237339797490975],[-75.81537453431314,39.23647552482015],[-75.81567497007286,39.235877247748526],[-75.81837868605095,39.236608506869565],[-75.81846452309392,39.235810731631986],[-75.81932280200411,39.23428164957891],[-75.81915112890104,39.232353700333675],[-75.8178636627068,39.231755349216556],[-75.81700537500384,39.23188831469925],[-75.81657618487523,39.2315891113347],[-75.8156320507174,39.231422936466274],[-75.81580372806168,39.2307580666376],[-75.81546037316626,39.230259399844975],[-75.81494542794857,39.23015972952597],[-75.81335757241244,39.22889650506156]]]},"id":"227_00000000000000000000","properties":{"labeler":"mara","notes":"","point_id":1435,"queue_index":71,"source_asset":"point_1435_label","source_labeler":"mara","source_point_id":1435,"status":"completed","timestamp":"2026-04-12 20:36:27"}},{"type":"Feature","geometry":{"type":"Polygon","coordinates":[[[-76.12374285988126,39.26509754170847],[-76.12251969909026,39.26323683720189],[-76.12183308203498,39.26378503173223],[-76.12151118485988,39.26433328962958],[-76.12069582069567,39.26463232472156],[-76.12028818102806,39.26533011123387],[-76.11940839367573,39.26581188178352],[-76.117756133633,39.26732364251447],[-76.1159107780618,39.26850315191603],[-76.11758447370177,39.269533105221065],[-76.11799220992818,39.26935035271389],[-76.11861443005151,39.26958289738849],[-76.12374285988126,39.26509754170847]]]},"id":"228_00000000000000000000","properties":{"labeler":"mara","notes":"","point_id":1457,"queue_index":91,"source_asset":"point_1457_label","source_labeler":"mara","source_point_id":1457,"status":"completed","timestamp":"2026-04-12 21:29:46"}},{"type":"Feature","geometry":{"type":"Polygon","coordinates":[[[-75.80880212191902,39.29781541537856],[-75.81180623483539,39.29874530661651],[-75.8125357930288,39.298911326633316],[-75.81506780187303,39.298745307447795],[-75.81571150472064,39.29794819344583],[-75.81669855739905,39.29695189690498],[-75.81729933402556,39.296885471356745],[-75.81802895277087,39.29585593154385],[-75.81755684695065,39.2953245334837],[-75.81751392816214,39.29383000002915],[-75.81755684695065,39.29316570004996],[-75.81708482824118,39.292567904527985],[-75.81755684695065,39.29197009516866],[-75.81751392816214,39.290973679000906],[-75.81553982726524,39.29024291980137],[-75.81390905847769,39.289678276778325],[-75.80875920049425,39.290010449579114],[-75.80584095672288,39.29024297456469],[-75.80880212191902,39.29781541537856]]]},"id":"229_00000000000000000000","properties":{"labeler":"mara","notes":"","point_id":1481,"queue_index":21,"source_asset":"point_1481_label","source_labeler":"mara","source_point_id":1481,"status":"completed","timestamp":"2026-04-12 04:22:07"}},{"type":"Feature","geometry":{"type":"Polygon","coordinates":[[[-76.02388315694715,39.298212857070475],[-76.02838931113186,39.29801356446927],[-76.0276812387413,39.2951076174114],[-76.0263723090796,39.29406146745261],[-76.02532085319119,39.29329756101256],[-76.02448402140648,39.29264986340025],[-76.02321800597838,39.292550283328225],[-76.02248847902733,39.29500796740634],[-76.02388315694715,39.298212857070475]]]},"id":"230_00000000000000000000","properties":{"labeler":"mara","notes":"","point_id":1484,"queue_index":89,"source_asset":"point_1484_label","source_labeler":"mara","source_point_id":1484,"status":"completed","timestamp":"2026-04-12 21:28:42"}},{"type":"Feature","geometry":{"type":"Polygon","coordinates":[[[-75.55024513956369,38.414264934751536],[-75.55055634062653,38.41177653733881],[-75.54438718841206,38.411120829917806],[-75.54389367001741,38.413911880898134],[-75.55005200446165,38.414365824385825],[-75.55024513956369,38.414264934751536]]]},"id":"231_00000000000000000000","properties":{"labeler":"mara","notes":"","point_id":151,"queue_index":97,"source_asset":"point_151_label","source_labeler":"mara","source_point_id":151,"status":"completed","timestamp":"2026-04-13 00:32:22"}},{"type":"Feature","geometry":{"type":"Polygon","coordinates":[[[-75.64503682557549,38.411460157307594],[-75.64396389961773,38.41801712258848],[-75.64658170081596,38.41852144933442],[-75.64731129600354,38.41472192660096],[-75.64774045749569,38.4145201247097],[-75.64894208520668,38.414587363989746],[-75.64924251278369,38.41441923532125],[-75.64954293974237,38.41196452938261],[-75.64602380395904,38.4114937553672],[-75.64503682557549,38.411460157307594]]]},"id":"232_00000000000000000000","properties":{"labeler":"mara","notes":"","point_id":159,"queue_index":64,"source_asset":"point_159_label","source_labeler":"mara","source_point_id":159,"status":"completed","timestamp":"2026-04-12 20:12:46"}},{"type":"Feature","geometry":{"type":"Polygon","coordinates":[[[-75.80373216099169,38.42623555643431],[-75.80278803047845,38.42531100834375],[-75.80055644863036,38.42285663533856],[-75.79856091684127,38.423831691901086],[-75.79677989381189,38.42457133431165],[-75.79615765684957,38.425445480743996],[-75.79602888113068,38.42648774746648],[-75.79714466744157,38.426050625842876],[-75.79776698879257,38.426470923099615],[-75.79959083502321,38.42702564679965],[-75.80029899369364,38.42739544575348],[-75.80070668219571,38.42801745886387],[-75.80175804667215,38.42732820756898],[-75.80373216099169,38.42623555643431]]]},"id":"233_00000000000000000000","properties":{"labeler":"mara","notes":"","point_id":178,"queue_index":111,"source_asset":"point_178_label","source_labeler":"mara","source_point_id":178,"status":"completed","timestamp":"2026-04-13 01:17:10"}},{"type":"Feature","geometry":{"type":"Polygon","coordinates":[[[-75.67375323998311,38.43056594690365],[-75.67298081525176,38.4305995881873],[-75.67186504394765,38.430431492465246],[-75.67010544544961,38.43006171343511],[-75.66965486835198,38.430683631537434],[-75.66851758993086,38.4350202361158],[-75.67268043661124,38.43634805718094],[-75.67364601326031,38.43347386971088],[-75.67448287667659,38.43364195235274],[-75.6746759368681,38.43290236846838],[-75.67448287667659,38.43270069624365],[-75.67463306421324,38.432230019712556],[-75.67508362589253,38.432162800192295],[-75.6746759368681,38.4316921206028],[-75.67422537392572,38.43199473630049],[-75.67386055539062,38.43165852693017],[-75.67413953957413,38.431490459743834],[-75.67366749411674,38.43093579507052],[-75.67375323998311,38.43056594690365]]]},"id":"234_00000000000000000000","properties":{"labeler":"mara","notes":"","point_id":192,"queue_index":34,"source_asset":"point_192_label","source_labeler":"mara","source_point_id":192,"status":"completed","timestamp":"2026-04-12 04:35:11"}},{"type":"Feature","geometry":{"type":"Polygon","coordinates":[[[-75.64579244127,38.44025966113445],[-75.64613575637958,38.440494935140954],[-75.6474017627118,38.44057900571932],[-75.64729451659811,38.4403604894657],[-75.64770219345856,38.43847813934223],[-75.64800262358712,38.43810839493827],[-75.64521314513199,38.436360379804825],[-75.64538475907798,38.43511655642262],[-75.64491270926457,38.43494850336846],[-75.6448483427528,38.43430979493897],[-75.64353943248535,38.43427619655725],[-75.6435823142868,38.43768819313176],[-75.6436896519085,38.439990766281745],[-75.64579244127,38.44025966113445]]]},"id":"235_00000000000000000000","properties":{"labeler":"mara","notes":"","point_id":205,"queue_index":75,"source_asset":"point_205_label","source_labeler":"mara","source_point_id":205,"status":"completed","timestamp":"2026-04-12 20:40:00"}},{"type":"Feature","geometry":{"type":"Polygon","coordinates":[[[-75.41552951660033,38.443048840589626],[-75.41684915119164,38.44340179037884],[-75.41729978584817,38.442527815445466],[-75.4179435473119,38.44252788366978],[-75.4179435473119,38.44158666675379],[-75.41765385499264,38.44158666488042],[-75.41413482254877,38.44171270703959],[-75.41433862563184,38.443300965210746],[-75.41552951660033,38.443048840589626]]]},"id":"236_00000000000000000000","properties":{"labeler":"mara","notes":"","point_id":220,"queue_index":103,"source_asset":"point_220_label","source_labeler":"mara","source_point_id":220,"status":"completed","timestamp":"2026-04-13 00:46:09"}},{"type":"Feature","geometry":{"type":"Polygon","coordinates":[[[-75.62378592095466,38.442238887012884],[-75.62155432816982,38.44109607482477],[-75.62030976445011,38.441600298352924],[-75.62022389839858,38.44607069112379],[-75.6208247821112,38.447213443915096],[-75.62099642466416,38.447684021908],[-75.62408631141967,38.447616732246686],[-75.62404342390354,38.44640676300977],[-75.62339966568281,38.44637318924944],[-75.62309927381008,38.44600344191641],[-75.6239575600395,38.44586904893844],[-75.62378592095466,38.442238887012884]]]},"id":"237_00000000000000000000","properties":{"labeler":"mara","notes":"","point_id":222,"queue_index":4,"source_asset":"point_222_label","source_labeler":"mara","source_point_id":222,"status":"completed","timestamp":"2026-04-05 22:00:01"}},{"type":"Feature","geometry":{"type":"Polygon","coordinates":[[[-75.63983077491898,38.44205693329278],[-75.63270680236116,38.44246027494152],[-75.63266391736994,38.44444346040793],[-75.63133349972276,38.44471229616122],[-75.63219182648064,38.44968667304191],[-75.63639752817572,38.44955224748337],[-75.64013113245146,38.44790531437527],[-75.64060328649724,38.44767012819236],[-75.6414615588527,38.4490144817322],[-75.64292070794933,38.44847674215504],[-75.64369311441112,38.44777090456561],[-75.64459433890326,38.44726673790339],[-75.64412228653543,38.446258430383715],[-75.64377896669326,38.445384564541875],[-75.64163317720558,38.44477955796587],[-75.64025995838698,38.44471231535304],[-75.63978789201666,38.44451067750788],[-75.6394874449942,38.4437711601171],[-75.63940159019083,38.442762825175514],[-75.63983077491898,38.44205693329278]]]},"id":"238_00000000000000000000","properties":{"labeler":"mara","notes":"","point_id":235,"queue_index":12,"source_asset":"point_235_label","source_labeler":"mara","source_point_id":235,"status":"completed","timestamp":"2026-04-12 04:04:07"}},{"type":"Feature","geometry":{"type":"Polygon","coordinates":[[[-75.6239280803972,38.44567007367405],[-75.623799328878,38.44222483538735],[-75.62143898270433,38.441031590800385],[-75.62017301807748,38.441485337330185],[-75.6203017727825,38.446073416513606],[-75.6211385868127,38.44760271055112],[-75.62409971931552,38.44758585736445],[-75.6239280803972,38.44567007367405]]]},"id":"239_00000000000000000000","properties":{"labeler":"mara","notes":"","point_id":237,"queue_index":88,"source_asset":"point_237_label","source_labeler":"mara","source_point_id":237,"status":"completed","timestamp":"2026-04-12 21:28:08"}},{"type":"Feature","geometry":{"type":"Polygon","coordinates":[[[-75.70599701992569,38.46973502521355],[-75.70520302438682,38.469466216530265],[-75.70546056091558,38.46891180856095],[-75.70352938076657,38.46827340628812],[-75.70357224488559,38.46842455335936],[-75.70082572079268,38.46815579319417],[-75.70069694846454,38.46839097336222],[-75.69955973563064,38.46835740941677],[-75.6990447298791,38.468122172551446],[-75.69621229865739,38.46919741389343],[-75.70033219645207,38.4745564684953],[-75.70434477305436,38.47275894767394],[-75.70599701992569,38.46973502521355]]]},"id":"240_00000000000000000000","properties":{"labeler":"mara","notes":"","point_id":269,"queue_index":33,"source_asset":"point_269_label","source_labeler":"mara","source_point_id":269,"status":"completed","timestamp":"2026-04-12 04:34:29"}},{"type":"Feature","geometry":{"type":"Polygon","coordinates":[[[-75.92033993877612,38.47862397797358],[-75.91420297968321,38.477985597000725],[-75.90519076251216,38.47808641387865],[-75.90476166242571,38.47932946301279],[-75.9054054006847,38.48033730146282],[-75.90669286836435,38.48063969741844],[-75.9069503073145,38.48154671610429],[-75.9075511440635,38.481580319716215],[-75.90802321561978,38.483931942602524],[-75.91055520067916,38.48262175898402],[-75.91154230093628,38.48262172117902],[-75.91184270981897,38.48231941704691],[-75.91810834832043,38.48292406272664],[-75.92033993877612,38.47862397797358]]]},"id":"241_00000000000000000000","properties":{"labeler":"mara","notes":"","point_id":276,"queue_index":86,"source_asset":"point_276_label","source_labeler":"mara","source_point_id":276,"status":"completed","timestamp":"2026-04-12 21:26:04"}},{"type":"Feature","geometry":{"type":"Polygon","coordinates":[[[-75.89878026799389,38.48646548222357],[-75.90341506660518,38.48905203439384],[-75.90410170358369,38.48663340166604],[-75.9049600837147,38.485860811199906],[-75.90547505610712,38.48481940670175],[-75.90290008667229,38.478671650421795],[-75.89916649226963,38.477462238861335],[-75.8986943909974,38.47823488906057],[-75.89667737432335,38.47853731572051],[-75.89650570633887,38.479041175013755],[-75.89667737432335,38.479645951953124],[-75.89543288747856,38.48025065181396],[-75.89483199899557,38.48109052230722],[-75.89483199899557,38.48196397823564],[-75.89491787834724,38.48263584588252],[-75.89427409212865,38.48290462637048],[-75.89586201600324,38.48495380915424],[-75.89878026799389,38.48646548222357]]]},"id":"242_00000000000000000000","properties":{"labeler":"mara","notes":"","point_id":281,"queue_index":92,"source_asset":"point_281_label","source_labeler":"mara","source_point_id":281,"status":"completed","timestamp":"2026-04-12 21:30:55"}},{"type":"Feature","geometry":{"type":"Polygon","coordinates":[[[-75.4469969148188,38.04845885134234],[-75.44543048855805,38.04683669293719],[-75.44489405938047,38.047309842184845],[-75.44347785582738,38.047715345967134],[-75.44266244369369,38.04921928168627],[-75.44191139293612,38.04964170739596],[-75.44176123567684,38.050283799874805],[-75.44073128975224,38.05075696867885],[-75.43970133678255,38.05021620072984],[-75.43955108841486,38.05001349058613],[-75.43588187007033,38.052835287788426],[-75.43936269986511,38.055410903701826],[-75.44348256763782,38.05208234522975],[-75.44513480376897,38.05066298217719],[-75.44657241669118,38.04941253320293],[-75.4469969148188,38.04845885134234]]]},"id":"243_00000000000000000000","properties":{"labeler":"mara","notes":"","point_id":28,"queue_index":102,"source_asset":"point_28_label","source_labeler":"mara","source_point_id":28,"status":"completed","timestamp":"2026-04-13 00:45:28"}},{"type":"Feature","geometry":{"type":"Polygon","coordinates":[[[-75.92294879175084,38.496631638477396],[-75.91659732594009,38.49569122006079],[-75.91616817206142,38.49767284937935],[-75.91342157391156,38.49770641892222],[-75.91333579446936,38.499889537818504],[-75.91256333405482,38.500124685175415],[-75.91273498244554,38.500930707801096],[-75.9126491139686,38.50207262894287],[-75.91166211010157,38.50284506767014],[-75.9105892295672,38.50341602069236],[-75.91101840048705,38.5041548288473],[-75.92063137917678,38.50385261843781],[-75.92294879175084,38.496631638477396]]]},"id":"244_00000000000000000000","properties":{"labeler":"mara","notes":"","point_id":292,"queue_index":22,"source_asset":"point_292_label","source_labeler":"mara","source_point_id":292,"status":"completed","timestamp":"2026-04-12 04:23:25"}},{"type":"Feature","geometry":{"type":"Polygon","coordinates":[[[-75.4455270349388,38.04721918558996],[-75.4436816192686,38.0477261659579],[-75.44320954909527,38.048334430292435],[-75.44282335725352,38.049415905570925],[-75.44213667299569,38.04955106663341],[-75.44166459797722,38.05015938106782],[-75.44063465139156,38.050801458016004],[-75.43951890501721,38.049956634280946],[-75.4364290001053,38.05238983297061],[-75.43338197441646,38.05482292448922],[-75.4312791066894,38.05688421090167],[-75.4317082711939,38.05735728932512],[-75.43213743447684,38.05671524657394],[-75.43655773629537,38.058877856592154],[-75.43651479460884,38.059283393288354],[-75.43745897545153,38.06110804015064],[-75.43702973841593,38.06171623517262],[-75.43745897545153,38.062256847241635],[-75.43788812235873,38.06225682954108],[-75.43836012031096,38.06185135611684],[-75.43891808772864,38.06158110514091],[-75.4396046977609,38.06158106204371],[-75.44011971990882,38.06127693779108],[-75.44033424527265,38.060770151034205],[-75.44063465139156,38.06046598906331],[-75.44080632446237,38.059688806304024],[-75.44080632446237,38.05935095437357],[-75.44423956696538,38.05627595670278],[-75.44458290468886,38.055769068412395],[-75.4457844916513,38.05522838434193],[-75.44582743069411,38.05482288708156],[-75.44642822040545,38.05451874565265],[-75.44625655374695,38.05404565418689],[-75.44664282567814,38.05343736739017],[-75.44612782584967,38.052862912008486],[-75.44827360238712,38.050869103252445],[-75.4493893727531,38.05032833335878],[-75.4493893727531,38.049348281133675],[-75.4485739926578,38.049213149649525],[-75.44711488508051,38.04853718770616],[-75.4455270349388,38.04721918558996]]]},"id":"245_00000000000000000000","properties":{"labeler":"mara","notes":"","point_id":29,"queue_index":5,"source_asset":"point_29_label","source_labeler":"mara","source_point_id":29,"status":"completed","timestamp":"2026-04-05 22:05:07"}},{"type":"Feature","geometry":{"type":"Polygon","coordinates":[[[-75.89978685947139,38.51636753152241],[-75.90146059654319,38.51504121907008],[-75.90154638322956,38.514319299518974],[-75.90124604097574,38.513446205835],[-75.90083828701114,38.512808190121774],[-75.9007096063146,38.51117953718157],[-75.89948651346322,38.51116277518543],[-75.8991217371015,38.5113978103222],[-75.89847797009904,38.5113306504545],[-75.89704029588358,38.5105582902221],[-75.89577427607664,38.510659015678975],[-75.89227668766827,38.51195190950191],[-75.89244836080594,38.51247237703429],[-75.89352129102127,38.51321111896839],[-75.89369296264266,38.513698092505926],[-75.89472289935154,38.514554325733776],[-75.89562414318657,38.51579674820456],[-75.89978685947139,38.51636753152241]]]},"id":"246_00000000000000000000","properties":{"labeler":"mara","notes":"","point_id":306,"queue_index":26,"source_asset":"point_306_label","source_labeler":"mara","source_point_id":306,"status":"completed","timestamp":"2026-04-12 04:25:44"}},{"type":"Feature","geometry":{"type":"Polygon","coordinates":[[[-75.82478156177812,38.51988844376901],[-75.82443822853082,38.51948550904419],[-75.82383739335485,38.51918328565429],[-75.82306497593017,38.51874678380611],[-75.82203496128008,38.51777305639708],[-75.82169162140713,38.51784017718992],[-75.82061876764043,38.51933439507932],[-75.82042563714263,38.52010661835925],[-75.81935277383664,38.520744589831764],[-75.8190094274958,38.52029135701038],[-75.8182584431641,38.520593504053316],[-75.81757174437836,38.521097171126044],[-75.81692804993567,38.52275912944019],[-75.81701388785282,38.52326974346015],[-75.81787217550448,38.5240755212921],[-75.8182799024478,38.52530100825716],[-75.81948152850103,38.525888492975255],[-75.82012521140317,38.5253849032889],[-75.82289330733943,38.52189314415092],[-75.82342977099798,38.52142304760127],[-75.82340831249046,38.52115442239405],[-75.82390176867361,38.52081865589871],[-75.82478156177812,38.51988844376901]]]},"id":"247_00000000000000000000","properties":{"labeler":"mara","notes":"","point_id":315,"queue_index":106,"source_asset":"point_315_label","source_labeler":"mara","source_point_id":315,"status":"completed","timestamp":"2026-04-13 00:49:29"}},{"type":"Feature","geometry":{"type":"Polygon","coordinates":[[[-75.8344239929057,38.52081063703879],[-75.83452054868447,38.51965228430162],[-75.83147355715016,38.51922415505534],[-75.83119461207471,38.520357394445405],[-75.8344239929057,38.52081063703879]]]},"id":"248_00000000000000000000","properties":{"labeler":"mara","notes":"","point_id":318,"queue_index":29,"source_asset":"point_318_label","source_labeler":"mara","source_point_id":318,"status":"completed","timestamp":"2026-04-12 04:29:44"}},{"type":"Feature","geometry":{"type":"Polygon","coordinates":[[[-75.40649716625352,38.05700628256261],[-75.40559592014338,38.0582227493993],[-75.40606801904634,38.05847617878366],[-75.40563887062245,38.05898300153901],[-75.4046518068454,38.05854373840614],[-75.40323558139653,38.060757007566174],[-75.40387931379493,38.060959753194645],[-75.40357892346803,38.06144970939422],[-75.40287080738196,38.0612300526534],[-75.40179791138591,38.0636628790476],[-75.40370768765982,38.064220369677784],[-75.40449823337109,38.064409744213435],[-75.40733064739618,38.063294699599794],[-75.40831769370315,38.063598802652166],[-75.40848931461117,38.062889257946274],[-75.40808160348311,38.062652755302445],[-75.4080601730532,38.062247288748836],[-75.4085751249922,38.06174041845988],[-75.40919740441308,38.05878383437161],[-75.40775979102307,38.057803882824594],[-75.40649716625352,38.05700628256261]]]},"id":"249_00000000000000000000","properties":{"labeler":"mara","notes":"","point_id":32,"queue_index":105,"source_asset":"point_32_label","source_labeler":"mara","source_point_id":32,"status":"completed","timestamp":"2026-04-13 00:48:07"}},{"type":"Feature","geometry":{"type":"Polygon","coordinates":[[[-75.88332741519686,38.528674065713794],[-75.88165372867527,38.52902655415385],[-75.88264076561049,38.52937910605195],[-75.88354199804698,38.52937907105704],[-75.88358489685108,38.529932979051694],[-75.88416429533031,38.52993302481782],[-75.88566627088548,38.53038621267153],[-75.88688939507124,38.529681195662334],[-75.88721121678098,38.53005050906767],[-75.88789793275211,38.530369441801646],[-75.88830554691022,38.53072191432125],[-75.8885416594648,38.531057696188824],[-75.88882058020512,38.53141019313928],[-75.88907805183187,38.53203123769878],[-75.88959308230491,38.53218225919694],[-75.89122386677928,38.531527696719316],[-75.89229671768891,38.52796902057333],[-75.8907517388884,38.527398267865166],[-75.88939995717679,38.52679394844766],[-75.88386382739347,38.52689467403174],[-75.88332741519686,38.528674065713794]]]},"id":"250_00000000000000000000","properties":{"labeler":"mara","notes":"","point_id":341,"queue_index":108,"source_asset":"point_341_label","source_labeler":"mara","source_point_id":341,"status":"completed","timestamp":"2026-04-13 00:53:18"}},{"type":"Feature","geometry":{"type":"Polygon","coordinates":[[[-75.81901182170094,38.568273256722684],[-75.81699482261743,38.56726660234766],[-75.81540690124213,38.566478059319884],[-75.8146344380894,38.567199509576],[-75.8143340001358,38.567434409341665],[-75.81403365022618,38.56745118828759],[-75.81300365894126,38.56870943595921],[-75.8111367973946,38.56966570012688],[-75.80991372911278,38.5704038431391],[-75.80787522910518,38.57199766448318],[-75.80733879556223,38.572333129813195],[-75.80733879556223,38.57255123917266],[-75.80811129824464,38.57300417654077],[-75.80929146072056,38.573524238363255],[-75.80989226856929,38.57292033843148],[-75.81066475742081,38.572400241749015],[-75.81115825775078,38.57241701912208],[-75.81132994048396,38.572651893144766],[-75.81158746419607,38.57270223936832],[-75.81240286420379,38.57234993873364],[-75.81274613778749,38.57203115336204],[-75.81394781051362,38.57134335748039],[-75.81480611663564,38.57095752545731],[-75.81570733693363,38.57109172614604],[-75.81712349073796,38.57090713649383],[-75.8177458136116,38.56996770176174],[-75.81823928942055,38.569128819896875],[-75.81901182170094,38.568273256722684]]]},"id":"251_00000000000000000000","properties":{"labeler":"mara","notes":"weird lines in this field","point_id":406,"queue_index":10,"source_asset":"point_406_label","source_labeler":"mara","source_point_id":406,"status":"completed","timestamp":"2026-04-05 22:11:40"}},{"type":"Feature","geometry":{"type":"Polygon","coordinates":[[[-75.8842819119561,38.572223978210964],[-75.88378840009115,38.571469109965456],[-75.88333778537927,38.57182136587363],[-75.8811491281934,38.56997595933033],[-75.8805911671905,38.570294709087705],[-75.87904623745011,38.56917065001274],[-75.87805917538151,38.568902274619],[-75.87651421793763,38.57047928858711],[-75.87810207585191,38.57222398154677],[-75.87960411592275,38.57467324178897],[-75.88061261704266,38.57415322411604],[-75.88108469023629,38.57453903863674],[-75.8842819119561,38.572223978210964]]]},"id":"252_00000000000000000000","properties":{"labeler":"mara","notes":"","point_id":409,"queue_index":37,"source_asset":"point_409_label","source_labeler":"mara","source_point_id":409,"status":"completed","timestamp":"2026-04-12 04:37:37"}},{"type":"Feature","geometry":{"type":"Polygon","coordinates":[[[-75.40311072954115,38.15769524050458],[-75.40272443511445,38.1576446318714],[-75.40002079117849,38.154978761933634],[-75.39963457779936,38.155198103810314],[-75.39738148376429,38.1553837377192],[-75.39772483910386,38.159905515742906],[-75.39748677592728,38.16069447806579],[-75.39710046716031,38.160694423363566],[-75.39662842923649,38.162550322546664],[-75.40122033181994,38.163478233774924],[-75.40259362478483,38.15973274597736],[-75.40311072954115,38.15769524050458]]]},"id":"253_00000000000000000000","properties":{"labeler":"mara","notes":"linear trusses","point_id":40,"queue_index":65,"source_asset":"point_40_label","source_labeler":"mara","source_point_id":40,"status":"completed","timestamp":"2026-04-12 20:13:52"}},{"type":"Feature","geometry":{"type":"Polygon","coordinates":[[[-75.77297101483117,38.575261856972844],[-75.77082527705433,38.573181643400815],[-75.76919453035285,38.572175144062754],[-75.76855079543971,38.57214156301773],[-75.76558959537795,38.57405405616652],[-75.76455960999493,38.575932842613085],[-75.76361548719633,38.57667100695785],[-75.76314346782299,38.5772749122293],[-75.7632721844044,38.57922074381627],[-75.7648171292106,38.58052911654726],[-75.77563180925347,38.5776103640429],[-75.77297101483117,38.575261856972844]]]},"id":"254_00000000000000000000","properties":{"labeler":"mara","notes":"","point_id":418,"queue_index":28,"source_asset":"point_418_label","source_labeler":"mara","source_point_id":418,"status":"completed","timestamp":"2026-04-12 04:27:27"}},{"type":"Feature","geometry":{"type":"Polygon","coordinates":[[[-75.74974992598601,38.57619178397168],[-75.74919207124181,38.57293736186771],[-75.74262602580029,38.573910297881014],[-75.74279770194951,38.57448072506649],[-75.74374178403006,38.57575563030129],[-75.74314096491264,38.576258851961235],[-75.7433126404479,38.577164740639425],[-75.74322684706647,38.57827184684508],[-75.7433126404479,38.58028477045329],[-75.7487629439113,38.580351934926405],[-75.74833372658273,38.57639306063095],[-75.74974992598601,38.57619178397168]]]},"id":"255_00000000000000000000","properties":{"labeler":"mara","notes":"","point_id":430,"queue_index":32,"source_asset":"point_430_label","source_labeler":"mara","source_point_id":430,"status":"completed","timestamp":"2026-04-12 04:33:05"}},{"type":"Feature","geometry":{"type":"Polygon","coordinates":[[[-75.74322764555733,38.582669069245725],[-75.74365678939282,38.580555568002204],[-75.74209041264359,38.580438140716645],[-75.74022360289857,38.58045496648449],[-75.73992318631419,38.583910315017846],[-75.74249808922937,38.58414511122136],[-75.74290576466095,38.5826690677724],[-75.74322764555733,38.582669069245725]]]},"id":"256_00000000000000000000","properties":{"labeler":"mara","notes":"","point_id":443,"queue_index":63,"source_asset":"point_443_label","source_labeler":"mara","source_point_id":443,"status":"completed","timestamp":"2026-04-12 20:11:35"}},{"type":"Feature","geometry":{"type":"Polygon","coordinates":[[[-75.73739925413885,38.5861463663674],[-75.7395021051919,38.58503939853116],[-75.73984537600988,38.58394909886851],[-75.74008146849107,38.58114790942494],[-75.73619764921274,38.58082918603626],[-75.73370852153212,38.58056077677191],[-75.73418054876188,38.58344593643298],[-75.73439517867725,38.58399939961855],[-75.73611176286823,38.5851902924396],[-75.73739925413885,38.5861463663674]]]},"id":"257_00000000000000000000","properties":{"labeler":"mara","notes":"","point_id":445,"queue_index":73,"source_asset":"point_445_label","source_labeler":"mara","source_point_id":445,"status":"completed","timestamp":"2026-04-12 20:37:24"}},{"type":"Feature","geometry":{"type":"Polygon","coordinates":[[[-75.77819826662402,38.58735867264088],[-75.78124524306111,38.58246098686143],[-75.78081612285634,38.58145456633993],[-75.77939987513918,38.58078358664484],[-75.77528001988529,38.58665427366086],[-75.77819826662402,38.58735867264088]]]},"id":"258_00000000000000000000","properties":{"labeler":"mara","notes":"","point_id":451,"queue_index":23,"source_asset":"point_451_label","source_labeler":"mara","source_point_id":451,"status":"completed","timestamp":"2026-04-12 04:23:45"}},{"type":"Feature","geometry":{"type":"Polygon","coordinates":[[[-75.89292615520586,38.59213264767065],[-75.89048000096219,38.58887895021591],[-75.88910667945703,38.5871681827159],[-75.88842005800333,38.58565859794343],[-75.88382810800621,38.58458512363964],[-75.88378520927606,38.585625057085224],[-75.88309856191738,38.585658641478695],[-75.88168235780715,38.587771992584656],[-75.88022323967363,38.58847638526552],[-75.88005155165573,38.5891137136296],[-75.87721915672664,38.58834220386923],[-75.87614627979767,38.5898852636083],[-75.877862843517,38.5905561220136],[-75.88464344730043,38.59223331591135],[-75.8920248941128,38.59287057521697],[-75.89292615520586,38.59213264767065]]]},"id":"259_00000000000000000000","properties":{"labeler":"mara","notes":"","point_id":469,"queue_index":61,"source_asset":"point_469_label","source_labeler":"mara","source_point_id":469,"status":"completed","timestamp":"2026-04-12 20:10:42"}},{"type":"Feature","geometry":{"type":"Polygon","coordinates":[[[-75.71622574575053,38.58828106972189],[-75.71603256340087,38.58856619918956],[-75.71510995217398,38.588381756684285],[-75.71405848587949,38.59141747992945],[-75.72240549243693,38.59322877171839],[-75.72277027752592,38.59250761496763],[-75.72249138694121,38.592356641740075],[-75.72279175110255,38.59175287884014],[-75.72317800873502,38.59171934658163],[-75.72410065717507,38.58990801319016],[-75.7229205037615,38.589907958719934],[-75.72246991331993,38.591115544830345],[-75.72219093342103,38.59109882336081],[-75.72105371207438,38.590746552973286],[-75.7213970267968,38.58952220731531],[-75.71622574575053,38.58828106972189]]]},"id":"260_00000000000000000000","properties":{"labeler":"mara","notes":"","point_id":478,"queue_index":15,"source_asset":"point_478_label","source_labeler":"mara","source_point_id":478,"status":"completed","timestamp":"2026-04-12 04:07:41"}},{"type":"Feature","geometry":{"type":"Polygon","coordinates":[[[-75.25238933012629,38.23314723154519],[-75.25232497342289,38.23338314984432],[-75.25288290865724,38.23370342330566],[-75.25314033438357,38.23409104852463],[-75.25365536257847,38.23431018289946],[-75.2537840748534,38.23451242355014],[-75.25451362041579,38.2344787679242],[-75.25483548813195,38.23508553468105],[-75.2566594222268,38.23552371357887],[-75.25708854341711,38.234916985291065],[-75.25693838228955,38.234310204312386],[-75.25751775242871,38.23400678051872],[-75.25734605116473,38.233619175037035],[-75.25781816242483,38.23262469924558],[-75.25848333483985,38.23206845420171],[-75.25923430954856,38.23259098098377],[-75.2596635126115,38.23265840209126],[-75.26004972314337,38.232793279935734],[-75.26043593271159,38.2326415289413],[-75.26067198381,38.23228762796758],[-75.26172343932512,38.2317819356406],[-75.26168053744527,38.231478549431884],[-75.2596635126115,38.23018066217507],[-75.25957770769783,38.22989415944117],[-75.2610797318615,38.23073689586293],[-75.2617663411931,38.229793018166575],[-75.26313963972335,38.22923672475906],[-75.26305383673709,38.22893335686923],[-75.26206674294365,38.228393955060476],[-75.26105828083384,38.22825908989927],[-75.25657361564824,38.230787483153094],[-75.25397723207779,38.23090543551984],[-75.25391287603392,38.23127632698932],[-75.25193874362759,38.23144484272764],[-75.25238933012629,38.23314723154519]]]},"id":"261_00000000000000000000","properties":{"labeler":"mara","notes":"","point_id":50,"queue_index":48,"source_asset":"point_50_label","source_labeler":"mara","source_point_id":50,"status":"completed","timestamp":"2026-04-12 19:44:03"}},{"type":"Feature","geometry":{"type":"Polygon","coordinates":[[[-75.78160242832774,38.60120172120241],[-75.77999318059403,38.60078246681392],[-75.78014334706555,38.60017872408861],[-75.7819028464355,38.60061473470636],[-75.78288995540754,38.59786454296078],[-75.78012188205092,38.59908872574049],[-75.7778903012629,38.59866945035255],[-75.77735384389153,38.60259350834793],[-75.78087288955501,38.60344871439497],[-75.78160242832774,38.60120172120241]]]},"id":"262_00000000000000000000","properties":{"labeler":"mara","notes":"","point_id":513,"queue_index":84,"source_asset":"point_513_label","source_labeler":"mara","source_point_id":513,"status":"completed","timestamp":"2026-04-12 21:05:43"}},{"type":"Feature","geometry":{"type":"Polygon","coordinates":[[[-75.7411831395643,38.604608904957615],[-75.74075398835701,38.60477659171126],[-75.74156934794087,38.60541381815804],[-75.74247058551342,38.6052460924901],[-75.74354349270544,38.605715613680616],[-75.74530299705732,38.606688207895985],[-75.74676216630539,38.60732534903191],[-75.74710541981473,38.60715767568893],[-75.74762043162129,38.60759367056662],[-75.74899369870894,38.60611807120372],[-75.7507103750298,38.60504491670951],[-75.7529419348989,38.604541854298034],[-75.75551687099464,38.60387111232837],[-75.74822123204008,38.59652601767278],[-75.74762043162129,38.596794373963135],[-75.74693374880295,38.59642542056825],[-75.74345761074049,38.596593097511104],[-75.73929484694351,38.603300936739785],[-75.7411831395643,38.604608904957615]]]},"id":"263_00000000000000000000","properties":{"labeler":"mara","notes":"","point_id":514,"queue_index":14,"source_asset":"point_514_label","source_labeler":"mara","source_point_id":514,"status":"completed","timestamp":"2026-04-12 04:06:55"}},{"type":"Feature","geometry":{"type":"Polygon","coordinates":[[[-75.71601508202714,38.60139265718252],[-75.71644421808293,38.602113683769076],[-75.71698072509837,38.60350557368244],[-75.71453448186462,38.60333785661795],[-75.71395519347892,38.60370677550032],[-75.71524261616864,38.605886645966564],[-75.71614384072522,38.60568542222712],[-75.71674468355393,38.60610465394435],[-75.71874019856892,38.60555134008739],[-75.71927669706064,38.60483024422877],[-75.7208001963886,38.60439426278873],[-75.71848277442069,38.60070512181505],[-75.71601508202714,38.60139265718252]]]},"id":"264_00000000000000000000","properties":{"labeler":"mara","notes":"","point_id":517,"queue_index":79,"source_asset":"point_517_label","source_labeler":"mara","source_point_id":517,"status":"completed","timestamp":"2026-04-12 21:03:11"}},{"type":"Feature","geometry":{"type":"Polygon","coordinates":[[[-75.8804808156269,38.61677231924149],[-75.88033066645318,38.616554334708624],[-75.87904313516455,38.61516280352608],[-75.87895733478254,38.61415685119294],[-75.8788500842317,38.61360351753094],[-75.87852815481631,38.613234642483626],[-75.87846380429998,38.61170891744099],[-75.8742366379788,38.61184299515182],[-75.87348559140014,38.61623579597342],[-75.87732658579179,38.616420210498575],[-75.87766987960809,38.61668849804698],[-75.8804808156269,38.61677231924149]]]},"id":"265_00000000000000000000","properties":{"labeler":"mara","notes":"","point_id":552,"queue_index":93,"source_asset":"point_552_label","source_labeler":"mara","source_point_id":552,"status":"completed","timestamp":"2026-04-12 21:31:21"}},{"type":"Feature","geometry":{"type":"Polygon","coordinates":[[[-75.75294228975976,38.613302949891974],[-75.75294228975976,38.61803095271627],[-75.76040952167087,38.622658060900775],[-75.76156825493634,38.62071342390673],[-75.76036658573098,38.619975747151564],[-75.76161119051696,38.61866805920305],[-75.75435844378094,38.61420835689997],[-75.75294228975976,38.613302949891974]]]},"id":"266_00000000000000000000","properties":{"labeler":"mara","notes":"","point_id":562,"queue_index":0,"source_asset":"point_562_label","source_labeler":"mara","source_point_id":562,"status":"completed","timestamp":"2026-04-05 21:44:20"}},{"type":"Feature","geometry":{"type":"Polygon","coordinates":[[[-75.77678571844363,38.6152715740587],[-75.77582012176515,38.61828942039047],[-75.77740803965965,38.618658288842795],[-75.77719338526965,38.61921151209051],[-75.77895292087933,38.619513234375916],[-75.77955376758098,38.61963063642934],[-75.78006875169093,38.61740080274699],[-75.77854525906027,38.61698171932315],[-75.77882421837205,38.61602602135907],[-75.77858818955889,38.615791299630615],[-75.77798733880698,38.61555660100895],[-75.77678571844363,38.6152715740587]]]},"id":"267_00000000000000000000","properties":{"labeler":"mara","notes":"","point_id":564,"queue_index":94,"source_asset":"point_564_label","source_labeler":"mara","source_point_id":564,"status":"completed","timestamp":"2026-04-12 21:32:14"}},{"type":"Feature","geometry":{"type":"Polygon","coordinates":[[[-75.91372215600649,38.61587067010576],[-75.90745649915303,38.61479764982909],[-75.90676987855065,38.61670896677091],[-75.90389450759498,38.6165077549245],[-75.90393748882389,38.617044262309946],[-75.9030791910754,38.616977222979145],[-75.90290753089745,38.61791610187054],[-75.90363706305217,38.61882139490322],[-75.90376582969306,38.61979382074171],[-75.90449535739742,38.621067930461884],[-75.90599738205607,38.62190618208369],[-75.90814320502125,38.62254322193855],[-75.90891560111005,38.623113181233734],[-75.90947353855474,38.62421962314782],[-75.9109326195779,38.625091299517436],[-75.91234888404131,38.624890157576736],[-75.91333588308453,38.62381726233635],[-75.91269218113696,38.62153736825292],[-75.91243466408598,38.62053146132151],[-75.912949697716,38.61815083025298],[-75.91372215600649,38.61587067010576]]]},"id":"268_00000000000000000000","properties":{"labeler":"mara","notes":"","point_id":567,"queue_index":110,"source_asset":"point_567_label","source_labeler":"mara","source_point_id":567,"status":"completed","timestamp":"2026-04-13 01:16:41"}},{"type":"Feature","geometry":{"type":"Polygon","coordinates":[[[-75.84992128591378,38.62988844578595],[-75.85027537344995,38.62803618176342],[-75.84977110430312,38.62744946204604],[-75.846895725235,38.626628052055295],[-75.84627352996723,38.62661963588585],[-75.8450289539288,38.62707225607647],[-75.84616616598791,38.62993874923606],[-75.8463172379884,38.63023740733195],[-75.84904235774712,38.63033794832679],[-75.84908526701551,38.62991047273424],[-75.84992128591378,38.62988844578595]]]},"id":"269_00000000000000000000","properties":{"labeler":"mara","notes":"","point_id":588,"queue_index":99,"source_asset":"point_588_label","source_labeler":"mara","source_point_id":588,"status":"completed","timestamp":"2026-04-13 00:33:31"}},{"type":"Feature","geometry":{"type":"Polygon","coordinates":[[[-75.91212539487731,38.63079887321344],[-75.91150304391684,38.63039659184564],[-75.9116962273378,38.62992722368169],[-75.91122416811558,38.62954168408503],[-75.91062334706385,38.62907234805998],[-75.9098937625316,38.62880413381816],[-75.90867066090985,38.62877062118098],[-75.9077050748352,38.62887118051792],[-75.90697547515906,38.62927345668973],[-75.9063747245701,38.629960720479026],[-75.90607430400347,38.63034632147933],[-75.90618162245654,38.630798871814285],[-75.906224514367,38.631217950891916],[-75.90611719594665,38.63136880254888],[-75.9062030684134,38.63158670010608],[-75.9063747245701,38.63185488220776],[-75.9065892723165,38.63225715316369],[-75.90695402931998,38.63249185403801],[-75.90740465711046,38.632810352027704],[-75.9077050748352,38.63296121937991],[-75.90832735399212,38.633061807018656],[-75.90903541251423,38.63321259498165],[-75.90946458817801,38.63329644110576],[-75.91017272958965,38.63306173971919],[-75.91055892258917,38.63289417827011],[-75.91098809360159,38.63264273947857],[-75.9111382987155,38.63242478888434],[-75.91212539487731,38.63079887321344]]]},"id":"270_00000000000000000000","properties":{"labeler":"mara","notes":"","point_id":598,"queue_index":1,"source_asset":"point_598_label","source_labeler":"mara","source_point_id":598,"status":"completed","timestamp":"2026-04-05 21:47:57"}},{"type":"Feature","geometry":{"type":"Polygon","coordinates":[[[-75.71923445874684,38.631329927343316],[-75.71610169023366,38.63282178647139],[-75.71683120258582,38.63496727920045],[-75.7170887184133,38.635134838527726],[-75.71713166725235,38.635905923053855],[-75.71777536588542,38.638520565894254],[-75.71936321457663,38.63798428167779],[-75.72041464227893,38.63739761049003],[-75.71983528872566,38.6353360006769],[-75.72035030921454,38.635268972484965],[-75.72007132522172,38.63456495327784],[-75.72047906404987,38.634414105586565],[-75.71983528872566,38.63205071803115],[-75.71923445874684,38.631329927343316]]]},"id":"271_00000000000000000000","properties":{"labeler":"mara","notes":"","point_id":602,"queue_index":101,"source_asset":"point_602_label","source_labeler":"mara","source_point_id":602,"status":"completed","timestamp":"2026-04-13 00:44:30"}},{"type":"Feature","geometry":{"type":"Polygon","coordinates":[[[-75.73646329322301,38.63447902009719],[-75.73079851051655,38.633054249392224],[-75.7288887866531,38.63263526082238],[-75.72783733192936,38.633305682496676],[-75.72691461864117,38.634629859352366],[-75.72652837100598,38.63702675191862],[-75.72736528394125,38.63779769255977],[-75.72749403252122,38.638401090150495],[-75.7324292489889,38.64056813224995],[-75.73324465567376,38.63781942361082],[-75.73333045499915,38.6367802618546],[-75.73564790474272,38.6357578475465],[-75.73646329322301,38.63447902009719]]]},"id":"272_00000000000000000000","properties":{"labeler":"mara","notes":"","point_id":606,"queue_index":82,"source_asset":"point_606_label","source_labeler":"mara","source_point_id":606,"status":"completed","timestamp":"2026-04-12 21:04:38"}},{"type":"Feature","geometry":{"type":"Polygon","coordinates":[[[-75.8212551742266,38.6403794553528],[-75.81977459567428,38.637848607403974],[-75.81902352670326,38.63669210468467],[-75.81747863542965,38.636239558727006],[-75.81644866904655,38.636474213353154],[-75.81518263817757,38.63845205115659],[-75.81507533939391,38.63952468911935],[-75.8152899368804,38.6409660993526],[-75.81511825891707,38.641636479685246],[-75.8212551742266,38.6403794553528]]]},"id":"273_00000000000000000000","properties":{"labeler":"mara","notes":"","point_id":613,"queue_index":52,"source_asset":"point_613_label","source_labeler":"mara","source_point_id":613,"status":"completed","timestamp":"2026-04-12 19:46:37"}},{"type":"Feature","geometry":{"type":"Polygon","coordinates":[[[-75.76260677786979,38.637518624208575],[-75.76121199557387,38.63718343348884],[-75.75975288426174,38.6370157802165],[-75.75910910700574,38.63631182226338],[-75.7583152264087,38.63641236263094],[-75.75769291108439,38.63701574711451],[-75.75610504114023,38.63671407603815],[-75.75486047736729,38.640552254070364],[-75.75531114394566,38.641893042701135],[-75.75696333940881,38.64189308971492],[-75.76123346341905,38.642144461410666],[-75.76260677786979,38.637518624208575]]]},"id":"274_00000000000000000000","properties":{"labeler":"mara","notes":"","point_id":617,"queue_index":20,"source_asset":"point_617_label","source_labeler":"mara","source_point_id":617,"status":"completed","timestamp":"2026-04-12 04:14:37"}},{"type":"Feature","geometry":{"type":"Polygon","coordinates":[[[-75.76831173371596,38.64273868952853],[-75.76830800807556,38.64245089383971],[-75.7700246309962,38.6363500891005],[-75.76948814418787,38.63629981177108],[-75.7692735666437,38.63646746051332],[-75.76702052740464,38.636182486758166],[-75.7671493292155,38.635545579283296],[-75.76317966105671,38.63606513602997],[-75.76238571425115,38.63878041820144],[-75.76152735967096,38.64161291543408],[-75.76831173371596,38.64273868952853]]]},"id":"275_00000000000000000000","properties":{"labeler":"mara","notes":"","point_id":618,"queue_index":100,"source_asset":"point_618_label","source_labeler":"mara","source_point_id":618,"status":"completed","timestamp":"2026-04-13 00:43:09"}},{"type":"Feature","geometry":{"type":"Polygon","coordinates":[[[-75.90229595103939,38.638085473654726],[-75.89740357100935,38.639040780096074],[-75.89691010508226,38.63944303385381],[-75.89542951967414,38.64095146141347],[-75.8943994995041,38.641722388628196],[-75.8942708129237,38.64209117812358],[-75.89551531003517,38.642560401448826],[-75.89570842678269,38.64326429969693],[-75.90040766705582,38.64239285501543],[-75.90105142523389,38.64212465141509],[-75.90145908995835,38.641621899234494],[-75.90212428990597,38.641051993123874],[-75.90263927267806,38.64033132527309],[-75.90283237965399,38.63956039437944],[-75.90261782617792,38.63877263032303],[-75.90229595103939,38.638085473654726]]]},"id":"276_00000000000000000000","properties":{"labeler":"mara","notes":"","point_id":622,"queue_index":6,"source_asset":"point_622_label","source_labeler":"mara","source_point_id":622,"status":"completed","timestamp":"2026-04-05 22:06:27"}},{"type":"Feature","geometry":{"type":"Polygon","coordinates":[[[-75.8826359793489,38.64542883493636],[-75.88851542475604,38.644624410121544],[-75.88847252745147,38.64425571156287],[-75.8886871024745,38.64408818199564],[-75.88845099016346,38.64343448326607],[-75.88950241367972,38.643183167377956],[-75.89023201527424,38.64239541463299],[-75.89115473608125,38.642026703605055],[-75.89169111850563,38.64216078715259],[-75.89008178784937,38.63902661420639],[-75.88960974476342,38.639495939676856],[-75.88855832204756,38.64006579302166],[-75.88765712165974,38.64013282471589],[-75.88701339090922,38.639495945590326],[-75.88415950912041,38.6399317091233],[-75.88349431299739,38.64170825939786],[-75.88224979841159,38.64263008933115],[-75.88055456061711,38.64358538740729],[-75.87804401839401,38.64405464856218],[-75.8826359793489,38.64542883493636]]]},"id":"277_00000000000000000000","properties":{"labeler":"mara","notes":"","point_id":627,"queue_index":44,"source_asset":"point_627_label","source_labeler":"mara","source_point_id":627,"status":"completed","timestamp":"2026-04-12 19:24:10"}},{"type":"Feature","geometry":{"type":"Polygon","coordinates":[[[-75.91115398384203,38.66077258687041],[-75.90244217744633,38.660102378551855],[-75.90111177741211,38.66254870178123],[-75.90102599046085,38.662984281535316],[-75.90119765293389,38.663319410558955],[-75.9048883011458,38.665665026381085],[-75.90681950534571,38.66693832086838],[-75.90754910583108,38.66737391146752],[-75.91055316249029,38.66744093873182],[-75.91115398384203,38.66077258687041]]]},"id":"278_00000000000000000000","properties":{"labeler":"mara","notes":"","point_id":691,"queue_index":2,"source_asset":"point_691_label","source_labeler":"mara","source_point_id":691,"status":"completed","timestamp":"2026-04-05 21:49:57"}},{"type":"Feature","geometry":{"type":"Polygon","coordinates":[[[-75.83244790995415,38.663192205913155],[-75.83123557607114,38.662396408957555],[-75.83077424276279,38.66244662495566],[-75.83010906186895,38.66199428486257],[-75.82943908980393,38.663421096948454],[-75.82899920833417,38.664359342151634],[-75.8288597334377,38.66441798336102],[-75.82861296982422,38.66479499732364],[-75.8295571065521,38.665465164406996],[-75.83059788412194,38.666034786816034],[-75.83181022344328,38.66493740935447],[-75.83221791044956,38.665180343684625],[-75.83363407728015,38.66409963375451],[-75.83244790995415,38.663192205913155]]]},"id":"279_00000000000000000000","properties":{"labeler":"mara","notes":"","point_id":695,"queue_index":115,"source_asset":"point_695_label","source_labeler":"mara","source_point_id":695,"status":"completed","timestamp":"2026-04-13 01:19:56"}},{"type":"Feature","geometry":{"type":"Polygon","coordinates":[[[-75.84009274331733,38.66297073560076],[-75.8383331638552,38.66508180375992],[-75.84013565529227,38.66633835162155],[-75.84067205388446,38.66746091933434],[-75.8423886930792,38.66803049984065],[-75.84354738176852,38.66784619806576],[-75.84631546484378,38.66767868223887],[-75.8472595725567,38.666405407652086],[-75.8481393096778,38.66571845774904],[-75.84009274331733,38.66297073560076]]]},"id":"280_00000000000000000000","properties":{"labeler":"mara","notes":"","point_id":697,"queue_index":30,"source_asset":"point_697_label","source_labeler":"mara","source_point_id":697,"status":"completed","timestamp":"2026-04-12 04:30:10"}},{"type":"Feature","geometry":{"type":"Polygon","coordinates":[[[-75.8885475977259,38.65910669032156],[-75.87876286554187,38.65602351564624],[-75.8770892135403,38.658671009896864],[-75.87726081652234,38.65930771394408],[-75.87773290092291,38.659776915418554],[-75.87820498374535,38.6600450317051],[-75.87859117574807,38.660313113717066],[-75.87824788417144,38.660916257356966],[-75.87884866604206,38.661485937527516],[-75.87880576579848,38.66212264190243],[-75.87906325570113,38.66299390515862],[-75.88039368658036,38.66500444080913],[-75.88125194523047,38.66560763793516],[-75.88391275318963,38.66788615231543],[-75.8861872521796,38.665406561722875],[-75.88635893273232,38.663999180800566],[-75.88665930672279,38.66275938058106],[-75.88700266647007,38.66225668382589],[-75.8887192754052,38.66265879960658],[-75.88846171449246,38.66218968506603],[-75.88734593674988,38.66188807638554],[-75.88691678229573,38.66151946870651],[-75.88837591983759,38.66161999466552],[-75.88820424174024,38.66098330056526],[-75.8885475977259,38.65910669032156]]]},"id":"281_00000000000000000000","properties":{"labeler":"mara","notes":"","point_id":698,"queue_index":3,"source_asset":"point_698_label","source_labeler":"mara","source_point_id":698,"status":"completed","timestamp":"2026-04-05 21:52:25"}},{"type":"Feature","geometry":{"type":"Polygon","coordinates":[[[-75.72093250021993,38.67131167023457],[-75.72093250021993,38.66925096842917],[-75.71625476301273,38.66844686381631],[-75.71606166943975,38.66859758700623],[-75.71631909790047,38.66871491414014],[-75.71470982972966,38.67008868972301],[-75.71327216618616,38.669837365661266],[-75.71316487993782,38.67040699803208],[-75.71707017231975,38.67159644842046],[-75.71707017231975,38.67248435382805],[-75.71792843689192,38.672953424048124],[-75.71810014243671,38.673321942542486],[-75.71844346417775,38.67352297102228],[-75.71947342450659,38.67332193991639],[-75.7207608867762,38.673254991287024],[-75.72093250021993,38.67131167023457]]]},"id":"282_00000000000000000000","properties":{"labeler":"mara","notes":"","point_id":704,"queue_index":87,"source_asset":"point_704_label","source_labeler":"mara","source_point_id":704,"status":"completed","timestamp":"2026-04-12 21:26:50"}},{"type":"Feature","geometry":{"type":"Polygon","coordinates":[[[-75.84919147626448,38.671913344123375],[-75.84408456539555,38.66950089743034],[-75.84185301025354,38.67318653097064],[-75.84228212409822,38.67337081857886],[-75.84266841410872,38.67313626896799],[-75.84408456539555,38.67357184295099],[-75.84520041846518,38.67420847560706],[-75.84919147626448,38.671913344123375]]]},"id":"283_00000000000000000000","properties":{"labeler":"mara","notes":"","point_id":708,"queue_index":38,"source_asset":"point_708_label","source_labeler":"mara","source_point_id":708,"status":"completed","timestamp":"2026-04-12 19:20:42"}},{"type":"Feature","geometry":{"type":"Polygon","coordinates":[[[-75.74361163042632,38.67601616196642],[-75.74382615757126,38.678662883394054],[-75.7442982403737,38.678461909695585],[-75.74622940755707,38.67934972998873],[-75.74853564874302,38.677468504314064],[-75.75237664042875,38.674888708817456],[-75.74923536538972,38.67150428726916],[-75.74545878916538,38.67163833724955],[-75.74511544300876,38.672124149343595],[-75.74361340484569,38.672710487227505],[-75.74294826220752,38.672677023373225],[-75.74361163042632,38.67601616196642]]]},"id":"284_00000000000000000000","properties":{"labeler":"mara","notes":"","point_id":712,"queue_index":77,"source_asset":"point_712_label","source_labeler":"mara","source_point_id":712,"status":"completed","timestamp":"2026-04-12 21:02:06"}},{"type":"Feature","geometry":{"type":"Polygon","coordinates":[[[-75.86427317920709,38.67678857553178],[-75.86483102734883,38.67702309212098],[-75.86572155869251,38.677023053197416],[-75.8666549883755,38.67679691209222],[-75.86735235295134,38.67646187047453],[-75.86768494509083,38.67603473731938],[-75.8678994630601,38.67540657280055],[-75.86762050099271,38.67442651024581],[-75.86727718276454,38.67415853056067],[-75.86633311982352,38.67380671556186],[-75.86563566157744,38.67332084929764],[-75.86534233450341,38.67380119389932],[-75.8637974153564,38.67641455081944],[-75.86427317920709,38.67678857553178]]]},"id":"285_00000000000000000000","properties":{"labeler":"mara","notes":"","point_id":713,"queue_index":66,"source_asset":"point_713_label","source_labeler":"mara","source_point_id":713,"status":"completed","timestamp":"2026-04-12 20:33:47"}},{"type":"Feature","geometry":{"type":"Polygon","coordinates":[[[-75.87026507827359,38.676948290100995],[-75.87084444275831,38.676914774569674],[-75.87118775232477,38.67674720683563],[-75.87116630104138,38.676412220001204],[-75.87090879674518,38.67626142313744],[-75.87047959232841,38.67631165699241],[-75.86972861442733,38.67631170695029],[-75.86850551888683,38.676278146264245],[-75.86738976074167,38.67673044736586],[-75.86713224956753,38.67686447872193],[-75.86500796394499,38.67827164765182],[-75.86472899617503,38.67872392186692],[-75.86434276629542,38.67937719783644],[-75.86756137550132,38.68076749589139],[-75.86786178947335,38.68076755197361],[-75.86807639581798,38.68033199235002],[-75.86865576927141,38.678941640053075],[-75.86919214854547,38.678087333003354],[-75.86957845382548,38.67780259294529],[-75.86975006592886,38.67735027908178],[-75.87026507827359,38.676948290100995]]]},"id":"286_00000000000000000000","properties":{"labeler":"mara","notes":"","point_id":722,"queue_index":16,"source_asset":"point_722_label","source_labeler":"mara","source_point_id":722,"status":"completed","timestamp":"2026-04-12 04:09:02"}},{"type":"Feature","geometry":{"type":"Polygon","coordinates":[[[-75.88743917707404,38.68658765364156],[-75.88409179309616,38.68196469322264],[-75.8836626287418,38.68193116633651],[-75.8829759807866,38.68236670337252],[-75.88233222867512,38.68176368837641],[-75.87894191198106,38.68360618810256],[-75.87662448396298,38.683405211645564],[-75.87838403089194,38.68223270505955],[-75.87366340356736,38.68186413913789],[-75.87177509074426,38.68950197155524],[-75.87503660943734,38.69261717234279],[-75.88246101478619,38.68866451685942],[-75.88743917707404,38.68658765364156]]]},"id":"287_00000000000000000000","properties":{"labeler":"mara","notes":"","point_id":739,"queue_index":57,"source_asset":"point_739_label","source_labeler":"mara","source_point_id":739,"status":"completed","timestamp":"2026-04-12 19:50:19"}},{"type":"Feature","geometry":{"type":"Polygon","coordinates":[[[-75.87856006415237,38.69888693503352],[-75.8786137781851,38.69871944993429],[-75.87856006415237,38.698367831822665],[-75.87887126843786,38.697815131174266],[-75.8768542341187,38.69689406788178],[-75.87666109155526,38.696860557401756],[-75.87600667401314,38.697647719037676],[-75.87599594873765,38.69777329840179],[-75.87619972883293,38.69785702481307],[-75.8758242555801,38.698300791897616],[-75.87633924578823,38.69850181282929],[-75.87623199324908,38.698794868502986],[-75.87789493027829,38.69954007575754],[-75.87843136311947,38.699221878701785],[-75.87856006415237,38.69888693503352]]]},"id":"288_00000000000000000000","properties":{"labeler":"mara","notes":"","point_id":756,"queue_index":35,"source_asset":"point_756_label","source_labeler":"mara","source_point_id":756,"status":"completed","timestamp":"2026-04-12 04:36:04"}},{"type":"Feature","geometry":{"type":"Polygon","coordinates":[[[-75.81833647690753,38.70336485932607],[-75.81627654909956,38.70359932406599],[-75.81352996191825,38.70440309917466],[-75.81357288190684,38.705776188429816],[-75.81307938993582,38.70704875923429],[-75.81275748859196,38.70822086446485],[-75.81241412635721,38.70892410595693],[-75.813076995631,38.70960331203637],[-75.81380654732038,38.70987116665254],[-75.81485799260194,38.709871193398314],[-75.81537293813562,38.71010559341623],[-75.81599526865621,38.7095697992945],[-75.81758309479842,38.709536288478546],[-75.81805520053165,38.70829729440646],[-75.81845308406949,38.706108611615896],[-75.81833647690753,38.70336485932607]]]},"id":"289_00000000000000000000","properties":{"labeler":"mara","notes":"","point_id":769,"queue_index":69,"source_asset":"point_769_label","source_labeler":"mara","source_point_id":769,"status":"completed","timestamp":"2026-04-12 20:35:30"}},{"type":"Feature","geometry":{"type":"Polygon","coordinates":[[[-75.81692388218424,38.69869540401104],[-75.8141773074807,38.69859497580043],[-75.80937082957779,38.698461006622466],[-75.80568008665486,38.69852792796073],[-75.80602337642068,38.708407776373406],[-75.80748254824366,38.708642163894105],[-75.80834080460671,38.70850824712149],[-75.80971411046163,38.70860868379742],[-75.81108740309145,38.7091109671365],[-75.81194572643783,38.70887658325006],[-75.81306147698758,38.709479326282505],[-75.81430606682281,38.709881229635855],[-75.81546480698992,38.71001514653019],[-75.81640894225602,38.709479394256356],[-75.81778217037822,38.70954634357793],[-75.818683460524,38.70485791358811],[-75.81829719401703,38.70298239821874],[-75.81748182773748,38.701173891097795],[-75.81692388218424,38.69869540401104]]]},"id":"290_00000000000000000000","properties":{"labeler":"mara","notes":"","point_id":770,"queue_index":13,"source_asset":"point_770_label","source_labeler":"mara","source_point_id":770,"status":"completed","timestamp":"2026-04-12 04:06:09"}},{"type":"Feature","geometry":{"type":"Polygon","coordinates":[[[-75.96890428830973,38.707341163640265],[-75.96888276337415,38.70675509112963],[-75.96748806447691,38.70576716184216],[-75.96688721910877,38.70596808776285],[-75.9662863711516,38.70548247215946],[-75.96585728103622,38.7049466229415],[-75.96499891968,38.70459499011559],[-75.96508475605336,38.70422659662022],[-75.96304628293818,38.70338935854235],[-75.96259565694972,38.7025017769317],[-75.96096490489678,38.70315485377329],[-75.96044995924186,38.70317166586512],[-75.96019244140916,38.70288695913102],[-75.9589049337053,38.703406047590086],[-75.95620134148866,38.70740811855147],[-75.9580895827928,38.70841280159446],[-75.95869037746228,38.70819508290063],[-75.9593770094308,38.7081950857544],[-75.9598490835598,38.70841275793218],[-75.95997788714512,38.708010917118585],[-75.95972036844142,38.70750854890142],[-75.96023531678819,38.7069225041251],[-75.96070738801424,38.707073232796205],[-75.96053570982855,38.70742485577439],[-75.96090050357444,38.70777648701263],[-75.9609220297419,38.70844625468508],[-75.96195200425228,38.708965346026],[-75.96289613349293,38.708630451163344],[-75.96366858201358,38.707659265692584],[-75.96536370175633,38.708262063496356],[-75.9659859904931,38.70732442404187],[-75.96682282052043,38.7076760024818],[-75.96789571306668,38.706755043412784],[-75.96890428830973,38.707341163640265]]]},"id":"291_00000000000000000000","properties":{"labeler":"mara","notes":"","point_id":775,"queue_index":96,"source_asset":"point_775_label","source_labeler":"mara","source_point_id":775,"status":"completed","timestamp":"2026-04-13 00:31:58"}},{"type":"Feature","geometry":{"type":"Polygon","coordinates":[[[-75.90980168910215,38.71592387511256],[-75.90875032855436,38.71803346688731],[-75.90892198160161,38.718368257319554],[-75.90877177411947,38.718636112068836],[-75.90870734879626,38.71930580938792],[-75.9127628963354,38.72049449119399],[-75.9127843412883,38.71933933351649],[-75.90980168910215,38.71592387511256]]]},"id":"292_00000000000000000000","properties":{"labeler":"mara","notes":"","point_id":796,"queue_index":17,"source_asset":"point_796_label","source_labeler":"mara","source_point_id":796,"status":"completed","timestamp":"2026-04-12 04:09:42"}},{"type":"Feature","geometry":{"type":"Polygon","coordinates":[[[-75.91940624436958,38.74259696867031],[-75.92127309531098,38.74154252286639],[-75.92067222863427,38.74003624582258],[-75.92080097966651,38.73953410776631],[-75.91944913224341,38.73859688738346],[-75.91678837564471,38.74020364663453],[-75.91940624436958,38.74259696867031]]]},"id":"293_00000000000000000000","properties":{"labeler":"mara","notes":"","point_id":852,"queue_index":39,"source_asset":"point_852_label","source_labeler":"mara","source_point_id":852,"status":"completed","timestamp":"2026-04-12 19:21:33"}},{"type":"Feature","geometry":{"type":"Polygon","coordinates":[[[-75.87486677654024,38.743787705311554],[-75.87958745228248,38.74542774451611],[-75.88144286563342,38.7424082769087],[-75.87914692873879,38.74155473603739],[-75.87852460933408,38.74257559975684],[-75.87609992182864,38.741805743926285],[-75.87667926239052,38.740667678571825],[-75.87554202951301,38.74016557625886],[-75.87483389133668,38.73974710868745],[-75.87371809450302,38.740701158763166],[-75.87285979006907,38.740182304582476],[-75.87174397764743,38.74210701318513],[-75.87140066943195,38.74250870140689],[-75.87486677654024,38.743787705311554]]]},"id":"294_00000000000000000000","properties":{"labeler":"mara","notes":"","point_id":859,"queue_index":107,"source_asset":"point_859_label","source_labeler":"mara","source_point_id":859,"status":"completed","timestamp":"2026-04-13 00:51:03"}},{"type":"Feature","geometry":{"type":"Polygon","coordinates":[[[-75.93212263348326,38.77271349493202],[-75.93272345110128,38.77219487645155],[-75.9342898531836,38.771124240714784],[-75.9342898531836,38.770823080826446],[-75.92898985196327,38.76714246398471],[-75.9274019479289,38.76841397523024],[-75.92813153008613,38.769083195625385],[-75.9276165521589,38.76963526005813],[-75.93010565368677,38.77152574780927],[-75.93100684781665,38.77165958535657],[-75.93109270506147,38.77194399419475],[-75.93212263348326,38.77271349493202]]]},"id":"295_00000000000000000000","properties":{"labeler":"mara","notes":"","point_id":912,"queue_index":58,"source_asset":"point_912_label","source_labeler":"mara","source_point_id":912,"status":"completed","timestamp":"2026-04-12 20:08:50"}},{"type":"Feature","geometry":{"type":"Polygon","coordinates":[[[-75.7412550047438,38.77737844155669],[-75.73979586840555,38.77828174148459],[-75.73696352600535,38.77764609466761],[-75.7365343622289,38.77818136409836],[-75.7351610650472,38.7776125936001],[-75.73434566920052,38.77868319243596],[-75.73335858155075,38.780322524338736],[-75.73456021014351,38.78105849135669],[-75.73447441154995,38.781961773810366],[-75.73404524036249,38.78306575898048],[-75.73756428216552,38.78580885509502],[-75.74460237408613,38.77978723285145],[-75.7412550047438,38.77737844155669]]]},"id":"296_00000000000000000000","properties":{"labeler":"mara","notes":"","point_id":934,"queue_index":54,"source_asset":"point_934_label","source_labeler":"mara","source_point_id":934,"status":"completed","timestamp":"2026-04-12 19:48:14"}},{"type":"Feature","geometry":{"type":"Polygon","coordinates":[[[-75.82418267881471,38.78909806375127],[-75.8235818425598,38.788228374180974],[-75.82392517787322,38.78782691010865],[-75.82280942374818,38.785920196083],[-75.82207982949775,38.78575295508114],[-75.82066363630442,38.78374579856748],[-75.81954785661604,38.78401339527488],[-75.8180887196245,38.78140401662943],[-75.81534216737677,38.78260833247248],[-75.81542800624942,38.78448175014393],[-75.81714459549094,38.787191360726624],[-75.81920451074555,38.79050298570071],[-75.82418267881471,38.78909806375127]]]},"id":"297_00000000000000000000","properties":{"labeler":"mara","notes":"","point_id":949,"queue_index":68,"source_asset":"point_949_label","source_labeler":"mara","source_point_id":949,"status":"completed","timestamp":"2026-04-12 20:34:54"}},{"type":"Feature","geometry":{"type":"Polygon","coordinates":[[[-75.73822430365793,38.79112950527197],[-75.73775220094642,38.78944027022634],[-75.73676513662437,38.78865420121761],[-75.73663639632092,38.788353114407506],[-75.73661492480495,38.78758369220772],[-75.73569226767314,38.786814356579875],[-75.73530604354288,38.78679762891231],[-75.73507003196376,38.78654674907981],[-75.73504856021444,38.785978079458744],[-75.73333196336326,38.78577732359729],[-75.73052096638,38.787667373259474],[-75.72972701684115,38.78785137281695],[-75.73178694661395,38.79179848655752],[-75.73822430365793,38.79112950527197]]]},"id":"298_00000000000000000000","properties":{"labeler":"mara","notes":"","point_id":952,"queue_index":56,"source_asset":"point_952_label","source_labeler":"mara","source_point_id":952,"status":"completed","timestamp":"2026-04-12 19:49:42"}},{"type":"Feature","geometry":{"type":"Polygon","coordinates":[[[-75.90999327975082,38.78903206121194],[-75.90226856680447,38.7901693787183],[-75.90235435299833,38.79177496016217],[-75.90355597457022,38.79344736151777],[-75.90372763395709,38.794584624180196],[-75.90372763395709,38.79565495321339],[-75.90450014291653,38.79662494864426],[-75.90514388237227,38.79732735608997],[-75.90574463821848,38.797661798884334],[-75.90625960773853,38.79883239787066],[-75.90707508306295,38.79923377382075],[-75.90836253545719,38.79792936371088],[-75.90952121480929,38.79652458850602],[-75.91106616483421,38.79391562146145],[-75.91239655932053,38.79177491294134],[-75.91166698399297,38.790570706636814],[-75.91012204057196,38.78950036409792],[-75.90999327975082,38.78903206121194]]]},"id":"299_00000000000000000000","properties":{"labeler":"mara","notes":"","point_id":956,"queue_index":8,"source_asset":"point_956_label","source_labeler":"mara","source_point_id":956,"status":"completed","timestamp":"2026-04-05 22:08:17"}},{"type":"Feature","geometry":{"type":"Polygon","coordinates":[[[-75.85977476673912,38.859049777851844],[-75.85900227888717,38.86037197345086],[-75.85752173926687,38.858968451937976],[-75.85689941334043,38.85885149867945],[-75.85638444100134,38.85804943146562],[-75.85451761733431,38.857798791938365],[-75.85307993890099,38.85718057696538],[-75.85327311365972,38.858249980276106],[-75.85396079238683,38.85864754300012],[-75.85505511400991,38.86018477495697],[-75.8542183275215,38.86100347905458],[-75.85473330773459,38.862173113318406],[-75.85672884946095,38.86262417989998],[-75.85505511400991,38.862908202315005],[-75.8566644890248,38.863966994882944],[-75.85608515513222,38.863983695083405],[-75.8553341008422,38.86391686465602],[-75.8547762152802,38.863482465846545],[-75.85359607573614,38.862513401443834],[-75.85293082447393,38.861527591108356],[-75.85185794065941,38.86112660991297],[-75.85164339838353,38.862212655581466],[-75.8501198729233,38.862246094201424],[-75.85130004141257,38.863148275933206],[-75.853145453454,38.86329869887134],[-75.85303809467808,38.86368292359634],[-75.85140731285094,38.86363280776896],[-75.85132149570673,38.86408393950163],[-75.85110695261892,38.86455173372986],[-75.84966923958999,38.86448495139641],[-75.84904696783444,38.86425101347427],[-75.84829596490437,38.863699695378756],[-75.8471158600687,38.86448497110373],[-75.84782395961093,38.86505297175272],[-75.84878951195985,38.865069669278704],[-75.85001260051074,38.86575471942807],[-75.85102113529288,38.865971889502845],[-75.85153612712381,38.86665686398069],[-75.85222275043671,38.86744215572066],[-75.8525661051725,38.86842780092089],[-75.85245874595772,38.86926318368202],[-75.85205111708373,38.87019867957806],[-75.85295227852126,38.870298955885566],[-75.85451868115955,38.870465980115384],[-75.8542397813739,38.8709505109706],[-75.85526973977235,38.8712511817324],[-75.85591343780631,38.87081680379555],[-75.85634259775433,38.87091709212652],[-75.85636405128506,38.87121778574823],[-75.85793050485113,38.87140157521507],[-75.85820939737029,38.87088365470448],[-75.85868154537357,38.871017288635926],[-75.85913215004523,38.87150182098544],[-75.86024788465635,38.871551926250504],[-75.86087019586665,38.871267935600805],[-75.86228643123816,38.871602016889234],[-75.86760791355883,38.8642844682372],[-75.85977476673912,38.859049777851844]]]},"id":"300_00000000000000000000","properties":{"labeler":"mike","notes":"","point_id":1020,"queue_index":89,"source_asset":"point_1020_label","source_labeler":"mike","source_point_id":1020,"status":"completed","timestamp":"2026-04-06 18:41:00"}},{"type":"Feature","geometry":{"type":"Polygon","coordinates":[[[-75.90220989894344,38.877364407029916],[-75.90246734609742,38.87682988995311],[-75.90233866689034,38.871751495668164],[-75.89653433245512,38.87059874094708],[-75.89593353729691,38.870690642623515],[-75.89576186840583,38.87103308756604],[-75.89522541285108,38.87123357285476],[-75.89472112681398,38.87155933196832],[-75.89519324140561,38.87196861427607],[-75.89493578095059,38.87231943511827],[-75.89435642673615,38.87230279080038],[-75.89330495080195,38.87277054247642],[-75.89281147051713,38.873472133368224],[-75.89665238188844,38.87460810123182],[-75.89723172665948,38.87462481332647],[-75.89826172611731,38.87467495159672],[-75.89881961718841,38.87556032539756],[-75.90193091609133,38.87768177884015],[-75.90220989894344,38.877364407029916]]]},"id":"301_00000000000000000000","properties":{"labeler":"mike","notes":"","point_id":1030,"queue_index":61,"source_asset":"point_1030_label","source_labeler":"mike","source_point_id":1030,"status":"completed","timestamp":"2026-04-06 05:55:00"}},{"type":"Feature","geometry":{"type":"Polygon","coordinates":[[[-75.89184825725293,38.874459043759394],[-75.89156934250315,38.87517734012984],[-75.89146201291152,38.875711895344665],[-75.89208427524525,38.87634667644037],[-75.89114020090453,38.8780840141899],[-75.89015313481744,38.87835126989348],[-75.88965955486698,38.87816753365142],[-75.88996001045652,38.87748264700532],[-75.8893806357864,38.87709842405222],[-75.88927339315859,38.87659732865439],[-75.88959520942738,38.875862285614],[-75.8885008893072,38.87549476836204],[-75.88794295737888,38.87646368462105],[-75.88734212559463,38.876714192807036],[-75.8864194684685,38.87793366017079],[-75.89755600625507,38.884514891652934],[-75.89965888680385,38.883713163096495],[-75.89987344479057,38.88251054990688],[-75.90015243172084,38.879754461572404],[-75.90051720541182,38.87916975262297],[-75.9019548441213,38.87773318026257],[-75.89860745045536,38.87562840142704],[-75.89704100488696,38.875311043281464],[-75.89691232071976,38.87480987905978],[-75.89279241547867,38.873573684697014],[-75.89184825725293,38.874459043759394]]]},"id":"302_00000000000000000000","properties":{"labeler":"mike","notes":"","point_id":1037,"queue_index":82,"source_asset":"point_1037_label","source_labeler":"mike","source_point_id":1037,"status":"completed","timestamp":"2026-04-06 18:30:50"}},{"type":"Feature","geometry":{"type":"Polygon","coordinates":[[[-75.98791553081487,38.87731630104936],[-75.98791553081487,38.87654793515263],[-75.98926733578249,38.87537851639962],[-75.97907493556295,38.8759966653385],[-75.97937537657712,38.87860254601809],[-75.977508504265,38.878351990771],[-75.9778303836419,38.88142549234954],[-75.97978307895637,38.88037320765667],[-75.9821648766554,38.88184310348565],[-75.98551222064307,38.87935421815414],[-75.98791553081487,38.87731630104936]]]},"id":"303_00000000000000000000","properties":{"labeler":"mike","notes":"","point_id":1038,"queue_index":31,"source_asset":"point_1038_label","source_labeler":"mike","source_point_id":1038,"status":"completed","timestamp":"2026-04-06 05:17:36"}},{"type":"Feature","geometry":{"type":"Polygon","coordinates":[[[-75.93333224037045,38.901136864798296],[-75.93195898311201,38.894390173011914],[-75.9232256948729,38.89348830866384],[-75.91574672625764,38.892689689344984],[-75.91544632572229,38.892990328135134],[-75.91585403732559,38.89425958608862],[-75.9155321038758,38.89466034653633],[-75.91454512026162,38.896096644207],[-75.91409442674852,38.89639719568212],[-75.91433049604386,38.89728234488188],[-75.91559652607027,38.89808394609512],[-75.91568230413205,38.898434562321526],[-75.91533901434286,38.898618316425484],[-75.91516736913363,38.89975383836166],[-75.91570383725298,38.900304979332645],[-75.91570383725298,38.90124005880201],[-75.91703418782294,38.90135698684188],[-75.91735602921692,38.90164087964244],[-75.91872934084034,38.90175774097906],[-75.91906766009562,38.90190924087097],[-75.93333224037045,38.901136864798296]]]},"id":"304_00000000000000000000","properties":{"labeler":"mike","notes":"","point_id":1052,"queue_index":43,"source_asset":"point_1052_label","source_labeler":"mike","source_point_id":1052,"status":"completed","timestamp":"2026-04-06 05:33:57"}},{"type":"Feature","geometry":{"type":"Polygon","coordinates":[[[-75.93353735506477,38.90107304902631],[-75.93382699599425,38.9010313051813],[-75.93413816661621,38.900797528510886],[-75.93457798632777,38.90071399623289],[-75.93609076421158,38.90093946045156],[-75.93643409181246,38.90081417580879],[-75.93731389263522,38.90062217915173],[-75.93763577608682,38.90062219533049],[-75.93846187820607,38.90048019463354],[-75.93908410956328,38.90031323276681],[-75.93950256147511,38.90012116814986],[-75.94042194634463,38.898792108895705],[-75.94074382264999,38.898299437332234],[-75.94091543655152,38.897581341008234],[-75.94067941200899,38.89729743842629],[-75.94004637875369,38.89642903705921],[-75.93968161917338,38.89596149457675],[-75.93943487211239,38.8957193358327],[-75.93914515418224,38.8957026333066],[-75.93766465961937,38.89511813129879],[-75.93210703930346,38.89446676451843],[-75.93353735506477,38.90107304902631]]]},"id":"305_00000000000000000000","properties":{"labeler":"mike","notes":"","point_id":1054,"queue_index":47,"source_asset":"point_1054_label","source_labeler":"mike","source_point_id":1054,"status":"completed","timestamp":"2026-04-06 05:38:24"}},{"type":"Feature","geometry":{"type":"Polygon","coordinates":[[[-75.33482709610001,38.37394311464233],[-75.33473047925422,38.372975803399115],[-75.33530982355198,38.37293375116242],[-75.33523473666907,38.37256369751971],[-75.33218781510656,38.37250479602508],[-75.33220925622295,38.3733459101085],[-75.3323057856932,38.373850567857346],[-75.3322413734083,38.375154285869655],[-75.33499871095471,38.37540665614855],[-75.33482709610001,38.37394311464233]]]},"id":"306_00000000000000000000","properties":{"labeler":"mike","notes":"","point_id":107,"queue_index":60,"source_asset":"point_107_label","source_labeler":"mike","source_point_id":107,"status":"completed","timestamp":"2026-04-06 05:54:04"}},{"type":"Feature","geometry":{"type":"Polygon","coordinates":[[[-75.83470532558417,38.92679217736392],[-75.83523101632282,38.927159416772255],[-75.83555286683553,38.927284558301736],[-75.83621811091486,38.92741816680385],[-75.83669015480417,38.92787717934546],[-75.83719438177143,38.92821934581571],[-75.83780597733298,38.928645037117306],[-75.83829947220865,38.9290706823037],[-75.83886806200451,38.929404533012054],[-75.83934922922998,38.92946192523378],[-75.83985344675655,38.92912809807633],[-75.84023974337589,38.92947030761546],[-75.84000363886517,38.92990428239125],[-75.84096924443034,38.930471771528936],[-75.84148427275446,38.930338255385436],[-75.84212794470706,38.93077224533241],[-75.84268588003111,38.93098926116145],[-75.84280388577527,38.93140653172926],[-75.84238550133053,38.931506752954746],[-75.84281461356532,38.93180713608465],[-75.84328672418422,38.931590153677526],[-75.84354419004588,38.93194066767984],[-75.8430828967125,38.9321159554604],[-75.84293261920246,38.93270848429248],[-75.8429755303189,38.933234322209444],[-75.8435871009774,38.93355977134456],[-75.84385529400548,38.93337614048826],[-75.84940850459927,38.926869139628785],[-75.84377585572669,38.924398546798294],[-75.84336820189552,38.924907717646846],[-75.84256095874198,38.9245527240453],[-75.84287215351634,38.92403517586964],[-75.84117697599677,38.92333404242012],[-75.84059757882918,38.92416871712037],[-75.84023282781563,38.924143730394995],[-75.83997535594777,38.92386822867175],[-75.84000753995679,38.92342585369848],[-75.84040447546815,38.923058603306785],[-75.83692839273796,38.92158121910871],[-75.83470532558417,38.92679217736392]]]},"id":"307_00000000000000000000","properties":{"labeler":"mike","notes":"","point_id":1097,"queue_index":90,"source_asset":"point_1097_label","source_labeler":"mike","source_point_id":1097,"status":"completed","timestamp":"2026-04-06 18:47:47"}},{"type":"Feature","geometry":{"type":"Polygon","coordinates":[[[-76.04627638681526,38.9271552865751],[-76.04698445237635,38.92732223646392],[-76.04730634744566,38.926988359290895],[-76.04769260283086,38.92682147064779],[-76.04795004680014,38.92647085255466],[-76.04863667973984,38.92615375144096],[-76.04855089507396,38.92531907478374],[-76.04923752502077,38.9249517921245],[-76.049709558993,38.9248516460559],[-76.05009580764423,38.925085388597864],[-76.05054641494787,38.92482025181004],[-76.05052499121551,38.92380191112937],[-76.05086830169914,38.92335119006498],[-76.05086830169914,38.9230339903489],[-76.0508898139057,38.922650083679095],[-76.05125454710272,38.922049093960936],[-76.05123312348044,38.9213479178638],[-76.05170515061735,38.92104745302975],[-76.0517480862388,38.920713571512316],[-76.05099702077811,38.920463119861516],[-76.05069664656423,38.919895539050344],[-76.04928046141103,38.918743572305154],[-76.04807885713389,38.91827614891556],[-76.0471776249201,38.918226026564085],[-76.04640511018219,38.91800896487338],[-76.04565410413993,38.91837627564162],[-76.0452893561249,38.91852657367674],[-76.0448601562543,38.91774184662997],[-76.04202774003981,38.91782535974946],[-76.04164155732323,38.91842639714255],[-76.04074028304646,38.91874360196413],[-76.04380875257806,38.925538079008625],[-76.04498888094317,38.92780828949348],[-76.04627638681526,38.9271552865751]]]},"id":"308_00000000000000000000","properties":{"labeler":"mike","notes":"","point_id":1100,"queue_index":54,"source_asset":"point_1100_label","source_labeler":"mike","source_point_id":1100,"status":"completed","timestamp":"2026-04-06 05:46:56"}},{"type":"Feature","geometry":{"type":"Polygon","coordinates":[[[-75.75039188210788,38.92589388866858],[-75.75118580646648,38.92584378045535],[-75.75277373075022,38.92469198422287],[-75.7529882442344,38.92372378523235],[-75.75195825721467,38.922221317734746],[-75.75024168450472,38.92223796353324],[-75.74822469204706,38.92150345607314],[-75.74571412461339,38.92075220752332],[-75.74425503346102,38.9208022974334],[-75.74331086602481,38.92101001827258],[-75.742195015734,38.921410660673146],[-75.74058576996207,38.92266275336537],[-75.74047841529298,38.92329708406403],[-75.73979178713276,38.92456581308734],[-75.73983472921468,38.925717621706035],[-75.74011367498895,38.9265188965016],[-75.7409719799405,38.92720335044138],[-75.74112218721727,38.928421920592534],[-75.74155133732745,38.9290061228042],[-75.74286025057316,38.92932329093905],[-75.74356833458657,38.9298574190111],[-75.74541371948403,38.92947350499483],[-75.74781694296169,38.9291396889112],[-75.74949069413636,38.92825500297758],[-75.75058501842909,38.92768739624999],[-75.75039188210788,38.92589388866858]]]},"id":"309_00000000000000000000","properties":{"labeler":"mike","notes":"","point_id":1103,"queue_index":65,"source_asset":"point_1103_label","source_labeler":"mike","source_point_id":1103,"status":"completed","timestamp":"2026-04-06 05:59:32"}},{"type":"Feature","geometry":{"type":"Polygon","coordinates":[[[-75.93978722855454,38.93657199189822],[-75.94002325460157,38.93589604789509],[-75.9392400435153,38.93501142474353],[-75.93932589571361,38.934594133562314],[-75.93362888130878,38.933125251289724],[-75.93281347162849,38.93443555124799],[-75.93316752818039,38.938282739460945],[-75.93412239545665,38.93840797556178],[-75.93434771022474,38.93781542832873],[-75.93427257580834,38.93712281131044],[-75.93474464609542,38.93688914030451],[-75.93539905621564,38.934698411000824],[-75.93550635224877,38.93471928376759],[-75.93491626735015,38.93673887406057],[-75.93495923908209,38.936939166165594],[-75.93572094406846,38.936955907815886],[-75.93572094406846,38.93711446171257],[-75.93478752927841,38.93723125979187],[-75.93470176289931,38.93833288201904],[-75.93538833546793,38.938332850666576],[-75.93624670149721,38.93823271387224],[-75.93695479635073,38.93810752927817],[-75.93740541641145,38.93809921016363],[-75.93789891725228,38.93826609503384],[-75.93830665218233,38.938282747564806],[-75.93875726789233,38.93799902520825],[-75.93904689802633,38.937807122991835],[-75.93939021837876,38.93787383838947],[-75.93977650814281,38.93775703301548],[-75.9403343228567,38.93732310453402],[-75.9404416151079,38.93677231151988],[-75.93978722855454,38.93657199189822]]]},"id":"310_00000000000000000000","properties":{"labeler":"mike","notes":"","point_id":1121,"queue_index":7,"source_asset":"point_1121_label","source_labeler":"mike","source_point_id":1121,"status":"completed","timestamp":"2026-04-06 04:36:10"}},{"type":"Feature","geometry":{"type":"Polygon","coordinates":[[[-75.78262147024633,38.93177915018668],[-75.77650604555731,38.935634867456365],[-75.78266439952297,38.93920667454649],[-75.78502469165352,38.94024141908698],[-75.78684861175627,38.941075888413565],[-75.7887583635179,38.94195412900115],[-75.78914453258912,38.94168709221567],[-75.78985265433231,38.94182065870215],[-75.79002436268375,38.94215441799652],[-75.79066808978169,38.941837366196715],[-75.79182675577877,38.94015163569197],[-75.79242763711888,38.939517441091105],[-75.79101141562849,38.93903345763231],[-75.79161221170396,38.938599499867614],[-75.79036769007607,38.93831577623661],[-75.79011012808992,38.93786511547204],[-75.78908023027823,38.93694713718736],[-75.78820039437579,38.93632956596611],[-75.78865104487247,38.93602918379117],[-75.7892303872157,38.935745431453284],[-75.78961664370499,38.93524469207378],[-75.78933770542643,38.93456033849877],[-75.78873689979527,38.93387602988223],[-75.78845795980102,38.933174953517735],[-75.78762104786092,38.93317495124503],[-75.7859903149618,38.93284117325757],[-75.78536803104485,38.93272430095109],[-75.78448826100994,38.932373787917186],[-75.78335100010923,38.93202323502346],[-75.78262147024633,38.93177915018668]]]},"id":"311_00000000000000000000","properties":{"labeler":"mike","notes":"","point_id":1122,"queue_index":85,"source_asset":"point_1122_label","source_labeler":"mike","source_point_id":1122,"status":"completed","timestamp":"2026-04-06 18:34:28"}},{"type":"Feature","geometry":{"type":"Polygon","coordinates":[[[-75.7484814420749,38.94288344191883],[-75.75161900750616,38.94000543354317],[-75.7478639636941,38.93760203771535],[-75.7468983499487,38.93720149533541],[-75.74630827904318,38.93745179135293],[-75.74613660708049,38.93761875987526],[-75.74561094359565,38.93832809023399],[-75.74505298408499,38.93877868407188],[-75.74510665972424,38.93905411431455],[-75.74485984033814,38.93931275244774],[-75.7469198199315,38.94056454897096],[-75.74647356301843,38.94124327508275],[-75.74742844466203,38.941243283422594],[-75.74765370105445,38.94141855163883],[-75.7476108500231,38.94161883635476],[-75.74732109509534,38.941969320412994],[-75.74751423553916,38.94219461506141],[-75.7484814420749,38.94288344191883]]]},"id":"312_00000000000000000000","properties":{"labeler":"mike","notes":"","point_id":1129,"queue_index":56,"source_asset":"point_1129_label","source_labeler":"mike","source_point_id":1129,"status":"completed","timestamp":"2026-04-06 05:49:05"}},{"type":"Feature","geometry":{"type":"Polygon","coordinates":[[[-75.75756640731177,38.93467955120851],[-75.7572552040086,38.93482978498016],[-75.75665444133563,38.93528875743738],[-75.7523843586827,38.93932786469854],[-75.7523628895155,38.9404961984861],[-75.76038805370253,38.94593682566573],[-75.76656785731336,38.94072981145133],[-75.75798477420221,38.934687898806736],[-75.75756640731177,38.93467955120851]]]},"id":"313_00000000000000000000","properties":{"labeler":"mike","notes":"","point_id":1130,"queue_index":35,"source_asset":"point_1130_label","source_labeler":"mike","source_point_id":1130,"status":"completed","timestamp":"2026-04-06 05:23:02"}},{"type":"Feature","geometry":{"type":"Polygon","coordinates":[[[-75.74595952302222,38.94544838960713],[-75.74104570839893,38.942277510904894],[-75.74061655678217,38.94259464626008],[-75.7396723654905,38.94259457419075],[-75.73851372199574,38.94304522926431],[-75.73666833741314,38.94324551545366],[-75.73508050165853,38.94306190939902],[-75.73306347430393,38.94322877670024],[-75.73465133227539,38.94831881015074],[-75.74177527208496,38.94863590137336],[-75.74138906426062,38.94840224217493],[-75.74183959559397,38.9480017063836],[-75.74224736161162,38.947734702953895],[-75.7426979789813,38.94810186617574],[-75.74595952302222,38.94544838960713]]]},"id":"314_00000000000000000000","properties":{"labeler":"mike","notes":"","point_id":1136,"queue_index":88,"source_asset":"point_1136_label","source_labeler":"mike","source_point_id":1136,"status":"completed","timestamp":"2026-04-06 18:38:14"}},{"type":"Feature","geometry":{"type":"Polygon","coordinates":[[[-76.0686103040001,38.95275169117462],[-76.06820259780264,38.953118833813214],[-76.06777346934814,38.95395315182873],[-76.0667005538343,38.953752951270914],[-76.06571349249302,38.95375289297221],[-76.06494099321621,38.95418676091015],[-76.06397542940786,38.95448713609704],[-76.06605685361798,38.955855381351995],[-76.06792368216291,38.95695665428259],[-76.0697689761054,38.956756461789794],[-76.07367431071522,38.95605565399564],[-76.07425362663832,38.95371950371432],[-76.07139977505351,38.95295191964271],[-76.06878193679451,38.951783869368086],[-76.0686103040001,38.95275169117462]]]},"id":"315_00000000000000000000","properties":{"labeler":"mike","notes":"","point_id":1146,"queue_index":48,"source_asset":"point_1146_label","source_labeler":"mike","source_point_id":1146,"status":"completed","timestamp":"2026-04-06 05:39:05"}},{"type":"Feature","geometry":{"type":"Polygon","coordinates":[[[-75.89738495971805,38.95545231765129],[-75.89702549543777,38.955414800487766],[-75.8977121635857,38.95509354448001],[-75.89597412805215,38.95384211559767],[-75.89449353280567,38.9533248114152],[-75.89390345285841,38.95405899845338],[-75.89336699022697,38.95465141724787],[-75.89275545755952,38.95516035379274],[-75.89262668084938,38.955485713323974],[-75.892862697538,38.955777742688184],[-75.89438620544132,38.95648684617676],[-75.89580245921053,38.95737957033065],[-75.89550201607769,38.95807200626202],[-75.89585607805033,38.958238854265865],[-75.89633882394175,38.95845578196966],[-75.89715426812688,38.95933181381489],[-75.89728304069824,38.960132698478304],[-75.8982057153269,38.96080008541204],[-75.89862411184781,38.960983644890405],[-75.89832367473453,38.96157589284171],[-75.89948243676469,38.96262707054427],[-75.90204656819847,38.96257699822045],[-75.90254010474301,38.9624018372462],[-75.90277619343867,38.96212651852414],[-75.90310879069257,38.962068132345934],[-75.90357006535896,38.9617093673477],[-75.90201980427102,38.96079594287183],[-75.90124728169454,38.96042885216914],[-75.90081223183827,38.96027339055339],[-75.90126279067864,38.960073197170196],[-75.90163837344053,38.95988963533045],[-75.90194943815933,38.95950586083173],[-75.90179931185382,38.959155546580504],[-75.90189582164003,38.958921940939014],[-75.9021103762169,38.95887185427318],[-75.90231429581515,38.958329622465776],[-75.90199241998238,38.95786241818291],[-75.90134866610829,38.95763713919511],[-75.90163837344053,38.956502467540865],[-75.90223914425486,38.95619382628431],[-75.90246442157128,38.95593518580107],[-75.90242152851444,38.955759949195624],[-75.89840893158522,38.95515093871937],[-75.89738495971805,38.95545231765129]]]},"id":"316_00000000000000000000","properties":{"labeler":"mike","notes":"","point_id":1149,"queue_index":21,"source_asset":"point_1149_label","source_labeler":"mike","source_point_id":1149,"status":"completed","timestamp":"2026-04-06 05:00:25"}},{"type":"Feature","geometry":{"type":"Polygon","coordinates":[[[-75.97000081550667,38.97513252397162],[-75.97109520819113,38.97456535289526],[-75.97186769986848,38.97381472056303],[-75.97242556357216,38.972630246425254],[-75.97176034318021,38.9713123314434],[-75.97238260336314,38.97034475556397],[-75.96963604556205,38.96829273629228],[-75.9671255024851,38.96860976925373],[-75.96639594659494,38.96904346817064],[-75.96648178210846,38.96964411302168],[-75.96553767713617,38.970344734372944],[-75.96495826032682,38.97034472438216],[-75.96495826032684,38.970978740232525],[-75.96384247092449,38.971696047798574],[-75.963386532499,38.972213184459314],[-75.96221704849718,38.972830442965105],[-75.96129975586005,38.97328920089195],[-75.96024833885319,38.97371038911665],[-75.96034489698428,38.973881451201535],[-75.96103152081383,38.97373128519944],[-75.96171814126517,38.97379798294689],[-75.96208293192014,38.974215037844154],[-75.96268379798391,38.97459873284111],[-75.96367079659606,38.97486561146835],[-75.96463643979952,38.97493236438814],[-75.96545184104157,38.97594992741838],[-75.96592389461718,38.97603338751578],[-75.96811255824547,38.975733110446136],[-75.97000081550667,38.97513252397162]]]},"id":"317_00000000000000000000","properties":{"labeler":"mike","notes":"","point_id":1167,"queue_index":24,"source_asset":"point_1167_label","source_labeler":"mike","source_point_id":1167,"status":"completed","timestamp":"2026-04-06 05:05:57"}},{"type":"Feature","geometry":{"type":"Polygon","coordinates":[[[-75.86218058639551,38.98906228257907],[-75.86072144423356,38.98689400698045],[-75.85776029681365,38.985292885950635],[-75.85653718647815,38.98505938186272],[-75.85524970450221,38.984091936836826],[-75.85168240609421,38.98894757740172],[-75.85229393920964,38.9893311574499],[-75.8547937683633,38.991015690179005],[-75.85540528805207,38.991365929885355],[-75.85595244434157,38.99134090587855],[-75.8603072791492,38.990716285740895],[-75.8607471522147,38.99003252198775],[-75.86218058639551,38.98906228257907]]]},"id":"318_00000000000000000000","properties":{"labeler":"mike","notes":"","point_id":1192,"queue_index":96,"source_asset":"point_1192_label","source_labeler":"mike","source_point_id":1192,"status":"completed","timestamp":"2026-04-06 18:55:34"}},{"type":"Feature","geometry":{"type":"Polygon","coordinates":[[[-75.83856891649518,38.99796134956473],[-75.83862255703745,38.99821143877407],[-75.83838644983777,38.99846579019988],[-75.83812897462208,38.998328157031494],[-75.83793054815598,38.99838238148674],[-75.83666453112467,39.00100048858361],[-75.83602074574331,39.001550770006425],[-75.83647142241561,39.00163416561344],[-75.83687909604905,39.00181755917346],[-75.83773735250551,39.00168416222684],[-75.8408272987848,39.00213441780948],[-75.84276921993573,39.001500724269306],[-75.84340224697539,39.00094212099716],[-75.8435417075949,39.00050859424038],[-75.844507289091,38.99869088158663],[-75.84137451132302,38.99405480278993],[-75.83841331447698,38.99772371845819],[-75.83856891649518,38.99796134956473]]]},"id":"319_00000000000000000000","properties":{"labeler":"mike","notes":"","point_id":1213,"queue_index":5,"source_asset":"point_1213_label","source_labeler":"mike","source_point_id":1213,"status":"completed","timestamp":"2026-04-06 04:32:57"}},{"type":"Feature","geometry":{"type":"Polygon","coordinates":[[[-75.69028873089171,38.388160312779696],[-75.68996682083657,38.38794160751045],[-75.69021355648177,38.387504342431775],[-75.6909109818025,38.38706706774837],[-75.69135084262493,38.38706705391513],[-75.69173709541928,38.387210002854204],[-75.69304601612853,38.38731094039556],[-75.69353956527667,38.3877398382352],[-75.69390433438225,38.38758843009391],[-75.69332496346178,38.386898830147764],[-75.6926275497466,38.38637740544451],[-75.69110410891378,38.385460794292776],[-75.69085728602967,38.385191667458656],[-75.69071785443415,38.38451887520512],[-75.69037455570174,38.38393859405146],[-75.68996682083657,38.38356014783737],[-75.68928021900572,38.383206894254904],[-75.68841113405686,38.383122833492614],[-75.68769230669717,38.38332464293208],[-75.68686617005416,38.38337514328069],[-75.68597568037367,38.38348446862257],[-75.68555728235953,38.383787245662916],[-75.68518175269519,38.384241346047105],[-75.68498861770352,38.384762721750384],[-75.68513888313971,38.38534303575707],[-75.68514962271898,38.38592333110252],[-75.68513888313971,38.38649520824628],[-75.6852568409544,38.38700813836069],[-75.68586837391265,38.38752798165091],[-75.68579328596971,38.388099803452114],[-75.68582550455992,38.38845301042871],[-75.68595420133654,38.38883149863729],[-75.68598641989105,38.38927717676934],[-75.686329729003,38.38945376479429],[-75.68667303730315,38.38963877257123],[-75.6865764708313,38.39014329679876],[-75.68686617005416,38.390412387065034],[-75.68787469871518,38.3902778397631],[-75.68890469897244,38.390210561965546],[-75.69053546598951,38.3899414631072],[-75.69152249093761,38.38952103522554],[-75.69181218028703,38.38881466890479],[-75.69156544736052,38.38824279025459],[-75.69028873089171,38.388160312779696]]]},"id":"320_00000000000000000000","properties":{"labeler":"mike","notes":"","point_id":122,"queue_index":86,"source_asset":"point_122_label","source_labeler":"mike","source_point_id":122,"status":"completed","timestamp":"2026-04-06 18:35:57"}},{"type":"Feature","geometry":{"type":"Polygon","coordinates":[[[-75.9241964021416,39.0146980042874],[-75.9280587846953,39.01559825347298],[-75.9303547208967,39.01328080926654],[-75.92945352257398,39.01258056069686],[-75.9301615631559,39.011896977914],[-75.93114870274077,39.012530529011336],[-75.93194259148336,39.011780297332535],[-75.93078391998806,39.01169694214532],[-75.93129888627975,39.01113002008769],[-75.93241466962114,39.01128011993875],[-75.93368062506404,39.01012960046252],[-75.93490377453489,39.00959606201478],[-75.93524710504543,39.00931264307903],[-75.9352041334018,39.008729028453075],[-75.93460332642219,39.00829550625818],[-75.93372359717503,39.00877908095341],[-75.93256485180335,39.008695741618205],[-75.93204989016371,39.00831220639729],[-75.93074094697558,39.00619457335149],[-75.93078391998806,39.00571103938356],[-75.93144906965776,39.00507741937709],[-75.93084824657595,39.0048939999817],[-75.92327372089477,39.004843997331534],[-75.9241964021416,39.0146980042874]]]},"id":"321_00000000000000000000","properties":{"labeler":"mike","notes":"","point_id":1232,"queue_index":10,"source_asset":"point_1232_label","source_labeler":"mike","source_point_id":1232,"status":"completed","timestamp":"2026-04-06 04:40:48"}},{"type":"Feature","geometry":{"type":"Polygon","coordinates":[[[-75.99515257806608,39.03674494892133],[-75.99488431967255,39.036503260349775],[-75.99324287522079,39.036511604570336],[-75.99294246416565,39.040315741377555],[-75.99450881018937,39.04174072523271],[-75.99521696354594,39.04214900739355],[-75.99620399718681,39.04219067082299],[-75.99667603502155,39.04207403125008],[-75.99757733057267,39.04178241248382],[-75.99866087899005,39.04179901495286],[-75.99919738066644,39.04162408829075],[-75.99922952819196,39.04118243601139],[-75.9991705467758,39.04079907878349],[-75.99908473142733,39.040403242733305],[-75.99897739574654,39.04026161492449],[-75.9984409817811,39.03998247436466],[-75.99825854565267,39.03994906561976],[-75.99825323197544,39.03984078487603],[-75.99838200002988,39.0398407384961],[-75.9985964951071,39.03989077099943],[-75.99916514457276,39.04019911355648],[-75.9993475795097,39.04017410284369],[-75.99954064146337,39.03959077473739],[-75.9995084940099,39.03890743338889],[-75.9994441105201,39.03842411425854],[-75.99609674784156,39.03929074878907],[-75.99515257806608,39.03674494892133]]]},"id":"322_00000000000000000000","properties":{"labeler":"mike","notes":"","point_id":1278,"queue_index":2,"source_asset":"point_1278_label","source_labeler":"mike","source_point_id":1278,"status":"completed","timestamp":"2026-04-06 04:28:19"}},{"type":"Feature","geometry":{"type":"Polygon","coordinates":[[[-76.03309922391928,39.0501054056885],[-76.03262722166266,39.05005545621709],[-76.03191908244453,39.049759644591],[-76.03140413421727,39.0496138394004],[-76.03089989746184,39.04965136400368],[-76.03065844753345,39.049713850203844],[-76.03046534041144,39.04982215010661],[-76.03030977432184,39.04999709799636],[-76.02984838746795,39.050230359192255],[-76.02960702424375,39.05037201099471],[-76.02949439973371,39.050451187115165],[-76.02855028044036,39.05010128722164],[-76.0281425442868,39.05073444238519],[-76.02835708183086,39.05085944654067],[-76.02850733760135,39.05131774273542],[-76.02955876925657,39.051534319531115],[-76.03009515126766,39.051484340324265],[-76.03041708572397,39.051117753445915],[-76.0309534644038,39.05147603506599],[-76.03184400070421,39.051717617512125],[-76.03262722166266,39.051875944827046],[-76.03294906168053,39.05182596945125],[-76.03320653315501,39.05159268753547],[-76.03352846036199,39.05085111803208],[-76.03309922391928,39.0501054056885]]]},"id":"323_00000000000000000000","properties":{"labeler":"mike","notes":"","point_id":1296,"queue_index":37,"source_asset":"point_1296_label","source_labeler":"mike","source_point_id":1296,"status":"completed","timestamp":"2026-04-06 05:25:18"}},{"type":"Feature","geometry":{"type":"Polygon","coordinates":[[[-75.91648593923449,39.09495870947447],[-75.91658243893922,39.09539165920611],[-75.91622842913777,39.09548328699291],[-75.91516621715166,39.09554155279677],[-75.91494096018633,39.09631595819414],[-75.91438304444789,39.09621604885926],[-75.91406119624155,39.09731116370131],[-75.91426500989395,39.099492685308554],[-75.91250546802969,39.09957589222885],[-75.9127093725544,39.100033843725285],[-75.913100698271,39.1001084712604],[-75.91462956975039,39.10001687379672],[-75.91514991217495,39.10001268540854],[-75.91556294146363,39.100058496596034],[-75.91572926937096,39.100533096260804],[-75.91593308060311,39.10053724507447],[-75.91904444387106,39.1004206734284],[-75.91904444387106,39.100737039740565],[-75.91576143611987,39.100970184719856],[-75.91578288061503,39.10153636115267],[-75.91930194880351,39.101369829549135],[-75.9199885967772,39.10133656727049],[-75.92091129962427,39.10073709404551],[-75.92243476949861,39.09965470829166],[-75.92198418991981,39.09522502543706],[-75.92170524632081,39.09492526924339],[-75.91648593923449,39.09495870947447]]]},"id":"324_00000000000000000000","properties":{"labeler":"mike","notes":"","point_id":1327,"queue_index":109,"source_asset":"point_1327_label","source_labeler":"mike","source_point_id":1327,"status":"completed","timestamp":"2026-04-06 19:16:13"}},{"type":"Feature","geometry":{"type":"Polygon","coordinates":[[[-75.94495773803462,39.10353345885358],[-75.9449792666585,39.10216798146485],[-75.94522600394271,39.100436238172016],[-75.94490413794837,39.10001161504912],[-75.94509727535286,39.099803419604534],[-75.94520456395179,39.09834638299652],[-75.94349865662151,39.09803824909658],[-75.94318750680404,39.098254736003874],[-75.94239359321479,39.09818814133906],[-75.9413636517324,39.09795502185638],[-75.94065549058044,39.097855138332775],[-75.93900330735619,39.09727225932035],[-75.93859557445502,39.097022434037484],[-75.93816639929712,39.097305545604314],[-75.93765145825094,39.09743875580166],[-75.9367073356809,39.09717232812063],[-75.93576320674565,39.09708906165453],[-75.93449718152057,39.09760534175209],[-75.93516231356276,39.09825478731821],[-75.93445420964689,39.098820919070086],[-75.93499069260949,39.09942045612843],[-75.93606356376955,39.09948702963547],[-75.93625671337382,39.10030303714094],[-75.93717939776162,39.101235512319356],[-75.93760848734506,39.101402017775754],[-75.93752272269349,39.102068118546356],[-75.94537617238196,39.104049591111426],[-75.94580532542813,39.10388310435595],[-75.94495773803462,39.10353345885358]]]},"id":"325_00000000000000000000","properties":{"labeler":"mike","notes":"","point_id":1329,"queue_index":57,"source_asset":"point_1329_label","source_labeler":"mike","source_point_id":1329,"status":"completed","timestamp":"2026-04-06 05:51:40"}},{"type":"Feature","geometry":{"type":"Polygon","coordinates":[[[-75.97718272685671,39.12316129334924],[-75.97610981724118,39.11423813805976],[-75.97477949704334,39.11253991691595],[-75.96585311768636,39.11210709269751],[-75.96675434716074,39.11397179034787],[-75.96615349863106,39.11460441695423],[-75.96606766291548,39.11570323333866],[-75.9670975994342,39.116302534093855],[-75.96701176429976,39.117135005994434],[-75.96632516990371,39.11813387410895],[-75.96675434716074,39.119032836443104],[-75.96748390117574,39.119798656283244],[-75.96898587044278,39.120164820550286],[-75.97027337367896,39.12103049050812],[-75.97181827328465,39.12182955802596],[-75.97340620424606,39.12222907407012],[-75.97340620424606,39.1226203097338],[-75.97439321552429,39.122936586100465],[-75.97504770564036,39.12313633121921],[-75.97671062284334,39.123194626114866],[-75.97718272685671,39.12316129334924]]]},"id":"326_00000000000000000000","properties":{"labeler":"mike","notes":"","point_id":1333,"queue_index":73,"source_asset":"point_1333_label","source_labeler":"mike","source_point_id":1333,"status":"completed","timestamp":"2026-04-06 06:07:00"}},{"type":"Feature","geometry":{"type":"Polygon","coordinates":[[[-75.86220948541401,39.16024030470342],[-75.86293905070511,39.15185427670688],[-75.85560049862337,39.14985749152438],[-75.85388393069141,39.153717978428254],[-75.85579366994573,39.15300245165653],[-75.85431309678714,39.15370128547873],[-75.85388393069141,39.15426702823149],[-75.85304704863361,39.15445006307825],[-75.85154499252026,39.15513224944339],[-75.85126608688252,39.15589767713736],[-75.85263933279836,39.15649666326378],[-75.85388162572642,39.15865313581506],[-75.85381726399679,39.15960149766901],[-75.85302328962167,39.16040011505874],[-75.85484722546659,39.162230303998356],[-75.85512612405653,39.161731145034715],[-75.85617761822148,39.16208056623628],[-75.85632779304322,39.16134848974582],[-75.85671404479021,39.1608326814864],[-75.85720756253124,39.16071622889096],[-75.85782979845366,39.159318664920946],[-75.85810877982102,39.159035816205],[-75.86016872150995,39.15945179691858],[-75.86096265583157,39.159501713311],[-75.86220948541401,39.16024030470342]]]},"id":"327_00000000000000000000","properties":{"labeler":"mike","notes":"","point_id":1352,"queue_index":78,"source_asset":"point_1352_label","source_labeler":"mike","source_point_id":1352,"status":"completed","timestamp":"2026-04-06 06:11:34"}},{"type":"Feature","geometry":{"type":"Polygon","coordinates":[[[-75.99074683994279,39.194497255820636],[-75.9912618507155,39.19476333522703],[-75.99088633144115,39.19510421374955],[-75.99088633144115,39.195727809667815],[-75.9914978782306,39.19595230815559],[-75.9914978782306,39.196284915477904],[-75.99101510632549,39.19650943591594],[-75.99106877725306,39.19779816334069],[-75.99122970134565,39.19845501258854],[-75.99174462176339,39.19833860338034],[-75.9918304416475,39.19793122338806],[-75.99198064845847,39.19772333209573],[-75.99286045325177,39.19796449285874],[-75.99213085510706,39.19794785794642],[-75.99196993205811,39.198363566696955],[-75.99129400007791,39.19870443807926],[-75.99128328362461,39.19973544411853],[-75.99184124662398,39.19969385023983],[-75.99199145342328,39.20010127374366],[-75.99277463400385,39.200009785593586],[-75.9927960666796,39.199436148908184],[-75.99391188972332,39.19996824081151],[-75.99554269870741,39.19990170844079],[-75.99678718065731,39.19527885211469],[-76.00446903252893,39.1956779087887],[-76.005241515898,39.19200269051542],[-76.00541322748279,39.19046437809888],[-76.00361073230812,39.18846039166607],[-76.00303669900703,39.1882810630196],[-75.99054827466044,39.18894628483297],[-75.99074683994279,39.194497255820636]]]},"id":"328_00000000000000000000","properties":{"labeler":"mike","notes":"","point_id":1380,"queue_index":28,"source_asset":"point_1380_label","source_labeler":"mike","source_point_id":1380,"status":"completed","timestamp":"2026-04-06 05:13:54"}},{"type":"Feature","geometry":{"type":"Polygon","coordinates":[[[-75.22004614539743,38.400831703827016],[-75.21954186769271,38.40078964628629],[-75.21948827028419,38.40114274233514],[-75.21939167025711,38.401428627416614],[-75.21910204788139,38.40165569351025],[-75.2178145439228,38.40122683505821],[-75.21751414557586,38.401067076019935],[-75.21723520373509,38.40070552661092],[-75.2170850040755,38.40110915284103],[-75.21657003271491,38.401613645726236],[-75.216291089184,38.40216016165571],[-75.2161838030776,38.402639381093344],[-75.21604428651176,38.40322792217087],[-75.21632323048448,38.40545596102171],[-75.21764288779548,38.405699746695575],[-75.21894107708131,38.4059772182018],[-75.21953118382538,38.406221008981824],[-75.22040022500637,38.406506829622366],[-75.22085081396068,38.40573337381432],[-75.22112974932664,38.40564088316599],[-75.22125848855778,38.40538027880859],[-75.22162333816571,38.40556527214335],[-75.22168770759053,38.405783808350535],[-75.22248159497533,38.4060276681133],[-75.2229000379697,38.40517848096105],[-75.22373692058409,38.402992477279206],[-75.22438060489529,38.40228625932875],[-75.22435914879446,38.40188266314489],[-75.22446642926899,38.401445458619655],[-75.22405876307243,38.40080642250756],[-75.22339353216631,38.40045327610596],[-75.22236362945986,38.40058781570931],[-75.22126926133785,38.40040288067638],[-75.22079721700261,38.40001606334996],[-75.22004614539743,38.400831703827016]]]},"id":"329_00000000000000000000","properties":{"labeler":"mike","notes":"","point_id":138,"queue_index":52,"source_asset":"point_138_label","source_labeler":"mike","source_point_id":138,"status":"completed","timestamp":"2026-04-06 05:44:19"}},{"type":"Feature","geometry":{"type":"Polygon","coordinates":[[[-76.01541534805455,39.201885089928645],[-76.01449265056199,39.202068023361285],[-76.01494319690022,39.20286613104946],[-76.01384888389177,39.20309891606186],[-76.01335538645286,39.20233407986032],[-76.01131691258688,39.20286616532846],[-76.01168166169933,39.203730744140074],[-76.01135977220704,39.20411320958634],[-76.01112377847286,39.20466190135828],[-76.0105658930004,39.20496118110323],[-76.01080188768466,39.208170208925864],[-76.01243267523846,39.20856927871777],[-76.01344119297036,39.208968254415886],[-76.0142565736133,39.20925093067033],[-76.0143638974673,39.20963330025436],[-76.01481453277508,39.210298389652095],[-76.01528659581763,39.21088028347899],[-76.01633795084987,39.21089690286667],[-76.01713188552615,39.21036488373766],[-76.0178829580615,39.21006558907474],[-76.01862322363287,39.20939226544218],[-76.01912750514934,39.20910960959036],[-76.01998579780614,39.20807879918522],[-76.01997508356973,39.20746361369185],[-76.01931522668448,39.20698553457296],[-76.01881634728933,39.20731390609422],[-76.01882706161543,39.20745944475355],[-76.0183120646393,39.2075965705895],[-76.01811362736326,39.20757166921837],[-76.01819943093253,39.20698972461287],[-76.01809211005117,39.20622489458633],[-76.01541534805455,39.201885089928645]]]},"id":"330_00000000000000000000","properties":{"labeler":"mike","notes":"","point_id":1397,"queue_index":36,"source_asset":"point_1397_label","source_labeler":"mike","source_point_id":1397,"status":"completed","timestamp":"2026-04-06 05:24:11"}},{"type":"Feature","geometry":{"type":"Polygon","coordinates":[[[-75.84300328068275,39.217977941044346],[-75.84231661273725,39.21797791241182],[-75.84139392793138,39.21837692298126],[-75.84107209065573,39.21802781191967],[-75.84211278387232,39.217254740505496],[-75.84245607442357,39.21749579623774],[-75.84367921758205,39.21648176296834],[-75.84345384653399,39.216132593895395],[-75.8426921748554,39.216506668119834],[-75.84244534660641,39.216781008385965],[-75.84055706083626,39.217113492903536],[-75.83935543554065,39.217246420781514],[-75.8363942852546,39.21764547503323],[-75.83527854030116,39.21764545629913],[-75.83333979734279,39.21826394367591],[-75.83256734285774,39.218363713872165],[-75.83072192926218,39.21753246490765],[-75.82838305278433,39.22015904527853],[-75.82954176704041,39.220890528689424],[-75.82990654550034,39.22029205615087],[-75.82956322462279,39.21966033669144],[-75.83200945645216,39.221256275189035],[-75.83179479550839,39.222237040859476],[-75.83280337106247,39.222785578438085],[-75.83391913545135,39.22202094991738],[-75.83400496311845,39.22165515960421],[-75.83355436728799,39.22143907262885],[-75.8330823129809,39.22094039657724],[-75.83391275157322,39.22068898229456],[-75.83422387663371,39.22090088514286],[-75.83427751881668,39.22128322521874],[-75.83446522196526,39.22147030411233],[-75.83515724772795,39.22095495009869],[-75.83529139659854,39.221033881520476],[-75.83374641598074,39.22235547151288],[-75.83380005834394,39.22253833227591],[-75.83419701120224,39.2226962444312],[-75.83426138183154,39.22315336052354],[-75.8336927735973,39.22379339621726],[-75.83437939457617,39.22392633470385],[-75.83494808872727,39.22454972785491],[-75.8358492701201,39.22451648248166],[-75.83692218632123,39.224882169712124],[-75.83707238152992,39.22508162358305],[-75.83734395605244,39.225393559274934],[-75.8377999482797,39.2253977681062],[-75.8380788803885,39.22548083109445],[-75.83851882241677,39.2254808764127],[-75.83885139356947,39.225543205477756],[-75.83929124454293,39.22544342634107],[-75.8403159031775,39.22539773379113],[-75.84012271077226,39.22528555084106],[-75.84009593511757,39.225119310608115],[-75.84056796611776,39.22531881472665],[-75.84176958115088,39.225335399152236],[-75.84241334046939,39.225202425258],[-75.84279954146335,39.22495304519792],[-75.84314291901275,39.22435470109647],[-75.84325019662057,39.225202446632224],[-75.84385103838454,39.2252356435073],[-75.84434451224664,39.224986296394334],[-75.84481661777573,39.2249530535394],[-75.84543890809107,39.22477022042304],[-75.84683366541347,39.22368979711103],[-75.84713403469736,39.22059780903279],[-75.84661902687851,39.21953388544967],[-75.84387249380552,39.22192770715059],[-75.8438295829603,39.22127942222631],[-75.84462352015481,39.220680961385746],[-75.84488098359098,39.22088877499176],[-75.84653320683643,39.21935932485102],[-75.84524572265916,39.21736443277342],[-75.84443033361269,39.21683244490061],[-75.84300328068275,39.217977941044346]]]},"id":"331_00000000000000000000","properties":{"labeler":"mike","notes":"","point_id":1414,"queue_index":15,"source_asset":"point_1414_label","source_labeler":"mike","source_point_id":1414,"status":"completed","timestamp":"2026-04-06 04:52:15"}},{"type":"Feature","geometry":{"type":"Polygon","coordinates":[[[-75.8091027488916,39.23851092211367],[-75.80704277632087,39.23871870047174],[-75.80530469289656,39.23871034869238],[-75.80533688474588,39.23906768459081],[-75.80595917038933,39.23956629316134],[-75.80692474091583,39.239715856769315],[-75.80765432408325,39.24127805096277],[-75.80859842239781,39.24184308265783],[-75.80945676072648,39.2419427396146],[-75.81036874508258,39.2422003310363],[-75.81324406480506,39.24255764928497],[-75.8137482861886,39.24280690487555],[-75.81375901617054,39.244078184940605],[-75.81407018529477,39.24412806751596],[-75.81548635537091,39.24406162617612],[-75.81643049049423,39.24386219649534],[-75.81724586279164,39.24414467824271],[-75.81806131909678,39.24412807357563],[-75.81915565128399,39.243762505266325],[-75.81838311978377,39.24304792515299],[-75.8180827784102,39.24213388197554],[-75.81692405953537,39.23940841879989],[-75.8091027488916,39.23851092211367]]]},"id":"332_00000000000000000000","properties":{"labeler":"mike","notes":"","point_id":1440,"queue_index":27,"source_asset":"point_1440_label","source_labeler":"mike","source_point_id":1440,"status":"completed","timestamp":"2026-04-06 05:09:55"}},{"type":"Feature","geometry":{"type":"Polygon","coordinates":[[[-75.99166854403025,39.283259460009155],[-75.99173833361705,39.28354179374044],[-75.99196364392198,39.283844927910316],[-75.99253763444327,39.28428089440098],[-75.9928701953715,39.284434521075276],[-75.99328866305156,39.28440961692358],[-75.99370172705554,39.284430356828516],[-75.99571867331228,39.28555143972714],[-75.9958421299478,39.28543934421021],[-75.99652335354102,39.284675343865125],[-75.99702222460121,39.283903025846854],[-75.99747822997249,39.283512699015134],[-75.99792617475002,39.28300405805297],[-75.99831239090388,39.28279438656084],[-75.9987094104254,39.282730007980284],[-75.99908756537158,39.28276534061398],[-75.99968304662225,39.282914793963464],[-75.9998190752943,39.28282053990045],[-75.99381092666091,39.279116619980016],[-75.99185833974082,39.2828537030663],[-75.99166854403025,39.283259460009155]]]},"id":"333_00000000000000000000","properties":{"labeler":"mike","notes":"","point_id":1472,"queue_index":6,"source_asset":"point_1472_label","source_labeler":"mike","source_point_id":1472,"status":"completed","timestamp":"2026-04-06 04:34:26"}},{"type":"Feature","geometry":{"type":"Polygon","coordinates":[[[-75.95256059136325,39.28806522458887],[-75.95217433690837,39.2855906453577],[-75.93715396953318,39.2873843164745],[-75.93758314779438,39.292067531708774],[-75.95266787423454,39.29037368095403],[-75.95256059136325,39.28806522458887]]]},"id":"334_00000000000000000000","properties":{"labeler":"mike","notes":"","point_id":1478,"queue_index":64,"source_asset":"point_1478_label","source_labeler":"mike","source_point_id":1478,"status":"completed","timestamp":"2026-04-06 05:58:29"}},{"type":"Feature","geometry":{"type":"Polygon","coordinates":[[[-75.92923094669541,39.29235444445227],[-75.92695643487845,39.29262011253243],[-75.92626982100349,39.29283602545478],[-75.92539003945288,39.293002099672826],[-75.9253256217532,39.29225476311427],[-75.92154911563996,39.29384904467972],[-75.9213989216599,39.294230960901295],[-75.92146325255246,39.29459629269465],[-75.92186022490091,39.29496996575934],[-75.92220358735464,39.29568398121047],[-75.92131305848051,39.29642293999586],[-75.92194608774554,39.29677164223868],[-75.92183878133399,39.29699587280765],[-75.92145253073909,39.29814161765382],[-75.92147397436501,39.29850693706389],[-75.92222503086582,39.29893863536432],[-75.92248252996306,39.299436797585685],[-75.92310483226538,39.2999349818619],[-75.92520768500765,39.30086478524524],[-75.92593718997328,39.300881427505985],[-75.9300141251416,39.2999848031917],[-75.92923094669541,39.29235444445227]]]},"id":"335_00000000000000000000","properties":{"labeler":"mike","notes":"","point_id":1487,"queue_index":11,"source_asset":"point_1487_label","source_labeler":"mike","source_point_id":1487,"status":"completed","timestamp":"2026-04-06 04:42:46"}},{"type":"Feature","geometry":{"type":"Polygon","coordinates":[[[-75.9146881438151,39.31803918417257],[-75.91657641324792,39.31543287106692],[-75.91722018600926,39.31412132749868],[-75.91790684416425,39.311780485847734],[-75.91951612236724,39.3117472798004],[-75.91816426257108,39.30940633437525],[-75.91239221714892,39.309605567239124],[-75.90732817898541,39.30978818150762],[-75.90610505504671,39.31068477736528],[-75.9052467705227,39.31164767310203],[-75.90631969182405,39.313507088124524],[-75.90747838800971,39.31433718380819],[-75.90973141550091,39.31563203168455],[-75.9146881438151,39.31803918417257]]]},"id":"336_00000000000000000000","properties":{"labeler":"mike","notes":"","point_id":1504,"queue_index":92,"source_asset":"point_1504_label","source_labeler":"mike","source_point_id":1504,"status":"completed","timestamp":"2026-04-06 18:50:38"}},{"type":"Feature","geometry":{"type":"Polygon","coordinates":[[[-75.80470404309254,39.32274633372614],[-75.80516537216471,39.32342276036745],[-75.80502596261387,39.323775499015056],[-75.80509566740632,39.32404932041112],[-75.80503669325208,39.32443531054402],[-75.80510045628394,39.32451515676415],[-75.81057217603656,39.32786811183199],[-75.81372647151214,39.327469750469675],[-75.81479937719247,39.32395082545327],[-75.81512118524773,39.32323704763846],[-75.80941348477778,39.32219131035069],[-75.80874829277474,39.32283867989076],[-75.8083191664647,39.32278889774399],[-75.8080401760281,39.32330346076687],[-75.8048644708456,39.32142772623407],[-75.80470404309254,39.32274633372614]]]},"id":"337_00000000000000000000","properties":{"labeler":"mike","notes":"","point_id":1515,"queue_index":42,"source_asset":"point_1515_label","source_labeler":"mike","source_point_id":1515,"status":"completed","timestamp":"2026-04-06 05:31:23"}},{"type":"Feature","geometry":{"type":"Polygon","coordinates":[[[-75.9510403727074,39.337887361541824],[-75.950353788348,39.33750568640446],[-75.9521777033509,39.33538137357061],[-75.9490877179456,39.33523204826326],[-75.94715656419706,39.33773806518937],[-75.94679182315393,39.33835205858941],[-75.94653428014406,39.338999302373814],[-75.94591199332199,39.33971292100222],[-75.94636267313493,39.34006139066711],[-75.94702783738423,39.340061446816186],[-75.94707071680374,39.34050951088811],[-75.94752139288235,39.34080822112177],[-75.94812214440559,39.34105712064687],[-75.94820799115337,39.34216901282886],[-75.94855128902448,39.34248426343566],[-75.949973817825,39.34102741751785],[-75.95087497262882,39.34125968272949],[-75.95164748765414,39.34104399185943],[-75.95284912983155,39.33973296909797],[-75.95351426321396,39.34041338061625],[-75.95505925980831,39.339616817530406],[-75.95387907530404,39.337525740136165],[-75.95293497367595,39.33568353806175],[-75.9510403727074,39.337887361541824]]]},"id":"338_00000000000000000000","properties":{"labeler":"mike","notes":"","point_id":1522,"queue_index":81,"source_asset":"point_1522_label","source_labeler":"mike","source_point_id":1522,"status":"completed","timestamp":"2026-04-06 18:28:44"}},{"type":"Feature","geometry":{"type":"Polygon","coordinates":[[[-75.595402330104,38.42257745903809],[-75.5948015199922,38.42498139718104],[-75.59531644948885,38.42513268894013],[-75.59608892916583,38.425065482351954],[-75.59744080324555,38.42580512903261],[-75.60089547690187,38.422493387436226],[-75.59995135551053,38.42079547830496],[-75.59950073989009,38.41958509475369],[-75.5942650961787,38.4217033142036],[-75.595402330104,38.42257745903809]]]},"id":"339_00000000000000000000","properties":{"labeler":"mike","notes":"","point_id":169,"queue_index":63,"source_asset":"point_169_label","source_labeler":"mike","source_point_id":169,"status":"completed","timestamp":"2026-04-06 05:57:37"}},{"type":"Feature","geometry":{"type":"Polygon","coordinates":[[[-75.63365186717586,38.426678895772795],[-75.63320126628987,38.42737651959053],[-75.63220345785244,38.426998286595854],[-75.6326434071523,38.426241845633385],[-75.6291779382,38.42499787582777],[-75.62926379900355,38.42572906895724],[-75.63007916335945,38.42938526400191],[-75.63031525679692,38.429519702161],[-75.63304038145999,38.42919193005235],[-75.63490714957689,38.42714954576782],[-75.63365186717586,38.426678895772795]]]},"id":"340_00000000000000000000","properties":{"labeler":"mike","notes":"","point_id":180,"queue_index":79,"source_asset":"point_180_label","source_labeler":"mike","source_point_id":180,"status":"completed","timestamp":"2026-04-06 06:12:07"}},{"type":"Feature","geometry":{"type":"Polygon","coordinates":[[[-75.4215185964494,38.435425511253605],[-75.41808537008338,38.435828878051176],[-75.41857885894025,38.439358442899255],[-75.4232351803648,38.439308032103675],[-75.42394328999528,38.43952657357811],[-75.42456559505105,38.43855171786831],[-75.42396480708675,38.43836688590056],[-75.42405060868133,38.43801390279867],[-75.42359999416657,38.4378290657502],[-75.4241364102271,38.43707270329048],[-75.42432953021189,38.436946663129106],[-75.424919647161,38.43687937454423],[-75.42514495261675,38.43667772021517],[-75.42576725271805,38.43671972860068],[-75.42684006752742,38.43551798186405],[-75.42735504437837,38.43442547442387],[-75.42705470070344,38.434282536919625],[-75.42722630033042,38.43268575627293],[-75.42621786076239,38.432500882528416],[-75.42138984742331,38.43256813237212],[-75.4215185964494,38.435425511253605]]]},"id":"341_00000000000000000000","properties":{"labeler":"mike","notes":"","point_id":194,"queue_index":75,"source_asset":"point_194_label","source_labeler":"mike","source_point_id":194,"status":"completed","timestamp":"2026-04-06 06:08:28"}},{"type":"Feature","geometry":{"type":"Polygon","coordinates":[[[-75.59738165568405,38.438784872439896],[-75.5969525243155,38.43866720925495],[-75.5960083776115,38.43860000603438],[-75.59491404440827,38.43863359685758],[-75.59388409198446,38.43858316141676],[-75.59293992559174,38.43871759679617],[-75.5922747158331,38.43908740624134],[-75.5914808120276,38.43912103892286],[-75.59096578029757,38.4393898828686],[-75.5906225136242,38.43984366540045],[-75.5893779542893,38.440835331145664],[-75.58898095070444,38.44182696153151],[-75.58956038018619,38.44234797878404],[-75.5895817845731,38.44285215737878],[-75.58912047937939,38.44286055282091],[-75.58912047937939,38.44386047483177],[-75.59379821048323,38.4436335895274],[-75.59439902469146,38.44486047386866],[-75.59568652619797,38.44448236045541],[-75.5952573898847,38.44367561516997],[-75.59550410789325,38.443448764376406],[-75.59599763148019,38.443507580084656],[-75.59654479506939,38.44342357065939],[-75.59674870423898,38.44364200010616],[-75.59728511899733,38.44369241600292],[-75.59753183360526,38.44343198883589],[-75.59749968435294,38.44312104221382],[-75.59658769061939,38.442801717760936],[-75.59621219871373,38.442625272623566],[-75.59624443705827,38.442465619767866],[-75.5968988828064,38.44251601755744],[-75.59741389377231,38.44286895434087],[-75.59764986215365,38.44280168283578],[-75.59782153179951,38.44110428066109],[-75.59726362692045,38.440885763329234],[-75.59719923948127,38.44014629483722],[-75.59734950639891,38.439776534798],[-75.59737090965307,38.43908740841599],[-75.59777863660932,38.43866728122661],[-75.59738165568405,38.438784872439896]]]},"id":"342_00000000000000000000","properties":{"labeler":"mike","notes":"","point_id":213,"queue_index":46,"source_asset":"point_213_label","source_labeler":"mike","source_point_id":213,"status":"completed","timestamp":"2026-04-06 05:37:30"}},{"type":"Feature","geometry":{"type":"Polygon","coordinates":[[[-75.66837627279078,38.44348704013613],[-75.66925604076975,38.44385676881045],[-75.6826456816327,38.4477052714556],[-75.68202339529464,38.44316774803766],[-75.67790351025302,38.44195771191934],[-75.67738851641097,38.443201345467166],[-75.67580065162808,38.442797966560555],[-75.6755861123599,38.44212575811799],[-75.67464194054033,38.4409492548295],[-75.66987829298552,38.43943663162078],[-75.66837627279078,38.44348704013613]]]},"id":"343_00000000000000000000","properties":{"labeler":"mike","notes":"","point_id":227,"queue_index":77,"source_asset":"point_227_label","source_labeler":"mike","source_point_id":227,"status":"completed","timestamp":"2026-04-06 06:10:10"}},{"type":"Feature","geometry":{"type":"Polygon","coordinates":[[[-75.68394341211565,38.44918057029361],[-75.68566006246708,38.45444033188755],[-75.68593902399847,38.454759619733366],[-75.68653981460778,38.45403701283252],[-75.68694747034492,38.45398663202351],[-75.68750538792413,38.454238680825895],[-75.6882564342602,38.454238666062835],[-75.68853539080222,38.45455794965599],[-75.68894304093483,38.454759556683214],[-75.68967260134433,38.45444031566081],[-75.68872852107526,38.453818562281604],[-75.68939364698825,38.452692690656455],[-75.69005885860652,38.45301199857435],[-75.69091719453527,38.45197017191365],[-75.6864539875301,38.44921419182009],[-75.6845013412383,38.44879408034085],[-75.68394341211565,38.44918057029361]]]},"id":"344_00000000000000000000","properties":{"labeler":"mike","notes":"","point_id":258,"queue_index":32,"source_asset":"point_258_label","source_labeler":"mike","source_point_id":258,"status":"completed","timestamp":"2026-04-06 05:18:48"}},{"type":"Feature","geometry":{"type":"Polygon","coordinates":[[[-75.88661818149308,38.471629722933976],[-75.88475140251414,38.47325932555604],[-75.88518056355657,38.474015232512045],[-75.88571696870736,38.47431765722546],[-75.88616757582,38.4744184599791],[-75.88672551477215,38.47433445187095],[-75.8871975675138,38.47411605345403],[-75.88872104801824,38.47475443962172],[-75.89022306367406,38.47495596740468],[-75.89036885946763,38.47488250888723],[-75.8904600593129,38.47464310509588],[-75.89074438265007,38.47466832049015],[-75.89105556005909,38.47452136038188],[-75.89208551604477,38.473374762926184],[-75.89187626391482,38.47284563297315],[-75.89185481577552,38.47232486095272],[-75.89140422683825,38.471484843630684],[-75.89145784735182,38.471375633240804],[-75.89182796128244,38.47140505488829],[-75.89202648942712,38.47111105505915],[-75.89203189577,38.47084650248229],[-75.89174216867626,38.47049792027654],[-75.8903418274322,38.46974673570633],[-75.89130744397535,38.46843636004183],[-75.89095337057273,38.468234760313344],[-75.8903954483499,38.46815914162922],[-75.88998775160402,38.46797433422414],[-75.88996630317736,38.46861274380642],[-75.88986978521697,38.46896556712517],[-75.8899555789628,38.469620793664674],[-75.88931185870555,38.470351550008864],[-75.88821753638614,38.46973840640792],[-75.8885715280293,38.46888156668468],[-75.88887198593753,38.468142354056624],[-75.88950498395435,38.467739118539406],[-75.88816391464009,38.46719312318095],[-75.88820681203855,38.466966341502975],[-75.88677984612009,38.466470689517195],[-75.88668332597857,38.466655509700274],[-75.88680129503146,38.46695791465092],[-75.88725189867989,38.4671258862317],[-75.88749864876951,38.46749549921749],[-75.88738068029993,38.467839955555476],[-75.88699442371876,38.46778950978123],[-75.88639358789341,38.4674367066998],[-75.8854494754486,38.46983075409022],[-75.88612538685952,38.470200376563675],[-75.885825011732,38.47060356496589],[-75.88638286340712,38.47067078338329],[-75.88824970942396,38.471645160549926],[-75.8885286307418,38.47228350354815],[-75.88661818149308,38.471629722933976]]]},"id":"345_00000000000000000000","properties":{"labeler":"mike","notes":"","point_id":271,"queue_index":22,"source_asset":"point_271_label","source_labeler":"mike","source_point_id":271,"status":"completed","timestamp":"2026-04-06 05:03:02"}},{"type":"Feature","geometry":{"type":"Polygon","coordinates":[[[-75.45372551683816,38.0529378155795],[-75.45441214818712,38.05302223530538],[-75.45587127383293,38.052447745224434],[-75.45505592889866,38.05053840100709],[-75.45567819429414,38.05023426847965],[-75.45494863230496,38.04847692475977],[-75.45615022532503,38.0483333117249],[-75.45637557294948,38.04793617972385],[-75.45655798427012,38.04778413821601],[-75.45806002462197,38.04730253668797],[-75.45814580678908,38.04670261061529],[-75.45796339739681,38.046542101211344],[-75.45811362737048,38.044953699972744],[-75.45764160250965,38.04410874440978],[-75.45706219218722,38.044091843287134],[-75.45669745944332,38.043838332627594],[-75.45232006406914,38.04393974560841],[-75.45214840413647,38.044649495047345],[-75.45184802100682,38.04537614458344],[-75.4513330390035,38.04524092696014],[-75.45165484740154,38.04404117639194],[-75.44736336019723,38.04436220607581],[-75.44654796911855,38.04529167957678],[-75.44614027192189,38.04684629598831],[-75.44678399915374,38.04807980348485],[-75.44712733107107,38.04858673546521],[-75.44783541733844,38.048907786256386],[-75.44875810252712,38.049211999432046],[-75.45219134136224,38.04973577737389],[-75.45372551683816,38.0529378155795]]]},"id":"346_00000000000000000000","properties":{"labeler":"mike","notes":"","point_id":27,"queue_index":19,"source_asset":"point_27_label","source_labeler":"mike","source_point_id":27,"status":"completed","timestamp":"2026-04-06 04:56:53"}},{"type":"Feature","geometry":{"type":"Polygon","coordinates":[[[-75.90165069197096,38.496556239582944],[-75.90149515936733,38.49589712930218],[-75.90073876331469,38.49586771352743],[-75.90046518356569,38.49596003657814],[-75.89978384626586,38.49628755243563],[-75.89951567071664,38.49634216486569],[-75.89923668252446,38.4962161913526],[-75.89758445490766,38.49472148038673],[-75.89755228400104,38.49386083777912],[-75.89786344637366,38.49367184720383],[-75.89752011308707,38.492261084597104],[-75.89654372678301,38.4912030730118],[-75.89582497026312,38.49097631813518],[-75.89528851494866,38.49052285394221],[-75.89480567683087,38.4904556519397],[-75.89345384537607,38.4899938110069],[-75.89257412431927,38.48948155925701],[-75.89123299557406,38.48882654687369],[-75.89124371969143,38.48915401933758],[-75.89120082321703,38.48940596634096],[-75.89261702037567,38.49006937987354],[-75.89281014109594,38.49035485929452],[-75.89281014109594,38.490883953464774],[-75.89205910473842,38.49134578150257],[-75.89234883118061,38.49312606378333],[-75.89263846839897,38.4932267845527],[-75.89285303708049,38.49410008530569],[-75.89314276189037,38.49435201019209],[-75.89337877771462,38.49593906973036],[-75.89353972556782,38.496803963915774],[-75.89401175549109,38.49720698004046],[-75.89422632208137,38.49784515580062],[-75.90246610538938,38.497374939399776],[-75.90165069197096,38.496556239582944]]]},"id":"347_00000000000000000000","properties":{"labeler":"mike","notes":"","point_id":288,"queue_index":12,"source_asset":"point_288_label","source_labeler":"mike","source_point_id":288,"status":"completed","timestamp":"2026-04-06 04:46:00"}},{"type":"Feature","geometry":{"type":"Polygon","coordinates":[[[-75.88988839750097,38.50438239593131],[-75.89010297036913,38.504155778617715],[-75.890124418775,38.50382831122977],[-75.88974889394103,38.50356802317303],[-75.88956649327132,38.502980297911876],[-75.88881552826145,38.502761992837634],[-75.88805374626152,38.50286270825532],[-75.88766749152386,38.50308944358254],[-75.88731349761123,38.50348403520191],[-75.88718471592985,38.50388702813557],[-75.88725978688987,38.50434045878222],[-75.88742074172967,38.50476022711251],[-75.88783917027469,38.50502050650667],[-75.88840782694673,38.505138032292066],[-75.8889872056145,38.50513808738566],[-75.89003862513192,38.50475187440524],[-75.88988839750097,38.50438239593131]]]},"id":"348_00000000000000000000","properties":{"labeler":"mike","notes":"","point_id":294,"queue_index":99,"source_asset":"point_294_label","source_labeler":"mike","source_point_id":294,"status":"completed","timestamp":"2026-04-06 19:03:02"}},{"type":"Feature","geometry":{"type":"Polygon","coordinates":[[[-75.7025578794122,38.51003991838309],[-75.70292262582039,38.50948584450032],[-75.70356638767753,38.50883096001291],[-75.70328737131,38.508511911252654],[-75.70260074381873,38.50832727178206],[-75.70195706641599,38.508159353311676],[-75.7005837068188,38.50757162792496],[-75.69994002045362,38.50713507900297],[-75.69910312628069,38.50661450438253],[-75.69828779323738,38.50745414726415],[-75.69757966473561,38.507873880195184],[-75.6978371260688,38.51062760624897],[-75.69931771954215,38.51059396613822],[-75.69998288563481,38.51044285422949],[-75.70236476755994,38.510560382061506],[-75.7025578794122,38.51003991838309]]]},"id":"349_00000000000000000000","properties":{"labeler":"mike","notes":"","point_id":298,"queue_index":76,"source_asset":"point_298_label","source_labeler":"mike","source_point_id":298,"status":"completed","timestamp":"2026-04-06 06:09:18"}},{"type":"Feature","geometry":{"type":"Polygon","coordinates":[[[-75.95228463215405,38.52672305440307],[-75.95260116573714,38.5267523729244],[-75.953137579114,38.52663487156704],[-75.95365795570507,38.52663071794673],[-75.95388864297111,38.52670207154512],[-75.95423192688797,38.526689451584986],[-75.95470401841155,38.52636209744801],[-75.95482742281962,38.525707461893724],[-75.95512242358299,38.52523322014348],[-75.95541210841097,38.52505693551019],[-75.95559451209684,38.52472954650031],[-75.95598075709505,38.52459529049962],[-75.95615244088206,38.52430990120173],[-75.9562918784361,38.52377266371814],[-75.95665668327148,38.52344533081854],[-75.95684980443525,38.52324390299824],[-75.95660299908403,38.52308860455662],[-75.95629728230293,38.5229710868732],[-75.95614172172507,38.52296273772457],[-75.95583051146122,38.523029820464295],[-75.95495614244855,38.523004674076574],[-75.95475229940257,38.52287874039897],[-75.9547147376789,38.52277802819344],[-75.95484886133453,38.52267309071541],[-75.95573935409635,38.52268573930862],[-75.95588951124,38.52271929137115],[-75.95601291460063,38.52280319082954],[-75.95614172172507,38.5228787877963],[-75.95630259758157,38.522878745215756],[-75.95647959624482,38.522811573748704],[-75.95670496358747,38.522694094457584],[-75.95707508259294,38.52270666220085],[-75.95737548243356,38.52273187642828],[-75.95760075974314,38.52263112674975],[-75.95766516258787,38.52236251974691],[-75.95772956540289,38.522119144081515],[-75.95796556115897,38.52184212669229],[-75.95828748565748,38.52175818265644],[-75.95835179959876,38.52159033427485],[-75.95837323757262,38.521229389087075],[-75.95814796150945,38.52101948768895],[-75.95787972040647,38.520977521803076],[-75.95718236199683,38.52093560948016],[-75.95672099796394,38.520834808865494],[-75.95633634959623,38.52068613054647],[-75.9552312990827,38.51942694916328],[-75.95490945612747,38.51922554854747],[-75.95438368025766,38.519141569797],[-75.95406183534944,38.5189988871935],[-75.95372927035757,38.51862111292472],[-75.9534717401303,38.51852879611361],[-75.95334301913356,38.518713479055464],[-75.95295676684168,38.51878060984473],[-75.95257051348199,38.51908277887866],[-75.95205553687164,38.51873024217617],[-75.9512401459746,38.51831057347455],[-75.95081100961077,38.5179915278694],[-75.94997417219297,38.517823692338965],[-75.94563974196662,38.52207111636057],[-75.95139039654526,38.526905859032105],[-75.95228463215405,38.52672305440307]]]},"id":"350_00000000000000000000","properties":{"labeler":"mike","notes":"","point_id":326,"queue_index":1,"source_asset":"point_326_label","source_labeler":"mike","source_point_id":326,"status":"completed","timestamp":"2026-04-06 04:26:46"}},{"type":"Feature","geometry":{"type":"Polygon","coordinates":[[[-75.7027085703754,38.52933577671108],[-75.70315913364524,38.52952037930457],[-75.7035239672848,38.52997362328627],[-75.70410329743197,38.5301918045438],[-75.70463976147109,38.52990647989044],[-75.70292315829623,38.52639807675386],[-75.70337372089848,38.526028787719824],[-75.70399600438566,38.52577703461573],[-75.7025368465621,38.52285597434132],[-75.69854578580455,38.5221341462104],[-75.69914661294744,38.5292686373394],[-75.7027085703754,38.52933577671108]]]},"id":"351_00000000000000000000","properties":{"labeler":"mike","notes":"","point_id":332,"queue_index":55,"source_asset":"point_332_label","source_labeler":"mike","source_point_id":332,"status":"completed","timestamp":"2026-04-06 05:47:49"}},{"type":"Feature","geometry":{"type":"Polygon","coordinates":[[[-75.71155992495525,38.53509049422354],[-75.71222512354173,38.53430161138279],[-75.71302981806288,38.533806476458125],[-75.71503612172421,38.53278256070935],[-75.71438167348089,38.53175864178038],[-75.71352329911134,38.53198521736126],[-75.71304055557529,38.5314733131761],[-75.71246117246478,38.531389396317365],[-75.71196759905166,38.53147328507384],[-75.71132387456136,38.531741875676],[-75.71050852159112,38.53217828046786],[-75.7100256792515,38.53261471437318],[-75.7097038130438,38.53337844141526],[-75.70960726191605,38.53395752699452],[-75.71137756274871,38.53549336651726],[-75.71155992495525,38.53509049422354]]]},"id":"352_00000000000000000000","properties":{"labeler":"mike","notes":"","point_id":352,"queue_index":14,"source_asset":"point_352_label","source_labeler":"mike","source_point_id":352,"status":"completed","timestamp":"2026-04-06 04:47:59"}},{"type":"Feature","geometry":{"type":"Polygon","coordinates":[[[-75.7930571629341,38.56867106208263],[-75.79191988146547,38.56892264938938],[-75.79219881470702,38.5700467590193],[-75.79194134471038,38.57096105183221],[-75.79249238137824,38.57105151360273],[-75.79237442263718,38.5719322937557],[-75.79253530769293,38.57236841020557],[-75.79239588581385,38.572552973278874],[-75.79248164979754,38.572854906585576],[-75.79221344870945,38.572997509232565],[-75.7925675024205,38.57332462292995],[-75.79288936060685,38.57322397125035],[-75.79436995214357,38.57480091393169],[-75.79462741776578,38.5748680136397],[-75.79539990053838,38.57454088500943],[-75.79565745299382,38.574918334256836],[-75.79763156295766,38.57411310982802],[-75.79839666846043,38.57390351182702],[-75.80044585746914,38.57341696157132],[-75.80089646935453,38.57258654539436],[-75.80020977564998,38.57246910696297],[-75.80047805041424,38.57173937540273],[-75.79915839977384,38.571361944590336],[-75.79936220145522,38.571026396667705],[-75.79915839977384,38.570732820603055],[-75.79927644160125,38.5703637644259],[-75.79865412682653,38.56982690649654],[-75.79748469628825,38.569088679559414],[-75.79365617661195,38.56782062660172],[-75.7930571629341,38.56867106208263]]]},"id":"353_00000000000000000000","properties":{"labeler":"mike","notes":"","point_id":404,"queue_index":102,"source_asset":"point_404_label","source_labeler":"mike","source_point_id":404,"status":"completed","timestamp":"2026-04-06 19:06:32"}},{"type":"Feature","geometry":{"type":"Polygon","coordinates":[[[-75.85225732531222,38.57594231137935],[-75.85228950653492,38.57616038660278],[-75.85223046329428,38.57639520412087],[-75.85230023360752,38.57651260387013],[-75.85541158231175,38.57783788073279],[-75.855872924189,38.57698233471219],[-75.85577638294045,38.576856544395774],[-75.85586219738687,38.57679359298124],[-75.85607141420776,38.57671392219033],[-75.85711208599805,38.57470930637577],[-75.85704772573604,38.5745499326273],[-75.85365742337649,38.57350981663753],[-75.85225732531222,38.57594231137935]]]},"id":"354_00000000000000000000","properties":{"labeler":"mike","notes":"","point_id":417,"queue_index":38,"source_asset":"point_417_label","source_labeler":"mike","source_point_id":417,"status":"completed","timestamp":"2026-04-06 05:26:02"}},{"type":"Feature","geometry":{"type":"Polygon","coordinates":[[[-75.7129789701627,38.58011228656768],[-75.71304339524787,38.57929032300628],[-75.71291463378867,38.577025737901955],[-75.7067133604372,38.577512201363895],[-75.706520254127,38.57819999004485],[-75.70591945757138,38.578317418291896],[-75.70570487409093,38.57865288684941],[-75.70630567153712,38.57878707793605],[-75.70630567153712,38.579860637287624],[-75.70830124184818,38.58002842622523],[-75.70800084757842,38.58165546544632],[-75.71239967554564,38.58135353060728],[-75.7129789701627,38.58011228656768]]]},"id":"355_00000000000000000000","properties":{"labeler":"mike","notes":"","point_id":432,"queue_index":74,"source_asset":"point_432_label","source_labeler":"mike","source_point_id":432,"status":"completed","timestamp":"2026-04-06 06:07:39"}},{"type":"Feature","geometry":{"type":"Polygon","coordinates":[[[-75.87297280680345,38.578390408271574],[-75.87076271492559,38.577954250234875],[-75.86629952347694,38.587045629610195],[-75.87084852028453,38.588454469110566],[-75.87158663923235,38.58744380564192],[-75.8756850926715,38.58090223107002],[-75.87297280680345,38.578390408271574]]]},"id":"356_00000000000000000000","properties":{"labeler":"mike","notes":"","point_id":441,"queue_index":62,"source_asset":"point_441_label","source_labeler":"mike","source_point_id":441,"status":"completed","timestamp":"2026-04-06 05:55:50"}},{"type":"Feature","geometry":{"type":"Polygon","coordinates":[[[-75.73987616298821,38.58398783903123],[-75.73984936855787,38.58435684757499],[-75.73976357311327,38.5850193696818],[-75.73946315556951,38.58532134848923],[-75.73840095360768,38.58581609311014],[-75.73746757221583,38.58621863809925],[-75.73802547239063,38.58676376279639],[-75.73865843094663,38.58722502703163],[-75.73929147544557,38.587594004302986],[-75.73993516395137,38.58787914552869],[-75.74023558051077,38.58808039140141],[-75.74054673190984,38.58821461067016],[-75.7410617671797,38.588348819566725],[-75.74152303493038,38.58840745974112],[-75.7421882728738,38.58835716753521],[-75.74299288905398,38.5881978630054],[-75.743379181298,38.58782043153533],[-75.7439155881477,38.58730886623858],[-75.74426967235485,38.58668830036069],[-75.74447346334657,38.58466716914166],[-75.74289636019175,38.58451623518279],[-75.74293930134802,38.584289789890505],[-75.74002104801694,38.58400461352906],[-75.73987616298821,38.58398783903123]]]},"id":"357_00000000000000000000","properties":{"labeler":"mike","notes":"","point_id":462,"queue_index":107,"source_asset":"point_462_label","source_labeler":"mike","source_point_id":462,"status":"completed","timestamp":"2026-04-06 19:12:57"}},{"type":"Feature","geometry":{"type":"Polygon","coordinates":[[[-75.71209999970823,38.59504480152657],[-75.71273298320986,38.59516223537058],[-75.71324802900573,38.59373666495098],[-75.71289395740308,38.59358575437759],[-75.71308705520661,38.59304908061406],[-75.71308359435672,38.592131908231984],[-75.71295483293332,38.591553299369274],[-75.71343766549505,38.591184329907556],[-75.71397409492887,38.591251397566126],[-75.71521865679401,38.58799762379768],[-75.70976841707123,38.58685708563793],[-75.70878133892852,38.58638741445704],[-75.70530516935706,38.59053023558799],[-75.70491895272225,38.591167521715406],[-75.70423233296717,38.59299563407876],[-75.7042966732014,38.594521762934335],[-75.70532664552756,38.59504164479107],[-75.711742464413,38.596987030706806],[-75.71209999970823,38.59504480152657]]]},"id":"358_00000000000000000000","properties":{"labeler":"mike","notes":"","point_id":482,"queue_index":45,"source_asset":"point_482_label","source_labeler":"mike","source_point_id":482,"status":"completed","timestamp":"2026-04-06 05:36:08"}},{"type":"Feature","geometry":{"type":"Polygon","coordinates":[[[-75.84682781405748,38.60057308353933],[-75.84472503385881,38.59567624766537],[-75.84360917705077,38.59534083229273],[-75.84309424509617,38.59446877848329],[-75.84365208796264,38.593361907822754],[-75.84279377860042,38.59121510566133],[-75.83987561207184,38.590812626652905],[-75.83850224260284,38.590946768194904],[-75.83820185505076,38.590896470056656],[-75.83739724240613,38.59171833708527],[-75.8361848620844,38.590644944742564],[-75.83533723593902,38.59107255017546],[-75.83484373077245,38.59145831544612],[-75.83488664433325,38.59222139854051],[-75.83450042181956,38.59228015559946],[-75.83413565514827,38.59278324389795],[-75.83313781756942,38.59292583687796],[-75.83192548957058,38.59320254052624],[-75.8303912897597,38.59357987475471],[-75.82865322521836,38.59461975174098],[-75.8276232510219,38.59510604010264],[-75.8274086721255,38.59534923589035],[-75.82774126927693,38.59555886134226],[-75.82815969684663,38.59599489992959],[-75.83662472131586,38.59849368770814],[-75.83741869880248,38.59879552671392],[-75.83862025182448,38.597135265172106],[-75.8391567448031,38.596196182335994],[-75.83941421815535,38.595374406384984],[-75.83995070813427,38.59537438817945],[-75.84025109198687,38.595860709676494],[-75.83932839375647,38.59835954592973],[-75.83952149858101,38.599047083365946],[-75.84001507615619,38.59956695806852],[-75.84063729886353,38.599717904434186],[-75.84449966447174,38.60057313353297],[-75.84682781405748,38.60057308353933]]]},"id":"359_00000000000000000000","properties":{"labeler":"mike","notes":"","point_id":483,"queue_index":51,"source_asset":"point_483_label","source_labeler":"mike","source_point_id":483,"status":"completed","timestamp":"2026-04-06 05:43:02"}},{"type":"Feature","geometry":{"type":"Polygon","coordinates":[[[-75.93723716500907,38.59168176355425],[-75.93718356196584,38.59223521325863],[-75.93739815121552,38.59242811458356],[-75.93773075504262,38.59244486365845],[-75.93903963291558,38.593560103740344],[-75.93947952583179,38.59492700789567],[-75.93968959303884,38.59504200954802],[-75.94012948391254,38.59516779960183],[-75.94033334827765,38.59561219954189],[-75.9407517078571,38.59572122515273],[-75.94111655324629,38.59593928950753],[-75.94138473792219,38.59629143109405],[-75.9414168987854,38.59661004334551],[-75.94176030192169,38.59682807690309],[-75.9422537874092,38.59693708242153],[-75.94247908909172,38.59726411846446],[-75.94286537033,38.597339619768434],[-75.94335885192011,38.59746534330022],[-75.94412059979764,38.5972138127003],[-75.94458191683178,38.59719702736031],[-75.9450217923256,38.59698738233899],[-75.94510764097666,38.596811310161314],[-75.94535437803441,38.59661844402721],[-75.94554751481718,38.59624111833253],[-75.94637365882485,38.596224333538125],[-75.94616980326104,38.59598958045389],[-75.94642725834791,38.595721227454526],[-75.94642725834791,38.59494979969719],[-75.9456119232171,38.5936248592215],[-75.94563336314556,38.59297082107669],[-75.94475361462115,38.59245090152945],[-75.94159932073181,38.591863896923165],[-75.93723716500907,38.59168176355425]]]},"id":"360_00000000000000000000","properties":{"labeler":"mike","notes":"","point_id":486,"queue_index":106,"source_asset":"point_486_label","source_labeler":"mike","source_point_id":486,"status":"completed","timestamp":"2026-04-06 19:11:27"}},{"type":"Feature","geometry":{"type":"Polygon","coordinates":[[[-75.72771222161674,38.602575846363614],[-75.72786244270954,38.60182117685249],[-75.72816279569551,38.6005467140934],[-75.7291820391146,38.600404154036944],[-75.73076993982127,38.59952377008408],[-75.73100595843867,38.59886137412354],[-75.73099522226183,38.59811509504984],[-75.7305231846057,38.59728500612851],[-75.72752979106579,38.59797259386777],[-75.72642473259488,38.59791383615003],[-75.72289494845307,38.597578500036335],[-75.72289494845307,38.59731854704927],[-75.7209208759445,38.59641292959217],[-75.71873221230443,38.60036229733709],[-75.72331341605928,38.60083184637726],[-75.72339922129012,38.60042931737336],[-75.72367819885476,38.60046290966891],[-75.72412878552596,38.60042097060733],[-75.72452577624078,38.6008318489494],[-75.72575959937696,38.60111688122775],[-75.72459010744517,38.60107497670483],[-75.72442923501407,38.60136007293115],[-75.72211178253731,38.6011420585767],[-75.72191860805718,38.60194693472213],[-75.72209030885959,38.602349392657494],[-75.72269112695975,38.60298664511446],[-75.72322752204394,38.6034393678691],[-75.72417173227196,38.60372449338526],[-75.72766927592414,38.60322141668726],[-75.72771222161674,38.602575846363614]]]},"id":"361_00000000000000000000","properties":{"labeler":"mike","notes":"","point_id":511,"queue_index":67,"source_asset":"point_511_label","source_labeler":"mike","source_point_id":511,"status":"completed","timestamp":"2026-04-06 06:01:56"}},{"type":"Feature","geometry":{"type":"Polygon","coordinates":[[[-75.7506692105247,38.6064820090923],[-75.75255744263693,38.61287041086462],[-75.75403809593398,38.61288717617732],[-75.75530404684514,38.61310517110805],[-75.75556158265586,38.612836889203166],[-75.75592628380159,38.609818821188384],[-75.75614088129453,38.607303634210666],[-75.75564736868118,38.60730366676822],[-75.75489631783194,38.60661620103306],[-75.75481053135834,38.606213746984146],[-75.75373761947301,38.60636464039915],[-75.75367330128269,38.606029338243125],[-75.7506692105247,38.6064820090923]]]},"id":"362_00000000000000000000","properties":{"labeler":"mike","notes":"","point_id":531,"queue_index":100,"source_asset":"point_531_label","source_labeler":"mike","source_point_id":531,"status":"completed","timestamp":"2026-04-06 19:03:44"}},{"type":"Feature","geometry":{"type":"Polygon","coordinates":[[[-75.75614425239769,38.607333317165086],[-75.75575799443142,38.60731649737176],[-75.75494262653787,38.60666257628937],[-75.75483528257988,38.60619303717956],[-75.7539340337409,38.60641100393025],[-75.7539340337409,38.605874486450695],[-75.75062955419075,38.60637753264443],[-75.75232474181374,38.61251437048118],[-75.75253934468324,38.612866444053836],[-75.75429882773055,38.61289999918114],[-75.75539320414495,38.613034146006314],[-75.75614425239769,38.607333317165086]]]},"id":"363_00000000000000000000","properties":{"labeler":"mike","notes":"","point_id":541,"queue_index":33,"source_asset":"point_541_label","source_labeler":"mike","source_point_id":541,"status":"completed","timestamp":"2026-04-06 05:19:31"}},{"type":"Feature","geometry":{"type":"Polygon","coordinates":[[[-75.74771465063604,38.61651404243906],[-75.74271501351456,38.618106820739534],[-75.74441020565995,38.62124183921075],[-75.74503248974472,38.621610660276644],[-75.74548309839712,38.62159392943363],[-75.74614831804259,38.62115800168432],[-75.74745718949109,38.620789168069514],[-75.74784346975413,38.62090651645336],[-75.74814386981146,38.62117481667445],[-75.74923820434978,38.620738908697916],[-75.7514697870619,38.61946475839799],[-75.7523924317985,38.61946479351984],[-75.75273576058817,38.619095938863936],[-75.75288595558645,38.61810681724571],[-75.75286448649413,38.61639666542216],[-75.75286448649413,38.61326138653472],[-75.75127665192883,38.611903358241065],[-75.75035400003374,38.61272489269644],[-75.74921673471292,38.613999161276126],[-75.74835839020098,38.61416680219846],[-75.74842279948625,38.61544103546986],[-75.74771465063604,38.61651404243906]]]},"id":"364_00000000000000000000","properties":{"labeler":"mike","notes":"","point_id":566,"queue_index":84,"source_asset":"point_566_label","source_labeler":"mike","source_point_id":566,"status":"completed","timestamp":"2026-04-06 18:33:08"}},{"type":"Feature","geometry":{"type":"Polygon","coordinates":[[[-75.74768457508154,38.629562292162824],[-75.74843557487826,38.630383637729985],[-75.74854292361346,38.63142288513608],[-75.75704007590359,38.63127198703264],[-75.7565250978326,38.62426507042222],[-75.75605305515798,38.62423149944955],[-75.7544223180932,38.62371184568866],[-75.75238382638935,38.622990991789244],[-75.75062431990874,38.62282330180513],[-75.74686916141319,38.62949523826359],[-75.74768457508154,38.629562292162824]]]},"id":"365_00000000000000000000","properties":{"labeler":"mike","notes":"","point_id":585,"queue_index":30,"source_asset":"point_585_label","source_labeler":"mike","source_point_id":585,"status":"completed","timestamp":"2026-04-06 05:16:24"}},{"type":"Feature","geometry":{"type":"Polygon","coordinates":[[[-75.84003041453727,38.6343895889508],[-75.83925790777026,38.634490178032046],[-75.83924717971144,38.63465783151885],[-75.83651132093074,38.63691216486507],[-75.83659714703195,38.637096557936125],[-75.84552357624473,38.6397782315285],[-75.84775516231454,38.63979501680435],[-75.85020134670968,38.63759943109044],[-75.84846325866492,38.63645965538624],[-75.8481628921961,38.63602389653251],[-75.84899971443242,38.635453959872535],[-75.8492786245287,38.63506848175055],[-75.84724015675097,38.63247036753989],[-75.84003041453727,38.6343895889508]]]},"id":"366_00000000000000000000","properties":{"labeler":"mike","notes":"","point_id":609,"queue_index":23,"source_asset":"point_609_label","source_labeler":"mike","source_point_id":609,"status":"completed","timestamp":"2026-04-06 05:03:58"}},{"type":"Feature","geometry":{"type":"Polygon","coordinates":[[[-75.73828623319787,38.63764286634022],[-75.73681641977318,38.63757576279784],[-75.73542165358516,38.637416548253476],[-75.73346895824915,38.63736629573822],[-75.73341536700099,38.637869139077395],[-75.73317935232674,38.63791938601615],[-75.73227805664419,38.641472558721226],[-75.73581861322417,38.64331618337974],[-75.73912307789526,38.642394337274105],[-75.74144052320811,38.638690396011455],[-75.73828623319787,38.63764286634022]]]},"id":"367_00000000000000000000","properties":{"labeler":"mike","notes":"","point_id":620,"queue_index":94,"source_asset":"point_620_label","source_labeler":"mike","source_point_id":620,"status":"completed","timestamp":"2026-04-06 18:52:54"}},{"type":"Feature","geometry":{"type":"Polygon","coordinates":[[[-75.83962186333558,38.64419793040275],[-75.8407162069345,38.64399681284375],[-75.8413385152293,38.6436615976892],[-75.8424543012307,38.643661618978165],[-75.84378472160823,38.643996837564465],[-75.84457865905375,38.64428173348217],[-75.84500776465683,38.64468395092086],[-75.84563005413376,38.644885053678735],[-75.84644543628514,38.64478447352484],[-75.84732517845593,38.645237009896235],[-75.85062972606539,38.64307503869873],[-75.84820500382615,38.641251300049774],[-75.8472393588411,38.640027856260296],[-75.84558714382007,38.63994403172065],[-75.83987942450571,38.63816741274772],[-75.8362745009135,38.63714501580969],[-75.83115595340061,38.641558932662036],[-75.82889218596874,38.643335472478],[-75.82945008460653,38.64352818326562],[-75.83049077429264,38.6433102901946],[-75.83074826334878,38.64371251917286],[-75.8316065568345,38.64377122389969],[-75.83277597336836,38.64388015019683],[-75.83419222330303,38.64399741179103],[-75.83507195274238,38.64347792055762],[-75.83633798396697,38.643494696595866],[-75.83802240244374,38.64382147363299],[-75.83962186333558,38.64419793040275]]]},"id":"368_00000000000000000000","properties":{"labeler":"mike","notes":"","point_id":624,"queue_index":108,"source_asset":"point_624_label","source_labeler":"mike","source_point_id":624,"status":"completed","timestamp":"2026-04-06 19:14:22"}},{"type":"Feature","geometry":{"type":"Polygon","coordinates":[[[-75.76835564304203,38.64271636027722],[-75.76837710981877,38.64338676672177],[-75.76872040039878,38.64412418856864],[-75.76945000103481,38.64481128643026],[-75.7700722653926,38.64514648859588],[-75.77133825234218,38.64553197527657],[-75.77251845222273,38.64571628202797],[-75.77447106072485,38.64484481787378],[-75.77715329276116,38.64435883288166],[-75.77623062976474,38.64301809350294],[-75.77526502934587,38.64100690215362],[-75.77427192479261,38.63868458234777],[-75.77461528996227,38.63796385925392],[-75.77371407660341,38.63771243350684],[-75.77362821267279,38.63707556518107],[-75.77133230918403,38.63652240609109],[-75.76980881238748,38.637595107737276],[-75.76860712346874,38.64210362984068],[-75.77038814224666,38.64233828032421],[-75.77064565100099,38.642958369739205],[-75.76989458990053,38.64324330540229],[-75.76907921357655,38.64290812717494],[-75.76835564304203,38.64271636027722]]]},"id":"369_00000000000000000000","properties":{"labeler":"mike","notes":"","point_id":630,"queue_index":58,"source_asset":"point_630_label","source_labeler":"mike","source_point_id":630,"status":"completed","timestamp":"2026-04-06 05:52:34"}},{"type":"Feature","geometry":{"type":"Polygon","coordinates":[[[-75.71889672926423,38.646783204573865],[-75.7184461262713,38.64617991112733],[-75.71898262585489,38.6450737970148],[-75.71951903471064,38.644738633406554],[-75.71917571552518,38.64366604048752],[-75.71956198282739,38.64344818855811],[-75.72027009249825,38.644973320639394],[-75.72125709220488,38.64493973441044],[-75.72359603185451,38.64591180219377],[-75.72458300883093,38.6447721612575],[-75.7248405108395,38.64413528783968],[-75.72499073492114,38.64289513198281],[-75.72533404028344,38.64192308783771],[-75.72578471051864,38.63972752145066],[-75.72535551347876,38.63966046202299],[-75.72215836798422,38.63868835020441],[-75.7193994188141,38.63801794677189],[-75.71768281330834,38.638638066599256],[-75.71618084440979,38.63939230365558],[-75.7137775374765,38.64016323951603],[-75.71193219161694,38.64080016904722],[-75.7134444096988,38.64427763490194],[-75.71430278453664,38.64541724636598],[-75.71561167877496,38.64665739780663],[-75.71775744103812,38.64816568867363],[-75.72005340065924,38.64682503621181],[-75.71889672926423,38.646783204573865]]]},"id":"370_00000000000000000000","properties":{"labeler":"mike","notes":"","point_id":631,"queue_index":105,"source_asset":"point_631_label","source_labeler":"mike","source_point_id":631,"status":"completed","timestamp":"2026-04-06 19:10:24"}},{"type":"Feature","geometry":{"type":"Polygon","coordinates":[[[-75.84636502422735,38.65484662744207],[-75.85080676905933,38.653221232220105],[-75.85123594447305,38.65229954506284],[-75.85136467024756,38.65110976689791],[-75.85119303585556,38.64995354355198],[-75.85052786196917,38.64896477218973],[-75.849712414634,38.648126842523965],[-75.84874686856911,38.64767437176149],[-75.84767395309181,38.646333678910416],[-75.84715894723338,38.64586443914427],[-75.84070024800234,38.65043950459802],[-75.84080752745628,38.651997952469365],[-75.8414512024775,38.65241689995966],[-75.84205205185728,38.652232577016925],[-75.8425027093879,38.65293637266455],[-75.84207350755024,38.6540255809562],[-75.84190186191576,38.654310469714126],[-75.84296214276122,38.654744429663744],[-75.84358444120929,38.6554146570334],[-75.84433546908313,38.65461036618447],[-75.84442129045466,38.654384162834255],[-75.84512940344707,38.65440085208026],[-75.84636502422735,38.65484662744207]]]},"id":"371_00000000000000000000","properties":{"labeler":"mike","notes":"","point_id":658,"queue_index":68,"source_asset":"point_658_label","source_labeler":"mike","source_point_id":658,"status":"completed","timestamp":"2026-04-06 06:02:55"}},{"type":"Feature","geometry":{"type":"Polygon","coordinates":[[[-75.73816006725889,38.65210663739053],[-75.7382888062011,38.65076605613801],[-75.73798838558217,38.64955947160444],[-75.73680825705867,38.648218778393826],[-75.73541349079167,38.64753170755832],[-75.73313898135693,38.64714628819503],[-75.73107907089442,38.64739760941821],[-75.73028512442737,38.6479171215022],[-75.72906198757383,38.6486880570866],[-75.72854699816062,38.64974377735803],[-75.72833244827275,38.65110120284282],[-75.72841825052012,38.65225744895875],[-75.72966286538565,38.65348069621383],[-75.730800107636,38.65465374753537],[-75.73176565183226,38.65473746130656],[-75.73253811802626,38.65525694492495],[-75.733782697342,38.65524017294978],[-75.7369369972086,38.654318557002846],[-75.73816006725889,38.65210663739053]]]},"id":"372_00000000000000000000","properties":{"labeler":"mike","notes":"","point_id":659,"queue_index":104,"source_asset":"point_659_label","source_labeler":"mike","source_point_id":659,"status":"completed","timestamp":"2026-04-06 19:09:16"}},{"type":"Feature","geometry":{"type":"Polygon","coordinates":[[[-75.99208542115561,38.65026159287785],[-75.99092671752501,38.650663775682474],[-75.99011137690076,38.651040803647945],[-75.9879011828177,38.65207139077609],[-75.98903847841973,38.65379741313393],[-75.98944615247669,38.6541158253631],[-75.98985382533795,38.654484446970514],[-75.9899611680693,38.654836362477454],[-75.98966074991942,38.655297126754256],[-75.9896070784481,38.655556870117074],[-75.99203183918596,38.65610985036821],[-75.99243950446201,38.65564063669934],[-75.99316183869414,38.654601513593526],[-75.99468009223521,38.65378026459153],[-75.9937359128293,38.65230569713088],[-75.99328529760223,38.65117455276306],[-75.9927488616497,38.64952388394619],[-75.99208542115561,38.65026159287785]]]},"id":"373_00000000000000000000","properties":{"labeler":"mike","notes":"","point_id":663,"queue_index":97,"source_asset":"point_663_label","source_labeler":"mike","source_point_id":663,"status":"completed","timestamp":"2026-04-06 18:57:02"}},{"type":"Feature","geometry":{"type":"Polygon","coordinates":[[[-75.75045717765018,38.65793173693739],[-75.75032844958935,38.65753798492376],[-75.74990997169964,38.65699340140406],[-75.74937358719276,38.65653259815374],[-75.74864397330009,38.65632319291863],[-75.74832210451655,38.65599644695468],[-75.74810758407293,38.655552383313605],[-75.74796811899759,38.65522565356571],[-75.74789297459114,38.65488211669456],[-75.74754963424192,38.654538590528254],[-75.7466376934555,38.65711912321655],[-75.74624076363422,38.657052062191646],[-75.74597256479147,38.657982029250206],[-75.74749604823235,38.65835904410155],[-75.74839724869885,38.65850143826708],[-75.74969545362379,38.6582669169418],[-75.75037138852802,38.65826692561092],[-75.75045717765018,38.65793173693739]]]},"id":"374_00000000000000000000","properties":{"labeler":"mike","notes":"","point_id":677,"queue_index":72,"source_asset":"point_677_label","source_labeler":"mike","source_point_id":677,"status":"completed","timestamp":"2026-04-06 06:05:47"}},{"type":"Feature","geometry":{"type":"Polygon","coordinates":[[[-75.88652635873865,38.6628794523621],[-75.88693406549291,38.6621255362192],[-75.88852198343368,38.66256112162712],[-75.8884575488441,38.66217576362292],[-75.88727742457127,38.661907671287594],[-75.88686971880958,38.66138829484058],[-75.88822152477964,38.661505538420315],[-75.88813572997863,38.66090235456862],[-75.88852198343368,38.659997624396105],[-75.88852198343368,38.659008964756445],[-75.88101174324247,38.65676369258196],[-75.88028218259498,38.65832203154858],[-75.88118343009252,38.65862358596963],[-75.88431630172718,38.66483977269964],[-75.88637621599786,38.66391825187433],[-75.88652635873865,38.6628794523621]]]},"id":"375_00000000000000000000","properties":{"labeler":"mike","notes":"","point_id":685,"queue_index":71,"source_asset":"point_685_label","source_labeler":"mike","source_point_id":685,"status":"completed","timestamp":"2026-04-06 06:05:05"}},{"type":"Feature","geometry":{"type":"Polygon","coordinates":[[[-75.89414824150538,38.663235426419185],[-75.89279640374275,38.662766279344446],[-75.89208835215791,38.6632354231301],[-75.89159477898396,38.663922363495665],[-75.88929883005372,38.664910885291356],[-75.88987820506003,38.666318299355886],[-75.88936317562859,38.66645228937752],[-75.88886968154303,38.66677061460569],[-75.88848342904043,38.667357025732045],[-75.88895547589746,38.667424012916776],[-75.89281785173874,38.668177956444445],[-75.89547861870948,38.668697282523176],[-75.89786043312698,38.66913287674207],[-75.8980749938544,38.66864702030661],[-75.89893332211884,38.668714096971016],[-75.89904055739387,38.66630153555582],[-75.8996199809629,38.665178945022426],[-75.89925520494698,38.66481035663603],[-75.89786043312698,38.66301761189898],[-75.8968734141199,38.66274952137936],[-75.89665876293608,38.662464722164664],[-75.89498505741145,38.662045867974676],[-75.89414824150538,38.663235426419185]]]},"id":"376_00000000000000000000","properties":{"labeler":"mike","notes":"","point_id":696,"queue_index":98,"source_asset":"point_696_label","source_labeler":"mike","source_point_id":696,"status":"completed","timestamp":"2026-04-06 18:58:14"}},{"type":"Feature","geometry":{"type":"Polygon","coordinates":[[[-75.70832511362603,38.293422429691866],[-75.70758482045221,38.293759246062216],[-75.70726294881538,38.294011860004545],[-75.70719860989946,38.29440759426086],[-75.70803545728974,38.29454233739139],[-75.7082070858384,38.29476127714563],[-75.70803545728974,38.295148601923835],[-75.70833585148765,38.29552749243811],[-75.70882934854895,38.295645383138336],[-75.70925850592711,38.29578856127338],[-75.70911900329618,38.29597375791986],[-75.70960184866156,38.296352704911335],[-75.71008460367408,38.296706337562405],[-75.7108356217348,38.296841067891705],[-75.71166179921677,38.29701789066106],[-75.71320676506657,38.29327086500966],[-75.70960184866156,38.2924035068634],[-75.70832511362603,38.293422429691866]]]},"id":"377_00000000000000000000","properties":{"labeler":"mike","notes":"","point_id":69,"queue_index":110,"source_asset":"point_69_label","source_labeler":"mike","source_point_id":69,"status":"completed","timestamp":"2026-04-06 19:17:10"}},{"type":"Feature","geometry":{"type":"Polygon","coordinates":[[[-75.83802107250756,38.668878695954156],[-75.83767777123307,38.669934179229834],[-75.83711981622928,38.67114040673544],[-75.83694816460658,38.671844022855936],[-75.83754903304121,38.67281568674896],[-75.83847165417102,38.673418794764665],[-75.84038142362606,38.67387111434083],[-75.84111101261297,38.67385436519109],[-75.84211952202129,38.673083695587295],[-75.84284901341557,38.67134143966208],[-75.84396487620101,38.669465079168624],[-75.84147576137023,38.668761417390044],[-75.83877212981439,38.66782320381262],[-75.83802107250756,38.668878695954156]]]},"id":"378_00000000000000000000","properties":{"labeler":"mike","notes":"","point_id":706,"queue_index":91,"source_asset":"point_706_label","source_labeler":"mike","source_point_id":706,"status":"completed","timestamp":"2026-04-06 18:48:44"}},{"type":"Feature","geometry":{"type":"Polygon","coordinates":[[[-75.90891976615319,38.67044294565289],[-75.90872666753451,38.67007433224012],[-75.90741777270594,38.66927860246757],[-75.90667744859816,38.66884296115333],[-75.90599082419226,38.668742473889814],[-75.9049716043705,38.66867542855112],[-75.90415620547186,38.66869223542198],[-75.90364122825163,38.66876763991796],[-75.90267560765017,38.66901054485751],[-75.90155976523894,38.66947962168421],[-75.90108776061595,38.669730914807076],[-75.89941401911089,38.669814714343126],[-75.89987539451054,38.67423741382174],[-75.89980024164804,38.67478602963066],[-75.89975734777929,38.6749829190277],[-75.8996822834775,38.67578700185408],[-75.8997787947153,38.67587073156169],[-75.90048157886851,38.674982905286065],[-75.90066396540567,38.67480702883575],[-75.90085707509198,38.674719032625234],[-75.90199968701094,38.67476094241164],[-75.90199968701094,38.67484053106325],[-75.90090537462791,38.67479026840763],[-75.90071226500787,38.67488242043232],[-75.9005827865874,38.6750311413038],[-75.90214919274729,38.675902196574036],[-75.90240672863436,38.67702459826954],[-75.90596866924466,38.67730939376343],[-75.9098311100698,38.6731380930774],[-75.90891976615319,38.67044294565289]]]},"id":"379_00000000000000000000","properties":{"labeler":"mike","notes":"","point_id":710,"queue_index":8,"source_asset":"point_710_label","source_labeler":"mike","source_point_id":710,"status":"completed","timestamp":"2026-04-06 04:37:48"}},{"type":"Feature","geometry":{"type":"Polygon","coordinates":[[[-75.90243065658343,38.68118233968862],[-75.90339627886584,38.6801856426595],[-75.90556349894747,38.677765115939245],[-75.90584779178909,38.67744270428152],[-75.90570298684119,38.677346321287686],[-75.90268819195539,38.67711185346989],[-75.9014651162976,38.67720396716032],[-75.90123983738155,38.6774384854735],[-75.90090723571062,38.67739663229288],[-75.90082136001165,38.67723744546181],[-75.89970559152354,38.67720398135196],[-75.8992656625816,38.677329624796926],[-75.89852538420637,38.680554175360655],[-75.90217320936233,38.68137495457166],[-75.90243065658343,38.68118233968862]]]},"id":"380_00000000000000000000","properties":{"labeler":"mike","notes":"","point_id":724,"queue_index":70,"source_asset":"point_724_label","source_labeler":"mike","source_point_id":724,"status":"completed","timestamp":"2026-04-06 06:04:23"}},{"type":"Feature","geometry":{"type":"Polygon","coordinates":[[[-75.90175056951239,38.682136532719696],[-75.90164333630183,38.68238776958485],[-75.90175056951239,38.68259715263994],[-75.90212615097255,38.68283580981235],[-75.90221734320511,38.68310383111902],[-75.90171308220923,38.68346400398838],[-75.90126784217595,38.6837780124287],[-75.90117664932815,38.6839790704246],[-75.90145527918489,38.68447405516368],[-75.90185762539646,38.684578708367425],[-75.901997028342,38.684796417342845],[-75.90232111971663,38.685176308303866],[-75.90255712015774,38.68561392442935],[-75.90264565345433,38.6859132826357],[-75.90270201696548,38.68638023466049],[-75.90284682500226,38.686401113728955],[-75.90343695609077,38.686271307095545],[-75.90374269956185,38.686304847150176],[-75.90431129203,38.68638023261342],[-75.90481554371453,38.68690777772906],[-75.90502477661578,38.68692455172027],[-75.90536809159563,38.686836625071145],[-75.90594748911148,38.686685890463316],[-75.9066448366733,38.68622526058147],[-75.90694525602122,38.68596562887295],[-75.90427380540905,38.68420692636735],[-75.90585089348464,38.682531942450694],[-75.90580800146024,38.68234769150022],[-75.9031365292503,38.680940621498856],[-75.90281465529826,38.68092384417993],[-75.90175056951239,38.682136532719696]]]},"id":"381_00000000000000000000","properties":{"labeler":"mike","notes":"","point_id":731,"queue_index":41,"source_asset":"point_731_label","source_labeler":"mike","source_point_id":731,"status":"completed","timestamp":"2026-04-06 05:29:40"}},{"type":"Feature","geometry":{"type":"Polygon","coordinates":[[[-75.92818070630337,38.69219395191734],[-75.9241734525904,38.68833786286412],[-75.9231327440938,38.689342800843484],[-75.92227438637288,38.690314199543934],[-75.921984721578,38.69033097034306],[-75.92105130394381,38.68972801815405],[-75.92002926919989,38.68895513839338],[-75.91979320948428,38.688645344168286],[-75.91837702007881,38.68849460585307],[-75.91781911799008,38.688394100920455],[-75.91717543658721,38.687941897288134],[-75.91585572098329,38.68761524605119],[-75.91533006433971,38.68829357952575],[-75.91471844990252,38.688879765447226],[-75.91491162890266,38.68913100526405],[-75.91565190963888,38.689516249050484],[-75.91663897408895,38.690161086377856],[-75.91597375420056,38.69067186790147],[-75.91639218647349,38.69108222286394],[-75.91741415908167,38.691762674734875],[-75.91810072767598,38.69239908320066],[-75.91826173585495,38.692767568438185],[-75.9188732462492,38.69320302679443],[-75.91893757829928,38.69363007309481],[-75.91882504149812,38.69396326957682],[-75.91833156212944,38.69439870705729],[-75.91773077147442,38.69492628364024],[-75.91807405541718,38.69517745096324],[-75.91944736001749,38.69625769381654],[-75.9199515573929,38.695813855859505],[-75.92120690351736,38.69658426185538],[-75.92259089919409,38.69754324099774],[-75.92297714665565,38.69642961483333],[-75.92433968168717,38.695315862045575],[-75.92818070630337,38.69219395191734]]]},"id":"382_00000000000000000000","properties":{"labeler":"mike","notes":"","point_id":747,"queue_index":103,"source_asset":"point_747_label","source_labeler":"mike","source_point_id":747,"status":"completed","timestamp":"2026-04-06 19:07:55"}},{"type":"Feature","geometry":{"type":"Polygon","coordinates":[[[-75.95669929397324,38.707812463090654],[-75.95732153276046,38.708155705403634],[-75.95811553873509,38.70845712146851],[-75.95876992808135,38.70825621212636],[-75.95929568743615,38.7081976246907],[-75.95995565214677,38.708498974449085],[-75.96004149162277,38.708180858561],[-75.95977325415824,38.70761988335146],[-75.959869812618,38.707326900840755],[-75.95989125035872,38.70707570113026],[-75.95911878092905,38.7066235968043],[-75.95998780873684,38.70692498829286],[-75.96028829089535,38.70687480299397],[-75.9605886838217,38.70709245434965],[-75.96042772431872,38.707427355994305],[-75.96082467474413,38.70786270836991],[-75.96084611233819,38.708415278228415],[-75.96197264441375,38.70898456041333],[-75.96258422961557,38.708800431574396],[-75.96285246167706,38.708565941833555],[-75.96379658482437,38.70770364964756],[-75.96534155619851,38.70826461401207],[-75.96602815543731,38.707393845121395],[-75.96684354854249,38.707653446636016],[-75.96775548988138,38.70686642115652],[-75.96814178980014,38.70687480954807],[-75.96890349108995,38.707410596905284],[-75.96898932505974,38.70686638611601],[-75.96760534550579,38.70566921096789],[-75.96731559740708,38.7058868372408],[-75.96680067519434,38.70593707254324],[-75.96637149807988,38.7052505510908],[-75.9658136101474,38.70474821983582],[-75.96478366414611,38.70464775034747],[-75.9652127575646,38.704245816375625],[-75.96304557426862,38.70335830730043],[-75.96250911037251,38.702487533539625],[-75.96070667933279,38.703291338423256],[-75.96014876874713,38.703023440614224],[-75.95877550902507,38.70340859641734],[-75.95620054419629,38.7074273824546],[-75.95669929397324,38.707812463090654]]]},"id":"383_00000000000000000000","properties":{"labeler":"mike","notes":"","point_id":771,"queue_index":93,"source_asset":"point_771_label","source_labeler":"mike","source_point_id":771,"status":"completed","timestamp":"2026-04-06 18:52:07"}},{"type":"Feature","geometry":{"type":"Polygon","coordinates":[[[-75.81281787840359,38.71497524162037],[-75.81259263580407,38.71491666356531],[-75.81212051197207,38.714975227288896],[-75.81171285608309,38.7149083221247],[-75.81096183329578,38.71379489903374],[-75.81492609640597,38.7116601031453],[-75.8149368262992,38.711475973878244],[-75.81369233064997,38.71060524720595],[-75.81294131829141,38.710504844203264],[-75.81231897443455,38.71015321420568],[-75.81068825747525,38.70990203230156],[-75.81000161089149,38.71001921659703],[-75.80862830780507,38.710387624442816],[-75.80757690526117,38.710956899981475],[-75.80704047059639,38.71152617533506],[-75.80631088428963,38.7123465979761],[-75.80613919551467,38.71289913521982],[-75.80605335104975,38.713702781727505],[-75.80616065662285,38.71422181843269],[-75.80622122659254,38.7148463304482],[-75.80678985585932,38.715147706337554],[-75.80746578745112,38.71534864627234],[-75.80768039639189,38.71582576118572],[-75.80835632376393,38.71702289046183],[-75.80893567486471,38.71736607576472],[-75.8094077205623,38.71776785378453],[-75.80971881050415,38.71824502791421],[-75.81267998386228,38.7205218808089],[-75.81325931739505,38.71819483296134],[-75.81480434309799,38.715281639554405],[-75.8130233454566,38.714745890694424],[-75.81281787840359,38.71497524162037]]]},"id":"384_00000000000000000000","properties":{"labeler":"mike","notes":"","point_id":785,"queue_index":25,"source_asset":"point_785_label","source_labeler":"mike","source_point_id":785,"status":"completed","timestamp":"2026-04-06 05:07:37"}},{"type":"Feature","geometry":{"type":"Polygon","coordinates":[[[-75.87813079434135,38.718102963974985],[-75.87913930598529,38.71690593291728],[-75.87928945642608,38.716152544227455],[-75.87952549543255,38.716135761243955],[-75.87979370901049,38.714880075585526],[-75.87611374944625,38.714670771074275],[-75.87577045184761,38.714813150166485],[-75.87474046540662,38.71578422607565],[-75.8750194134226,38.71588461722045],[-75.87625317784797,38.71683058927468],[-75.87637124425727,38.71730778180047],[-75.87671454039571,38.71748353409984],[-75.87724025253961,38.71762581638252],[-75.87741194397589,38.71791048691876],[-75.87813079434135,38.718102963974985]]]},"id":"385_00000000000000000000","properties":{"labeler":"mike","notes":"","point_id":791,"queue_index":83,"source_asset":"point_791_label","source_labeler":"mike","source_point_id":791,"status":"completed","timestamp":"2026-04-06 18:31:37"}},{"type":"Feature","geometry":{"type":"Polygon","coordinates":[[[-75.81319316370801,38.71822505865751],[-75.81467372198986,38.71526168807655],[-75.81302148321878,38.71470923048172],[-75.81276396209721,38.71499381692061],[-75.81207732551043,38.71512776324138],[-75.81169112977393,38.71487665401164],[-75.81100448801983,38.71382186380904],[-75.81495269944557,38.71159498571009],[-75.81460934249945,38.71114286493975],[-75.81375103519231,38.71065730518307],[-75.81312878354878,38.71052334809388],[-75.81229192751111,38.71023872670101],[-75.81134776497075,38.70997086770947],[-75.8105108984781,38.70993734441126],[-75.80954535222803,38.71012149747531],[-75.80855825001555,38.71047315477705],[-75.80785022100666,38.71080800033514],[-75.80714209980167,38.71146099747771],[-75.80651981931761,38.71208054481164],[-75.80619799184878,38.712967893778654],[-75.80606922518507,38.71372135017294],[-75.80621936426587,38.714508282783115],[-75.80624845203174,38.71484976923405],[-75.80705306339888,38.71523487610048],[-75.80748228219936,38.71537716201571],[-75.80773972417846,38.71589622739945],[-75.80837272972829,38.71703047740516],[-75.80876966480976,38.71721468065561],[-75.8090486538194,38.71740720257289],[-75.80934910291177,38.717658307117],[-75.80950996884212,38.717942949968325],[-75.80994991051763,38.7184535713538],[-75.81254625706713,38.72046260926727],[-75.81319316370801,38.71822505865751]]]},"id":"386_00000000000000000000","properties":{"labeler":"mike","notes":"","point_id":797,"queue_index":3,"source_asset":"point_797_label","source_labeler":"mike","source_point_id":797,"status":"completed","timestamp":"2026-04-06 04:30:48"}},{"type":"Feature","geometry":{"type":"Polygon","coordinates":[[[-75.90881590589194,38.71781652160896],[-75.90883735144705,38.71870385716721],[-75.90866569829646,38.719206125323225],[-75.90888033116542,38.71954092548379],[-75.90836528262412,38.71990928018774],[-75.90525394876295,38.72680642920025],[-75.90791474653065,38.7275597908976],[-75.90806495492836,38.72712454167833],[-75.91319330123063,38.72777734914849],[-75.91285000535926,38.72690688620302],[-75.91274269199663,38.72608662695461],[-75.90847304241996,38.72536287358],[-75.90920263432551,38.72395670400509],[-75.91259293167562,38.72491091310671],[-75.91278602498281,38.71921894093432],[-75.91057593703378,38.71650676906601],[-75.90978201604204,38.71588729809096],[-75.90881590589194,38.71781652160896]]]},"id":"387_00000000000000000000","properties":{"labeler":"mike","notes":"","point_id":802,"queue_index":44,"source_asset":"point_802_label","source_labeler":"mike","source_point_id":802,"status":"completed","timestamp":"2026-04-06 05:34:47"}},{"type":"Feature","geometry":{"type":"Polygon","coordinates":[[[-75.8094843402689,38.73019845651064],[-75.81046070584185,38.73042445582468],[-75.81086836531111,38.73018174553535],[-75.81130821411644,38.730524889696675],[-75.81226310701325,38.72977995299064],[-75.81286390233977,38.73028213913216],[-75.81502709925329,38.728486416020694],[-75.81485542097329,38.72759922475252],[-75.81306369393674,38.72641071415941],[-75.81305296390248,38.726159591756506],[-75.81284918177606,38.7259586730862],[-75.81249508968594,38.72597545629024],[-75.811540198343,38.72486218972497],[-75.80849324699781,38.72715914120104],[-75.80910478854148,38.727586001223905],[-75.80850397737522,38.727937487100846],[-75.80897602450166,38.72819697245204],[-75.80941587914414,38.728230500694245],[-75.80998458435533,38.72866569404485],[-75.81075698402735,38.72925157825732],[-75.8094843402689,38.73019845651064]]]},"id":"388_00000000000000000000","properties":{"labeler":"mike","notes":"","point_id":815,"queue_index":66,"source_asset":"point_815_label","source_labeler":"mike","source_point_id":815,"status":"completed","timestamp":"2026-04-06 06:00:33"}},{"type":"Feature","geometry":{"type":"Polygon","coordinates":[[[-75.80524864536198,38.729311802750885],[-75.80351594980232,38.72797679565841],[-75.80318870582873,38.727717388145535],[-75.8020460952425,38.72842262512409],[-75.80234114931775,38.72864445652543],[-75.80242690733105,38.728824386619046],[-75.80215331514381,38.72895829913529],[-75.80203536437946,38.729100620568644],[-75.80171343811314,38.7291968408836],[-75.801434523447,38.72940191704241],[-75.80349448829642,38.73062805137187],[-75.80524864536198,38.729311802750885]]]},"id":"389_00000000000000000000","properties":{"labeler":"mike","notes":"","point_id":817,"queue_index":87,"source_asset":"point_817_label","source_labeler":"mike","source_point_id":817,"status":"completed","timestamp":"2026-04-06 18:36:37"}},{"type":"Feature","geometry":{"type":"Polygon","coordinates":[[[-75.82442616929015,38.734299168929155],[-75.8251234754697,38.73500216950353],[-75.82649679687418,38.73703577391785],[-75.82726928433837,38.73779735014972],[-75.82761261075368,38.737998189570604],[-75.83346295343772,38.73488255457501],[-75.83295871322827,38.734246535988305],[-75.83248665694278,38.73442139449834],[-75.8320574248385,38.73436278972515],[-75.83208961064132,38.73390251634172],[-75.83259394259989,38.73341707338996],[-75.83299089882699,38.733124160718475],[-75.8328514278465,38.73270570376536],[-75.83201451042338,38.73301537437769],[-75.8307699867499,38.73343381210239],[-75.83097383189079,38.73381046025422],[-75.82995460326366,38.73428750114118],[-75.82954690976706,38.733860668777005],[-75.83020136454897,38.73350081329505],[-75.829890230684,38.73308235206332],[-75.83038375304982,38.732822889642655],[-75.83052322645143,38.732337448082895],[-75.83021209329078,38.731567442340946],[-75.82934306258043,38.73179348049951],[-75.82906411332517,38.731492159782064],[-75.82746550896387,38.7323290658315],[-75.82433271014017,38.734069905082286],[-75.82442616929015,38.734299168929155]]]},"id":"390_00000000000000000000","properties":{"labeler":"mike","notes":"","point_id":828,"queue_index":95,"source_asset":"point_828_label","source_labeler":"mike","source_point_id":828,"status":"completed","timestamp":"2026-04-06 18:54:11"}},{"type":"Feature","geometry":{"type":"Polygon","coordinates":[[[-75.80907649948209,38.737732597649064],[-75.804892317325,38.73530560181125],[-75.80072947440522,38.74014269260767],[-75.80027886199284,38.74086240135576],[-75.80027886199284,38.74118042174784],[-75.80145908924392,38.74091262435266],[-75.80175946563205,38.740377027147595],[-75.80283237264871,38.740410534460935],[-75.80444171805306,38.74081216063165],[-75.80538583762679,38.74139797284565],[-75.80907649948209,38.737732597649064]]]},"id":"391_00000000000000000000","properties":{"labeler":"mike","notes":"","point_id":849,"queue_index":20,"source_asset":"point_849_label","source_labeler":"mike","source_point_id":849,"status":"completed","timestamp":"2026-04-06 04:57:34"}},{"type":"Feature","geometry":{"type":"Polygon","coordinates":[[[-75.9148682079579,38.739389661446076],[-75.91527592123921,38.738987971662894],[-75.91370948407383,38.73755695346495],[-75.91326959893426,38.73743139495876],[-75.91261517419493,38.73731426110325],[-75.91226115439599,38.73737281784073],[-75.91204652668938,38.73750673277927],[-75.91178909707135,38.73772431922022],[-75.91149941064813,38.737983702665666],[-75.91117755583682,38.7381678548671],[-75.91070540625569,38.73831847394899],[-75.91037282696692,38.73848587559895],[-75.91015287934712,38.73865743863078],[-75.9100616922596,38.73890846400701],[-75.91001880151966,38.73924319416853],[-75.90991148599521,38.73949427773486],[-75.90964864680068,38.73978294324485],[-75.90967009222875,38.73989179500598],[-75.90979885334593,38.73997548806028],[-75.91009926595493,38.740209778820656],[-75.9130174884782,38.74150682251579],[-75.91438012016958,38.74061148447072],[-75.91471268997412,38.74029343260094],[-75.91479846857564,38.740033987822144],[-75.91451951070043,38.739657409585696],[-75.9148682079579,38.739389661446076]]]},"id":"392_00000000000000000000","properties":{"labeler":"mike","notes":"","point_id":851,"queue_index":16,"source_asset":"point_851_label","source_labeler":"mike","source_point_id":851,"status":"completed","timestamp":"2026-04-06 04:53:18"}},{"type":"Feature","geometry":{"type":"Polygon","coordinates":[[[-75.84442909239496,38.7470119361069],[-75.84321668345925,38.74525471311989],[-75.84309867805831,38.74366477360816],[-75.84281532284068,38.74365760976772],[-75.83620631866388,38.744912843964414],[-75.83612049232653,38.745749625213456],[-75.83560553321367,38.745498548196736],[-75.83448969340141,38.74610105646401],[-75.83532659624817,38.74653620715488],[-75.83588446963151,38.74688764011544],[-75.83760107804054,38.75292039009595],[-75.83779418521382,38.753146282076166],[-75.84416710655164,38.752142294609385],[-75.84556187637722,38.751539861279774],[-75.84508977332789,38.747021460252974],[-75.84442909239496,38.7470119361069]]]},"id":"393_00000000000000000000","properties":{"labeler":"mike","notes":"","point_id":876,"queue_index":40,"source_asset":"point_876_label","source_labeler":"mike","source_point_id":876,"status":"completed","timestamp":"2026-04-06 05:27:44"}},{"type":"Feature","geometry":{"type":"Polygon","coordinates":[[[-75.78022095814534,38.75600007500542],[-75.7779035175319,38.75958085567111],[-75.77850436863538,38.759815052501416],[-75.7801780281361,38.75896175218805],[-75.78134751149395,38.75754782634762],[-75.78283877740277,38.75571557710116],[-75.78175516533642,38.75457771566654],[-75.78022095814534,38.75600007500542]]]},"id":"394_00000000000000000000","properties":{"labeler":"mike","notes":"","point_id":892,"queue_index":69,"source_asset":"point_892_label","source_labeler":"mike","source_point_id":892,"status":"completed","timestamp":"2026-04-06 06:03:40"}},{"type":"Feature","geometry":{"type":"Polygon","coordinates":[[[-75.96959317307265,38.758809603816644],[-75.96897090043497,38.75889324139064],[-75.96844517754359,38.75888487154444],[-75.96814480153573,38.75909401301956],[-75.96756539555915,38.75931994175433],[-75.96700751240317,38.76006449887314],[-75.96662129792327,38.7599975572361],[-75.96631011102859,38.760056160200094],[-75.96593461302284,38.75999757309391],[-75.96526945023793,38.75966294406823],[-75.96378887808406,38.76111860096393],[-75.96829494533038,38.76234000388638],[-75.9700974554656,38.76284194850912],[-75.9708162739555,38.76300090941969],[-75.97141710238837,38.76311806056768],[-75.9732731613582,38.76095126207757],[-75.97229686006102,38.760449332210925],[-75.97198568583644,38.760215093637456],[-75.97237197403102,38.759746587882084],[-75.97244699938284,38.75952068022166],[-75.97238269194091,38.75929485292749],[-75.9719642499548,38.75937845978522],[-75.97148141027593,38.75931157670105],[-75.97088067069903,38.75916099075951],[-75.97022616100804,38.75893507125826],[-75.97007593071429,38.75877606956561],[-75.96959317307265,38.758809603816644]]]},"id":"395_00000000000000000000","properties":{"labeler":"mike","notes":"","point_id":899,"queue_index":53,"source_asset":"point_899_label","source_labeler":"mike","source_point_id":899,"status":"completed","timestamp":"2026-04-06 05:45:23"}},{"type":"Feature","geometry":{"type":"Polygon","coordinates":[[[-75.93475696172163,38.77111489759779],[-75.93478912410728,38.77129893210243],[-75.93413471113757,38.7717840813382],[-75.93384498224208,38.77147457621055],[-75.93325489034511,38.77191794108765],[-75.93319056486199,38.772085236220654],[-75.93386642397292,38.77265401946365],[-75.9346175026968,38.77297187672712],[-75.9350358793548,38.77314755354662],[-75.93535776804227,38.773239545266044],[-75.93574398033016,38.773373386799406],[-75.93604442599609,38.77320357325713],[-75.93780393841054,38.77187360258041],[-75.9375786292027,38.77165608199117],[-75.93741773180369,38.77133829872922],[-75.9369349498971,38.77063558596842],[-75.93609368803729,38.76986819210963],[-75.93612585011599,38.7693077688745],[-75.93584693465336,38.76895643290265],[-75.93588981749886,38.768713834195864],[-75.93355091123053,38.76674802584721],[-75.9330359532149,38.76707422911874],[-75.93253171427375,38.766798211547844],[-75.93209179953513,38.76717462324453],[-75.93182359706215,38.76720813853118],[-75.93065411486889,38.768186816004985],[-75.93334703699128,38.77016932220536],[-75.93475696172163,38.77111489759779]]]},"id":"396_00000000000000000000","properties":{"labeler":"mike","notes":"","point_id":910,"queue_index":50,"source_asset":"point_910_label","source_labeler":"mike","source_point_id":910,"status":"completed","timestamp":"2026-04-06 05:41:28"}},{"type":"Feature","geometry":{"type":"Polygon","coordinates":[[[-75.85600758537991,38.77596565951135],[-75.8591618475288,38.7755725301551],[-75.85996651398887,38.77539689196504],[-75.86030984995503,38.7752881140278],[-75.86057801134278,38.77512084821867],[-75.86068536440388,38.77496190652898],[-75.86053510555487,38.77471937725913],[-75.86051365265605,38.7744600451642],[-75.85992360801563,38.77410877862773],[-75.85991288152029,38.77396654697873],[-75.86058873778772,38.774284372625964],[-75.86080335516408,38.774418253646935],[-75.86111450989029,38.77438481441431],[-75.8613933961377,38.77433456692168],[-75.86155438044744,38.77420077126592],[-75.86169382320651,38.7739581712036],[-75.8619191652515,38.77379925249077],[-75.86233758068566,38.773698913725646],[-75.86284180509922,38.7735650502704],[-75.86342119999195,38.77328902186676],[-75.86292761526359,38.77288754486937],[-75.862208864883,38.77170814539826],[-75.86101788356703,38.77196743989796],[-75.86069609084069,38.772134697418615],[-75.86020249660919,38.77229366149711],[-75.86008450534818,38.77215146317314],[-75.85989142852718,38.7720594489492],[-75.8593441988063,38.772101271003656],[-75.85880778219973,38.7719590371988],[-75.85833572326706,38.77165796630774],[-75.85805674234678,38.771557573539326],[-75.85778857618403,38.77137356875419],[-75.85668346028586,38.77114766314143],[-75.85673709397753,38.77160777856558],[-75.85664055331793,38.772009254445045],[-75.85637229582287,38.772243441487205],[-75.85597540500162,38.77241913472327],[-75.85539597963937,38.77250277102188],[-75.85506344727567,38.775990710550396],[-75.85600758537991,38.77596565951135]]]},"id":"397_00000000000000000000","properties":{"labeler":"mike","notes":"","point_id":919,"queue_index":0,"source_asset":"point_919_label","source_labeler":"mike","source_point_id":919,"status":"completed","timestamp":"2026-04-06 04:23:13"}},{"type":"Feature","geometry":{"type":"Polygon","coordinates":[[[-75.7303871629418,38.79219404389918],[-75.73002230837356,38.79272922509409],[-75.72944299337566,38.794568877275125],[-75.73005451711894,38.794836494398034],[-75.72962533277811,38.79630820281471],[-75.72985070573569,38.79637507435334],[-75.73172820850017,38.79605735484387],[-75.73149219106465,38.79678483483688],[-75.7317067362532,38.796935314324315],[-75.73752178303049,38.79681821174847],[-75.73724283223804,38.79554722485764],[-75.73776852626801,38.79370759062437],[-75.73809041864467,38.79317244557742],[-75.73838010342398,38.79279610405172],[-75.73826210019979,38.79258704289476],[-75.73744672189707,38.79252017961154],[-75.73722136081243,38.791366156515465],[-75.73180336133936,38.79192648288248],[-75.7303871629418,38.79219404389918]]]},"id":"398_00000000000000000000","properties":{"labeler":"mike","notes":"","point_id":957,"queue_index":17,"source_asset":"point_957_label","source_labeler":"mike","source_point_id":957,"status":"completed","timestamp":"2026-04-06 04:54:25"}},{"type":"Feature","geometry":{"type":"Polygon","coordinates":[[[-75.69404101162104,38.365178229941826],[-75.69396592790712,38.36381541615592],[-75.69148752226991,38.36386590021319],[-75.69153047870317,38.364370633559496],[-75.6913480912801,38.36449679929556],[-75.6894061613377,38.36458090661304],[-75.68936320427551,38.367886868015944],[-75.69414831203838,38.36774391133062],[-75.69404101162104,38.365178229941826]]]},"id":"399_00000000000000000000","properties":{"labeler":"mike","notes":"","point_id":96,"queue_index":80,"source_asset":"point_96_label","source_labeler":"mike","source_point_id":96,"status":"completed","timestamp":"2026-04-06 06:13:04"}},{"type":"Feature","geometry":{"type":"Polygon","coordinates":[[[-75.89305058887383,38.86379447685321],[-75.89362994845797,38.86382784860833],[-75.89684859897086,38.86342690533041],[-75.89867250077424,38.86310941396407],[-75.9002603750544,38.862741889578984],[-75.90071093566125,38.86247450155197],[-75.90219155415409,38.862123645859],[-75.90174090966454,38.860235593378725],[-75.90133324575636,38.85891559070072],[-75.90078467006855,38.85730944225897],[-75.90022678678459,38.85570532015359],[-75.89926123138059,38.853031744199875],[-75.89338179105718,38.85405105576936],[-75.88881136262353,38.854970067944436],[-75.88833922665314,38.85502022382037],[-75.8897554525613,38.85904719753429],[-75.89079339468859,38.86212334753075],[-75.89130833026562,38.86327624803835],[-75.89259583823376,38.863113397726856],[-75.89305058887383,38.86379447685321]]]},"id":"400_00000000000000000000","properties":{"labeler":"sienna","notes":"","point_id":1013,"queue_index":2,"source_asset":"point_1013_label","source_labeler":"sienna","source_point_id":1013,"status":"completed","timestamp":"2026-04-06 20:11:28"}},{"type":"Feature","geometry":{"type":"Polygon","coordinates":[[[-75.75345302235219,38.87226451131723],[-75.749826666331,38.87211417058443],[-75.74948341931385,38.87346734142406],[-75.75081372982363,38.87431935213996],[-75.75120000107376,38.87390172156423],[-75.75165059041029,38.87421908817958],[-75.75120000107376,38.87472023947679],[-75.75231578153814,38.875672423481475],[-75.7542846334292,38.87783145110306],[-75.75746039599998,38.87955205082909],[-75.75846887533683,38.87963555906039],[-75.75874778498051,38.87945176036642],[-75.76121545526814,38.874807908982625],[-75.75345302235219,38.87226451131723]]]},"id":"401_00000000000000000000","properties":{"labeler":"sienna","notes":"","point_id":1032,"queue_index":70,"source_asset":"point_1032_label","source_labeler":"sienna","source_point_id":1032,"status":"completed","timestamp":"2026-04-21 00:16:18"}},{"type":"Feature","geometry":{"type":"Polygon","coordinates":[[[-76.00327217515792,38.882063630972446],[-76.00440943343838,38.881913246127645],[-76.0054393517125,38.88196338308842],[-76.00631915976096,38.882213920013335],[-76.00698430333821,38.88136206029854],[-76.00745639305582,38.88064375745283],[-76.0078426712351,38.880409935401296],[-76.00829323919577,38.880176041062896],[-76.0072847725566,38.87959146018156],[-76.00606163826478,38.87907361754657],[-76.0051819171394,38.87865599098754],[-76.00406609612834,38.87812148016316],[-76.00321496662248,38.877754780420965],[-76.00274295102571,38.87750415490392],[-76.00242104078113,38.87735383416518],[-76.00190607139525,38.878189056239165],[-76.00145548268468,38.879057673318876],[-76.00094050971533,38.88007660649276],[-76.00048982930963,38.88107887828692],[-76.00029676867628,38.88152987340872],[-76.00061859528917,38.88173030100498],[-76.00100480395142,38.88149642668295],[-76.00141253144386,38.88126259083416],[-76.00177730661039,38.88109553034789],[-76.0020992183485,38.880961949401204],[-76.00250685406652,38.88101207271611],[-76.002828764112,38.8812125061611],[-76.00300039012534,38.88152989694309],[-76.00300039012534,38.88188064301362],[-76.0033007794168,38.88216461346549],[-76.00327217515792,38.882063630972446]]]},"id":"402_00000000000000000000","properties":{"labeler":"sienna","notes":"","point_id":1039,"queue_index":7,"source_asset":"point_1039_label","source_labeler":"sienna","source_point_id":1039,"status":"completed","timestamp":"2026-04-06 20:19:29"}},{"type":"Feature","geometry":{"type":"Polygon","coordinates":[[[-75.86125944925148,38.89157035544514],[-75.861345349023,38.888597487538284],[-75.85984329225394,38.88605874349414],[-75.85520839283006,38.885858335082425],[-75.8552513002318,38.88669340323098],[-75.85477922944614,38.88702749253763],[-75.85430715708759,38.89060171797799],[-75.85761163056355,38.891503531931754],[-75.86125944925148,38.891804161210786],[-75.86125944925148,38.89157035544514]]]},"id":"403_00000000000000000000","properties":{"labeler":"sienna","notes":"","point_id":1049,"queue_index":91,"source_asset":"point_1049_label","source_labeler":"sienna","source_point_id":1049,"status":"completed","timestamp":"2026-06-12 01:18:02"}},{"type":"Feature","geometry":{"type":"Polygon","coordinates":[[[-75.78243494061589,38.91307954294058],[-75.78231688488492,38.913279933648695],[-75.78167312021554,38.91347192085372],[-75.77976345131049,38.91355538252658],[-75.78008524960116,38.91433178952634],[-75.78032127594729,38.91607643124967],[-75.77981702527674,38.91711160990229],[-75.78123326886863,38.91706983589499],[-75.78217736435009,38.917420417637516],[-75.7826494984532,38.91712831567827],[-75.78277819752252,38.91674635487321],[-75.78400132073841,38.91617042077601],[-75.78430173381206,38.9146928300133],[-75.78361504908976,38.91351573857078],[-75.7825099782425,38.91310672009999],[-75.78243494061589,38.91307954294058]]]},"id":"404_00000000000000000000","properties":{"labeler":"sienna","notes":"","point_id":1081,"queue_index":67,"source_asset":"point_1081_label","source_labeler":"sienna","source_point_id":1081,"status":"completed","timestamp":"2026-04-20 21:55:35"}},{"type":"Feature","geometry":{"type":"Polygon","coordinates":[[[-75.9091501726022,38.918259198142124],[-75.90554524321544,38.91810887434168],[-75.89958001162533,38.91872665064573],[-75.89979456973226,38.920262557148355],[-75.90013789747255,38.920412745603855],[-75.90063144071009,38.92124747922044],[-75.90221929289262,38.921431157935416],[-75.90221929289262,38.92184845669072],[-75.90672539165875,38.921714941179744],[-75.90741210109724,38.92143111712151],[-75.90749788415448,38.920579683812996],[-75.90908574745238,38.919611464781454],[-75.9091501726022,38.918259198142124]]]},"id":"405_00000000000000000000","properties":{"labeler":"sienna","notes":"","point_id":1091,"queue_index":52,"source_asset":"point_1091_label","source_labeler":"sienna","source_point_id":1091,"status":"completed","timestamp":"2026-04-14 00:41:05"}},{"type":"Feature","geometry":{"type":"Polygon","coordinates":[[[-75.89925210310605,38.925898917610404],[-75.89367311007557,38.92643304941067],[-75.89470304692956,38.93437849933071],[-75.89556139574472,38.93461224864293],[-75.89676298667312,38.93441189578731],[-75.89590464518017,38.93184143814106],[-75.89976709638697,38.92693384158293],[-75.89955244961432,38.925898927144026],[-75.89925210310605,38.925898917610404]]]},"id":"406_00000000000000000000","properties":{"labeler":"sienna","notes":"","point_id":1104,"queue_index":82,"source_asset":"point_1104_label","source_labeler":"sienna","source_point_id":1104,"status":"completed","timestamp":"2026-06-12 01:11:46"}},{"type":"Feature","geometry":{"type":"Polygon","coordinates":[[[-75.83778292506905,38.9285741738822],[-75.8384267024636,38.92912503129336],[-75.8394351422778,38.929508912522145],[-75.83984289606526,38.929141712796614],[-75.84044366359112,38.929592369684514],[-75.8401647361274,38.93000973965565],[-75.84074404640076,38.93027680414785],[-75.84498639806556,38.92497241576963],[-75.84374181073645,38.92450501757879],[-75.8433127013051,38.924989127413724],[-75.8425616680186,38.924505014339545],[-75.84280273320273,38.924086285465805],[-75.8411075548541,38.92333501039586],[-75.8410217314788,38.92346860178294],[-75.8405497019873,38.924253174675705],[-75.83986302217318,38.923785725372575],[-75.8405497019873,38.92303457171823],[-75.83688042599593,38.92161552518089],[-75.8357012015509,38.92449629413508],[-75.83525052243525,38.92543113365343],[-75.83495012800685,38.92619901772919],[-75.83544363280386,38.92671652727219],[-75.83525052243525,38.92716721175833],[-75.83595868116728,38.92745098236495],[-75.83643072591863,38.927534438104246],[-75.83698859496614,38.92801856166427],[-75.83778292506905,38.9285741738822]]]},"id":"407_00000000000000000000","properties":{"labeler":"sienna","notes":"two fields","point_id":1105,"queue_index":17,"source_asset":"point_1105_label","source_labeler":"sienna","source_point_id":1105,"status":"completed","timestamp":"2026-04-06 20:58:00"}},{"type":"Feature","geometry":{"type":"Polygon","coordinates":[[[-75.74692212662369,38.94067513323301],[-75.74423986224221,38.939022800725915],[-75.74024880024456,38.94162641064147],[-75.74591356630215,38.94526768632343],[-75.74619258901949,38.945034068855136],[-75.74501235028195,38.94426633100736],[-75.7456775721031,38.943648876365586],[-75.74690065664122,38.94438321919647],[-75.74846706976342,38.94288118896884],[-75.74728684967954,38.942080046827265],[-75.74664319403986,38.94208012483428],[-75.74621397038824,38.94167954195987],[-75.74692212662369,38.94067513323301]]]},"id":"408_00000000000000000000","properties":{"labeler":"sienna","notes":"","point_id":1133,"queue_index":42,"source_asset":"point_1133_label","source_labeler":"sienna","source_point_id":1133,"status":"completed","timestamp":"2026-04-14 00:06:26"}},{"type":"Feature","geometry":{"type":"Polygon","coordinates":[[[-75.82169100069896,38.98069040321105],[-75.8202532559812,38.98190804593314],[-75.82149787165568,38.98272534445976],[-75.82109015392615,38.98299222156167],[-75.81984562336132,38.982258263119036],[-75.81769296327086,38.98431440329306],[-75.81844403925882,38.984864895596736],[-75.81870155011435,38.9854653368405],[-75.82142666744735,38.98561542327225],[-75.82354220643077,38.98684946000943],[-75.8237997080652,38.98231269527576],[-75.82169100069896,38.98069040321105]]]},"id":"409_00000000000000000000","properties":{"labeler":"sienna","notes":"","point_id":1178,"queue_index":36,"source_asset":"point_1178_label","source_labeler":"sienna","source_point_id":1178,"status":"completed","timestamp":"2026-04-14 00:00:46"}},{"type":"Feature","geometry":{"type":"Polygon","coordinates":[[[-75.88400466627894,38.98351566134578],[-75.88140829789158,38.98441636681545],[-75.8816657830473,38.985383762769715],[-75.88224510077147,38.98526703043342],[-75.8824811348356,38.98553391238513],[-75.88267426943705,38.98611764361879],[-75.88215930233564,38.98668474243133],[-75.8823095381988,38.987585384752],[-75.88329657054722,38.98741860638385],[-75.8837686347632,38.98653464192432],[-75.8863435993719,38.985066928718446],[-75.88400466627894,38.98351566134578]]]},"id":"410_00000000000000000000","properties":{"labeler":"sienna","notes":"","point_id":1186,"queue_index":85,"source_asset":"point_1186_label","source_labeler":"sienna","source_point_id":1186,"status":"completed","timestamp":"2026-06-12 01:13:26"}},{"type":"Feature","geometry":{"type":"Polygon","coordinates":[[[-76.06501366693227,38.99343085384353],[-76.06188078414326,38.99186319070829],[-76.06020711637677,38.991729755867276],[-76.05677385171612,38.994364798641605],[-76.05728888228316,38.995332071047024],[-76.05823298195496,38.99543209864333],[-76.05630184194875,39.000234887608784],[-76.05806133599829,39.00083521391211],[-76.05909129705023,38.99823374147586],[-76.06020711637677,38.99503188189569],[-76.06183794020193,38.99569891124291],[-76.05904836371809,39.00090189330167],[-76.06398366169121,39.000668411368906],[-76.06467030320272,38.993497542675705],[-76.06501366693227,38.99343085384353]]]},"id":"411_00000000000000000000","properties":{"labeler":"sienna","notes":"","point_id":1202,"queue_index":53,"source_asset":"point_1202_label","source_labeler":"sienna","source_point_id":1202,"status":"completed","timestamp":"2026-04-14 00:43:11"}},{"type":"Feature","geometry":{"type":"Polygon","coordinates":[[[-75.8709432784148,38.99589165725924],[-75.87223070624954,38.99704239271421],[-75.87255256137587,38.997459309696474],[-75.87482706610479,38.999477104642],[-75.87502021117592,38.99918030509497],[-75.87617889878014,38.99672886291204],[-75.87620034930255,38.99517794704453],[-75.87607164611924,38.994060584925776],[-75.87525625731779,38.99354359571245],[-75.87521335598299,38.99297654238264],[-75.87486996755689,38.99280975551125],[-75.87190885039024,38.9911086470477],[-75.8675958579873,38.99185914269919],[-75.86757440615897,38.99235998900268],[-75.86705938401423,38.9927769598004],[-75.86465612938377,38.99336062131603],[-75.8651711602786,38.994861585998194],[-75.86579344983953,38.996195738593855],[-75.86617967575866,38.99712966537486],[-75.86547157932722,38.997396424154886],[-75.86680196088298,38.99808016672311],[-75.86796062721486,38.99741310782788],[-75.8709432784148,38.99589165725924]]]},"id":"412_00000000000000000000","properties":{"labeler":"sienna","notes":"","point_id":1204,"queue_index":5,"source_asset":"point_1204_label","source_labeler":"sienna","source_point_id":1204,"status":"completed","timestamp":"2026-04-06 20:16:10"}},{"type":"Feature","geometry":{"type":"Polygon","coordinates":[[[-76.06389169023964,39.00067301703255],[-76.06487876465661,38.99340214976315],[-76.06238959918676,38.99186780039077],[-76.06114508808358,38.99196789089974],[-76.06032971874204,38.99156758312726],[-76.05723975174327,38.993468841145095],[-76.05681067761643,38.99460291070873],[-76.05719690635723,38.99516993262762],[-76.05818394027489,38.99587031315629],[-76.05625271105667,39.0002394591138],[-76.05814100665977,39.00093987985052],[-76.06015807540008,38.99516987580419],[-76.06191760867722,38.99570358504035],[-76.05887061072838,39.00100652792002],[-76.06389169023964,39.00067301703255]]]},"id":"413_00000000000000000000","properties":{"labeler":"sienna","notes":"","point_id":1210,"queue_index":93,"source_asset":"point_1210_label","source_labeler":"sienna","source_point_id":1210,"status":"completed","timestamp":"2026-06-12 01:19:26"}},{"type":"Feature","geometry":{"type":"Polygon","coordinates":[[[-76.03303999131039,39.00359800292492],[-76.03346913939839,39.003064387810966],[-76.03458490047997,39.00373144411441],[-76.03561485983886,39.00319784180383],[-76.03690236463758,39.00379811784471],[-76.03891939003374,39.00406492839773],[-76.04007804632924,39.00486529757436],[-76.03999225634018,39.004131609369495],[-76.04115099216256,39.00406487796011],[-76.04226677969417,39.004665211932775],[-76.04385461221848,39.00146355378616],[-76.04333961997546,39.001130042785775],[-76.04033559304514,38.99996281016082],[-76.04269589910126,38.99962929648255],[-76.04136550950118,38.997761549995715],[-76.04436960253878,38.99839528311982],[-76.04265296066076,38.99485985414068],[-76.04016392479943,38.99312544188765],[-76.03445616608732,38.99189122924654],[-76.03145212293988,38.99289195794704],[-76.03007877119414,38.9964608201189],[-76.03145212293988,38.9983952573401],[-76.02844801448227,39.000329671909356],[-76.03218169113514,39.00466521037959],[-76.03303999131039,39.00359800292492]]]},"id":"414_00000000000000000000","properties":{"labeler":"sienna","notes":"","point_id":1211,"queue_index":64,"source_asset":"point_1211_label","source_labeler":"sienna","source_point_id":1211,"status":"completed","timestamp":"2026-04-20 21:28:31"}},{"type":"Feature","geometry":{"type":"Polygon","coordinates":[[[-75.80501948875738,38.997442236339324],[-75.79471983211302,38.99407352577609],[-75.79265991809956,39.001244319068725],[-75.80150050521691,39.003906973906055],[-75.80501948875738,38.997442236339324]]]},"id":"415_00000000000000000000","properties":{"labeler":"sienna","notes":"","point_id":1212,"queue_index":44,"source_asset":"point_1212_label","source_labeler":"sienna","source_point_id":1212,"status":"completed","timestamp":"2026-04-14 00:07:56"}},{"type":"Feature","geometry":{"type":"Polygon","coordinates":[[[-75.94971849548043,39.00492929092605],[-75.94892461896539,39.004729200651845],[-75.94819505655903,39.00406226272412],[-75.9471650691991,39.003345194661755],[-75.94592049839972,39.003045040420524],[-75.94407515019765,39.00294503020381],[-75.94383913098481,39.002544795533346],[-75.9423370684509,39.002461433554075],[-75.94182214274782,39.00602983429594],[-75.94207960583621,39.006210312567376],[-75.94207960583621,39.00671051689727],[-75.94177917312224,39.006843967021254],[-75.94171485155498,39.00737748367759],[-75.94162900082202,39.00802780887082],[-75.9412212755694,39.00806111952575],[-75.94158957502918,39.00982476786777],[-75.94605277001084,39.008674311018765],[-75.95058740459183,39.00674564643432],[-75.94985785086371,39.00492816782775],[-75.94971849548043,39.00492929092605]]]},"id":"416_00000000000000000000","properties":{"labeler":"sienna","notes":"","point_id":1228,"queue_index":46,"source_asset":"point_1228_label","source_labeler":"sienna","source_point_id":1228,"status":"completed","timestamp":"2026-04-14 00:09:47"}},{"type":"Feature","geometry":{"type":"Polygon","coordinates":[[[-75.95083652394835,39.01099313752253],[-75.94062262075897,39.01059300763006],[-75.94071245901281,39.0114713264753],[-75.94088407295283,39.01270510155224],[-75.94260073235817,39.014338961758256],[-75.94586229176362,39.01433901521702],[-75.9468493206514,39.017406628583444],[-75.95032543898581,39.01724491359216],[-75.95281457966259,39.01697821081581],[-75.95118380196894,39.01404391735481],[-75.95624776161385,39.01327693577143],[-75.95504614867056,39.01037583397054],[-75.95083652394835,39.01099313752253]]]},"id":"417_00000000000000000000","properties":{"labeler":"sienna","notes":"","point_id":1237,"queue_index":100,"source_asset":"point_1237_label","source_labeler":"sienna","source_point_id":1237,"status":"completed","timestamp":"2026-06-12 01:24:45"}},{"type":"Feature","geometry":{"type":"Polygon","coordinates":[[[-76.0566415085556,39.01700784940148],[-76.04853053338071,39.018658339038694],[-76.0485090208059,39.019608557815026],[-76.05282200358485,39.02034208973596],[-76.05486048477985,39.020108723710564],[-76.05537552250323,39.02040880504689],[-76.05582611253782,39.0204754697868],[-76.05754267886498,39.01870832357728],[-76.0574998335732,39.01799145413737],[-76.0566415085556,39.01700784940148]]]},"id":"418_00000000000000000000","properties":{"labeler":"sienna","notes":"","point_id":1242,"queue_index":61,"source_asset":"point_1242_label","source_labeler":"sienna","source_point_id":1242,"status":"completed","timestamp":"2026-04-20 21:25:43"}},{"type":"Feature","geometry":{"type":"Polygon","coordinates":[[[-76.13147265672494,39.03244277793877],[-76.1317516198389,39.03220944206301],[-76.13211640328382,39.032376165705664],[-76.13237395414075,39.033109561419444],[-76.13308201741927,39.03369291398627],[-76.13385448610505,39.03427631124317],[-76.13475567928975,39.03469296459999],[-76.1356140456555,39.03497631297831],[-76.13647231813874,39.03527634166102],[-76.13760962480049,39.034759673275346],[-76.13853229157964,39.034176264566014],[-76.13737358247215,39.033576229263325],[-76.1374110944737,39.033034606493004],[-76.13629528495214,39.03268452419712],[-76.13571596634887,39.0323512164898],[-76.13483619007346,39.0318844739503],[-76.13419245636649,39.03153440461551],[-76.13369894872393,39.03120106693635],[-76.13301229949396,39.03090105539006],[-76.13245437785719,39.03056765732225],[-76.13183213239799,39.030167648469806],[-76.13146734819202,39.02995089962032],[-76.13123129521912,39.029550861686424],[-76.13125279481342,39.02915086935346],[-76.13095233103996,39.028700751259606],[-76.13054463355307,39.02866742882378],[-76.1301369348465,39.02856738317453],[-76.12977223457945,39.02870078759242],[-76.12968632372436,39.028867475478336],[-76.12942885626477,39.028784091111156],[-76.12921429967696,39.028750760563945],[-76.12887100843396,39.02890079361255],[-76.12852762784897,39.02880078622665],[-76.1278195409075,39.028962386864485],[-76.12700412597374,39.029412465868475],[-76.12670374131362,39.02961246467344],[-76.12616729424946,39.0295791769496],[-76.12556652058063,39.02984588262159],[-76.12498715636788,39.030312595533296],[-76.12445070255127,39.030695996164845],[-76.12354944123271,39.03131271009019],[-76.12417172449753,39.0320127893619],[-76.12496565578545,39.03329620078275],[-76.12556652058063,39.03327953941713],[-76.12676815375009,39.03329621224624],[-76.12728309823329,39.03317950283429],[-76.12784104103994,39.03359625275706],[-76.1283130698426,39.03407955682451],[-76.12882809696781,39.03439630785599],[-76.12947176754182,39.03411294122168],[-76.1299438791741,39.0341129298844],[-76.13026575644462,39.03442959681566],[-76.13101674146887,39.03474628015157],[-76.13221841506929,39.035112942225474],[-76.13296938933182,39.03457963210745],[-76.13219691562738,39.03367958153148],[-76.13153175837748,39.03324623328109],[-76.13120988409716,39.03299620385982],[-76.1307377768505,39.0330794825847],[-76.13037298971501,39.03297947262073],[-76.13060904417466,39.03234611685846],[-76.13147265672494,39.03244277793877]]]},"id":"419_00000000000000000000","properties":{"labeler":"sienna","notes":"","point_id":1259,"queue_index":12,"source_asset":"point_1259_label","source_labeler":"sienna","source_point_id":1259,"status":"completed","timestamp":"2026-04-06 20:49:38"}},{"type":"Feature","geometry":{"type":"Polygon","coordinates":[[[-75.89516789420097,39.03442848323077],[-75.89606913518894,39.03386185735944],[-75.89564000729526,39.03219499317129],[-75.89628369864549,39.03152829170895],[-75.8956829024182,39.030828245285164],[-75.88585523540169,39.033295138466116],[-75.88581233728794,39.0373952705835],[-75.89044720802633,39.03606195115852],[-75.89435252714334,39.03726197502992],[-75.89516789420097,39.03442848323077]]]},"id":"420_00000000000000000000","properties":{"labeler":"sienna","notes":"","point_id":1262,"queue_index":73,"source_asset":"point_1262_label","source_labeler":"sienna","source_point_id":1262,"status":"completed","timestamp":"2026-06-12 01:06:20"}},{"type":"Feature","geometry":{"type":"Polygon","coordinates":[[[-75.768249107462,39.03844889089469],[-75.76552404059018,39.03723220523835],[-75.76528798988177,39.03776552678103],[-75.7630563556397,39.03659886903702],[-75.76065312078929,39.03791557910514],[-75.76320653984938,39.03918222264573],[-75.76453698944239,39.03971556227226],[-75.76533092434991,39.03924347075108],[-75.76638228256574,39.03984347954359],[-75.768249107462,39.03844889089469]]]},"id":"421_00000000000000000000","properties":{"labeler":"sienna","notes":"","point_id":1270,"queue_index":55,"source_asset":"point_1270_label","source_labeler":"sienna","source_point_id":1270,"status":"completed","timestamp":"2026-04-14 00:46:07"}},{"type":"Feature","geometry":{"type":"Polygon","coordinates":[[[-75.76339974765652,39.039220234251125],[-75.76395763595792,39.03940358931734],[-75.7647301067509,39.039770240224854],[-75.76541670454016,39.03923689086322],[-75.76565275503688,39.039303598824986],[-75.76584587084409,39.0395868845549],[-75.76638237127267,39.03983686534108],[-75.76788434890695,39.03887021309059],[-75.7682062625728,39.03842026897726],[-75.7655025733866,39.03723686809483],[-75.76515927510793,39.03773692536156],[-75.76314222589814,39.03653688104624],[-75.76256286678483,39.037036861580006],[-75.76054586980808,39.03803687454712],[-75.75666198193404,39.039703595440216],[-75.7567907930368,39.039836893865896],[-75.75930134450145,39.04208678272151],[-75.76131835895715,39.043870021094435],[-75.76245561722996,39.04308677568677],[-75.76299204162117,39.04275345791129],[-75.76294910645348,39.04243675982095],[-75.76275598674904,39.041720133525175],[-75.76288470367783,39.04120354104781],[-75.76172606974495,39.03997024363204],[-75.76189772309199,39.039836914323196],[-75.76312075833835,39.03927025169535],[-75.76339974765652,39.039220234251125]]]},"id":"422_00000000000000000000","properties":{"labeler":"sienna","notes":"","point_id":1272,"queue_index":20,"source_asset":"point_1272_label","source_labeler":"sienna","source_point_id":1272,"status":"completed","timestamp":"2026-04-07 22:16:49"}},{"type":"Feature","geometry":{"type":"Polygon","coordinates":[[[-76.02842570189952,39.047985694423204],[-76.03027108198893,39.047152501608956],[-76.03065729650602,39.04625258900385],[-76.02962730018744,39.045002704940664],[-76.02898360392895,39.045086041514125],[-76.0276103161975,39.044219417902],[-76.02649449880327,39.042836188151796],[-76.02587141862737,39.043102194252654],[-76.02359689095447,39.04326890371783],[-76.02323208468617,39.04333554873757],[-76.02589284618608,39.045685350158486],[-76.02806011148941,39.04665213895956],[-76.02842570189952,39.047985694423204]]]},"id":"423_00000000000000000000","properties":{"labeler":"sienna","notes":"","point_id":1286,"queue_index":43,"source_asset":"point_1286_label","source_labeler":"sienna","source_point_id":1286,"status":"completed","timestamp":"2026-04-14 00:07:18"}},{"type":"Feature","geometry":{"type":"Polygon","coordinates":[[[-76.02829094090663,39.046937067051346],[-76.02828022731353,39.04715367382336],[-76.02829094090663,39.047503680629866],[-76.0282587115827,39.047686937734866],[-76.0283445974018,39.047978629615905],[-76.02854842105997,39.04809523580589],[-76.0287522444176,39.04802856207084],[-76.02903123932562,39.04792026521165],[-76.02929943161496,39.04777859779359],[-76.02959985240268,39.047586959347974],[-76.02979296073401,39.04746196611122],[-76.03014703624447,39.04730368451157],[-76.03039379951093,39.04705372367974],[-76.03049030888532,39.04694536028446],[-76.03034014381126,39.04686203802808],[-76.03012552080423,39.046778747755866],[-76.02985733011784,39.04664541704185],[-76.02959985240268,39.046537099467734],[-76.02936380122863,39.04653707018797],[-76.02912774965145,39.04644547619983],[-76.02893464039073,39.0462954659279],[-76.0285591346323,39.046270427330136],[-76.02814068490093,39.04625380888898],[-76.02788320398817,39.04632877125315],[-76.02760429530571,39.046470460180245],[-76.02777589061886,39.046528785208864],[-76.02793686064159,39.04665374836742],[-76.02818362785382,39.046770436706645],[-76.02829094090663,39.046937067051346]]]},"id":"424_00000000000000000000","properties":{"labeler":"sienna","notes":"","point_id":1291,"queue_index":23,"source_asset":"point_1291_label","source_labeler":"sienna","source_point_id":1291,"status":"completed","timestamp":"2026-04-07 22:22:35"}},{"type":"Feature","geometry":{"type":"Polygon","coordinates":[[[-75.6659452769428,38.39458177913068],[-75.6647650939811,38.39545630104102],[-75.66300558720697,38.397810675142544],[-75.66412142641889,38.39799568432915],[-75.66394974574729,38.39850018786375],[-75.66933557558072,38.399391431719295],[-75.67062303928658,38.39530492759565],[-75.6659452769428,38.39458177913068]]]},"id":"425_00000000000000000000","properties":{"labeler":"sienna","notes":"","point_id":130,"queue_index":40,"source_asset":"point_130_label","source_labeler":"sienna","source_point_id":130,"status":"completed","timestamp":"2026-04-14 00:04:32"}},{"type":"Feature","geometry":{"type":"Polygon","coordinates":[[[-75.86355736099334,39.081445608017205],[-75.86274198866491,39.081445618858034],[-75.86458734026174,39.08467690791919],[-75.86495211724765,39.08432708828283],[-75.86563876415732,39.0838940635717],[-75.86516672800698,39.08311122695314],[-75.86628250368881,39.082728110784885],[-75.86675453611589,39.083544295288874],[-75.8678703879164,39.08326113695737],[-75.86750561845608,39.082245150296714],[-75.86772013669736,39.08167880570256],[-75.86855702065905,39.080912611234616],[-75.86795619503063,39.07997978494409],[-75.86735536684951,39.07891378188748],[-75.86700637474384,39.07800985292721],[-75.86696347090508,39.07739359627906],[-75.86638417916349,39.07694383432537],[-75.86569753587199,39.076210841620174],[-75.86533267216274,39.0750173076459],[-75.86526831563825,39.07476742617954],[-75.86496789615802,39.07470079430761],[-75.86445295316912,39.074817415352065],[-75.86262905240119,39.07625002302658],[-75.8625003368636,39.07641657024078],[-75.86355736099334,39.081445608017205]]]},"id":"426_00000000000000000000","properties":{"labeler":"sienna","notes":"","point_id":1311,"queue_index":22,"source_asset":"point_1311_label","source_labeler":"sienna","source_point_id":1311,"status":"completed","timestamp":"2026-04-07 22:19:53"}},{"type":"Feature","geometry":{"type":"Polygon","coordinates":[[[-75.93153466082067,39.08716244627515],[-75.93069779674154,39.08601322443979],[-75.93057977591033,39.08597163210676],[-75.92992534328172,39.08624646370441],[-75.92966785784915,39.085921655790266],[-75.92957127853877,39.08587170509254],[-75.92902414219854,39.086179795659525],[-75.92882026137407,39.0862547626043],[-75.92859493771901,39.08600496432769],[-75.92855205264101,39.085813388798265],[-75.92873440273736,39.085696818751224],[-75.92858421645073,39.08545530016962],[-75.9253763052828,39.0869376668323],[-75.92564452008999,39.08705418491811],[-75.92582696257455,39.08727908668193],[-75.92589129143676,39.08757053391635],[-75.92618094816562,39.087653837304146],[-75.92634194707378,39.0878369896884],[-75.9262775298113,39.08794526606204],[-75.92650285719027,39.088128439916154],[-75.9264384400017,39.08818676904811],[-75.9266316028719,39.088403241786246],[-75.92646502206384,39.08861617467634],[-75.92663674206389,39.08873277183303],[-75.92667962772768,39.08908251497684],[-75.92678693043644,39.089132457236836],[-75.92713028083145,39.08906588304758],[-75.92755940118835,39.089065853681284],[-75.92805293670853,39.089199096955234],[-75.9284713329648,39.08928236897398],[-75.92879323673144,39.08900752864439],[-75.9291687458891,39.08882434979817],[-75.92963002357678,39.08850792570163],[-75.93013427295823,39.08814985935622],[-75.93052058824885,39.08789171199166],[-75.9309282560511,39.0876001804862],[-75.93153466082067,39.08716244627515]]]},"id":"427_00000000000000000000","properties":{"labeler":"sienna","notes":"","point_id":1322,"queue_index":14,"source_asset":"point_1322_label","source_labeler":"sienna","source_point_id":1322,"status":"completed","timestamp":"2026-04-06 20:52:43"}},{"type":"Feature","geometry":{"type":"Polygon","coordinates":[[[-75.94521298047754,39.09890650823578],[-75.94517001189341,39.09967256076618],[-75.94534170896088,39.10033861492896],[-75.94495543456026,39.103535747489346],[-75.94577086211281,39.10383548842544],[-75.95287499815761,39.10046420199334],[-75.95334709426673,39.09953167681],[-75.95253162231617,39.09783311541881],[-75.95356165871904,39.097633253034616],[-75.95557865476788,39.0966007615219],[-75.95519240865764,39.09636764211819],[-75.95579321579241,39.09570153230982],[-75.95090084132033,39.09220427186758],[-75.9471672840433,39.09438919533978],[-75.94690974172494,39.095821381135494],[-75.94742473729372,39.09638756902957],[-75.94712431605961,39.09838586919684],[-75.94521298047754,39.09890650823578]]]},"id":"428_00000000000000000000","properties":{"labeler":"sienna","notes":"","point_id":1328,"queue_index":96,"source_asset":"point_1328_label","source_labeler":"sienna","source_point_id":1328,"status":"completed","timestamp":"2026-06-12 01:21:28"}},{"type":"Feature","geometry":{"type":"Polygon","coordinates":[[[-75.84008538444431,39.152812245001726],[-75.83978491157983,39.15232134237924],[-75.83943088652433,39.15153929647606],[-75.83924850963612,39.15148104541487],[-75.83898030790441,39.15148106575391],[-75.83863692028665,39.151481057961725],[-75.83818633914754,39.15148936309478],[-75.83745673513349,39.151472687426704],[-75.83666284652274,39.15147273394675],[-75.83630881368475,39.15143941787492],[-75.8357615816268,39.151456082186066],[-75.83526807793416,39.15144778670005],[-75.83479602931983,39.15144774352973],[-75.83447417709274,39.15145606460531],[-75.83433470756795,39.15153929850932],[-75.8341094103541,39.15165573952443],[-75.83393775509428,39.151755617873],[-75.83377682809989,39.151880401726835],[-75.83364799770801,39.152005182763126],[-75.83346561339539,39.152129959547494],[-75.83327250033868,39.15221317579626],[-75.83304720144086,39.15234634398939],[-75.8328433592732,39.15240457518318],[-75.83262878825455,39.1525459938041],[-75.83248931691874,39.15262922276951],[-75.83234984544606,39.15272902723821],[-75.8321352736824,39.15283721416687],[-75.83202798767911,39.15291204656028],[-75.83195288742863,39.15303684893143],[-75.83181341542961,39.15327812900679],[-75.83194215881817,39.15328641580309],[-75.83209235929081,39.15318661625516],[-75.83228547395098,39.153169940963615],[-75.83259660257382,39.15318660630336],[-75.83272534525302,39.15319496987758],[-75.8330150158549,39.15330306689834],[-75.83320812926146,39.15334467736545],[-75.83335832839627,39.15335296834664],[-75.83365872618971,39.153386281038955],[-75.83421669478619,39.15343624951605],[-75.83481748610906,39.15343617660915],[-75.83558992836291,39.15341956826093],[-75.83642682472878,39.15345286388942],[-75.83672721603484,39.15341955254411],[-75.83701687847838,39.15346117941576],[-75.8371778018029,39.15346114033142],[-75.83756410570057,39.15343618471183],[-75.8379503198851,39.15351938820988],[-75.83810051400657,39.153477788534644],[-75.83846527049747,39.15347779407616],[-75.83876565749239,39.15348611077802],[-75.83944161456928,39.153469461016755],[-75.84050377566824,39.1534777896551],[-75.84008538444431,39.152812245001726]]]},"id":"429_00000000000000000000","properties":{"labeler":"sienna","notes":"","point_id":1350,"queue_index":25,"source_asset":"point_1350_label","source_labeler":"sienna","source_point_id":1350,"status":"completed","timestamp":"2026-04-07 22:29:47"}},{"type":"Feature","geometry":{"type":"Polygon","coordinates":[[[-75.8418969856163,39.156975903355956],[-75.84217590967648,39.15626041855926],[-75.84290548944033,39.156227185576526],[-75.84337751109784,39.15516223135889],[-75.84069528300084,39.15364806186013],[-75.83923618566682,39.15745846490701],[-75.8400301485538,39.15792431002993],[-75.8409742980828,39.15799090450784],[-75.84131759138737,39.15825710933282],[-75.8415536050527,39.159188846544176],[-75.84303422277534,39.15955490121492],[-75.84327023358627,39.158024150453194],[-75.8425621113165,39.15780782695559],[-75.84266938936334,39.15742514238391],[-75.8418969856163,39.156975903355956]]]},"id":"430_00000000000000000000","properties":{"labeler":"sienna","notes":"","point_id":1355,"queue_index":81,"source_asset":"point_1355_label","source_labeler":"sienna","source_point_id":1355,"status":"completed","timestamp":"2026-06-12 01:10:56"}},{"type":"Feature","geometry":{"type":"Polygon","coordinates":[[[-75.37859446690818,38.40213639678113],[-75.37891634126292,38.40228780788232],[-75.37885194865851,38.40248953626858],[-75.3825426503483,38.404305645663726],[-75.38267143240178,38.40349849869153],[-75.38359407079876,38.40413748441388],[-75.38307912293399,38.40457469578011],[-75.38359407079876,38.40514634879438],[-75.38977393149429,38.40415432934616],[-75.38816457901696,38.40302768068274],[-75.38374428583143,38.40085839769492],[-75.38215648140911,38.40035397673337],[-75.37885194865851,38.400471661747495],[-75.37859446690818,38.40213639678113]]]},"id":"431_00000000000000000000","properties":{"labeler":"sienna","notes":"","point_id":135,"queue_index":62,"source_asset":"point_135_label","source_labeler":"sienna","source_point_id":135,"status":"completed","timestamp":"2026-04-20 21:26:57"}},{"type":"Feature","geometry":{"type":"Polygon","coordinates":[[[-75.87705189695512,39.20666196011943],[-75.87773857372622,39.20396836721604],[-75.87683730423957,39.20400163631329],[-75.86301856688925,39.202870897000764],[-75.8641343595121,39.20586383461155],[-75.86370522318242,39.21028655121799],[-75.86537894501761,39.21051929965501],[-75.8652501433361,39.21121761257253],[-75.87276033526803,39.21198240894998],[-75.87353283662891,39.20938872833204],[-75.87409073687868,39.208790154176256],[-75.8751207280566,39.209056231554314],[-75.87696609536324,39.20809188843972],[-75.87696609536324,39.206927995358356],[-75.87705189695512,39.20666196011943]]]},"id":"432_00000000000000000000","properties":{"labeler":"sienna","notes":"","point_id":1396,"queue_index":47,"source_asset":"point_1396_label","source_labeler":"sienna","source_point_id":1396,"status":"completed","timestamp":"2026-04-14 00:10:30"}},{"type":"Feature","geometry":{"type":"Polygon","coordinates":[[[-76.01188179069031,39.22332526723472],[-76.0120963534423,39.223425024386266],[-76.01258994391829,39.2225938812943],[-76.01314782124132,39.22218659050719],[-76.01412410115076,39.22176275471139],[-76.01482152828116,39.22159647048103],[-76.01569056220086,39.221621447474604],[-76.01649521509556,39.22175445162474],[-76.01701021883008,39.221912317608556],[-76.01712825500766,39.221870794278885],[-76.01701021883008,39.221721141744176],[-76.01716039837542,39.22162971726601],[-76.0179006678104,39.221704535805046],[-76.0181153097867,39.221604794732045],[-76.01816888168021,39.22150508484125],[-76.01834057724551,39.22137210454348],[-76.01807236370834,39.220391271621175],[-76.0175725057957,39.21897631188228],[-76.01730756708788,39.21816937422177],[-76.01736122784303,39.21793658534022],[-76.01711444132665,39.21723841164078],[-76.01682479645446,39.216429295074555],[-76.01655657998081,39.21574770434125],[-76.01647077539342,39.21545674688409],[-76.01617032609407,39.21555653127454],[-76.01483994682717,39.21615504216611],[-76.0145395825406,39.21638776164351],[-76.01384215399057,39.21807516875547],[-76.01320971892014,39.21966109322098],[-76.01228913199141,39.22211914416519],[-76.01188179069031,39.22332526723472]]]},"id":"433_00000000000000000000","properties":{"labeler":"sienna","notes":"","point_id":1413,"queue_index":18,"source_asset":"point_1413_label","source_labeler":"sienna","source_point_id":1413,"status":"completed","timestamp":"2026-04-06 21:00:02"}},{"type":"Feature","geometry":{"type":"Polygon","coordinates":[[[-76.03162672383435,39.25179360017372],[-76.03155164193515,39.25125361495855],[-76.03149798668505,39.250613846792454],[-76.0312619387531,39.25021501138641],[-76.03088643931777,39.24968333585549],[-76.03087572592585,39.249209722090704],[-76.03038220067333,39.2492014268683],[-76.0299744699237,39.249234685265506],[-76.0296526229776,39.249218001774636],[-76.0294595144502,39.24926785569444],[-76.02926640565299,39.24944233582541],[-76.02909472364844,39.249425762271024],[-76.0288372445127,39.24950881785018],[-76.02866556197513,39.24926786923169],[-76.02857976489734,39.249334378905985],[-76.02852610849344,39.24953378642974],[-76.02808623144664,39.24954204914183],[-76.02759269623402,39.249575333138765],[-76.02679873303741,39.24951717733985],[-76.02625162448568,39.249400794691745],[-76.02597262396843,39.24945066495535],[-76.02528596685458,39.249492189356026],[-76.02504999685941,39.24974975077675],[-76.02488902347598,39.250032237114745],[-76.02456716469152,39.25032309144399],[-76.02417021924997,39.25058060855313],[-76.02397710306556,39.25082154156692],[-76.0239448727362,39.25112065271638],[-76.02397710306556,39.251776995769184],[-76.02403076123463,39.25260783034295],[-76.02410584721845,39.25268259992338],[-76.02471733603602,39.252674294353035],[-76.02541470978913,39.252657644124554],[-76.02641250773975,39.25259117017618],[-76.02718504579904,39.252574576596466],[-76.02824720110803,39.252541352567384],[-76.02932006176951,39.25247490515474],[-76.0314443314141,39.25238344204255],[-76.03156235527469,39.252341929441315],[-76.03162672383435,39.25179360017372]]]},"id":"434_00000000000000000000","properties":{"labeler":"sienna","notes":"","point_id":1446,"queue_index":28,"source_asset":"point_1446_label","source_labeler":"sienna","source_point_id":1446,"status":"completed","timestamp":"2026-04-08 16:22:32"}},{"type":"Feature","geometry":{"type":"Polygon","coordinates":[[[-76.12487115935822,39.25913145324856],[-76.12376613026743,39.25748660055917],[-76.12355156476923,39.257569720524046],[-76.12005396684583,39.25992896508883],[-76.11905614090921,39.26063503647793],[-76.12081571448383,39.26180637015922],[-76.12114831965171,39.26159037367681],[-76.12156675155127,39.261814650370795],[-76.12340132447929,39.260410799281374],[-76.12487115935822,39.25913145324856]]]},"id":"435_00000000000000000000","properties":{"labeler":"sienna","notes":"","point_id":1451,"queue_index":0,"source_asset":"point_1451_label","source_labeler":"sienna","source_point_id":1451,"status":"completed","timestamp":"2026-04-06 20:00:22"}},{"type":"Feature","geometry":{"type":"Polygon","coordinates":[[[-76.12090809014249,39.263407764450825],[-76.12185219410286,39.26334130237641],[-76.12187369517602,39.26300904053775],[-76.12088667739958,39.262394355632026],[-76.12071493292284,39.26189586550706],[-76.11884811580154,39.26074956586585],[-76.11678819885792,39.26219498340912],[-76.1173246827974,39.262743165552976],[-76.11612305494931,39.26367358517525],[-76.11558656628873,39.26309205110906],[-76.11449225738566,39.26380647693398],[-76.11354810252777,39.264653743864564],[-76.11410601300533,39.26536809032982],[-76.11511449345792,39.2657003952648],[-76.11440642539554,39.266165519274054],[-76.11507157766512,39.26674699262859],[-76.11620888586057,39.26653101750345],[-76.11706719200589,39.265932943079584],[-76.11824730990367,39.26488635919291],[-76.11953483635864,39.26395599283072],[-76.12015704945006,39.26274319886601],[-76.12090809014249,39.263407764450825]]]},"id":"436_00000000000000000000","properties":{"labeler":"sienna","notes":"","point_id":1455,"queue_index":39,"source_asset":"point_1455_label","source_labeler":"sienna","source_point_id":1455,"status":"completed","timestamp":"2026-04-14 00:04:03"}},{"type":"Feature","geometry":{"type":"Polygon","coordinates":[[[-75.81793726291997,39.2957019451622],[-75.81737931915063,39.29517055096979],[-75.81750807559906,39.29297851089356],[-75.81695013014864,39.29254671704766],[-75.81763683193111,39.291782854487295],[-75.81772266942116,39.29101894485981],[-75.8157485714168,39.29018856579561],[-75.81549105522313,39.29095248893736],[-75.8142464757368,39.29081966358723],[-75.81458983355722,39.289856414989686],[-75.81373152613259,39.28959066869332],[-75.80587802598517,39.29005570359117],[-75.80836714283252,39.29746212835827],[-75.81012664945402,39.29812630779911],[-75.81218657747841,39.29895656246417],[-75.81536229695175,39.298558035610725],[-75.81613475615859,39.297395652316986],[-75.81763683193111,39.296565386658536],[-75.81793726291997,39.2957019451622]]]},"id":"437_00000000000000000000","properties":{"labeler":"sienna","notes":"","point_id":1486,"queue_index":51,"source_asset":"point_1486_label","source_labeler":"sienna","source_point_id":1486,"status":"completed","timestamp":"2026-04-14 00:40:23"}},{"type":"Feature","geometry":{"type":"Polygon","coordinates":[[[-75.82103677278856,39.296016227639385],[-75.8215516959838,39.296049397099175],[-75.82208816469868,39.29629851806111],[-75.82230275161855,39.296780075318466],[-75.82241004495718,39.29706231362459],[-75.82228129294113,39.297195212010436],[-75.8220452472759,39.29701256403156],[-75.82127282012596,39.29674688257702],[-75.82082218396042,39.29694613562119],[-75.8198780779481,39.29696268837283],[-75.82009719055218,39.29836818461426],[-75.82039761635076,39.30002866968437],[-75.82059074688657,39.30109137759396],[-75.82140609536559,39.301141182024686],[-75.82185672968286,39.30142345002975],[-75.82237173858442,39.30137363731246],[-75.82241465590876,39.301888403446014],[-75.82247903187104,39.302452947425294],[-75.82252194916305,39.302751801450015],[-75.82494666646932,39.30266879532083],[-75.82479645844984,39.30192158176886],[-75.8244724554878,39.299270178037034],[-75.82427933021863,39.29659674687335],[-75.8244080804272,39.29563359632431],[-75.82093196126084,39.29584951503887],[-75.82103677278856,39.296016227639385]]]},"id":"438_00000000000000000000","properties":{"labeler":"sienna","notes":"","point_id":1492,"queue_index":6,"source_asset":"point_1492_label","source_labeler":"sienna","source_point_id":1492,"status":"completed","timestamp":"2026-04-06 20:17:59"}},{"type":"Feature","geometry":{"type":"Polygon","coordinates":[[[-75.78622579940416,39.373858574891756],[-75.78377966923557,39.37342730905031],[-75.78086135882116,39.37717597231495],[-75.78154805675165,39.37770673804958],[-75.78111893745435,39.379531265238185],[-75.78296428322246,39.38019466061479],[-75.78639751210915,39.37886777603845],[-75.78811409566367,39.378934139798496],[-75.78910116179225,39.37634669512952],[-75.78622579940416,39.373858574891756]]]},"id":"439_00000000000000000000","properties":{"labeler":"sienna","notes":"","point_id":1534,"queue_index":97,"source_asset":"point_1534_label","source_labeler":"sienna","source_point_id":1534,"status":"completed","timestamp":"2026-06-12 01:22:01"}},{"type":"Feature","geometry":{"type":"Polygon","coordinates":[[[-75.65167352087019,38.414424101183265],[-75.65173788437289,38.41237288082498],[-75.65102970672646,38.41217109366791],[-75.65100831130971,38.41346571616491],[-75.65092246327816,38.41378518346301],[-75.65036458300932,38.41363389225373],[-75.65019288613843,38.41328077611967],[-75.65030021890092,38.4130454026401],[-75.65062203915905,38.4128436634067],[-75.65079373552507,38.41222155342334],[-75.65025725029415,38.412070250506076],[-75.64950627419218,38.41201982827],[-75.64800422161807,38.41186845184612],[-75.64512889175516,38.411364090464566],[-75.64422767056098,38.41570182983932],[-75.64439928566482,38.41581949481123],[-75.64400376270905,38.41807966789839],[-75.64651431650609,38.41853358425326],[-75.6473082774863,38.41464996694532],[-75.6482094796697,38.414414535337215],[-75.64866012306487,38.41453226238383],[-75.64919652538734,38.41438094040996],[-75.64988313879064,38.41456589122048],[-75.6503981411125,38.41439773782902],[-75.65167352087019,38.414424101183265]]]},"id":"440_00000000000000000000","properties":{"labeler":"sienna","notes":"","point_id":156,"queue_index":16,"source_asset":"point_156_label","source_labeler":"sienna","source_point_id":156,"status":"completed","timestamp":"2026-04-06 20:55:50"}},{"type":"Feature","geometry":{"type":"Polygon","coordinates":[[[-75.59742970197831,38.42570827323029],[-75.60081999004156,38.422480648434004],[-75.59942525231371,38.419627014252455],[-75.59423250215218,38.421711584933234],[-75.59534833278408,38.422568976476306],[-75.5947904185258,38.42500651028645],[-75.59601885730906,38.42502439918948],[-75.59742970197831,38.42570827323029]]]},"id":"441_00000000000000000000","properties":{"labeler":"sienna","notes":"","point_id":179,"queue_index":76,"source_asset":"point_179_label","source_labeler":"sienna","source_point_id":179,"status":"completed","timestamp":"2026-06-12 01:08:21"}},{"type":"Feature","geometry":{"type":"Polygon","coordinates":[[[-75.29203829364585,38.43036043722104],[-75.29205974036948,38.427670910952486],[-75.28976376711262,38.42720019788344],[-75.28946333025087,38.42770452928963],[-75.28961354875497,38.42849453851037],[-75.28905565713885,38.428309616161975],[-75.2887123245261,38.42948630268728],[-75.28813298237982,38.42951994873992],[-75.28820204078994,38.431800247196094],[-75.2863137804892,38.43432151094035],[-75.2864900772386,38.43454728128946],[-75.28807798480943,38.43484984086685],[-75.29369982744133,38.43611042788267],[-75.29460111147782,38.43330353324271],[-75.29203829364585,38.43036043722104]]]},"id":"442_00000000000000000000","properties":{"labeler":"sienna","notes":"","point_id":191,"queue_index":45,"source_asset":"point_191_label","source_labeler":"sienna","source_point_id":191,"status":"completed","timestamp":"2026-04-14 00:08:57"}},{"type":"Feature","geometry":{"type":"Polygon","coordinates":[[[-75.66953228202473,38.031837524681734],[-75.66906022161913,38.030113550254754],[-75.66828777197426,38.02982616472679],[-75.66813748912045,38.02909935993965],[-75.66530507658631,38.02933599292205],[-75.66455408921999,38.02903178079217],[-75.66444623433341,38.02862203176274],[-75.66232187625283,38.02894315074985],[-75.6615279969918,38.029906563929146],[-75.66036926106129,38.030092495360705],[-75.65927496486664,38.030024936087614],[-75.6595967653224,38.03108969309016],[-75.66092719183095,38.03232354503838],[-75.66124898863845,38.03391632849989],[-75.660605305541,38.034896620981414],[-75.6627081174108,38.0346261702281],[-75.66425307180197,38.034676895796856],[-75.6650041494896,38.034930398968385],[-75.66566929518748,38.034761395721645],[-75.66657056142914,38.034896574398545],[-75.66807260025612,38.03491352396408],[-75.66807260025612,38.03337552399122],[-75.66886653260809,38.03275015757953],[-75.6686948575313,38.03214169472197],[-75.66940294934305,38.031786759901465],[-75.66953228202473,38.031837524681734]]]},"id":"443_00000000000000000000","properties":{"labeler":"sienna","notes":"","point_id":19,"queue_index":50,"source_asset":"point_19_label","source_labeler":"sienna","source_point_id":19,"status":"completed","timestamp":"2026-04-14 00:39:39"}},{"type":"Feature","geometry":{"type":"Polygon","coordinates":[[[-75.26231142530149,38.44024579116799],[-75.264074568763,38.43736218310872],[-75.26659281438738,38.43432064938933],[-75.26342784484123,38.4323456063664],[-75.26341716399406,38.43254738006501],[-75.26339562428338,38.43290871940129],[-75.26315966634711,38.43344659789882],[-75.26298797134191,38.433976048387436],[-75.26245926701878,38.434920707642],[-75.26196571901261,38.43566868421619],[-75.26091426514367,38.437016302823466],[-75.26044225233468,38.43779787017188],[-75.26023833309901,38.43833571461849],[-75.26011647987882,38.43928425809581],[-75.26000922404317,38.44008259518952],[-75.2608246335556,38.44041876231655],[-75.2619296708098,38.440830510048585],[-75.26231142530149,38.44024579116799]]]},"id":"444_00000000000000000000","properties":{"labeler":"sienna","notes":"","point_id":204,"queue_index":33,"source_asset":"point_204_label","source_labeler":"sienna","source_point_id":204,"status":"completed","timestamp":"2026-04-08 16:29:47"}},{"type":"Feature","geometry":{"type":"Polygon","coordinates":[[[-75.29383464662715,38.439185345142064],[-75.2914958062326,38.43847942220552],[-75.28919412906995,38.44216742420718],[-75.2923483364472,38.443327066235625],[-75.30427881451041,38.44500763496201],[-75.30466838370046,38.44255138814334],[-75.30168581398316,38.440551396585896],[-75.29812379287593,38.43880350426913],[-75.29383464662715,38.439185345142064]]]},"id":"445_00000000000000000000","properties":{"labeler":"sienna","notes":"","point_id":208,"queue_index":103,"source_asset":"point_208_label","source_labeler":"sienna","source_point_id":208,"status":"completed","timestamp":"2026-06-12 01:27:11"}},{"type":"Feature","geometry":{"type":"Polygon","coordinates":[[[-75.26183283016412,38.44827388768316],[-75.26273403327886,38.447551274272705],[-75.26348507636807,38.446979912733596],[-75.26412877382437,38.44642534087097],[-75.26505141404118,38.44576990417012],[-75.26440772042443,38.44506409581486],[-75.26384982672127,38.44450946277492],[-75.26301298239393,38.44370279223345],[-75.26196812222584,38.44263690063944],[-75.26020860412645,38.44393095292787],[-75.25896407656582,38.444821654991976],[-75.25879237690579,38.4451073698677],[-75.26183283016412,38.44827388768316]]]},"id":"446_00000000000000000000","properties":{"labeler":"sienna","notes":"","point_id":231,"queue_index":13,"source_asset":"point_231_label","source_labeler":"sienna","source_point_id":231,"status":"completed","timestamp":"2026-04-06 20:51:15"}},{"type":"Feature","geometry":{"type":"Polygon","coordinates":[[[-75.60691440792542,38.44384403544713],[-75.60223656111992,38.443726431655236],[-75.60215077330302,38.444734758203936],[-75.6018074439197,38.44574310506935],[-75.60079894252182,38.446096029146965],[-75.60109938003903,38.447154803458496],[-75.6070645761072,38.447306027999275],[-75.60813750598183,38.445759906925545],[-75.60745078558689,38.444499453267476],[-75.60697879110909,38.44448268836161],[-75.6070645761072,38.4438944854255],[-75.60691440792542,38.44384403544713]]]},"id":"447_00000000000000000000","properties":{"labeler":"sienna","notes":"","point_id":236,"queue_index":106,"source_asset":"point_236_label","source_labeler":"sienna","source_point_id":236,"status":"completed","timestamp":"2026-06-12 01:32:02"}},{"type":"Feature","geometry":{"type":"Polygon","coordinates":[[[-75.61244264484532,38.03584644204784],[-75.60860168203763,38.03417329413306],[-75.60694948566346,38.03346907010722],[-75.60596242155748,38.03688298855609],[-75.605747868554,38.03691677231678],[-75.6040312556344,38.03612248001174],[-75.6030012782567,38.039857418961745],[-75.60732441731753,38.04047287052967],[-75.61011390718768,38.03945885228285],[-75.61045721715821,38.039492662017516],[-75.61170177567229,38.03829276070351],[-75.61155152343137,38.03778572919644],[-75.61244264484532,38.03584644204784]]]},"id":"448_00000000000000000000","properties":{"labeler":"sienna","notes":"","point_id":23,"queue_index":10,"source_asset":"point_23_label","source_labeler":"sienna","source_point_id":23,"status":"completed","timestamp":"2026-04-06 20:41:04"}},{"type":"Feature","geometry":{"type":"Polygon","coordinates":[[[-75.79169132431468,38.44866027550659],[-75.78995323145986,38.44874429449496],[-75.78881601399667,38.446593276797984],[-75.78602650242674,38.44634117706619],[-75.78611235892457,38.44867715257315],[-75.78596211001955,38.45079452899686],[-75.7862625189772,38.45086170918696],[-75.78677747895316,38.45129858984396],[-75.78785040975929,38.4513994676498],[-75.78787187361495,38.4520211803026],[-75.78810788712123,38.45207160407207],[-75.78832243645327,38.45255895930233],[-75.78982453884396,38.452995814090876],[-75.79473827949955,38.453180659683525],[-75.7956115121973,38.45057084871435],[-75.79169132431468,38.44866027550659]]]},"id":"449_00000000000000000000","properties":{"labeler":"sienna","notes":"","point_id":255,"queue_index":99,"source_asset":"point_255_label","source_labeler":"sienna","source_point_id":255,"status":"completed","timestamp":"2026-06-12 01:23:53"}},{"type":"Feature","geometry":{"type":"Polygon","coordinates":[[[-75.82309343955562,38.499447252410235],[-75.82266426777637,38.5004548585314],[-75.82163433889937,38.49995104517467],[-75.82232092942128,38.499111417818334],[-75.81935977908651,38.497935907745585],[-75.81918810602802,38.49823815048208],[-75.81785772148312,38.50384691349997],[-75.81910226942117,38.504317113912016],[-75.82223509470312,38.50367901833331],[-75.82240676408769,38.5028057766924],[-75.82305052243592,38.502973744702985],[-75.82309343955562,38.50357826119734],[-75.82592585216938,38.503645431786225],[-75.8268270907535,38.50314167693928],[-75.82695583865657,38.50371258473975],[-75.82802873331708,38.50341032461764],[-75.82635501411195,38.50038765695324],[-75.82309343955562,38.499447252410235]]]},"id":"450_00000000000000000000","properties":{"labeler":"sienna","notes":"","point_id":293,"queue_index":68,"source_asset":"point_293_label","source_labeler":"sienna","source_point_id":293,"status":"completed","timestamp":"2026-04-20 21:56:16"}},{"type":"Feature","geometry":{"type":"Polygon","coordinates":[[[-75.71081024177182,38.519758262088274],[-75.71027380060359,38.51992609048704],[-75.71031666272539,38.52024507342518],[-75.70980169523345,38.52066480989471],[-75.70838554736575,38.52113489220214],[-75.70847136145792,38.52200779987513],[-75.70855717549921,38.52375376969216],[-75.70990898397633,38.52425735380077],[-75.71115358082372,38.52516383979696],[-75.71211916762167,38.52489525186685],[-75.71222645464576,38.52509668811676],[-75.71362117871637,38.524190187899336],[-75.71081024177182,38.519758262088274]]]},"id":"451_00000000000000000000","properties":{"labeler":"sienna","notes":"","point_id":324,"queue_index":69,"source_asset":"point_324_label","source_labeler":"sienna","source_point_id":324,"status":"completed","timestamp":"2026-04-20 22:25:53"}},{"type":"Feature","geometry":{"type":"Polygon","coordinates":[[[-75.4060565478341,38.075762508549005],[-75.40645608341978,38.07341459598607],[-75.40673503742003,38.071961843627456],[-75.40714275217606,38.07008682827928],[-75.40617712890541,38.07025569793668],[-75.40456777274008,38.069107003846504],[-75.40212160397482,38.06782309252293],[-75.4013920497008,38.06836373095617],[-75.4016924443655,38.06920832281671],[-75.40227793657634,38.070455864286174],[-75.4029215841197,38.071705916883516],[-75.40335074024595,38.073276849972046],[-75.40354388678364,38.07347958206778],[-75.4038014151173,38.074172142825816],[-75.40446657605186,38.07528699028487],[-75.4060565478341,38.075762508549005]]]},"id":"452_00000000000000000000","properties":{"labeler":"sienna","notes":"","point_id":33,"queue_index":9,"source_asset":"point_33_label","source_labeler":"sienna","source_point_id":33,"status":"completed","timestamp":"2026-04-06 20:22:24"}},{"type":"Feature","geometry":{"type":"Polygon","coordinates":[[[-75.80646324016791,38.52943560996859],[-75.8073001304116,38.52780733797101],[-75.80742880728286,38.52710227080712],[-75.8092206051336,38.52617064141548],[-75.80946731367098,38.525247371312226],[-75.80734305227543,38.522947489515715],[-75.80606629866864,38.52377008162093],[-75.80596972359261,38.52436599716617],[-75.80550839712089,38.52427370422461],[-75.80378102573931,38.525062702371606],[-75.80388833302112,38.52549917643843],[-75.80359869185892,38.526128703798854],[-75.8030622422385,38.52652313276029],[-75.8047895336368,38.53035041178695],[-75.80646324016791,38.52943560996859]]]},"id":"453_00000000000000000000","properties":{"labeler":"sienna","notes":"","point_id":340,"queue_index":57,"source_asset":"point_340_label","source_labeler":"sienna","source_point_id":340,"status":"completed","timestamp":"2026-04-20 21:23:12"}},{"type":"Feature","geometry":{"type":"Polygon","coordinates":[[[-75.784764015704,38.5491140746946],[-75.78528944710807,38.54792793765679],[-75.78513928603434,38.54744971929904],[-75.785267982865,38.5471056684508],[-75.7854718930441,38.54671969367169],[-75.78548253645565,38.54648468435754],[-75.78242482915964,38.545603642221245],[-75.78186399700799,38.546832080356374],[-75.78163861690201,38.54734395753702],[-75.78164934929606,38.54753691306989],[-75.78164934929606,38.54766280752171],[-75.78184253225128,38.54769640207977],[-75.78203562624861,38.547897739518575],[-75.78228238172653,38.54809078070265],[-75.78263646001587,38.548275318959654],[-75.78289394675896,38.54848507639828],[-75.78300118102554,38.548459913468356],[-75.78333379300392,38.54859420570397],[-75.78373079764955,38.54884592655769],[-75.78395608576572,38.54893822103711],[-75.78435308868536,38.549089256299],[-75.78454617929629,38.54913123817621],[-75.784764015704,38.5491140746946]]]},"id":"454_00000000000000000000","properties":{"labeler":"sienna","notes":"","point_id":366,"queue_index":32,"source_asset":"point_366_label","source_labeler":"sienna","source_point_id":366,"status":"completed","timestamp":"2026-04-08 16:26:40"}},{"type":"Feature","geometry":{"type":"Polygon","coordinates":[[[-75.5640360578702,38.11427897525042],[-75.56283444611203,38.11480233650862],[-75.5620833782841,38.11384004756641],[-75.55952998563369,38.11569711470992],[-75.55798499467123,38.116574939287084],[-75.55952998563369,38.11787489256622],[-75.56206196990807,38.11952926525589],[-75.56581700494569,38.11664248935538],[-75.56553808103921,38.11638928832338],[-75.56508744904235,38.11650745235751],[-75.56457250281349,38.11606849701704],[-75.56521625194141,38.11573085940447],[-75.56418626975697,38.11432966743148],[-75.5640360578702,38.11427897525042]]]},"id":"455_00000000000000000000","properties":{"labeler":"sienna","notes":"","point_id":36,"queue_index":63,"source_asset":"point_36_label","source_labeler":"sienna","source_point_id":36,"status":"completed","timestamp":"2026-04-20 21:27:34"}},{"type":"Feature","geometry":{"type":"Polygon","coordinates":[[[-75.78478645567343,38.560884922668],[-75.7874901358005,38.55977751848753],[-75.78721110468113,38.55934118678562],[-75.78794069984114,38.55905598574137],[-75.78669614626587,38.55699213072913],[-75.7832414599962,38.558468725402385],[-75.78004427091744,38.55971036948209],[-75.78135318814375,38.56194192544608],[-75.78478645567343,38.560884922668]]]},"id":"456_00000000000000000000","properties":{"labeler":"sienna","notes":"","point_id":375,"queue_index":1,"source_asset":"point_375_label","source_labeler":"sienna","source_point_id":375,"status":"completed","timestamp":"2026-04-06 20:07:44"}},{"type":"Feature","geometry":{"type":"Polygon","coordinates":[[[-75.78874089098359,38.56060886599785],[-75.78817218986923,38.559518251773675],[-75.78739975674037,38.559803502913155],[-75.78524323689484,38.56061726247859],[-75.78536129021224,38.56083536765471],[-75.78584405719779,38.56164077105365],[-75.78618739462325,38.56218608679642],[-75.7890734896205,38.561204526522246],[-75.78874089098359,38.56060886599785]]]},"id":"457_00000000000000000000","properties":{"labeler":"sienna","notes":"","point_id":378,"queue_index":8,"source_asset":"point_378_label","source_labeler":"sienna","source_point_id":378,"status":"completed","timestamp":"2026-04-06 20:20:21"}},{"type":"Feature","geometry":{"type":"Polygon","coordinates":[[[-75.7976364407732,38.56374359612149],[-75.79772229029938,38.56320665573901],[-75.79624164480757,38.561780511265525],[-75.79480399829471,38.56204898974192],[-75.79471814701508,38.56233419090503],[-75.79349511543747,38.56253552843733],[-75.79332012971565,38.562815536754506],[-75.79179668947268,38.563990021553394],[-75.79104565060702,38.5649631462526],[-75.7916679098246,38.567701271417356],[-75.79351329691173,38.56593963895926],[-75.79531573470766,38.564731671435496],[-75.79660322703648,38.56478200467619],[-75.7976364407732,38.56374359612149]]]},"id":"458_00000000000000000000","properties":{"labeler":"sienna","notes":"","point_id":386,"queue_index":98,"source_asset":"point_386_label","source_labeler":"sienna","source_point_id":386,"status":"completed","timestamp":"2026-06-12 01:22:45"}},{"type":"Feature","geometry":{"type":"Polygon","coordinates":[[[-75.73409421758139,38.58341223948254],[-75.73387958721798,38.58099686234397],[-75.72963101147114,38.57556183220344],[-75.72375158122259,38.57868196540921],[-75.72353702420668,38.57908459428154],[-75.72619775711608,38.582841964633985],[-75.72911602408902,38.58371416361275],[-75.73078972635929,38.583915492337454],[-75.73409421758139,38.58341223948254]]]},"id":"459_00000000000000000000","properties":{"labeler":"sienna","notes":"","point_id":433,"queue_index":58,"source_asset":"point_433_label","source_labeler":"sienna","source_point_id":433,"status":"completed","timestamp":"2026-04-20 21:23:44"}},{"type":"Feature","geometry":{"type":"Polygon","coordinates":[[[-75.72437555167534,38.5875439125423],[-75.725448416068,38.58636987343994],[-75.72265891657118,38.58133782650476],[-75.72068484083651,38.58006296409579],[-75.71660785027157,38.581237212103076],[-75.71768077235919,38.58274685869957],[-75.71532035100127,38.5878793524021],[-75.72347428973362,38.58992557574102],[-75.72652127248705,38.58969073373668],[-75.72437555167534,38.5875439125423]]]},"id":"460_00000000000000000000","properties":{"labeler":"sienna","notes":"","point_id":460,"queue_index":95,"source_asset":"point_460_label","source_labeler":"sienna","source_point_id":460,"status":"completed","timestamp":"2026-06-12 01:20:41"}},{"type":"Feature","geometry":{"type":"Polygon","coordinates":[[[-75.4013583464138,38.19419841598512],[-75.40704458061,38.19008353050129],[-75.40698019994697,38.18957755142316],[-75.40695876936107,38.18930770244084],[-75.40560694676857,38.18853188030478],[-75.40502760323669,38.18888606299186],[-75.40461988278336,38.1886331133576],[-75.40515636619644,38.18821151477283],[-75.40378300754722,38.1873176278686],[-75.4026886868235,38.18802592306369],[-75.40221666630976,38.18765495726055],[-75.40131539472057,38.18846448239773],[-75.40103643073532,38.18821149010052],[-75.40073603476966,38.18834643466118],[-75.40011380949663,38.18800905895706],[-75.4009506160812,38.18741877081093],[-75.4005000216541,38.18704774804631],[-75.39904089397322,38.188042823442835],[-75.39874049405088,38.18790786428353],[-75.39766756880341,38.18861627369137],[-75.39532871661888,38.190319641881466],[-75.40013524105132,38.19374312631685],[-75.40030687123468,38.193473286980776],[-75.40122958022451,38.19408038250746],[-75.4013583464138,38.19419841598512]]]},"id":"461_00000000000000000000","properties":{"labeler":"sienna","notes":"","point_id":46,"queue_index":30,"source_asset":"point_46_label","source_labeler":"sienna","source_point_id":46,"status":"completed","timestamp":"2026-04-08 16:24:35"}},{"type":"Feature","geometry":{"type":"Polygon","coordinates":[[[-75.77558373319812,38.59578806886271],[-75.77824447911101,38.59578805926518],[-75.77790112263762,38.598672514054336],[-75.7800898619198,38.59907503855524],[-75.78296517018897,38.597632829304196],[-75.78335144359131,38.58988457119626],[-75.77558373319812,38.59578806886271]]]},"id":"462_00000000000000000000","properties":{"labeler":"sienna","notes":"","point_id":489,"queue_index":83,"source_asset":"point_489_label","source_labeler":"sienna","source_point_id":489,"status":"completed","timestamp":"2026-06-12 01:12:19"}},{"type":"Feature","geometry":{"type":"Polygon","coordinates":[[[-75.83878498579556,38.59106727020949],[-75.83612421619763,38.59069831880441],[-75.83492255339793,38.59133559064488],[-75.83410719373275,38.59267730548296],[-75.83183265601231,38.59324755168167],[-75.82912901828657,38.594052588160764],[-75.82698323747213,38.59512590220327],[-75.8282277942876,38.596132163953946],[-75.83711130458346,38.59851352770939],[-75.83908537211421,38.596501134026965],[-75.83929993338134,38.59375067155671],[-75.83878498579556,38.59106727020949]]]},"id":"463_00000000000000000000","properties":{"labeler":"sienna","notes":"","point_id":494,"queue_index":56,"source_asset":"point_494_label","source_labeler":"sienna","source_point_id":494,"status":"completed","timestamp":"2026-04-14 00:47:13"}},{"type":"Feature","geometry":{"type":"Polygon","coordinates":[[[-75.8989816223148,38.59891152502406],[-75.89649250110065,38.60236598194353],[-75.89617061195737,38.60281872549912],[-75.89393908106592,38.60276848917622],[-75.89471155511075,38.60535079822595],[-75.89559126282151,38.60773728634182],[-75.8991103045909,38.605976632391666],[-75.90069817393298,38.605171718931516],[-75.90224313225141,38.603595538574496],[-75.90410994533399,38.601734173629644],[-75.90588687314789,38.59982244922746],[-75.90719578222566,38.59858146599005],[-75.90653060625726,38.59801127476455],[-75.90625163197305,38.59779326689253],[-75.90633750435772,38.59762557200331],[-75.90421318872423,38.59777648574307],[-75.90305446564193,38.597541746381104],[-75.901123298383,38.597206361399145],[-75.90045809370442,38.597944246789844],[-75.8989816223148,38.59891152502406]]]},"id":"464_00000000000000000000","properties":{"labeler":"sienna","notes":"","point_id":509,"queue_index":31,"source_asset":"point_509_label","source_labeler":"sienna","source_point_id":509,"status":"completed","timestamp":"2026-04-08 16:25:45"}},{"type":"Feature","geometry":{"type":"Polygon","coordinates":[[[-75.8263927873945,38.60162676887494],[-75.82879606970776,38.60042779775563],[-75.83058449539772,38.59953488465932],[-75.82928631516025,38.59774050338481],[-75.82856748298852,38.59811783123605],[-75.82826707443726,38.59801727129003],[-75.82732292914538,38.59797527548152],[-75.8264563635305,38.59738768258792],[-75.82614522147284,38.59639817046974],[-75.8243749175058,38.59711935935106],[-75.82606852205798,38.599265908140055],[-75.82627512269964,38.601138791951534],[-75.8263927873945,38.60162676887494]]]},"id":"465_00000000000000000000","properties":{"labeler":"sienna","notes":"","point_id":510,"queue_index":54,"source_asset":"point_510_label","source_labeler":"sienna","source_point_id":510,"status":"completed","timestamp":"2026-04-14 00:45:14"}},{"type":"Feature","geometry":{"type":"Polygon","coordinates":[[[-75.71543517840587,38.606546879893806],[-75.71555320029545,38.606496573645416],[-75.71438371447663,38.604559824373155],[-75.71395457230446,38.60389750089548],[-75.71382590039589,38.603855556533],[-75.70970594284736,38.605951647953496],[-75.70994199588122,38.60618642943424],[-75.70994199588122,38.60627021531848],[-75.70912663512297,38.606681073470455],[-75.70935195131652,38.60698135978517],[-75.7081717662261,38.60737536794328],[-75.70821471771329,38.60780299515196],[-75.7081717662261,38.608714015687525],[-75.70824684257762,38.60930291157694],[-75.70837560819149,38.6093112968299],[-75.70909442171175,38.60901791479774],[-75.70930900016687,38.60891732456526],[-75.70954505384832,38.608431003544695],[-75.70983470716281,38.608145966859546],[-75.71021026169988,38.60791960730332],[-75.71056425113069,38.60794474315884],[-75.7109505414415,38.60819629287432],[-75.71129388016043,38.608095683355],[-75.71146550484393,38.6081124466919],[-75.71251690125206,38.6077100224369],[-75.71333233164047,38.607424986499225],[-75.71401899695499,38.607097986883986],[-75.71543517840587,38.606546879893806]]]},"id":"466_00000000000000000000","properties":{"labeler":"sienna","notes":"","point_id":523,"queue_index":11,"source_asset":"point_523_label","source_labeler":"sienna","source_point_id":523,"status":"completed","timestamp":"2026-04-06 20:42:14"}},{"type":"Feature","geometry":{"type":"Polygon","coordinates":[[[-75.7292082144188,38.60751281190512],[-75.72877911629045,38.60788167364692],[-75.72768471507956,38.607512767823174],[-75.72783493620099,38.60717741689533],[-75.72738436109852,38.60706009887428],[-75.72676208954692,38.60922312892203],[-75.72974467401409,38.610178868055065],[-75.73015238552149,38.60960872524708],[-75.73047420617398,38.60967578045924],[-75.73105360575931,38.6080325767183],[-75.7292082144188,38.60751281190512]]]},"id":"467_00000000000000000000","properties":{"labeler":"sienna","notes":"","point_id":533,"queue_index":102,"source_asset":"point_533_label","source_labeler":"sienna","source_point_id":533,"status":"completed","timestamp":"2026-06-12 01:26:40"}},{"type":"Feature","geometry":{"type":"Polygon","coordinates":[[[-75.88443560225981,38.61265569373885],[-75.88447850079221,38.6115993909245],[-75.87855616412278,38.61181733035451],[-75.8787493040944,38.6131754436379],[-75.87939307254624,38.61504281011522],[-75.88059471262085,38.61638409552165],[-75.88050882454598,38.61668589895508],[-75.88128128352645,38.61673615188033],[-75.88480041663563,38.617792414935614],[-75.88565864848411,38.61742357377134],[-75.88608780676643,38.61270312011363],[-75.88443560225981,38.61265569373885]]]},"id":"468_00000000000000000000","properties":{"labeler":"sienna","notes":"","point_id":553,"queue_index":87,"source_asset":"point_553_label","source_labeler":"sienna","source_point_id":553,"status":"completed","timestamp":"2026-06-12 01:15:01"}},{"type":"Feature","geometry":{"type":"Polygon","coordinates":[[[-75.77688532904801,38.61416620014188],[-75.7709201017789,38.61367996437842],[-75.77068405994883,38.61688222233308],[-75.7716282249379,38.61770378245261],[-75.77407438522259,38.618089381143456],[-75.77514723381,38.618542013141514],[-75.7755120625912,38.61857557982791],[-75.77628447115455,38.61604398645586],[-75.77688532904801,38.61416620014188]]]},"id":"469_00000000000000000000","properties":{"labeler":"sienna","notes":"","point_id":557,"queue_index":77,"source_asset":"point_557_label","source_labeler":"sienna","source_point_id":557,"status":"completed","timestamp":"2026-06-12 01:08:45"}},{"type":"Feature","geometry":{"type":"Polygon","coordinates":[[[-75.71460671527204,38.61594654553286],[-75.71181727269011,38.620506745512394],[-75.71464966484852,38.62396018984435],[-75.7192845058232,38.62097613434231],[-75.7164521157362,38.61598011027048],[-75.71460671527204,38.61594654553286]]]},"id":"470_00000000000000000000","properties":{"labeler":"sienna","notes":"","point_id":571,"queue_index":80,"source_asset":"point_571_label","source_labeler":"sienna","source_point_id":571,"status":"completed","timestamp":"2026-06-12 01:10:26"}},{"type":"Feature","geometry":{"type":"Polygon","coordinates":[[[-75.89567067199192,38.61970754490728],[-75.89506987314991,38.61947281563551],[-75.89453341495987,38.619606960047484],[-75.89361071627503,38.619271644255754],[-75.89318158089276,38.619389034499484],[-75.89197995941831,38.61962371177181],[-75.8889544123314,38.620109881514345],[-75.88753817837737,38.620746972492384],[-75.88464903119284,38.6222498413853],[-75.88505674337328,38.62270247319884],[-75.88591497366231,38.62332271432425],[-75.88670894060475,38.62372508111603],[-75.88816808029712,38.624160970619535],[-75.88945552831694,38.62419450911315],[-75.89005635109551,38.623875967798845],[-75.89115065914159,38.623792115016464],[-75.89412918664769,38.622182803795894],[-75.89573855970701,38.62146194519738],[-75.89606036121164,38.62119367538909],[-75.89661826100385,38.62082484585357],[-75.89567067199192,38.61970754490728]]]},"id":"471_00000000000000000000","properties":{"labeler":"sienna","notes":"","point_id":573,"queue_index":35,"source_asset":"point_573_label","source_labeler":"sienna","source_point_id":573,"status":"completed","timestamp":"2026-04-14 00:00:04"}},{"type":"Feature","geometry":{"type":"Polygon","coordinates":[[[-75.90356829293279,38.628339063279526],[-75.90614316151745,38.626008910761506],[-75.905778402411,38.62557306782757],[-75.90599295106705,38.6254389407673],[-75.90642213601683,38.625556307618176],[-75.90670110996282,38.62535512579229],[-75.90689421136312,38.625137229425775],[-75.90444803392201,38.62475162725832],[-75.8998560745568,38.62396377801698],[-75.89921231091218,38.62458402583014],[-75.89790341619852,38.6257742364917],[-75.90303177850203,38.62840604689423],[-75.90356829293279,38.628339063279526]]]},"id":"472_00000000000000000000","properties":{"labeler":"sienna","notes":"","point_id":581,"queue_index":29,"source_asset":"point_581_label","source_labeler":"sienna","source_point_id":581,"status":"completed","timestamp":"2026-04-08 16:23:25"}},{"type":"Feature","geometry":{"type":"Polygon","coordinates":[[[-75.90412412468821,38.62906673218945],[-75.8977941416837,38.62586497823959],[-75.89444673773036,38.62876505251587],[-75.9000686825257,38.631933116140125],[-75.90161355913135,38.63210077643145],[-75.90322293526572,38.63111182971622],[-75.90412412468821,38.62906673218945]]]},"id":"473_00000000000000000000","properties":{"labeler":"sienna","notes":"","point_id":589,"queue_index":59,"source_asset":"point_589_label","source_labeler":"sienna","source_point_id":589,"status":"completed","timestamp":"2026-04-20 21:24:16"}},{"type":"Feature","geometry":{"type":"Polygon","coordinates":[[[-75.23552633756499,38.283548193883405],[-75.23430751783997,38.28505731634413],[-75.23780513357161,38.28703637153346],[-75.23918514293251,38.28552554245519],[-75.23552633756499,38.283548193883405]]]},"id":"474_00000000000000000000","properties":{"labeler":"sienna","notes":"","point_id":59,"queue_index":86,"source_asset":"point_59_label","source_labeler":"sienna","source_point_id":59,"status":"completed","timestamp":"2026-06-12 01:14:18"}},{"type":"Feature","geometry":{"type":"Polygon","coordinates":[[[-75.90079184853643,38.64255987058803],[-75.89366788105073,38.64383359935835],[-75.89371077677416,38.64866014261011],[-75.90285169919919,38.65137492739233],[-75.90272302034359,38.648660127317],[-75.90401042395133,38.6452078108126],[-75.90079184853643,38.64255987058803]]]},"id":"475_00000000000000000000","properties":{"labeler":"sienna","notes":"","point_id":642,"queue_index":48,"source_asset":"point_642_label","source_labeler":"sienna","source_point_id":642,"status":"completed","timestamp":"2026-04-14 00:11:13"}},{"type":"Feature","geometry":{"type":"Polygon","coordinates":[[[-75.86342678472309,38.644692059158494],[-75.86295474119315,38.6429826577921],[-75.85926397136507,38.643854136843046],[-75.86158141799251,38.65173057769427],[-75.86660251082073,38.650054808579156],[-75.86591586858906,38.64452449356544],[-75.86342678472309,38.644692059158494]]]},"id":"476_00000000000000000000","properties":{"labeler":"sienna","notes":"","point_id":651,"queue_index":79,"source_asset":"point_651_label","source_labeler":"sienna","source_point_id":651,"status":"completed","timestamp":"2026-06-12 01:10:01"}},{"type":"Feature","geometry":{"type":"Polygon","coordinates":[[[-75.76478705723508,38.64907224433447],[-75.76478705723508,38.64861972377661],[-75.7643578877651,38.6482510817493],[-75.76045263501906,38.64783213408814],[-75.75970160928772,38.65198807769444],[-75.76234082729506,38.65234000575523],[-75.7646797206339,38.65208859756554],[-75.76555952356428,38.64918954865378],[-75.76478705723508,38.64907224433447]]]},"id":"477_00000000000000000000","properties":{"labeler":"sienna","notes":"","point_id":654,"queue_index":84,"source_asset":"point_654_label","source_labeler":"sienna","source_point_id":654,"status":"completed","timestamp":"2026-06-12 01:12:52"}},{"type":"Feature","geometry":{"type":"Polygon","coordinates":[[[-75.73712287613327,38.29121338264825],[-75.7393087765526,38.287623269481266],[-75.73636773596508,38.28675956973823],[-75.73424345603351,38.291626866855985],[-75.73625398991716,38.29271836861498],[-75.7366616830195,38.291859428606884],[-75.73621104676808,38.291657328748265],[-75.73655441415183,38.291000578168614],[-75.73712287613327,38.29121338264825]]]},"id":"478_00000000000000000000","properties":{"labeler":"sienna","notes":"","point_id":67,"queue_index":94,"source_asset":"point_67_label","source_labeler":"sienna","source_point_id":67,"status":"completed","timestamp":"2026-06-12 01:20:01"}},{"type":"Feature","geometry":{"type":"Polygon","coordinates":[[[-75.7412314045777,38.667494894077585],[-75.73376415339311,38.6678969632068],[-75.73110338255233,38.67295643850376],[-75.73668235600138,38.675335295641524],[-75.737798160271,38.67510076501003],[-75.73818446644697,38.67556978168805],[-75.74290514361113,38.67473216720459],[-75.74256179136418,38.66833259821588],[-75.7412314045777,38.667494894077585]]]},"id":"479_00000000000000000000","properties":{"labeler":"sienna","notes":"","point_id":707,"queue_index":90,"source_asset":"point_707_label","source_labeler":"sienna","source_point_id":707,"status":"completed","timestamp":"2026-06-12 01:17:21"}},{"type":"Feature","geometry":{"type":"Polygon","coordinates":[[[-75.8125772057862,38.67361321983574],[-75.81253428549779,38.6755564593758],[-75.81352127150576,38.67629355782354],[-75.81399339069802,38.67703064516534],[-75.81330676003374,38.678571758432234],[-75.8172119887989,38.67940928845417],[-75.81764117701192,38.67749964917918],[-75.8196581669421,38.67646104161595],[-75.81905740026518,38.67595856792276],[-75.82000151171877,38.6754559587366],[-75.81360711147522,38.670597733707844],[-75.8125772057862,38.67361321983574]]]},"id":"480_00000000000000000000","properties":{"labeler":"sienna","notes":"","point_id":721,"queue_index":101,"source_asset":"point_721_label","source_labeler":"sienna","source_point_id":721,"status":"completed","timestamp":"2026-06-12 01:25:18"}},{"type":"Feature","geometry":{"type":"Polygon","coordinates":[[[-75.71420659143503,38.677946412164395],[-75.71266163626647,38.678482418486595],[-75.71090208881954,38.67928645796334],[-75.71124542765347,38.68498162811472],[-75.71227543926553,38.68565161464331],[-75.71446411193793,38.686958089199045],[-75.71609485741597,38.68679059529244],[-75.7198284560845,38.685584589762364],[-75.72180263225756,38.68421112834946],[-75.72223175112437,38.68179912126229],[-75.72167387860202,38.68025808281733],[-75.71665275147967,38.679721986013696],[-75.71660989123589,38.67831492706588],[-75.71420659143503,38.677946412164395]]]},"id":"481_00000000000000000000","properties":{"labeler":"sienna","notes":"","point_id":727,"queue_index":60,"source_asset":"point_727_label","source_labeler":"sienna","source_point_id":727,"status":"completed","timestamp":"2026-04-20 21:25:21"}},{"type":"Feature","geometry":{"type":"Polygon","coordinates":[[[-75.88897816530479,38.67927490104875],[-75.88820565983586,38.6791576512069],[-75.88786239164878,38.67981091074552],[-75.88502997621846,38.68239049677598],[-75.88835588925981,38.684534552822335],[-75.88949310751255,38.6840320313882],[-75.89150003471674,38.6833787583191],[-75.89285188491579,38.682290033806254],[-75.89272310829377,38.68084943791291],[-75.89098509984008,38.67962663739266],[-75.89001948108874,38.67882257227163],[-75.88897816530479,38.67927490104875]]]},"id":"482_00000000000000000000","properties":{"labeler":"sienna","notes":"","point_id":728,"queue_index":65,"source_asset":"point_728_label","source_labeler":"sienna","source_point_id":728,"status":"completed","timestamp":"2026-04-20 21:29:20"}},{"type":"Feature","geometry":{"type":"Polygon","coordinates":[[[-75.72442293498692,38.68794374732163],[-75.72362904063344,38.68769246744183],[-75.7242298523314,38.6870728077758],[-75.72397234923369,38.68626884939663],[-75.72053913776907,38.68512981285726],[-75.71916586582857,38.6860008219234],[-75.71916586582857,38.686218579561874],[-75.71862936692534,38.68695550690815],[-75.719766607357,38.687374284181935],[-75.7205819968474,38.68775950742387],[-75.72186953797124,38.68836249327726],[-75.72253468910995,38.68933387159269],[-75.7228994738726,38.68946786229161],[-75.72307108477523,38.68909943004478],[-75.72356462026754,38.68874769216294],[-75.72405815407295,38.688881679943464],[-75.72485213479942,38.688596930604774],[-75.72442293498692,38.68794374732163]]]},"id":"483_00000000000000000000","properties":{"labeler":"sienna","notes":"","point_id":740,"queue_index":34,"source_asset":"point_740_label","source_labeler":"sienna","source_point_id":740,"status":"completed","timestamp":"2026-04-13 23:58:28"}},{"type":"Feature","geometry":{"type":"Polygon","coordinates":[[[-75.9691028844721,38.705418028048825],[-75.97073362994807,38.706456205397274],[-75.97326563229616,38.70561899448031],[-75.96798703965163,38.70059535259287],[-75.96335216210461,38.70193501781348],[-75.9639958969257,38.702470895667155],[-75.96584124770946,38.7026718492588],[-75.9691028844721,38.705418028048825]]]},"id":"484_00000000000000000000","properties":{"labeler":"sienna","notes":"","point_id":766,"queue_index":92,"source_asset":"point_766_label","source_labeler":"sienna","source_point_id":766,"status":"completed","timestamp":"2026-06-12 01:18:40"}},{"type":"Feature","geometry":{"type":"Polygon","coordinates":[[[-75.89197774370322,38.718192878149495],[-75.89128032349086,38.71806729155075],[-75.8907868361166,38.71940661644195],[-75.89066878176882,38.720051190192066],[-75.89072249119157,38.72044462103681],[-75.89088344207839,38.72051991884312],[-75.89123742702762,38.72057854216207],[-75.89168810512693,38.7206873407711],[-75.89195629557935,38.7208296212708],[-75.89210652100634,38.7210054634138],[-75.89219231339074,38.72104725022062],[-75.89292190106143,38.72120631657702],[-75.8932437089999,38.721130995843474],[-75.89358705270993,38.72115610264931],[-75.89385532817576,38.721064028108636],[-75.89412351450352,38.72093009976821],[-75.89442396057633,38.720745982565326],[-75.8945633708816,38.72051994027444],[-75.89472431738157,38.7202939521451],[-75.89482092064402,38.72000929694335],[-75.89485309217453,38.71964104569172],[-75.89482092064402,38.71922243184218],[-75.89468142196674,38.71894619478077],[-75.89440242419774,38.718586244452155],[-75.89420930565987,38.718418851467774],[-75.8940376346676,38.71828488320204],[-75.89356560483102,38.718217982090046],[-75.89325443296427,38.71813421398798],[-75.89298624498232,38.718000317145055],[-75.89275022850062,38.717958440871755],[-75.8923210904978,38.718100763148065],[-75.89197774370322,38.718192878149495]]]},"id":"485_00000000000000000000","properties":{"labeler":"sienna","notes":"","point_id":800,"queue_index":24,"source_asset":"point_800_label","source_labeler":"sienna","source_point_id":800,"status":"completed","timestamp":"2026-04-07 22:24:35"}},{"type":"Feature","geometry":{"type":"Polygon","coordinates":[[[-75.90353692098572,38.74732494796125],[-75.90405189858775,38.746421206134954],[-75.90308636942625,38.74454680877795],[-75.90270006728464,38.74468070875185],[-75.90117664932815,38.74412846597083],[-75.89963167930343,38.74354269696395],[-75.8983226998638,38.744078228102246],[-75.89615554554224,38.74538364056862],[-75.89677778714653,38.74618690193957],[-75.89742147329677,38.74662206796167],[-75.89819401686786,38.74744209832446],[-75.89838712994225,38.74769307777471],[-75.90239972749295,38.74924940642957],[-75.9031936015372,38.74792740650307],[-75.90106932705744,38.74702369695865],[-75.90053289172282,38.74595260588727],[-75.90132677629786,38.74620361568761],[-75.90220653130113,38.74677265759254],[-75.90353692098572,38.74732494796125]]]},"id":"486_00000000000000000000","properties":{"labeler":"sienna","notes":"","point_id":866,"queue_index":4,"source_asset":"point_866_label","source_labeler":"sienna","source_point_id":866,"status":"completed","timestamp":"2026-04-06 20:14:21"}},{"type":"Feature","geometry":{"type":"Polygon","coordinates":[[[-75.92944182671656,38.74973726394334],[-75.92930236240197,38.74956996548327],[-75.92905559705814,38.749452828361555],[-75.92900190227947,38.7491766487427],[-75.92799339355658,38.748281388331336],[-75.92789690169863,38.74821443695527],[-75.92635195965799,38.74944448402503],[-75.92744625105861,38.7507175969004],[-75.92813294777912,38.750290847862004],[-75.92944182671656,38.74973726394334]]]},"id":"487_00000000000000000000","properties":{"labeler":"sienna","notes":"","point_id":878,"queue_index":38,"source_asset":"point_878_label","source_labeler":"sienna","source_point_id":878,"status":"completed","timestamp":"2026-04-14 00:02:23"}},{"type":"Feature","geometry":{"type":"Polygon","coordinates":[[[-75.91193859240092,38.74788595418685],[-75.91138066474078,38.74781901422135],[-75.91047943320353,38.74719978539431],[-75.90691742959531,38.75037937582416],[-75.90953530500039,38.752521402260236],[-75.91168107396896,38.749810447368915],[-75.9122174667845,38.74855284299257],[-75.91193859240092,38.74788595418685]]]},"id":"488_00000000000000000000","properties":{"labeler":"sienna","notes":"","point_id":880,"queue_index":75,"source_asset":"point_880_label","source_labeler":"sienna","source_point_id":880,"status":"completed","timestamp":"2026-06-12 01:07:31"}},{"type":"Feature","geometry":{"type":"Polygon","coordinates":[[[-75.93673471319865,38.75222069509358],[-75.93701362689318,38.752672521695004],[-75.9347986044785,38.75410249287851],[-75.9357641813565,38.7562610749313],[-75.93621480524837,38.75661247768296],[-75.9381889035598,38.75587617124818],[-75.93825331534677,38.755993308504564],[-75.94344248668857,38.75399743908813],[-75.94320646640838,38.75367948565437],[-75.94318502610794,38.753311310234864],[-75.94378579625769,38.75316072054294],[-75.94365706634248,38.752943213480975],[-75.94234814305378,38.7523575114993],[-75.94161854634321,38.75115268300684],[-75.93673471319865,38.75222069509358]]]},"id":"489_00000000000000000000","properties":{"labeler":"sienna","notes":"","point_id":888,"queue_index":89,"source_asset":"point_888_label","source_labeler":"sienna","source_point_id":888,"status":"completed","timestamp":"2026-06-12 01:16:42"}},{"type":"Feature","geometry":{"type":"Polygon","coordinates":[[[-75.93345663825978,38.764927595444234],[-75.93592428324742,38.766868394046334],[-75.93637490662414,38.76678474110547],[-75.9356668088386,38.76603187202261],[-75.93716885435039,38.76506149190991],[-75.93761947372225,38.76531245726404],[-75.9406020660419,38.76544628757836],[-75.94062350673809,38.76427514746065],[-75.93867088375042,38.7640576259756],[-75.93940049582665,38.76323776339726],[-75.93961499307986,38.763823392191426],[-75.94025874866176,38.763957234822215],[-75.94075232804191,38.76327123917217],[-75.93676120470748,38.76082844905508],[-75.93328501521688,38.763639348503595],[-75.93420771918065,38.764208232108956],[-75.93345663825978,38.764927595444234]]]},"id":"490_00000000000000000000","properties":{"labeler":"sienna","notes":"","point_id":900,"queue_index":104,"source_asset":"point_900_label","source_labeler":"sienna","source_point_id":900,"status":"completed","timestamp":"2026-06-12 01:28:02"}},{"type":"Feature","geometry":{"type":"Polygon","coordinates":[[[-75.89837206376423,38.77497181217504],[-75.89729917049587,38.77502200733851],[-75.89599025799966,38.77561585871983],[-75.89443069623316,38.77590499629534],[-75.89658715338496,38.777335279818246],[-75.89741331978,38.77776183448967],[-75.89897967258246,38.7773436182374],[-75.89982301793253,38.77602209094864],[-75.89837206376423,38.77497181217504]]]},"id":"491_00000000000000000000","properties":{"labeler":"sienna","notes":"","point_id":926,"queue_index":41,"source_asset":"point_926_label","source_labeler":"sienna","source_point_id":926,"status":"completed","timestamp":"2026-04-14 00:05:22"}},{"type":"Feature","geometry":{"type":"Polygon","coordinates":[[[-75.80252135637605,38.36367926933223],[-75.80346548865315,38.366101979853596],[-75.80393755244984,38.36623656680651],[-75.80739227051247,38.36579919552886],[-75.80807892965922,38.36490750565727],[-75.80749957507851,38.36337640916263],[-75.80711327826302,38.363056751073906],[-75.8065553808093,38.36310725011007],[-75.8063836923286,38.36305674113751],[-75.80664122497218,38.36255200302867],[-75.80664122497218,38.36007872151516],[-75.80672706908341,38.35977588668259],[-75.8041950895082,38.35994413874362],[-75.80280816182545,38.35957476158788],[-75.80175671639724,38.35903637400791],[-75.80160657262182,38.358901790838],[-75.80079119959245,38.35896908606175],[-75.80252135637605,38.36367926933223]]]},"id":"492_00000000000000000000","properties":{"labeler":"sienna","notes":"","point_id":92,"queue_index":3,"source_asset":"point_92_label","source_labeler":"sienna","source_point_id":92,"status":"completed","timestamp":"2026-04-06 20:12:54"}},{"type":"Feature","geometry":{"type":"Polygon","coordinates":[[[-75.93021153610152,38.77890418575882],[-75.92918159363626,38.78000821808211],[-75.92622046690207,38.778435856919955],[-75.92480425375265,38.78014207242379],[-75.92570548195678,38.780643852796636],[-75.9245467589165,38.78188163893906],[-75.93038325151292,38.78599643666035],[-75.93424564081906,38.78164751506514],[-75.93021153610152,38.77890418575882]]]},"id":"493_00000000000000000000","properties":{"labeler":"sienna","notes":"","point_id":936,"queue_index":88,"source_asset":"point_936_label","source_labeler":"sienna","source_point_id":936,"status":"completed","timestamp":"2026-06-12 01:15:46"}},{"type":"Feature","geometry":{"type":"Polygon","coordinates":[[[-75.90324030508394,38.78421374860513],[-75.90289698491169,38.783862436561535],[-75.90208157398995,38.78449806226894],[-75.90169535771253,38.78397952336656],[-75.90214591372572,38.78351122273347],[-75.90133058707482,38.7829592341201],[-75.89725361710663,38.7844144265741],[-75.89909896070353,38.78816104354381],[-75.90019328713021,38.78871302668571],[-75.9005151670775,38.78829490169125],[-75.90070827696795,38.78836179427758],[-75.9006653833759,38.78884677727133],[-75.90199241998238,38.789914622646535],[-75.9031511518105,38.7849303655923],[-75.90324030508394,38.78421374860513]]]},"id":"494_00000000000000000000","properties":{"labeler":"sienna","notes":"","point_id":944,"queue_index":37,"source_asset":"point_944_label","source_labeler":"sienna","source_point_id":944,"status":"completed","timestamp":"2026-04-14 00:01:33"}},{"type":"Feature","geometry":{"type":"Polygon","coordinates":[[[-75.78709828584137,38.78957460041969],[-75.788857788406,38.78967497475229],[-75.78877202224882,38.78937390394049],[-75.78941575498368,38.78925678390164],[-75.78995216715201,38.78624621945078],[-75.78924404590153,38.78607891949565],[-75.78915819128315,38.7858447298818],[-75.78733430062388,38.78572764640668],[-75.78709828584137,38.78957460041969]]]},"id":"495_00000000000000000000","properties":{"labeler":"sienna","notes":"","point_id":950,"queue_index":105,"source_asset":"point_950_label","source_labeler":"sienna","source_point_id":950,"status":"completed","timestamp":"2026-06-12 01:31:35"}},{"type":"Feature","geometry":{"type":"Polygon","coordinates":[[[-75.75465217666816,38.791606529608096],[-75.75308982308857,38.78529558152141],[-75.75148052171258,38.784827269607554],[-75.75032179582703,38.78532904927256],[-75.74957080587694,38.786282461216494],[-75.75002140031751,38.78726929726071],[-75.74913484842386,38.787602214125684],[-75.75128064415975,38.7904287911796],[-75.75115182811963,38.79078000092477],[-75.75462795770017,38.79171658408736],[-75.75465217666816,38.791606529608096]]]},"id":"496_00000000000000000000","properties":{"labeler":"sienna","notes":"","point_id":951,"queue_index":49,"source_asset":"point_951_label","source_labeler":"sienna","source_point_id":951,"status":"completed","timestamp":"2026-04-14 00:14:03"}},{"type":"Feature","geometry":{"type":"Polygon","coordinates":[[[-75.82633541810931,38.80524495547183],[-75.82431843411659,38.80397412200408],[-75.82262321263958,38.80454263127302],[-75.82279488155609,38.8050107919001],[-75.81858919953319,38.80623149415932],[-75.81970498673313,38.80761931896278],[-75.82000541335921,38.80755249338209],[-75.8206705528166,38.80830488505056],[-75.82129286018991,38.80845536608886],[-75.8215289071027,38.809291398929375],[-75.82326697000886,38.810261253333714],[-75.82710790644984,38.80673311579023],[-75.82633541810931,38.80524495547183]]]},"id":"497_00000000000000000000","properties":{"labeler":"sienna","notes":"","point_id":974,"queue_index":74,"source_asset":"point_974_label","source_labeler":"sienna","source_point_id":974,"status":"completed","timestamp":"2026-06-12 01:06:56"}},{"type":"Feature","geometry":{"type":"Polygon","coordinates":[[[-75.94479135621222,38.82974757637807],[-75.94466262722237,38.83031594612105],[-75.94423347067021,38.83108485813281],[-75.94328930390192,38.83138575597737],[-75.94286014313687,38.83205434998351],[-75.94305328336333,38.83282321814911],[-75.9440188919004,38.8334250200025],[-75.94601440859866,38.83329125818239],[-75.94843913038046,38.83240537497174],[-75.94884683459385,38.83118515137859],[-75.94934038367064,38.831201908477276],[-75.94895412031593,38.832756390504166],[-75.9517221697863,38.83372585769981],[-75.95324565885147,38.82887840254928],[-75.95326718619903,38.8251840368],[-75.94931894431059,38.82362937921914],[-75.94468406729636,38.82381324737859],[-75.94292455277414,38.826855746944574],[-75.9440617722424,38.830048521970525],[-75.94479135621222,38.82974757637807]]]},"id":"498_00000000000000000000","properties":{"labeler":"sienna","notes":"","point_id":986,"queue_index":66,"source_asset":"point_986_label","source_labeler":"sienna","source_point_id":986,"status":"completed","timestamp":"2026-04-20 21:30:26"}},{"type":"Feature","geometry":{"type":"Polygon","coordinates":[[[-75.77805439579174,38.829409755792035],[-75.77963687830068,38.82949757519417],[-75.7815520481405,38.829622949458816],[-75.7825873219489,38.829677252226915],[-75.78422279450628,38.82969813219255],[-75.78489546243132,38.82969729932834],[-75.7855338022102,38.82949671112853],[-75.78657986793799,38.82915402766533],[-75.78671406252157,38.829003589525826],[-75.78663893840469,38.828744516299274],[-75.78648567444063,38.82844136550334],[-75.7862549799352,38.82838287252261],[-75.78590632098219,38.828387048888196],[-75.78623883751452,38.82834943772999],[-75.78640513983817,38.828311829301924],[-75.78643733594569,38.82820734456645],[-75.78638367576245,38.82799417043816],[-75.78636762205083,38.82777688942189],[-75.7863207026292,38.82764806984729],[-75.7857359381118,38.8276773091205],[-75.78557504540768,38.827510144796314],[-75.78548918858748,38.827497645238616],[-75.78439486439773,38.827459998688816],[-75.78430900686949,38.82753109794308],[-75.78419636313349,38.82807850343996],[-75.7839656649376,38.82817461254104],[-75.78351109704674,38.82817263604888],[-75.78330186228753,38.82824363736964],[-75.78216459196122,38.82820604771656],[-75.78059127328977,38.8281013389677],[-75.77822017542489,38.8279592402819],[-75.7780807395986,38.82800102149373],[-75.77807541761781,38.828356257864634],[-75.77802175430044,38.82846910617508],[-75.7780432196298,38.82880755845338],[-75.77812899221543,38.8289203849345],[-75.77805395229326,38.82913772053055],[-75.77805439579174,38.829409755792035]]]},"id":"499_00000000000000000000","properties":{"labeler":"sienna","notes":"","point_id":987,"queue_index":19,"source_asset":"point_987_label","source_labeler":"sienna","source_point_id":987,"status":"completed","timestamp":"2026-04-06 21:02:29"}},{"type":"Feature","geometry":{"type":"Polygon","coordinates":[[[-75.95710378493533,38.85189820415919],[-75.95794057964511,38.85206528954157],[-75.96150261491523,38.85271703221972],[-75.96167429191145,38.852265831776116],[-75.96160989091646,38.85102367116701],[-75.96081590481835,38.84985395990867],[-75.95946408946622,38.848851277605334],[-75.95841265863162,38.8484501568319],[-75.95753290196812,38.84876769649627],[-75.95547296872506,38.84893482975258],[-75.95412119023277,38.84903509146664],[-75.95343453242147,38.84891808293133],[-75.95304828038259,38.84905178520505],[-75.95307751509262,38.84962679588859],[-75.95309895387607,38.85039544430431],[-75.95279854483768,38.85064615970002],[-75.95243381851654,38.85143157111474],[-75.95247669627771,38.85225037006797],[-75.95681118022387,38.85206658417725],[-75.95710378493533,38.85189820415919]]]},"id":"500_00000000000000000000","properties":{"labeler":"taryn","notes":"","point_id":1000,"queue_index":58,"source_asset":"point_1000_label","source_labeler":"taryn","source_point_id":1000,"status":"completed","timestamp":"2026-04-29 02:29:10"}},{"type":"Feature","geometry":{"type":"Polygon","coordinates":[[[-75.95527240421266,38.85220085388091],[-75.95533671954263,38.85294444863491],[-75.95368453259846,38.85288596168266],[-75.95360940856678,38.85254344488272],[-75.95400637837596,38.852543394692766],[-75.95398493973175,38.85226773867822],[-75.9534270022887,38.852242639924256],[-75.95147438087406,38.85230108494777],[-75.95148510038919,38.85301129510567],[-75.95066970616378,38.85301970064883],[-75.9502298484378,38.8531199212379],[-75.94991871359717,38.853270289363294],[-75.94991871359717,38.853754951178665],[-75.95024056804839,38.854281305094794],[-75.95134565803728,38.85588545345318],[-75.95220392616355,38.85582692018763],[-75.95233264820972,38.85606921999546],[-75.95261161939489,38.856035828725744],[-75.9527940267375,38.85645353729913],[-75.95257946110628,38.85649534878985],[-75.95283690438814,38.85690470872076],[-75.95329828125075,38.85688798228104],[-75.95470375264458,38.85675429388878],[-75.95629161267216,38.85672929284133],[-75.95730009462514,38.85665404047526],[-75.95732162134779,38.85602749298843],[-75.95724649927242,38.85539249242161],[-75.9571392199178,38.85449014730256],[-75.95710697408413,38.854155927416],[-75.95648473434082,38.85402225052649],[-75.95596977216032,38.85379672222272],[-75.95601264883616,38.853579453849534],[-75.95609849073644,38.853337167654395],[-75.95605561408696,38.85313663564959],[-75.95652769944637,38.85309484068982],[-75.95720353438801,38.85287764118041],[-75.95700881913797,38.85235962817097],[-75.95677273317716,38.852133997862985],[-75.95612905362937,38.852134022421005],[-75.95545312489922,38.85217577776398],[-75.95534584416693,38.85218417542878],[-75.95527240421266,38.85220085388091]]]},"id":"501_00000000000000000000","properties":{"labeler":"taryn","notes":"","point_id":1007,"queue_index":77,"source_asset":"point_1007_label","source_labeler":"taryn","source_point_id":1007,"status":"completed","timestamp":"2026-06-13 01:56:05"}},{"type":"Feature","geometry":{"type":"Polygon","coordinates":[[[-75.97588138111242,38.8612569715955],[-75.97566676241507,38.86146586641866],[-75.9753234426721,38.86132386671136],[-75.9750659523095,38.86124864824751],[-75.97485142093178,38.86121519382066],[-75.9744651396122,38.86113168568223],[-75.97436859125906,38.86103145221163],[-75.97452953466927,38.860805841678314],[-75.97464751838294,38.86063043510036],[-75.97452953466927,38.860471667711785],[-75.97430419612759,38.86036306673451],[-75.97387504211846,38.86017930338286],[-75.97352100013777,38.859995477420654],[-75.97315623940774,38.860396497915126],[-75.9728665914261,38.86073903433692],[-75.97250182898273,38.86129043412259],[-75.97221209106273,38.861741577307505],[-75.97197611941033,38.8621007424855],[-75.97190100522691,38.862251108635775],[-75.97186876280557,38.8625017244818],[-75.97181517305032,38.86273565694383],[-75.9719224411183,38.86289444275587],[-75.97211554114814,38.86298628494748],[-75.97241599717623,38.86311993147483],[-75.97305969014745,38.86332041927239],[-75.97369266233635,38.863612811834294],[-75.97485142093178,38.864055626967634],[-75.97606375802862,38.864548447765955],[-75.9769650100453,38.86490773268753],[-75.97727608457149,38.865024674407174],[-75.97745854823556,38.86507477851731],[-75.9775979644857,38.86505808533015],[-75.9775979644857,38.864857576905656],[-75.97758724697715,38.86464035437203],[-75.97757652946777,38.86440647408511],[-75.97758724697715,38.864214309606396],[-75.97772675167278,38.86388849182909],[-75.97785545016644,38.863579418381775],[-75.97800567207051,38.86330378142769],[-75.97814517634689,38.86306147947643],[-75.97829539793833,38.86284425793272],[-75.97850992401018,38.86262706055591],[-75.97846705425182,38.862451657032956],[-75.97839194356897,38.86218433888685],[-75.9783489852003,38.86196708366598],[-75.97827387445375,38.86171649959761],[-75.97805934801815,38.861724813601256],[-75.97771603417414,38.861683081072954],[-75.9774907007885,38.861632907215515],[-75.97717953816706,38.8615577138639],[-75.97694357492992,38.86144915187017],[-75.97667528140909,38.86135721230445],[-75.9763963583463,38.86122362088456],[-75.9761388699674,38.86108153910246],[-75.97588138111242,38.8612569715955]]]},"id":"502_00000000000000000000","properties":{"labeler":"taryn","notes":"","point_id":1017,"queue_index":15,"source_asset":"point_1017_label","source_labeler":"taryn","source_point_id":1017,"status":"completed","timestamp":"2026-04-07 05:49:01"}},{"type":"Feature","geometry":{"type":"Polygon","coordinates":[[[-76.00066872011548,38.88214946426655],[-75.9998104849459,38.88227477113253],[-75.99910235501716,38.88239998572936],[-75.99883410425453,38.88278418327031],[-75.99897358763093,38.88356089378767],[-76.0002503632363,38.88415388919215],[-76.00138755772659,38.884688349046165],[-76.0017309016655,38.88485534603293],[-76.00194548012603,38.884654911506765],[-76.00158070540161,38.88452971211362],[-76.00233168509526,38.88363607864033],[-76.00263216439309,38.88380309173392],[-76.0029647011421,38.883276915662776],[-76.00316856215845,38.8828008924221],[-76.00337242287522,38.882441752916684],[-76.00347966659858,38.88215778597542],[-76.0029432700361,38.882207932374065],[-76.00229953828834,38.88208268691019],[-76.00144122464539,38.881907294670974],[-76.00059362142902,38.88214109712044],[-76.00066872011548,38.88214946426655]]]},"id":"503_00000000000000000000","properties":{"labeler":"taryn","notes":"","point_id":1042,"queue_index":65,"source_asset":"point_1042_label","source_labeler":"taryn","source_point_id":1042,"status":"completed","timestamp":"2026-04-29 02:36:39"}},{"type":"Feature","geometry":{"type":"Polygon","coordinates":[[[-76.02525108050918,38.9078486961318],[-76.02425327417896,38.909592204807744],[-76.02323403268336,38.91162088616138],[-76.02267610745758,38.91260598964421],[-76.02477896290851,38.91325709402968],[-76.02643127891623,38.913457516286286],[-76.02866281717779,38.91330717753908],[-76.03042239816743,38.912656033145],[-76.03136650467216,38.911904692053255],[-76.03213901504337,38.910836172901554],[-76.02934945752088,38.9096339938383],[-76.02671018996499,38.90841507816637],[-76.02525108050918,38.9078486961318]]]},"id":"504_00000000000000000000","properties":{"labeler":"taryn","notes":"","point_id":1072,"queue_index":61,"source_asset":"point_1072_label","source_labeler":"taryn","source_point_id":1072,"status":"completed","timestamp":"2026-04-29 02:31:28"}},{"type":"Feature","geometry":{"type":"Polygon","coordinates":[[[-76.03322362116916,38.92915459020151],[-76.03412485597758,38.9288207286534],[-76.03455400069517,38.9289709588315],[-76.03487583622385,38.92940498329658],[-76.03519775954024,38.929972549307514],[-76.03521918565292,38.93040653934581],[-76.035433800747,38.93048997836368],[-76.0367855848528,38.9304065198429],[-76.03749369912015,38.93010604642815],[-76.03850221118222,38.93022290895813],[-76.03955365529464,38.930122759786116],[-76.04034754518426,38.929972551403736],[-76.04094842657753,38.92987241176088],[-76.03948929042964,38.92675084348045],[-76.03899570742065,38.92561572113149],[-76.0395322298546,38.92518166761603],[-76.03873824673992,38.92478105444714],[-76.03880261195513,38.92451396950602],[-76.03845927143686,38.923762782141964],[-76.03693583145687,38.92266092947502],[-76.03313782692128,38.92778582567706],[-76.03230095391915,38.92883746232054],[-76.03322362116916,38.92915459020151]]]},"id":"505_00000000000000000000","properties":{"labeler":"taryn","notes":"","point_id":1109,"queue_index":41,"source_asset":"point_1109_label","source_labeler":"taryn","source_point_id":1109,"status":"completed","timestamp":"2026-04-09 05:34:34"}},{"type":"Feature","geometry":{"type":"Polygon","coordinates":[[[-75.65441706766262,38.37552053567184],[-75.65265752475399,38.37454486289424],[-75.65051177696019,38.37410747889277],[-75.64879515600994,38.37424203993993],[-75.64703563409843,38.374746677592725],[-75.64544770485656,38.375890592150974],[-75.64476107059564,38.37723636685933],[-75.64471818914022,38.37875028443666],[-75.64527609098452,38.38026415359098],[-75.64720724590275,38.38197987553278],[-75.64845184715323,38.38319088456209],[-75.64913846405928,38.38231623250654],[-75.64956762018016,38.382955446563045],[-75.65197083562673,38.38238351900438],[-75.65368750799684,38.38221536226785],[-75.65574745266463,38.380365091058046],[-75.65480332976585,38.37652982393945],[-75.65441706766262,38.37552053567184]]]},"id":"506_00000000000000000000","properties":{"labeler":"taryn","notes":"","point_id":110,"queue_index":62,"source_asset":"point_110_label","source_labeler":"taryn","source_point_id":110,"status":"completed","timestamp":"2026-04-29 02:32:10"}},{"type":"Feature","geometry":{"type":"Polygon","coordinates":[[[-75.85265431520142,38.93146162537885],[-75.85434944419681,38.92972567315325],[-75.85400618243422,38.929525316969745],[-75.85331947910875,38.92927499262524],[-75.85243977413096,38.92899119966307],[-75.85143124944182,38.928573912224486],[-75.85050853526555,38.928106507721374],[-75.84977899460422,38.92765579348594],[-75.8488562696747,38.928757499587135],[-75.84816963005774,38.92955871108009],[-75.84756880658371,38.93030988175191],[-75.84739716759692,38.93052691206444],[-75.84716116365095,38.93067712488289],[-75.84690361569608,38.930677084501404],[-75.84668906592397,38.93071045738388],[-75.84649597085162,38.93082730098928],[-75.84639197601365,38.930935291683994],[-75.84742536037864,38.93106001688953],[-75.84901992789713,38.931359479676374],[-75.85152238575823,38.931624450694244],[-75.8519139698284,38.93116954492425],[-75.85265431520142,38.93146162537885]]]},"id":"507_00000000000000000000","properties":{"labeler":"taryn","notes":"","point_id":1115,"queue_index":29,"source_asset":"point_1115_label","source_labeler":"taryn","source_point_id":1115,"status":"completed","timestamp":"2026-04-07 15:54:33"}},{"type":"Feature","geometry":{"type":"Polygon","coordinates":[[[-75.94173097624817,38.92734175073406],[-75.93842209712393,38.928465911706915],[-75.9354608998517,38.92941738016099],[-75.9354608998517,38.92980131180979],[-75.93550387141657,38.93038555284294],[-75.93548242993637,38.93085293337702],[-75.93513910000264,38.931203481584326],[-75.9345382927441,38.931754250112725],[-75.93419168222299,38.93238980370205],[-75.93322609450577,38.93362502514623],[-75.93275401910175,38.93444287510914],[-75.93281843338816,38.935310804998345],[-75.93303294072265,38.936462511270825],[-75.9332904199726,38.9383151312815],[-75.93406294348536,38.93846536335697],[-75.93427753751632,38.93804809684221],[-75.93434186250039,38.93774762063139],[-75.93427753751632,38.93751402066051],[-75.9342560958484,38.93723021780208],[-75.93457789772604,38.93699657613055],[-75.93472816619104,38.93716345800701],[-75.93462086956178,38.93758075202584],[-75.9348353741365,38.93778103996984],[-75.93481393255396,38.93834849449967],[-75.9351787048147,38.93829842950868],[-75.93590833508719,38.93831514933291],[-75.93631598721272,38.93813482089291],[-75.93730308343409,38.938084726738715],[-75.93833305479441,38.93818483505663],[-75.93895528672417,38.93780098328963],[-75.93962048618982,38.93778432585523],[-75.94028568249442,38.93736705952653],[-75.94050026698915,38.93674949880537],[-75.93981363088739,38.93671152053763],[-75.93989939413552,38.936227447030305],[-75.93994236433824,38.935893643199606],[-75.9393414890897,38.935442974164175],[-75.9391698732584,38.934875516568106],[-75.93938445946365,38.93452499087832],[-75.94088646509195,38.9350257595535],[-75.94140148283536,38.93325642092335],[-75.9413941292494,38.932461359580145],[-75.9421451675931,38.931059222286834],[-75.94160871204463,38.929957602529626],[-75.94210219806672,38.9294233908394],[-75.94255289015382,38.92878909943],[-75.94216660805287,38.92737023034593],[-75.94173097624817,38.92734175073406]]]},"id":"508_00000000000000000000","properties":{"labeler":"taryn","notes":"","point_id":1118,"queue_index":36,"source_asset":"point_1118_label","source_labeler":"taryn","source_point_id":1118,"status":"completed","timestamp":"2026-04-07 22:13:13"}},{"type":"Feature","geometry":{"type":"Polygon","coordinates":[[[-75.91097506695581,38.945995581066214],[-75.90880784165341,38.94542814396196],[-75.90822854454062,38.94694685297279],[-75.90882937582776,38.949132973501285],[-75.90917268151968,38.94918299008909],[-75.9092584635028,38.94864902885577],[-75.91000949670864,38.948548864935695],[-75.9106103203843,38.9490661940212],[-75.91039498122059,38.949382486355674],[-75.9117039369459,38.949649525457104],[-75.91176827227957,38.94871500592437],[-75.9132488629771,38.94914887210217],[-75.91605979787226,38.94938248800385],[-75.91642461891017,38.948114202241996],[-75.91595248696154,38.947730355121344],[-75.91646750769475,38.94753013157887],[-75.91689666065872,38.947379969981014],[-75.91764765303685,38.944175704915345],[-75.9153302415675,38.94385868465828],[-75.91354926821147,38.94375853274887],[-75.90967478895429,38.94309895411028],[-75.90892375396032,38.94501818567999],[-75.91119829209961,38.94550219159072],[-75.91097506695581,38.945995581066214]]]},"id":"509_00000000000000000000","properties":{"labeler":"taryn","notes":"","point_id":1137,"queue_index":67,"source_asset":"point_1137_label","source_labeler":"taryn","source_point_id":1137,"status":"completed","timestamp":"2026-04-29 03:01:47"}},{"type":"Feature","geometry":{"type":"Polygon","coordinates":[[[-76.04253698253814,38.952713646586105],[-76.04313776586423,38.95206279909161],[-76.0433737934931,38.951295211811605],[-76.04270864783155,38.95122845305384],[-76.04137825835438,38.95147882853543],[-76.04024094977363,38.95156221652989],[-76.03910372035556,38.95169574816753],[-76.03824545786674,38.95248000598458],[-76.0371296378249,38.95296393052225],[-76.03732273563048,38.95383167081966],[-76.03640009576428,38.954632578418696],[-76.03665756080542,38.95471605271151],[-76.03747298165001,38.95436559701511],[-76.038181003856,38.955366753204885],[-76.03841703996292,38.95583400567413],[-76.04337379349312,38.955700482825435],[-76.04815888768613,38.95553369016145],[-76.04818031178625,38.95296392327484],[-76.04376005989299,38.95313079892604],[-76.04354545774522,38.9534644959497],[-76.04221507633737,38.95346452823539],[-76.04253698253814,38.952713646586105]]]},"id":"510_00000000000000000000","properties":{"labeler":"taryn","notes":"","point_id":1144,"queue_index":64,"source_asset":"point_1144_label","source_labeler":"taryn","source_point_id":1144,"status":"completed","timestamp":"2026-04-29 02:34:36"}},{"type":"Feature","geometry":{"type":"Polygon","coordinates":[[[-75.8971684481818,38.96486879143993],[-75.89626721422796,38.964668541273205],[-75.8956235228024,38.96466854099579],[-75.89482960607171,38.96466858095447],[-75.8946579358353,38.96475201543061],[-75.89382102935875,38.96508563505631],[-75.89319877469406,38.96541931395655],[-75.89296275856832,38.96581972887655],[-75.89255506924871,38.966153457147406],[-75.89276963805722,38.96653718491344],[-75.8928125340541,38.967004337172874],[-75.8928125340541,38.96740470433389],[-75.89287696665296,38.96807206319985],[-75.89304855043144,38.96820547372437],[-75.89322022262881,38.96862255762354],[-75.89435749026144,38.96872264546409],[-75.89607409824657,38.96873934204793],[-75.89913724631978,38.9688061166891],[-75.90126154995997,38.96873940165705],[-75.90117567447717,38.96800531801717],[-75.90093967171951,38.96743810661766],[-75.90057489912331,38.96683743421438],[-75.90003846190442,38.96625353343731],[-75.89948057566315,38.96576972265894],[-75.89890115152039,38.96540269797679],[-75.8980214644842,38.965436018631124],[-75.89748501753617,38.965202444856686],[-75.8971684481818,38.96486879143993]]]},"id":"511_00000000000000000000","properties":{"labeler":"taryn","notes":"","point_id":1155,"queue_index":91,"source_asset":"point_1155_label","source_labeler":"taryn","source_point_id":1155,"status":"completed","timestamp":"2026-06-13 02:12:46"}},{"type":"Feature","geometry":{"type":"Polygon","coordinates":[[[-75.85619703280304,38.971768735944],[-75.85673345929824,38.9713934029363],[-75.85673345929824,38.97129326921914],[-75.85451256416441,38.96955832329907],[-75.85472719074872,38.96934976827113],[-75.85698026267517,38.9711931843025],[-75.85855734737508,38.97045919075526],[-75.85857880057033,38.97035069322671],[-75.85847153456162,38.97027722527743],[-75.85665837212231,38.96871732596326],[-75.85691590235322,38.96853387292646],[-75.85812819413786,38.96956815725321],[-75.8588685070374,38.970210462597734],[-75.8594800977826,38.96957657456652],[-75.86000578535378,38.96876740686801],[-75.86025249437907,38.96838365977446],[-75.86030825428246,38.96810330022989],[-75.8602653484128,38.96703557286683],[-75.85969666711453,38.96656011690803],[-75.85785134040914,38.96517533459698],[-75.85767279916479,38.96529250917219],[-75.85381806186965,38.96789395884599],[-75.85350689111333,38.96812753659034],[-75.85334598630894,38.96844449024052],[-75.85327089733768,38.96862801762042],[-75.85314217329443,38.96873648533271],[-75.85291681728425,38.9685279499716],[-75.85111439957451,38.969737432341795],[-75.85107716479263,38.97023148458362],[-75.85079825823443,38.97175801875609],[-75.85105571046148,38.97196652508166],[-75.85189260427765,38.972500330641736],[-75.85252559059812,38.97281732031555],[-75.8531263930662,38.97300078672375],[-75.85359846935845,38.972984123939035],[-75.85382373563209,38.973092583585114],[-75.85418854034913,38.973042484558256],[-75.8546820668883,38.97305920980467],[-75.85526140651875,38.97272555239453],[-75.85489669321586,38.97225011391436],[-75.85431726344189,38.97142432142717],[-75.85428508267967,38.97108233788912],[-75.85574420250965,38.971999833955365],[-75.85619703280304,38.971768735944]]]},"id":"512_00000000000000000000","properties":{"labeler":"taryn","notes":"","point_id":1158,"queue_index":98,"source_asset":"point_1158_label","source_labeler":"taryn","source_point_id":1158,"status":"completed","timestamp":"2026-06-13 02:21:02"}},{"type":"Feature","geometry":{"type":"Polygon","coordinates":[[[-75.86763237927435,38.97701268932143],[-75.86819030281201,38.97672917411441],[-75.86868378053488,38.9764289011],[-75.86917734517849,38.976178660124496],[-75.86956356185627,38.975978494121236],[-75.86934895776874,38.97567821979725],[-75.86943476398574,38.97546136185915],[-75.8696922709669,38.97512773432519],[-75.86977816561809,38.97487748148742],[-75.8702716377991,38.97489420840212],[-75.87055059463601,38.975144418697546],[-75.87108705536302,38.97531120715586],[-75.87211697979306,38.975461385846934],[-75.87608671467981,38.97592843761449],[-75.87711669130454,38.97379321333875],[-75.86743922410801,38.97107398375471],[-75.8598217506015,38.96923887207402],[-75.85928533580413,38.96990622258965],[-75.85919952343183,38.97020644116123],[-75.8595213195598,38.97067355285857],[-75.85926388271594,38.97095723059576],[-75.85892054421333,38.970873803142034],[-75.85862011125946,38.97085708386704],[-75.85825531795493,38.97119074972337],[-75.86078739849303,38.973476222174845],[-75.86231089787394,38.974477175571245],[-75.86370557776782,38.975761608313476],[-75.86514323696491,38.977012747353996],[-75.86544365607281,38.97724624957559],[-75.86587287577454,38.97709611681269],[-75.86658097019719,38.97697938303385],[-75.8673534166801,38.97702938271582],[-75.86763237927435,38.97701268932143]]]},"id":"513_00000000000000000000","properties":{"labeler":"taryn","notes":"","point_id":1170,"queue_index":3,"source_asset":"point_1170_label","source_labeler":"taryn","source_point_id":1170,"status":"completed","timestamp":"2026-04-07 05:23:05"}},{"type":"Feature","geometry":{"type":"Polygon","coordinates":[[[-75.96174507096244,38.977457735957245],[-75.96028598767371,38.977741299879796],[-75.95917016090914,38.97799156682113],[-75.9581401658704,38.976173298406614],[-75.95696000740168,38.97684057648311],[-75.9560373649305,38.9776579036564],[-75.95462118768168,38.97897568957066],[-75.9563377670035,38.9814777518441],[-75.95646648524043,38.98196495414231],[-75.95674544816984,38.98231520061863],[-75.95665960666724,38.98281557043184],[-75.95698153417678,38.98374968161932],[-75.95749649262616,38.98525078947978],[-75.95777545349782,38.986168138547804],[-75.9580544138121,38.987102177856244],[-75.95927673001447,38.988002271750574],[-75.95962008927177,38.988752788008824],[-75.95972736672002,38.989236457877496],[-75.95955568732887,38.989570031128125],[-75.95998488541079,38.99022051431688],[-75.96095046553825,38.989002971415374],[-75.96223795437209,38.98878616103884],[-75.96622905881993,38.98743523142804],[-75.97388195110989,38.984664807211175],[-75.97287350046753,38.98431454200726],[-75.97302363916795,38.98261320144697],[-75.97255160963472,38.982362962812886],[-75.97235851020919,38.982179506857],[-75.97214388608414,38.9819793698012],[-75.97128556343503,38.98166241346085],[-75.971028154188,38.980911798421594],[-75.97119973087935,38.980394769969266],[-75.97094232147377,38.980127886985706],[-75.97053459321452,38.98004442357419],[-75.96995519717098,38.98009446462705],[-75.96877505006638,38.97877292823233],[-75.9683030061431,38.978355920675945],[-75.96817421024453,38.978155718645596],[-75.96714428167812,38.978189095588846],[-75.96675806757702,38.97832252902082],[-75.96650056138816,38.97845600128114],[-75.96632889033143,38.97882298607372],[-75.96635032707967,38.979039806836255],[-75.96613578228542,38.97872288272037],[-75.96632889033143,38.978122379541475],[-75.96611434550418,38.97780545144406],[-75.96581387589322,38.977588556497516],[-75.96532038504198,38.97770536085037],[-75.96523454881363,38.97792218692362],[-75.96476249290487,38.97805565871904],[-75.96435474657332,38.97802228642363],[-75.96338919000337,38.97775538515978],[-75.96261673993583,38.977605212839194],[-75.96174507096244,38.977457735957245]]]},"id":"514_00000000000000000000","properties":{"labeler":"taryn","notes":"","point_id":1179,"queue_index":99,"source_asset":"point_1179_label","source_labeler":"taryn","source_point_id":1179,"status":"completed","timestamp":"2026-06-13 02:22:30"}},{"type":"Feature","geometry":{"type":"Polygon","coordinates":[[[-75.848173708237,38.981469590367816],[-75.84731542622959,38.98253712248584],[-75.84624249992376,38.98260379418989],[-75.84637123023124,38.98413836118931],[-75.84710078842365,38.983904818862285],[-75.84843116522961,38.98453867555532],[-75.84680041906934,38.98717394827294],[-75.85186441238419,38.98890853106382],[-75.85521185024515,38.98403826836832],[-75.85207895432555,38.982637177748074],[-75.84984743629866,38.98130279627906],[-75.848173708237,38.981469590367816]]]},"id":"515_00000000000000000000","properties":{"labeler":"taryn","notes":"","point_id":1185,"queue_index":53,"source_asset":"point_1185_label","source_labeler":"taryn","source_point_id":1185,"status":"completed","timestamp":"2026-04-28 18:03:31"}},{"type":"Feature","geometry":{"type":"Polygon","coordinates":[[[-75.86011863506188,39.003170198964106],[-75.85857365889574,39.0040372281575],[-75.85973239260082,39.00493769114534],[-75.85865947164733,39.0055713472704],[-75.8611915449576,39.00713875097836],[-75.8620069262184,39.005437907392924],[-75.8643243279365,39.00613829536438],[-75.86552600749614,39.00870609260739],[-75.86582633714616,39.00883941712021],[-75.86638426780816,39.009373030865426],[-75.8673713227799,39.00897283026038],[-75.86814376494614,39.008806096718835],[-75.86775754439041,39.00973981453834],[-75.86891629153618,39.010706910615845],[-75.86943130691809,39.01013999338428],[-75.87007502918615,39.01007331256795],[-75.87247828036247,39.01000655725544],[-75.8723065829303,39.008572688206236],[-75.87312198875445,39.00857267407006],[-75.87290739006939,39.005958073727555],[-75.87295029210436,39.003690388678045],[-75.87415198699435,39.00112237078651],[-75.87123366869723,39.00045537224008],[-75.868444177681,38.99902120016538],[-75.8653869230945,38.997305952596086],[-75.8638849092198,38.99817308462235],[-75.8614816006693,38.996438726273276],[-75.85701838241127,38.993937176014974],[-75.8580055027027,38.99310338376258],[-75.85603134389142,38.992035972667985],[-75.85225484301375,38.98933414043268],[-75.85126777131109,38.99096859357948],[-75.8487786959659,38.994204020103645],[-75.85023778382858,38.995804994050545],[-75.8513964970567,38.99657212911341],[-75.85302727900829,38.996171903706504],[-75.85358517145625,38.99703908169048],[-75.85465804219449,38.997105791880216],[-75.85530183165932,38.99807302310571],[-75.85461513461308,38.99927372848148],[-75.85358517145625,39.000674467701295],[-75.85487266855843,39.001374870827476],[-75.85448641179093,39.00194181919016],[-75.85611724683447,39.00287564064991],[-75.85637468939827,39.0035092787135],[-75.85736172552558,39.00440966807296],[-75.85959330250542,39.00327584150521],[-75.85907833996212,39.002575445723174],[-75.85989373339437,39.002041852953916],[-75.86066621638244,39.00210855629395],[-75.86011863506188,39.003170198964106]]]},"id":"516_00000000000000000000","properties":{"labeler":"taryn","notes":"","point_id":1216,"queue_index":70,"source_asset":"point_1216_label","source_labeler":"taryn","source_point_id":1216,"status":"completed","timestamp":"2026-04-29 03:07:17"}},{"type":"Feature","geometry":{"type":"Polygon","coordinates":[[[-75.89504044909596,39.00792254726629],[-75.89460635495932,39.00636427469496],[-75.89310429738889,39.00326278715003],[-75.89207434884872,39.00129514410172],[-75.89203145262715,39.00249570773116],[-75.89134484541925,39.00356289945897],[-75.89033633239484,39.00416320810114],[-75.89061524958454,39.004463369440266],[-75.88909178954746,39.004796889094926],[-75.88808326040517,39.005013646131374],[-75.8874609804109,39.00519706683506],[-75.88662411983518,39.004980260755815],[-75.88634519475052,39.00443006201025],[-75.88490748539873,39.00461343546976],[-75.8838990149696,39.004980253502744],[-75.88294487015729,39.0059896061782],[-75.88332706066069,39.006603439002554],[-75.88436974766921,39.008235700846875],[-75.88503493966478,39.009502836375894],[-75.8822355282213,39.010377570674024],[-75.88253591099081,39.01127795374424],[-75.88313676324583,39.01151138423655],[-75.88384485977951,39.01217828496335],[-75.88481043217733,39.01196155803359],[-75.88506791112513,39.01262848475197],[-75.88476753374587,39.01291447061913],[-75.88847970654675,39.01461512529586],[-75.88884451046219,39.01518196467054],[-75.88792177453463,39.015482056850544],[-75.88792177453463,39.016015574698805],[-75.89017484910488,39.01728257721348],[-75.8912078249152,39.01613226420971],[-75.89260257397797,39.014931848432894],[-75.8954564621072,39.013914855523126],[-75.89494145306209,39.0132145793838],[-75.89427302860273,39.01168737985149],[-75.89345765636608,39.01048695468405],[-75.89309286438987,39.00910638341063],[-75.89517427531585,39.00858952257046],[-75.89504044909596,39.00792254726629]]]},"id":"517_00000000000000000000","properties":{"labeler":"taryn","notes":"","point_id":1229,"queue_index":68,"source_asset":"point_1229_label","source_labeler":"taryn","source_point_id":1229,"status":"completed","timestamp":"2026-04-29 03:03:41"}},{"type":"Feature","geometry":{"type":"Polygon","coordinates":[[[-75.83772015196217,39.01479758951507],[-75.83816009510168,39.015172738206964],[-75.8385570357773,39.01573957658234],[-75.83873941355357,39.01626472138076],[-75.83882523830843,39.01664817430262],[-75.83900761574026,39.01703995383228],[-75.83916853680911,39.017490146756444],[-75.83950119510172,39.01783191791129],[-75.83985521998191,39.01807361584199],[-75.84027361188409,39.0182069781094],[-75.84097101764175,39.0179152731626],[-75.84142690956136,39.01764952074758],[-75.84172737895064,39.01729946721685],[-75.842102853968,39.017174379944215],[-75.84247841665174,39.01726610820306],[-75.84278952294764,39.01736610391851],[-75.84313281186205,39.017191028686064],[-75.84335818341994,39.016924350818634],[-75.84354055502835,39.01669089240034],[-75.84377656499723,39.01636578374278],[-75.84385165899593,39.0160323626816],[-75.84370147095879,39.01565726416246],[-75.8435050027789,39.015374877728526],[-75.84333335887564,39.01496640005014],[-75.84318317028998,39.014557993258286],[-75.84298838591943,39.01403278761762],[-75.84285956388345,39.01351595020324],[-75.8427201025936,39.01307407337269],[-75.84252700211991,39.01254890805806],[-75.84239826832483,39.01214040407295],[-75.84230171790189,39.0118820299882],[-75.84214080038437,39.011781997441034],[-75.84192615475061,39.01159858875345],[-75.84179742041057,39.01152350694087],[-75.84166868595379,39.01139850829483],[-75.84140048879387,39.011281805578996],[-75.84105719568977,39.011190075694444],[-75.84081036459776,39.01114004170123],[-75.84048852599916,39.01109003286755],[-75.840231054595,39.01096497940866],[-75.83990912602196,39.01092330327974],[-75.83963019750813,39.010831556216594],[-75.83943709283143,39.01071491191769],[-75.83923325983223,39.010664877003165],[-75.83914743532398,39.010648201905084],[-75.83899724230973,39.01076491001449],[-75.83841783624743,39.01162356423924],[-75.83768832208523,39.01274897050314],[-75.83702308489097,39.01355760500489],[-75.83671196596023,39.01427454228345],[-75.83701235666332,39.014432895077704],[-75.83734493134361,39.01460793169789],[-75.83772015196217,39.01479758951507]]]},"id":"518_00000000000000000000","properties":{"labeler":"taryn","notes":"","point_id":1239,"queue_index":1,"source_asset":"point_1239_label","source_labeler":"taryn","source_point_id":1239,"status":"completed","timestamp":"2026-04-07 05:20:04"}},{"type":"Feature","geometry":{"type":"Polygon","coordinates":[[[-76.01478787900813,39.02331718074368],[-76.01653665631974,39.02433816852104],[-76.01667612188699,39.02419233438127],[-76.01692831069572,39.02397979380796],[-76.01720724090075,39.02379227597285],[-76.01733058985667,39.02368808846053],[-76.01743791132834,39.02367970553383],[-76.01762731758403,39.02354798686273],[-76.01780432674911,39.023331277286324],[-76.01798133568788,39.023056208032706],[-76.01811008541912,39.02293949045707],[-76.01814763002245,39.02281868582845],[-76.0180939695721,39.02267280700025],[-76.0177131214547,39.02256860782473],[-76.0175199962592,39.02266032026485],[-76.01734298673058,39.022518609715426],[-76.01711771764856,39.02275199072313],[-76.01557810346198,39.02185594937329],[-76.01478787900813,39.02331718074368]]]},"id":"519_00000000000000000000","properties":{"labeler":"taryn","notes":"","point_id":1248,"queue_index":95,"source_asset":"point_1248_label","source_labeler":"taryn","source_point_id":1248,"status":"completed","timestamp":"2026-06-13 02:16:59"}},{"type":"Feature","geometry":{"type":"Polygon","coordinates":[[[-75.76834153883573,39.03816930945633],[-75.76837906134377,39.037915183508844],[-75.76845836420081,39.03768447996367],[-75.76852276447528,39.037459487251645],[-75.76855496460166,39.037342820380374],[-75.76862468716462,39.03718450810414],[-75.76865688726812,39.0370386103145],[-75.76868367632946,39.036938653524345],[-75.76876954322078,39.03684696186224],[-75.76887678805731,39.0366427931259],[-75.76902705488111,39.036447001218384],[-75.76917723284232,39.036234438352714],[-75.76946738721746,39.03586993533316],[-75.76967655347418,39.03563241661731],[-75.76994479677683,39.03529488845651],[-75.77011644029356,39.035078278697156],[-75.7702601416845,39.03488509424607],[-75.77042105158964,39.03470589218796],[-75.77051765066867,39.03457670674824],[-75.77063030515984,39.03445169524631],[-75.77072690409793,39.03433505910014],[-75.77089969983221,39.034137451106425],[-75.77107134220611,39.03391654725431],[-75.77065292475172,39.03380407375896],[-75.76874204453185,39.033307350388036],[-75.76706301782197,39.03288231536866],[-75.76690201544349,39.032836457276424],[-75.7667947691308,39.03284895170296],[-75.76666605570843,39.032957313689074],[-75.76655872051256,39.03309904110006],[-75.76639239515379,39.03324903823197],[-75.76592934433948,39.03370176834465],[-75.76558604708167,39.0340226506465],[-75.76504209222587,39.034571886643384],[-75.76465044700146,39.034955199146026],[-75.76408723889267,39.0354957160627],[-75.76386724205531,39.03571652053403],[-75.76385118582132,39.03579154037359],[-75.76397457926406,39.03584154225183],[-75.76433393655803,39.03598739761333],[-75.76461833470691,39.03608739111052],[-75.76485429780881,39.03616656265007],[-75.76507429313334,39.03624570068245],[-75.76526740971892,39.036345744237984],[-75.76548731570277,39.03644576026225],[-75.76565364211055,39.0365290713471],[-75.76561611888978,39.03661249532082],[-75.76538006833282,39.03704581708932],[-75.76638858075663,39.037512456552236],[-75.76731121837989,39.03792914497466],[-75.76819100517645,39.03827916454362],[-75.76834153883573,39.03816930945633]]]},"id":"520_00000000000000000000","properties":{"labeler":"taryn","notes":"","point_id":1263,"queue_index":22,"source_asset":"point_1263_label","source_labeler":"taryn","source_point_id":1263,"status":"completed","timestamp":"2026-04-07 14:51:11"}},{"type":"Feature","geometry":{"type":"Polygon","coordinates":[[[-75.88252181809852,39.037252288511084],[-75.88241448162128,39.03835228459226],[-75.8829724354161,39.03811902969161],[-75.88359473521133,39.03831902208012],[-75.88464610629683,39.038352307022926],[-75.88559022411849,39.038135665604194],[-75.88565466001812,39.036264438241254],[-75.88584779027543,39.03383102076306],[-75.88498947094469,39.03374766249313],[-75.88498947094469,39.033430996186176],[-75.88462465705776,39.03333098838184],[-75.8836376339994,39.03339764534072],[-75.88310113230871,39.034264398453566],[-75.88256471721276,39.034581029095825],[-75.88247891897126,39.03646447410949],[-75.88252181809852,39.037252288511084]]]},"id":"521_00000000000000000000","properties":{"labeler":"taryn","notes":"","point_id":1265,"queue_index":52,"source_asset":"point_1265_label","source_labeler":"taryn","source_point_id":1265,"status":"completed","timestamp":"2026-04-28 18:02:27"}},{"type":"Feature","geometry":{"type":"Polygon","coordinates":[[[-75.89301806241996,39.056452827151],[-75.89394067635857,39.0538201345298],[-75.89226702717056,39.05267038485372],[-75.89125852074464,39.05203716010614],[-75.89042168270882,39.05148724476579],[-75.8891771406149,39.05067497711882],[-75.88803983118264,39.049941754810206],[-75.88733175570658,39.0494918402091],[-75.88688115231331,39.04920853858141],[-75.88608718634029,39.050908263349505],[-75.88582970925295,39.05164141642277],[-75.88567947713804,39.05265794391538],[-75.88538459629152,39.05415103555784],[-75.88527726199206,39.05510084902747],[-75.88615702858105,39.0552841508938],[-75.88690809638045,39.05531745954194],[-75.88750884138247,39.05540079124345],[-75.88774495527107,39.055400759555994],[-75.88778785279699,39.05522581201172],[-75.88825990198262,39.05526750687153],[-75.88863543078257,39.05529249471278],[-75.88881783265683,39.055292479874964],[-75.88919327134045,39.0553508181565],[-75.8894722794219,39.05536743935714],[-75.88971902562595,39.055375804586525],[-75.89004092950731,39.05537579556104],[-75.89016961995026,39.05539240232459],[-75.89039376438751,39.055547342459114],[-75.89056543981866,39.05565568395079],[-75.89088725313792,39.05579730001373],[-75.89117698198906,39.055955548615046],[-75.89147734571533,39.056117520616574],[-75.89183141780164,39.05625086223511],[-75.89234643821459,39.05638419454192],[-75.89292580069383,39.05650914429646],[-75.89301806241996,39.056452827151]]]},"id":"522_00000000000000000000","properties":{"labeler":"taryn","notes":"","point_id":1297,"queue_index":20,"source_asset":"point_1297_label","source_labeler":"taryn","source_point_id":1297,"status":"completed","timestamp":"2026-04-07 14:01:43"}},{"type":"Feature","geometry":{"type":"Polygon","coordinates":[[[-75.92836952509617,39.080586116380225],[-75.92814420071673,39.080544449976124],[-75.92796184985275,39.080561124754055],[-75.92775796748353,39.08066103653384],[-75.92740398587317,39.08067769753142],[-75.9268674738691,39.08068599266995],[-75.9263847442208,39.080736029237926],[-75.92618085955857,39.080885889434164],[-75.92596625313152,39.081135740717635],[-75.92568731744983,39.081552179261806],[-75.92548352038123,39.08182704244119],[-75.92555857090137,39.08210182759733],[-75.92567659595925,39.0822517456888],[-75.92607355638609,39.08222672806121],[-75.92637402278353,39.08257654601001],[-75.92657781855816,39.08282636709091],[-75.92682317055653,39.082776435860424],[-75.92735959412381,39.08253489751125],[-75.9274454536024,39.082626474488215],[-75.92678028493663,39.08288471410339],[-75.92678028493663,39.08305958150584],[-75.92678028493663,39.08325112466409],[-75.92681244915278,39.08342596271259],[-75.92697335872941,39.083667480156805],[-75.92703777567228,39.08390066590145],[-75.92703777567228,39.08400064433987],[-75.92728454456747,39.08421715864633],[-75.92763861508547,39.08435044158842],[-75.92776735972433,39.084541955932245],[-75.92786385167142,39.08488341443446],[-75.92798187478915,39.08506659882803],[-75.92802484864744,39.085266447271884],[-75.92819647813155,39.08547467438225],[-75.93007402185361,39.08457522067717],[-75.9317936490832,39.08378547060903],[-75.93383213492244,39.08279444181366],[-75.93452952116941,39.08246965475426],[-75.9340568299429,39.081510677460265],[-75.93371349651508,39.08016986379594],[-75.93321998092681,39.08013654919557],[-75.93321998092681,39.08022811864985],[-75.93288736638813,39.08029480092801],[-75.93266204927147,39.08020311259524],[-75.93081670351451,39.08032805043575],[-75.92922882017257,39.080428034411554],[-75.92893916973972,39.080469658069696],[-75.92879970492507,39.08061121724743],[-75.92836952509617,39.080586116380225]]]},"id":"523_00000000000000000000","properties":{"labeler":"taryn","notes":"","point_id":1315,"queue_index":92,"source_asset":"point_1315_label","source_labeler":"taryn","source_point_id":1315,"status":"completed","timestamp":"2026-06-13 02:14:21"}},{"type":"Feature","geometry":{"type":"Polygon","coordinates":[[[-75.96557399579807,39.083630651288225],[-75.96531648742284,39.083538985365124],[-75.96530576896967,39.08338913106378],[-75.96529505051568,39.08316422521263],[-75.96530576896967,39.08293936908638],[-75.96538088670677,39.082697840372276],[-75.96548815972582,39.08255626081616],[-75.96548815972582,39.08236477270798],[-75.96528424347858,39.08216486186912],[-75.96508041551562,39.08190666470129],[-75.9648229062291,39.08186503151069],[-75.96453324093204,39.08182343867522],[-75.96446892983954,39.08171518911871],[-75.9643508489272,39.0816734658044],[-75.96417917522442,39.081673506519905],[-75.9640183084464,39.08169014460101],[-75.96387879002778,39.08175677945262],[-75.96383591576824,39.081690198314845],[-75.96381439005035,39.08151524741056],[-75.96381439005035,39.08139031504524],[-75.96395390853336,39.08117380716211],[-75.96410414542316,39.08106553930007],[-75.96418998234715,39.08099062125527],[-75.96417917522442,39.08078237543173],[-75.96417917522442,39.08063250146004],[-75.96416845668386,39.08031600945782],[-75.96416845668386,39.080099419233946],[-75.96418360437318,39.07832643636141],[-75.96419432291259,39.07663571545616],[-75.96256350096056,39.076710633950555],[-75.96024993339167,39.076918736733596],[-75.9592307538269,39.077026981466446],[-75.95946674704528,39.07777657811302],[-75.958822991331,39.077918209188546],[-75.95858699702431,39.077068693886716],[-75.95724587916078,39.077235254826725],[-75.95680595355225,39.077326844670026],[-75.95650555248639,39.07744346065813],[-75.95630171170181,39.077501749246764],[-75.95675235800985,39.0780681151683],[-75.95689179496487,39.0780514348238],[-75.95736387749744,39.07795146800787],[-75.95755699768314,39.07800144865009],[-75.95744971856708,39.07811808716684],[-75.95712788072439,39.07817635279597],[-75.95684891855898,39.07822638190872],[-75.95739612327179,39.07884267128654],[-75.95865139941411,39.07855946002315],[-75.9587586776068,39.078967582875876],[-75.95769652242174,39.07920077807479],[-75.95785739648694,39.07968521077356],[-75.9587586776068,39.079502005032154],[-75.95890883150352,39.07981849325928],[-75.95949890374798,39.07965190621687],[-75.95986370020371,39.080701316129094],[-75.96047529464796,39.082358644206316],[-75.96072200456828,39.08312609324446],[-75.9611940741481,39.08396724680243],[-75.9615481474312,39.0843586989862],[-75.96206308903385,39.084408615685156],[-75.9623528480439,39.084566891907336],[-75.9625566799922,39.084725096511285],[-75.96285706803556,39.08477502085422],[-75.96311458095096,39.08475836580919],[-75.9632754487711,39.08463348313801],[-75.963511523733,39.08455856009114],[-75.96408013942157,39.084575210590714],[-75.9657002252201,39.084600157652275],[-75.96578606116182,39.08455018149118],[-75.96579677957808,39.08429205227405],[-75.96580749799352,39.084083877608286],[-75.96586117864024,39.08377574650117],[-75.96587189705073,39.083659143042816],[-75.96586117864024,39.0835925228864],[-75.96557399579807,39.083630651288225]]]},"id":"524_00000000000000000000","properties":{"labeler":"taryn","notes":"","point_id":1317,"queue_index":23,"source_asset":"point_1317_label","source_labeler":"taryn","source_point_id":1317,"status":"completed","timestamp":"2026-04-07 14:56:02"}},{"type":"Feature","geometry":{"type":"Polygon","coordinates":[[[-75.91312134563475,39.09546058528894],[-75.91423718491708,39.09183016364974],[-75.91367926638368,39.09033122701757],[-75.9127351596766,39.09039783663899],[-75.91239177407017,39.08999819106911],[-75.90762824239854,39.092196492066826],[-75.90874403667307,39.09226314218982],[-75.9083148588097,39.093129140808],[-75.90852940359605,39.09382856192937],[-75.90900147186794,39.09486111888303],[-75.90960229985194,39.09572709666168],[-75.91312134563475,39.09546058528894]]]},"id":"525_00000000000000000000","properties":{"labeler":"taryn","notes":"","point_id":1324,"queue_index":51,"source_asset":"point_1324_label","source_labeler":"taryn","source_point_id":1324,"status":"completed","timestamp":"2026-04-21 19:24:25"}},{"type":"Feature","geometry":{"type":"Polygon","coordinates":[[[-75.98640242893354,39.13148754484255],[-75.98429226023964,39.13337932380204],[-75.9850218109554,39.1338619896964],[-75.98555818815925,39.13459439268541],[-75.98615549877998,39.136056293265334],[-75.98776478820278,39.13740436743904],[-75.98834419868928,39.138203270239444],[-75.98873044148289,39.13826984689532],[-75.98909516139298,39.137570789883036],[-75.98965313317723,39.13753755950706],[-75.99003937233377,39.13713805372554],[-75.99117656187504,39.13610618109113],[-75.99072593834748,39.135692675964066],[-75.98950292385055,39.13511013386062],[-75.98935271436156,39.13424463436601],[-75.989953462777,39.13399497949437],[-75.9900608054314,39.13456086967546],[-75.99094053381417,39.1350768707522],[-75.99145554386905,39.13426131252062],[-75.99149840962419,39.13367871945006],[-75.99209923732955,39.13379524588418],[-75.9925069909728,39.13357628326682],[-75.99300047401611,39.13296047480162],[-75.99327945234795,39.13227804115691],[-75.99334720414397,39.13117953593732],[-75.9933686367314,39.12948172139756],[-75.99220994380195,39.12841642561815],[-75.99109410708958,39.12715134248076],[-75.9902358127496,39.127726538625936],[-75.98776815378578,39.130156737924324],[-75.98640242893354,39.13148754484255]]]},"id":"526_00000000000000000000","properties":{"labeler":"taryn","notes":"","point_id":1341,"queue_index":63,"source_asset":"point_1341_label","source_labeler":"taryn","source_point_id":1341,"status":"completed","timestamp":"2026-04-29 02:33:32"}},{"type":"Feature","geometry":{"type":"Polygon","coordinates":[[[-76.06229930855437,39.16218445536609],[-76.06244952734829,39.161909956585866],[-76.06265338912627,39.16184339926546],[-76.06302889057712,39.161810077655126],[-76.06323275149656,39.161294340440485],[-76.06384433244224,39.16093659967347],[-76.0645309746493,39.16045412682039],[-76.06307182266733,39.159771973612095],[-76.06234224087225,39.15946421351204],[-76.06192380511226,39.15957228407083],[-76.06167709826181,39.159913396834185],[-76.06198824802004,39.160113083830446],[-76.06195602656992,39.16025445887365],[-76.06166638726188,39.16040426107491],[-76.06137665882329,39.16047907041152],[-76.06116208411443,39.16068704519353],[-76.06096893118192,39.160911636983634],[-76.06088315419692,39.16101979457666],[-76.06065786764007,39.160986575479434],[-76.06050764689016,39.16086172708431],[-76.06046471399985,39.16064550582957],[-76.06058271302494,39.16033625483594],[-76.06082951035869,39.16000349043737],[-76.06112986247084,39.15980383596686],[-76.0612479494465,39.159645721406214],[-76.06109772934073,39.15953761212946],[-76.06094750907097,39.159421171211676],[-76.06072222261949,39.159396205879546],[-76.06027156008852,39.159570896493435],[-76.0600248502759,39.15989534103735],[-76.05940254117708,39.16023642098943],[-76.05889831825633,39.160452709996875],[-76.05853351677882,39.16064405325076],[-76.05829751511385,39.16092688657717],[-76.0575786193267,39.161109907584084],[-76.05692416506454,39.161201407531145],[-76.05629121905466,39.16144267204394],[-76.0559586335307,39.16180033132092],[-76.05577618475593,39.16199163810671],[-76.05518616801926,39.16219131741652],[-76.05599076786045,39.16283297797337],[-76.0562268620037,39.162841282664616],[-76.05719239165668,39.16361492131458],[-76.05716025760736,39.163748042762165],[-76.05799706829777,39.16433029827281],[-76.05747132905354,39.16478786615887],[-76.05971369607822,39.16651803391701],[-76.06173074176962,39.16492922576196],[-76.06207738809138,39.16461928513838],[-76.06214183092725,39.164452950808574],[-76.06219547425385,39.1640952540936],[-76.06242075829321,39.16382903004573],[-76.06260310974058,39.163745847577665],[-76.06284990345044,39.163512910577765],[-76.0630966967176,39.163205149692416],[-76.06317176143988,39.16302211562596],[-76.06301083253929,39.16283080386456],[-76.06274261728663,39.16279751108303],[-76.06242075829321,39.16290570877777],[-76.06222760712761,39.162772611804684],[-76.06207738809138,39.16238156729878],[-76.06229930855437,39.16218445536609]]]},"id":"527_00000000000000000000","properties":{"labeler":"taryn","notes":"","point_id":1362,"queue_index":90,"source_asset":"point_1362_label","source_labeler":"taryn","source_point_id":1362,"status":"completed","timestamp":"2026-06-13 02:11:52"}},{"type":"Feature","geometry":{"type":"Polygon","coordinates":[[[-75.97326146916757,39.18146844804451],[-75.97306828214855,39.181884242480486],[-75.9728751834391,39.18231669676629],[-75.9728537476943,39.182649303235266],[-75.9731541135532,39.18308174187651],[-75.97347600299396,39.18343105926958],[-75.97386228705648,39.18384684651083],[-75.97457036838328,39.18424605000868],[-75.97504239107607,39.18457870917336],[-75.9761153089155,39.1846285620356],[-75.97699503691626,39.18447891553377],[-75.97838981779434,39.184462285848696],[-75.98002063169298,39.18434587369981],[-75.98203759929243,39.18416288371402],[-75.98626479288338,39.183830207700844],[-75.98727332363966,39.1837471035898],[-75.98746640237407,39.183480987639044],[-75.98714454528884,39.182216870548196],[-75.98675829808941,39.18071995853557],[-75.98630766023922,39.17953896132551],[-75.98620040325586,39.17875719935703],[-75.98598580047188,39.17824153920237],[-75.98534207870243,39.17784230214383],[-75.98446231489442,39.17782573985532],[-75.98150120851412,39.17797542408253],[-75.97776758444931,39.17829148294473],[-75.97583638473112,39.17840788775479],[-75.97555737141238,39.178707299303355],[-75.97502095566476,39.179106504102414],[-75.97457036838328,39.17967199638682],[-75.97433431214877,39.17975517883305],[-75.97414121519418,39.17998804783626],[-75.97414121519418,39.18032072237732],[-75.97399098912146,39.18052031326836],[-75.97371206068296,39.180919557260175],[-75.9733473004532,39.181152350968155],[-75.97326146916757,39.18146844804451]]]},"id":"528_00000000000000000000","properties":{"labeler":"taryn","notes":"","point_id":1373,"queue_index":19,"source_asset":"point_1373_label","source_labeler":"taryn","source_point_id":1373,"status":"completed","timestamp":"2026-04-07 05:54:20"}},{"type":"Feature","geometry":{"type":"Polygon","coordinates":[[[-75.83956857781659,39.1789950507765],[-75.83746577873517,39.17906154567765],[-75.83596373499806,39.17913643686141],[-75.83637141008846,39.18018430919105],[-75.83648942108049,39.18096603853471],[-75.83655379067119,39.18161472605709],[-75.8366209974579,39.18195152432876],[-75.83708231178605,39.182699974535204],[-75.8372325068254,39.182826424357785],[-75.83795138383458,39.1828347539609],[-75.83783337405715,39.183225587667934],[-75.83877744953087,39.18320068007986],[-75.83970015134138,39.18315072079358],[-75.84005426438665,39.18300934433192],[-75.84025809620725,39.18278483591992],[-75.84070867077232,39.18261018014349],[-75.84112714881991,39.182510431824305],[-75.84113787673668,39.18238566497748],[-75.84097686923927,39.182102853294715],[-75.84059066328633,39.18157067848248],[-75.84021518426934,39.18121305843953],[-75.84007572038155,39.18106335409024],[-75.84004353638798,39.18072831038798],[-75.84035464802014,39.18041226552838],[-75.84038683194319,39.18005467752373],[-75.84042974382923,39.179713659692716],[-75.84020445628283,39.17951406501554],[-75.83982888758318,39.17940597475831],[-75.8397537914563,39.179073321904426],[-75.83956857781659,39.1789950507765]]]},"id":"529_00000000000000000000","properties":{"labeler":"taryn","notes":"","point_id":1374,"queue_index":100,"source_asset":"point_1374_label","source_labeler":"taryn","source_point_id":1374,"status":"completed","timestamp":"2026-06-13 02:25:03"}},{"type":"Feature","geometry":{"type":"Polygon","coordinates":[[[-75.95467000023538,39.182069190130065],[-75.95394046782295,39.18196938324115],[-75.9526101133595,39.181936092287216],[-75.9526101133595,39.182069150218155],[-75.9526101133595,39.18243509700123],[-75.9526101133595,39.18291744635449],[-75.9523525810693,39.18343437381987],[-75.95110805645385,39.184482227846],[-75.94891939199873,39.18642813761882],[-75.94954166543614,39.18681072724705],[-75.94906955647161,39.18722646025599],[-75.94954166543614,39.18749260761944],[-75.95022825378493,39.18820774720208],[-75.95091492735239,39.18877545096849],[-75.95134406339713,39.18939078927257],[-75.95218089261215,39.18959035935849],[-75.95394046782295,39.18819333783696],[-75.95649394747797,39.18957372285375],[-75.95943361588931,39.19100398192578],[-75.96001633330916,39.19058822925152],[-75.96224796438734,39.189340921832155],[-75.96211021588417,39.186702134652435],[-75.96168111292293,39.18655248568608],[-75.96123048252564,39.186352891408134],[-75.96065113641319,39.18633625450555],[-75.9601146633119,39.18668550419082],[-75.95951387477233,39.186569053063515],[-75.95932075729358,39.18625307737952],[-75.95944947278043,39.18570418704737],[-75.9595782767345,39.18532165838881],[-75.96005035018281,39.185022328128966],[-75.96193862800867,39.18575411258092],[-75.96187422713567,39.1847728272894],[-75.96174551388505,39.18300981231059],[-75.96138072234801,39.18084752125432],[-75.9612734461706,39.17926740571305],[-75.96086568964228,39.17876839201407],[-75.9592563552126,39.178535514188624],[-75.95659564629766,39.17866859224389],[-75.95668148783959,39.17923409280179],[-75.9564669281798,39.18004915061731],[-75.95603771928307,39.18109702174604],[-75.95560859765567,39.18204512684171],[-75.95467000023538,39.182069190130065]]]},"id":"530_00000000000000000000","properties":{"labeler":"taryn","notes":"","point_id":1375,"queue_index":43,"source_asset":"point_1375_label","source_labeler":"taryn","source_point_id":1375,"status":"completed","timestamp":"2026-04-09 05:36:26"}},{"type":"Feature","geometry":{"type":"Polygon","coordinates":[[[-75.95055294245527,39.21362815488305],[-75.95486595899075,39.21284681405951],[-75.95821333855616,39.212065350957644],[-75.95793437855941,39.21063554576408],[-75.95737645689381,39.208424301854436],[-75.95679709478632,39.206478942381565],[-75.9564108520459,39.205098879210624],[-75.95589588959298,39.205165374195914],[-75.95527364445347,39.205348309079675],[-75.95482299337398,39.20556447719041],[-75.95467283508373,39.205830453011906],[-75.95454411519373,39.20612977839573],[-75.95428658646861,39.20607986487611],[-75.95377161618367,39.206063274083675],[-75.95323511665124,39.20601339619508],[-75.95287039146976,39.205896983905504],[-75.95222669393947,39.20589696767513],[-75.9519262830257,39.20594687713717],[-75.95121817535875,39.206096546966975],[-75.95035981258673,39.206329298710564],[-75.94937280848167,39.20654549452125],[-75.94857884141061,39.20679483315354],[-75.94814969687631,39.2068114477516],[-75.94765614359603,39.20682809771617],[-75.94705539007059,39.20682810203641],[-75.9469265745707,39.20716060693929],[-75.94641157716724,39.207310268690144],[-75.94551039359386,39.2074266520134],[-75.94510267965255,39.20780910758296],[-75.94473793325284,39.207925459605285],[-75.94454479535219,39.20830785454861],[-75.94415860734654,39.208657083548395],[-75.94415860734654,39.2089230811685],[-75.9448452221274,39.210020395210044],[-75.94518852825396,39.210668830311334],[-75.94593954622819,39.21133388759996],[-75.94636869754564,39.21164977451022],[-75.94673352828644,39.21176613755861],[-75.94737725111388,39.21173291347342],[-75.94928696244918,39.21174950400095],[-75.95008092549828,39.21179938948115],[-75.95014524321797,39.21249767587619],[-75.95018821027318,39.21291327638178],[-75.95003795841009,39.21314606559411],[-75.95055294245527,39.21362815488305]]]},"id":"531_00000000000000000000","properties":{"labeler":"taryn","notes":"","point_id":1401,"queue_index":17,"source_asset":"point_1401_label","source_labeler":"taryn","source_point_id":1401,"status":"completed","timestamp":"2026-04-07 05:51:08"}},{"type":"Feature","geometry":{"type":"Polygon","coordinates":[[[-75.89237604008784,39.20910595360659],[-75.89128174155555,39.20847415853422],[-75.89035902157991,39.20800858682594],[-75.88943638419458,39.207875623335894],[-75.8891573760421,39.20877344580403],[-75.8888999045602,39.21025316621105],[-75.88905013324448,39.210951467157926],[-75.88926470738846,39.21135052497615],[-75.89098128878321,39.211699597268264],[-75.89325585100907,39.21156661891619],[-75.89340598642298,39.21110110403287],[-75.89325585100907,39.21063556093874],[-75.89312707475625,39.21020328298406],[-75.8923545920246,39.20987077514632],[-75.89237604008784,39.20910595360659]]]},"id":"532_00000000000000000000","properties":{"labeler":"taryn","notes":"","point_id":1402,"queue_index":56,"source_asset":"point_1402_label","source_labeler":"taryn","source_point_id":1402,"status":"completed","timestamp":"2026-04-28 18:05:06"}},{"type":"Feature","geometry":{"type":"Polygon","coordinates":[[[-75.76223623885869,39.20764557599638],[-75.7615281580602,39.20762901107414],[-75.76097026031887,39.207795291930495],[-75.7605410794398,39.20809456385822],[-75.75996170983196,39.20875957150381],[-75.7591462770815,39.209092128535886],[-75.75843818104909,39.20940801443817],[-75.75755842319897,39.20964075082057],[-75.75719363748279,39.20929160714809],[-75.75689325633155,39.20909210321524],[-75.75633534058973,39.20910870849971],[-75.75564869938438,39.20849356001467],[-75.7559705517687,39.208227533094146],[-75.75554144466732,39.20812776705958],[-75.75457579375524,39.208510173164846],[-75.7533098364306,39.20894251440197],[-75.75588476593627,39.21296591868069],[-75.75481186206929,39.21334831773486],[-75.75524106006267,39.21371408717398],[-75.75575604273489,39.21417959868591],[-75.7553483150039,39.21451210008436],[-75.75543410115652,39.21479473983785],[-75.75584182864415,39.21499421344717],[-75.75624955497506,39.2151604953173],[-75.75685031934074,39.2150108732266],[-75.75745116990723,39.215645224037445],[-75.75833092841408,39.216243667718395],[-75.75912489763576,39.216792261739066],[-75.76013336528784,39.217374119517196],[-75.76105604311465,39.21793939442133],[-75.76157100494292,39.218288503196305],[-75.76459660124378,39.218022530611286],[-75.76558365198164,39.218088994152765],[-75.76609859756901,39.21825527047026],[-75.76663500834597,39.217839629029385],[-75.76652776183373,39.21734089585097],[-75.76642042653442,39.216892049424004],[-75.76573383354707,39.21667591758196],[-75.76562649765397,39.21626033471545],[-75.76541191433441,39.215961074563204],[-75.76509008310738,39.215794849897954],[-75.76489696628319,39.21552880251505],[-75.76481109707441,39.214996797847895],[-75.76526173243211,39.21399931133554],[-75.76571236637487,39.21280226422225],[-75.765647964839,39.21218716413414],[-75.76519741940166,39.211372493510936],[-75.76436054901008,39.2102918343867],[-75.76406009413985,39.210241903652886],[-75.76354514123891,39.210158785557525],[-75.76328761974133,39.209826254447805],[-75.76309450049226,39.20946052502252],[-75.76309450049226,39.20869567091563],[-75.76298725133451,39.20813040387951],[-75.76279413168137,39.20781449571932],[-75.76242935926221,39.207664835876415],[-75.76223623885869,39.20764557599638]]]},"id":"533_00000000000000000000","properties":{"labeler":"taryn","notes":"","point_id":1408,"queue_index":88,"source_asset":"point_1408_label","source_labeler":"taryn","source_point_id":1408,"status":"completed","timestamp":"2026-06-13 02:09:31"}},{"type":"Feature","geometry":{"type":"Polygon","coordinates":[[[-76.00882368191097,39.21863537142099],[-76.00785807983341,39.218735059342485],[-76.00646332908302,39.21896785134664],[-76.00549771056716,39.21896780241437],[-76.0054334184133,39.218552239838395],[-76.00453217388518,39.21838597425951],[-76.00294433273565,39.218286210940285],[-76.0018714448383,39.2183693994246],[-76.00122770811778,39.218402630984116],[-76.00043377090569,39.22031440322363],[-76.00594837470427,39.22157777707217],[-76.01183299820632,39.22297298433454],[-76.01290589757329,39.21996414779285],[-76.01307759966377,39.21945223644591],[-76.01447228384934,39.21606087301533],[-76.00943240448889,39.21525314485748],[-76.00303802738057,39.21417254722169],[-76.00155741433906,39.21779671409322],[-76.00516234607043,39.218095951718965],[-76.00767291087485,39.21816248088354],[-76.0079732900458,39.21847829583413],[-76.00882368191097,39.21863537142099]]]},"id":"534_00000000000000000000","properties":{"labeler":"taryn","notes":"","point_id":1412,"queue_index":59,"source_asset":"point_1412_label","source_labeler":"taryn","source_point_id":1412,"status":"completed","timestamp":"2026-04-29 02:30:04"}},{"type":"Feature","geometry":{"type":"Polygon","coordinates":[[[-75.8443690706387,39.21687595479524],[-75.84288846684183,39.217989798703705],[-75.84263099979059,39.2178567631614],[-75.84190141861582,39.218089557819795],[-75.84123620115935,39.218322291985054],[-75.84065689289423,39.21918671866506],[-75.84003458161162,39.22066625699254],[-75.83977710938426,39.22139768008289],[-75.8423735322723,39.22327610753742],[-75.84396132985296,39.22179665387501],[-75.84368240930164,39.22159715096283],[-75.8445407132892,39.22059975340614],[-75.84499136291693,39.220882354751836],[-75.8464719447705,39.21941947110704],[-75.84578529361066,39.21807294897724],[-75.84516300481464,39.217441210375014],[-75.84462653453659,39.21689260297594],[-75.8443690706387,39.21687595479524]]]},"id":"535_00000000000000000000","properties":{"labeler":"taryn","notes":"","point_id":1417,"queue_index":79,"source_asset":"point_1417_label","source_labeler":"taryn","source_point_id":1417,"status":"completed","timestamp":"2026-06-13 01:58:39"}},{"type":"Feature","geometry":{"type":"Polygon","coordinates":[[[-75.91872925222859,39.2278577232879],[-75.91835371512803,39.22728428612698],[-75.91827866075462,39.22701833603505],[-75.91838596988777,39.22686871561628],[-75.9185254450547,39.2267441173798],[-75.91857905523129,39.22664434360732],[-75.91853616709164,39.226503089175594],[-75.91820351772898,39.22587970820994],[-75.91887944906523,39.22569685946891],[-75.91876141829032,39.22539763176662],[-75.91836443717813,39.225015375056294],[-75.91791384453336,39.224815853173176],[-75.91758934604381,39.22450734385241],[-75.917846853645,39.223925521260405],[-75.91793263033229,39.22352661415601],[-75.91786829782174,39.22322736631553],[-75.91783613155542,39.22282010394704],[-75.91756790182447,39.22218843260493],[-75.91735328222576,39.22183929734016],[-75.91719236161782,39.221199343084876],[-75.91658084390332,39.22149858680963],[-75.9159156237396,39.22157335458665],[-75.91527193361233,39.22177128421224],[-75.91541141187209,39.22245283913915],[-75.91554007911468,39.2228019062423],[-75.91546502323749,39.22283521273228],[-75.91527193361233,39.222419601261784],[-75.91493927651766,39.22240297412472],[-75.91472474151635,39.222544242892546],[-75.9144350611455,39.222934882262294],[-75.91468185219964,39.22342528101696],[-75.91487494263592,39.22364969379488],[-75.91579759047347,39.22353333495761],[-75.91598004575816,39.223724482667734],[-75.91621602327122,39.224430939978575],[-75.91634477838998,39.22497951746408],[-75.9149499988284,39.22506264756338],[-75.91542213414681,39.225974298498876],[-75.91582975720672,39.22693834077464],[-75.91610871247985,39.22782000334027],[-75.9164789387942,39.22901833765591],[-75.916731043038,39.229770492182624],[-75.91688124201208,39.23002397561232],[-75.91727282194485,39.23017767761933],[-75.91785217038334,39.230269089258286],[-75.91833501799745,39.23010288666184],[-75.91911285197214,39.229787116430124],[-75.92004619388648,39.22955023192194],[-75.92013001979096,39.229432249831554],[-75.9196150124916,39.228493071460214],[-75.91940039602213,39.228360108635556],[-75.91901422732874,39.228089987733874],[-75.91872925222859,39.2278577232879]]]},"id":"536_00000000000000000000","properties":{"labeler":"taryn","notes":"","point_id":1428,"queue_index":85,"source_asset":"point_1428_label","source_labeler":"taryn","source_point_id":1428,"status":"completed","timestamp":"2026-06-13 02:05:48"}},{"type":"Feature","geometry":{"type":"Polygon","coordinates":[[[-75.83020553191159,39.23018770514055],[-75.82985148298772,39.22997167231666],[-75.8297549240373,39.22973059179417],[-75.82977638158751,39.22955610713672],[-75.82994804187257,39.22934003987059],[-75.8301518881919,39.22904913690096],[-75.83081706888538,39.22851728192521],[-75.8289288058924,39.22728724416853],[-75.82636459043806,39.22546712155987],[-75.82604271912415,39.22540056037359],[-75.82478750271287,39.22889958815316],[-75.82399354335455,39.231257914036156],[-75.82786664694022,39.233767695855676],[-75.8294750002448,39.23176306739142],[-75.83049432097704,39.230599616931784],[-75.83046213481302,39.23046661149095],[-75.83020553191159,39.23018770514055]]]},"id":"537_00000000000000000000","properties":{"labeler":"taryn","notes":"","point_id":1429,"queue_index":6,"source_asset":"point_1429_label","source_labeler":"taryn","source_point_id":1429,"status":"completed","timestamp":"2026-04-07 05:25:47"}},{"type":"Feature","geometry":{"type":"Polygon","coordinates":[[[-75.3491865630472,38.407222665090885],[-75.34789916609554,38.40685279271285],[-75.34487358041278,38.40594478368837],[-75.34330716621159,38.4055412238488],[-75.34326428708728,38.40575978690901],[-75.34154768886017,38.406533271190824],[-75.34171929617342,38.40685279156606],[-75.34287801858278,38.40792893730795],[-75.34285657896193,38.40918995188489],[-75.34281369971119,38.41056870423999],[-75.34253471740432,38.41223324427246],[-75.34519543704384,38.412435016907466],[-75.34532416171446,38.41137579822017],[-75.34583914827164,38.41142618907155],[-75.34822101635105,38.41169526987825],[-75.34897199764238,38.41066955807194],[-75.34873599314035,38.41061916340403],[-75.34882183726265,38.40996340245562],[-75.3491865630472,38.407222665090885]]]},"id":"538_00000000000000000000","properties":{"labeler":"taryn","notes":"","point_id":143,"queue_index":83,"source_asset":"point_143_label","source_labeler":"taryn","source_point_id":143,"status":"completed","timestamp":"2026-06-13 02:03:45"}},{"type":"Feature","geometry":{"type":"Polygon","coordinates":[[[-75.91981740030674,39.30233306235135],[-75.92046115820752,39.301021267527005],[-75.92116924418309,39.30130354346661],[-75.9217485765414,39.30155259307334],[-75.92099751749073,39.29844751711601],[-75.9207401042792,39.29740136611547],[-75.9207401042792,39.296554518497615],[-75.92058982082281,39.295940123117994],[-75.92031087445245,39.29510983862775],[-75.92018212297064,39.29437916870834],[-75.91975298004874,39.29365637882962],[-75.91964576057163,39.29329105168978],[-75.91928094790276,39.29325777756205],[-75.91900199893146,39.29299211144827],[-75.91885180222594,39.29261015759885],[-75.91852996426044,39.292460690205814],[-75.91754291310194,39.292261437227985],[-75.91698500769914,39.29229458915618],[-75.91612670099973,39.292958903545],[-75.91239301469066,39.29594801439952],[-75.91093394882795,39.29701075568132],[-75.90988720484948,39.29792684094549],[-75.90892162712987,39.29865749274384],[-75.9084924498086,39.298956329898864],[-75.91035926856196,39.30008551647243],[-75.91201152337831,39.3011648171604],[-75.9133387187694,39.302004061808255],[-75.91363912381163,39.30183801584413],[-75.9141755977672,39.30207041365858],[-75.91484082617153,39.30228633803192],[-75.91516267259168,39.30251873837371],[-75.91542018464237,39.302817619878866],[-75.91632138448867,39.30351505019941],[-75.91696506980621,39.303448597860005],[-75.91752297528822,39.30313311393685],[-75.91808087855362,39.30268483201227],[-75.91881042056852,39.302352696876525],[-75.91938985127385,39.30236934033842],[-75.91981740030674,39.30233306235135]]]},"id":"539_00000000000000000000","properties":{"labeler":"taryn","notes":"","point_id":1489,"queue_index":31,"source_asset":"point_1489_label","source_labeler":"taryn","source_point_id":1489,"status":"completed","timestamp":"2026-04-07 15:59:05"}},{"type":"Feature","geometry":{"type":"Polygon","coordinates":[[[-75.81701761222409,39.30191957945895],[-75.81585888468521,39.30137163916568],[-75.81423884949481,39.30054138780093],[-75.81398133057283,39.30080706137933],[-75.81333761990987,39.30130522426277],[-75.81290841873405,39.30158750439832],[-75.81239346429552,39.30197770236362],[-75.81215740224515,39.302334679434104],[-75.81181368385002,39.30303705448447],[-75.81855142417974,39.304348757025416],[-75.81891614213829,39.307752457694114],[-75.8194955389878,39.30778563773545],[-75.82037527065202,39.30793511351379],[-75.82254252108355,39.308566020031925],[-75.82213480634597,39.30524536128671],[-75.82200605408097,39.30405817035093],[-75.82204897151557,39.30384238365478],[-75.82180219608988,39.30344384039918],[-75.82161979658724,39.3032777856725],[-75.82152775435766,39.302862920263145],[-75.82116295441543,39.302879466291145],[-75.8208410713372,39.30275498391351],[-75.82080888298935,39.30257228184401],[-75.82064794114096,39.30233986341824],[-75.82031541608457,39.30229006632113],[-75.82019739167114,39.3020659116782],[-75.82018666217417,39.30175039050532],[-75.82009009666497,39.30141833735595],[-75.82056210541408,39.30137679486477],[-75.82059429381773,39.30110284128416],[-75.82030468659647,39.301185838891605],[-75.81984331784395,39.30134360040635],[-75.81946778403483,39.30139343897674],[-75.81904941958376,39.30144325071096],[-75.81879190935723,39.30153456595495],[-75.8185236690428,39.301733784887205],[-75.8179549979054,39.30187490684352],[-75.81701761222409,39.30191957945895]]]},"id":"540_00000000000000000000","properties":{"labeler":"taryn","notes":"","point_id":1495,"queue_index":96,"source_asset":"point_1495_label","source_labeler":"taryn","source_point_id":1495,"status":"completed","timestamp":"2026-06-13 02:18:02"}},{"type":"Feature","geometry":{"type":"Polygon","coordinates":[[[-75.90482608955647,38.72723248489961],[-75.90416090238156,38.726964647237246],[-75.90368881786212,38.72696461281347],[-75.90323826678905,38.7270650751894],[-75.90289494661182,38.72699808083596],[-75.90280907212575,38.72688092055226],[-75.90244430437478,38.726596301932666],[-75.90248719742468,38.726328506357355],[-75.80604740933383,39.31040879315548],[-75.90482608955647,38.72723248489961]]]},"id":"541_00000000000000000000","properties":{"labeler":"taryn","notes":"no truss","point_id":1505,"queue_index":10,"source_asset":"point_1505_label","source_labeler":"taryn","source_point_id":1505,"status":"completed","timestamp":"2026-04-07 05:43:28"}},{"type":"Feature","geometry":{"type":"Polygon","coordinates":[[[-75.9058649840435,39.353401280639446],[-75.90610097853991,39.35408155377038],[-75.90653016316004,39.35535627242413],[-75.90678760240804,39.35625222253052],[-75.90700223814372,39.35716477103671],[-75.90719533913052,39.35791133760253],[-75.90760298605205,39.35814361174064],[-75.90794638335696,39.35852524142072],[-75.9079034033531,39.35903953885779],[-75.9078605119547,39.35943769918757],[-75.90788195765553,39.35995200577642],[-75.9081180373857,39.36051608064369],[-75.90869733495381,39.36039994484128],[-75.90867588937735,39.35988564088273],[-75.90884754251547,39.35933815322478],[-75.90942692569543,39.35927182917008],[-75.90977022992814,39.359238591964136],[-75.9098989909536,39.3588238408746],[-75.91015651265066,39.35870773416215],[-75.91054270569475,39.358657970304876],[-75.91093563254461,39.3583667318924],[-75.91104294728716,39.35811785121755],[-75.91142913789567,39.35810121216218],[-75.91157934253823,39.35780259818416],[-75.91112872812896,39.357338027169895],[-75.91147211682159,39.35695649933478],[-75.9117081019064,39.3564919208538],[-75.91179397095834,39.35592778443504],[-75.9117081019064,39.355479844136156],[-75.91119315234246,39.354882499015616],[-75.9103348102595,39.35486594292286],[-75.91029191960288,39.354185623351086],[-75.91003439815388,39.35368791547242],[-75.91005584352311,39.353074006394515],[-75.9095408879059,39.35320670700333],[-75.90900448487604,39.353339480474034],[-75.90894005965944,39.353123759144225],[-75.90863964457333,39.353123795775126],[-75.90784571264685,39.353273128410024],[-75.90634370772715,39.35345563559653],[-75.9058649840435,39.353401280639446]]]},"id":"542_00000000000000000000","properties":{"labeler":"taryn","notes":"","point_id":1531,"queue_index":34,"source_asset":"point_1531_label","source_labeler":"taryn","source_point_id":1531,"status":"completed","timestamp":"2026-04-07 16:17:44"}},{"type":"Feature","geometry":{"type":"Polygon","coordinates":[[[-75.86072064639959,39.51056123157663],[-75.86158966222655,39.51082616573073],[-75.86181500443739,39.510461904731834],[-75.861911541569,39.51012257638043],[-75.86201880497136,39.50979974026615],[-75.8621583359202,39.50953483179612],[-75.86219051489333,39.50929480224008],[-75.86235140964925,39.509013339733684],[-75.86238358857847,39.50881471157177],[-75.86245876136536,39.50859949676699],[-75.86259820323343,39.50840909791351],[-75.86266256097235,39.50821042153945],[-75.86280200263963,39.5079290090237],[-75.86281281756294,39.507788333150586],[-75.86329558780609,39.5078627982946],[-75.86399296894199,39.50799521231427],[-75.86457227047539,39.508127652777326],[-75.86509802777869,39.50823528475493],[-75.86549498166951,39.508351139628246],[-75.8657203176613,39.50788763327161],[-75.86590266048867,39.50763101817888],[-75.8662030779838,39.50765584425612],[-75.86634260480648,39.5075151316686],[-75.86651422083672,39.50728334631046],[-75.86662148074987,39.50701017177575],[-75.86672882922615,39.50685294204079],[-75.86677173313608,39.50672048434755],[-75.86676100715981,39.50655492946254],[-75.86658930278446,39.50640593089832],[-75.86627816009673,39.50624859819129],[-75.86595629068728,39.50602508233715],[-75.86550570774178,39.505818161454606],[-75.86507657557152,39.505495321451015],[-75.8645829966176,39.505222171737515],[-75.86395006418932,39.50487444320404],[-75.86357455840218,39.50469235008135],[-75.8631346054769,39.5043694775671],[-75.86273764496413,39.50414603075556],[-75.86259820323343,39.504145973810736],[-75.86248021396939,39.504452269052315],[-75.86234068333788,39.50483306202476],[-75.86226559913553,39.50519728582345],[-75.86198662595918,39.505495358316224],[-75.86185790983734,39.50585952511455],[-75.8616755617977,39.506381054027266],[-75.86156820948753,39.50667077323956],[-75.8616325676948,39.50694395376366],[-75.86176137266914,39.507167444343324],[-75.86189008887878,39.507424046755574],[-75.86187936253245,39.507738632174906],[-75.86173991995616,39.508144255674246],[-75.86157893585745,39.508475317168234],[-75.86140731384131,39.50873192769929],[-75.8612785085448,39.508963726171196],[-75.86116051818064,39.50919128865016],[-75.86110688616442,39.50948105729741],[-75.86096744282715,39.50966316893408],[-75.86084936355557,39.50995285985691],[-75.86078500499221,39.51021769481497],[-75.86064556133788,39.51044948621325],[-75.86072064639959,39.51056123157663]]]},"id":"543_00000000000000000000","properties":{"labeler":"taryn","notes":"","point_id":1536,"queue_index":12,"source_asset":"point_1536_label","source_labeler":"taryn","source_point_id":1536,"status":"completed","timestamp":"2026-04-07 05:45:47"}},{"type":"Feature","geometry":{"type":"Polygon","coordinates":[[[-75.35181976839854,38.41193012338572],[-75.35148716204698,38.41152655746895],[-75.35143352153247,38.41103901626292],[-75.3513905557336,38.41070272094723],[-75.35017825694577,38.410559766079686],[-75.34903026481157,38.410559781529614],[-75.34879417144198,38.4109885191135],[-75.34828995875813,38.411703101748905],[-75.34795734471601,38.41240084422728],[-75.34707754639157,38.413750595495664],[-75.3476462578594,38.4140196337852],[-75.34853672784142,38.41449876012335],[-75.34909458106564,38.414717364671894],[-75.35008164980398,38.41480982373328],[-75.35351490199741,38.414776238566525],[-75.35353634012188,38.41360646070228],[-75.35289266134673,38.41323657915808],[-75.35196992582924,38.412219374756894],[-75.35181976839854,38.41193012338572]]]},"id":"544_00000000000000000000","properties":{"labeler":"taryn","notes":"","point_id":153,"queue_index":75,"source_asset":"point_153_label","source_labeler":"taryn","source_point_id":153,"status":"completed","timestamp":"2026-04-29 03:14:04"}},{"type":"Feature","geometry":{"type":"Polygon","coordinates":[[[-75.6625144199505,38.4162834567701],[-75.66515372542513,38.416115395282674],[-75.66530392258977,38.41349259261485],[-75.66506788572305,38.41349257075747],[-75.66508936784558,38.4130722401395],[-75.66530392258977,38.412904068692804],[-75.6652395650766,38.41263511485842],[-75.6635872982461,38.41256784777574],[-75.66118409670494,38.41544288166413],[-75.6625144199505,38.4162834567701]]]},"id":"545_00000000000000000000","properties":{"labeler":"taryn","notes":"","point_id":157,"queue_index":55,"source_asset":"point_157_label","source_labeler":"taryn","source_point_id":157,"status":"completed","timestamp":"2026-04-28 18:04:24"}},{"type":"Feature","geometry":{"type":"Polygon","coordinates":[[[-75.31089984378191,38.4217287664281],[-75.31027760784598,38.420299837350605],[-75.30688725416553,38.41989636928304],[-75.30708034492291,38.41954328866534],[-75.30371154376684,38.41920706919157],[-75.3027458884259,38.425023688513214],[-75.30287464875406,38.425244891097805],[-75.30396897371429,38.424858203715836],[-75.30514915948281,38.42470694737733],[-75.30585728439104,38.424622851323754],[-75.3089471730034,38.42279050859583],[-75.30946219288755,38.42242069935831],[-75.3102560746825,38.42206761923285],[-75.31089984378191,38.4217287664281]]]},"id":"546_00000000000000000000","properties":{"labeler":"taryn","notes":"","point_id":170,"queue_index":33,"source_asset":"point_170_label","source_labeler":"taryn","source_point_id":170,"status":"completed","timestamp":"2026-04-07 16:07:14"}},{"type":"Feature","geometry":{"type":"Polygon","coordinates":[[[-75.63983113005682,38.42375653641384],[-75.63904796020546,38.421705587850425],[-75.63394105010693,38.422823512611615],[-75.63391956339974,38.42373128784502],[-75.6340590493641,38.424983706525445],[-75.63422002186168,38.42572332903031],[-75.63435950753957,38.42667308157687],[-75.63605676500507,38.42736572057685],[-75.63771982026637,38.42791203414647],[-75.63873898829031,38.42809697562169],[-75.63867461905915,38.427575865116594],[-75.63952224858161,38.427634736397636],[-75.63979046676684,38.42818943728698],[-75.64188256947607,38.42844997225672],[-75.63983113005682,38.42375653641384]]]},"id":"547_00000000000000000000","properties":{"labeler":"taryn","notes":"","point_id":176,"queue_index":0,"source_asset":"point_176_label","source_labeler":"taryn","source_point_id":176,"status":"completed","timestamp":"2026-04-07 05:12:38"}},{"type":"Feature","geometry":{"type":"Polygon","coordinates":[[[-75.54751066420502,38.00442054346185],[-75.5479934209306,38.004395223326796],[-75.54848692567411,38.00439521757089],[-75.54918431481309,38.00431911322012],[-75.54957058702792,38.00428528261462],[-75.54986029052806,38.00425148247397],[-75.55001042796701,38.004150071689345],[-75.55007483599327,38.00393026179457],[-75.55019281365705,38.00353287936075],[-75.55022506205331,38.00320318438682],[-75.55026797106555,38.00267061094726],[-75.55028938114775,38.00220560499844],[-75.55022506205331,38.00166452394703],[-75.55017140356088,38.00112216051275],[-75.55013924399154,38.000834723733085],[-75.54848692567411,38.00096995350741],[-75.54666303766939,38.00116440566921],[-75.54524682157017,38.00124895575944],[-75.5455043729483,38.00254242046238],[-75.54583690585258,38.003818971999195],[-75.54597638643725,38.0043262335917],[-75.54609445620538,38.004698213883835],[-75.54618027660987,38.004858873112354],[-75.54637341675873,38.00486728198743],[-75.54655580692581,38.00480812519934],[-75.54674885774463,38.00467284528197],[-75.5470064065127,38.00452917351469],[-75.54731752553829,38.00442772320159],[-75.54751066420502,38.00442054346185]]]},"id":"548_00000000000000000000","properties":{"labeler":"taryn","notes":"","point_id":1,"queue_index":24,"source_asset":"point_1_label","source_labeler":"taryn","source_point_id":1,"status":"completed","timestamp":"2026-04-07 15:39:19"}},{"type":"Feature","geometry":{"type":"Polygon","coordinates":[[[-75.77089925631161,38.43804321652285],[-75.77042717219437,38.438051630238085],[-75.77003021938991,38.438026369246735],[-75.76979417609523,38.43792555845976],[-75.76949373260247,38.4377910713085],[-75.76947226599282,38.43794236505595],[-75.76945079937997,38.43828685529821],[-75.76944015477737,38.43851382071306],[-75.7693220883405,38.43864822763881],[-75.76942942146894,38.438816290406166],[-75.76957959900888,38.4391776462962],[-75.76965473207233,38.439312154470926],[-75.76970830981728,38.43951385214939],[-75.76982637593622,38.43972390621706],[-75.76996581979223,38.43993400371845],[-75.77006241917789,38.44022809002594],[-75.77016966304774,38.44046339282227],[-75.77022332930486,38.44077435747986],[-75.77042717219437,38.440984380834145],[-75.7707061473068,38.44085836288789],[-75.7711245646059,38.440698668597754],[-75.77151078122857,38.44051383613226],[-75.77235834300015,38.440152496222574],[-75.77293775126198,38.439883584252556],[-75.77309865816237,38.439807954189725],[-75.77319516673482,38.43942136551424],[-75.77346340345527,38.438746907265084],[-75.77362439846807,38.43764597630045],[-75.77380925422673,38.43673448868847],[-75.77395942717955,38.43587723407278],[-75.77413115459254,38.43502011094697],[-75.77422384828111,38.43455977985557],[-75.774406308314,38.434080789342744],[-75.77434191068185,38.433912669319206],[-75.77421311533077,38.43364376930534],[-75.77395570168586,38.433416813305115],[-75.7737732410794,38.433324351639385],[-75.77333336547821,38.433324410153574],[-75.77263598380972,38.433248778350794],[-75.77162751530852,38.433131114989514],[-75.77074774959026,38.43297143328081],[-75.7703507976731,38.43294617740533],[-75.77027566497428,38.433030280882775],[-75.77023273198587,38.43325713277727],[-75.7702005322361,38.43346729398196],[-75.77017906573226,38.43362693713368],[-75.77005035534633,38.433601760964876],[-75.77006108860827,38.43342521603139],[-75.77001815555563,38.433273983523804],[-75.76988944502529,38.43311428279808],[-75.76968560137152,38.43308911153117],[-75.76947102412275,38.43312271773131],[-75.76942809089347,38.433324394369315],[-75.76938568988167,38.433787708947584],[-75.76926771210512,38.43435921693386],[-75.7692569787838,38.43472896592589],[-75.76937495656918,38.43488025845187],[-75.76962173384861,38.43494746992421],[-75.76994364361555,38.4350566840027],[-75.7699543768855,38.435224783256025],[-75.7697654357352,38.43578893304811],[-75.76960452509451,38.43640240049059],[-75.76971176930674,38.4364611910621],[-75.77076318412306,38.4365956637286],[-75.77131039933025,38.43669650684126],[-75.77140690910642,38.43687299097075],[-75.77132113249792,38.43736042742462],[-75.77132113249792,38.43763771961262],[-75.77111729087909,38.437965515961885],[-75.77089925631161,38.43804321652285]]]},"id":"549_00000000000000000000","properties":{"labeler":"taryn","notes":"","point_id":206,"queue_index":25,"source_asset":"point_206_label","source_labeler":"taryn","source_point_id":206,"status":"completed","timestamp":"2026-04-07 15:41:59"}},{"type":"Feature","geometry":{"type":"Polygon","coordinates":[[[-75.58963249785914,38.44386149237878],[-75.5942351665143,38.44360105967726],[-75.59598395458467,38.44344140293777],[-75.59632729756434,38.44339935728465],[-75.59650971484838,38.44344976585483],[-75.59668138582488,38.44356746362697],[-75.59691735538128,38.44361780765642],[-75.59715341336945,38.44361784679879],[-75.59735723288522,38.44361786336448],[-75.59740021700846,38.443483377202604],[-75.59728218825975,38.443348960251626],[-75.59711051798442,38.44323126305793],[-75.5969281014454,38.44313046107123],[-75.59665989365979,38.442962402930796],[-75.5964989687537,38.44286153616649],[-75.59629514804878,38.44267668562058],[-75.59629514804878,38.44259264203159],[-75.59645607317783,38.44248343944843],[-75.59679932624512,38.442517011067615],[-75.59707827982967,38.44260103323753],[-75.59745385833473,38.44276074077487],[-75.59752890287261,38.442802752172014],[-75.59762552820936,38.44278590356486],[-75.59762552820936,38.44259265775864],[-75.5977434678726,38.44226493988098],[-75.5977434678726,38.44198764780009],[-75.59776495987937,38.44163465763672],[-75.59775421387639,38.44113045591558],[-75.59777570588157,38.44098761584897],[-75.59761478219619,38.44090357348403],[-75.59744311230902,38.44064309719416],[-75.5973035915237,38.44053381995445],[-75.5973035915237,38.44023136202361],[-75.59729293429723,38.44000446258483],[-75.59731433755961,38.43974391141966],[-75.59728884902688,38.439531823691226],[-75.59740687777024,38.439162038176256],[-75.59748192233208,38.438926746511086],[-75.59770723340783,38.43872502555064],[-75.59732099832527,38.43880905119648],[-75.59706353731026,38.43880909102872],[-75.59682747917785,38.43874183181157],[-75.59618377923059,38.438733430092384],[-75.59503580514357,38.43862421652922],[-75.59425257367892,38.43863263168681],[-75.5935444734283,38.43864941668119],[-75.59300804503285,38.43870827045544],[-75.59265394793304,38.43887633585826],[-75.59231068519598,38.43903600549277],[-75.59192443594821,38.439086436067335],[-75.59160257560318,38.43903595022542],[-75.5912914610302,38.43916205611446],[-75.5911948315343,38.439304852047464],[-75.5909910034834,38.439456171527276],[-75.59061549729834,38.43965787100658],[-75.59046531231903,38.4398511217313],[-75.5902614832582,38.44009481696175],[-75.59001466764741,38.440313319961035],[-75.58968205653511,38.4405989988114],[-75.58943532876809,38.4407839385598],[-75.58927439596295,38.44115367487616],[-75.58963249785914,38.44386149237878]]]},"id":"550_00000000000000000000","properties":{"labeler":"taryn","notes":"","point_id":226,"queue_index":16,"source_asset":"point_226_label","source_labeler":"taryn","source_point_id":226,"status":"completed","timestamp":"2026-04-07 05:50:11"}},{"type":"Feature","geometry":{"type":"Polygon","coordinates":[[[-75.58697451196566,38.446377145729876],[-75.58628520589089,38.44657458707101],[-75.58576882373433,38.446631333215194],[-75.58517809951245,38.44674370454299],[-75.58467885531884,38.44677468289928],[-75.5842039456006,38.44679015267396],[-75.5836124157396,38.44675588236331],[-75.5829089717336,38.446654771870605],[-75.58266454191937,38.44663777146735],[-75.58261737899795,38.44716704912929],[-75.58247580132402,38.44748208179371],[-75.582329871371,38.44751357234931],[-75.58208526295776,38.447361338668344],[-75.58209831940837,38.446872208671664],[-75.58206936428505,38.44659446762594],[-75.58165422179958,38.44660239409361],[-75.58116722282399,38.44670233696365],[-75.58083690106399,38.44694421220447],[-75.58074683740654,38.447434860334475],[-75.58070180555718,38.44773902203326],[-75.58073289263415,38.44789950405147],[-75.58078893817635,38.44796901573339],[-75.58086647817028,38.448038545922245],[-75.58110735816628,38.44804315797472],[-75.58139540109617,38.44796885518135],[-75.58184287462721,38.4478537470856],[-75.5822226664991,38.447808458358175],[-75.58261746781702,38.44840689264833],[-75.58321397551913,38.4494356407277],[-75.58375043958618,38.44925919223873],[-75.58383623812837,38.449301218862196],[-75.58422250858635,38.44912475275045],[-75.58466242401882,38.44895672879724],[-75.5851452370219,38.448897914237854],[-75.58539197197452,38.448990348779326],[-75.58546702266109,38.44916678651761],[-75.585638706514,38.449292825282406],[-75.58584254197199,38.449519654934164],[-75.58605712400566,38.449679361003064],[-75.5863789964702,38.44972978761782],[-75.58653993243878,38.44989779234994],[-75.58675451345675,38.45009947318238],[-75.58705489083027,38.450057437315905],[-75.58768788395834,38.45009106481972],[-75.58855694614137,38.45011626303521],[-75.58891105309448,38.44995658681518],[-75.58935086571182,38.44974655427575],[-75.59003758181653,38.44940209773417],[-75.59039159639497,38.44922557940119],[-75.59081000038508,38.448948319013816],[-75.59091728782252,38.44878031008149],[-75.59093878082625,38.4485702004691],[-75.59072420590452,38.44836860136068],[-75.59058467874915,38.44811648985617],[-75.59018776723211,38.44777195642031],[-75.58969422416446,38.44736022237538],[-75.58956544263484,38.44702415728338],[-75.58956544263484,38.44665444312812],[-75.58956544263484,38.446385508794165],[-75.58959768243523,38.44620912594332],[-75.58952254503822,38.44601584773801],[-75.58925432375749,38.44591499232845],[-75.5888466620013,38.44591500075235],[-75.58697451196566,38.446377145729876]]]},"id":"551_00000000000000000000","properties":{"labeler":"taryn","notes":"","point_id":241,"queue_index":18,"source_asset":"point_241_label","source_labeler":"taryn","source_point_id":241,"status":"completed","timestamp":"2026-04-07 05:53:37"}},{"type":"Feature","geometry":{"type":"Polygon","coordinates":[[[-75.88323745161655,38.515524350082856],[-75.88259370069785,38.51472684414792],[-75.88213235736157,38.51426513350709],[-75.88178907439617,38.51448338239282],[-75.88156376402802,38.514718444999914],[-75.88127410406486,38.5149870404996],[-75.88112386709955,38.515129752711296],[-75.88090928057268,38.515384831183724],[-75.88026560767071,38.51571220722852],[-75.87993295650647,38.51588010822142],[-75.8796325681976,38.51607318288061],[-75.87954676817378,38.516333428552464],[-75.87961111819654,38.516753155871754],[-75.87971836816926,38.51697143478318],[-75.87997585640754,38.51705533965832],[-75.88016899443706,38.517038614699395],[-75.8803835820893,38.51719805585766],[-75.88049083147517,38.5174163330702],[-75.88083420623366,38.51760939858875],[-75.88105951776637,38.51776889450802],[-75.8814886900371,38.517903231543585],[-75.88168173736162,38.518087851482754],[-75.88181052406627,38.51848245705953],[-75.88185342339672,38.51876782148612],[-75.88192849719363,38.519036457932096],[-75.88214308217094,38.519388994659714],[-75.88398844632636,38.516341824350604],[-75.88323745161655,38.515524350082856]]]},"id":"552_00000000000000000000","properties":{"labeler":"taryn","notes":"","point_id":309,"queue_index":93,"source_asset":"point_309_label","source_labeler":"taryn","source_point_id":309,"status":"completed","timestamp":"2026-06-13 02:15:04"}},{"type":"Feature","geometry":{"type":"Polygon","coordinates":[[[-75.40111264122156,38.05122677413896],[-75.40042594511813,38.0509479974099],[-75.39938522376147,38.052426482857314],[-75.3970142056299,38.05144648120548],[-75.3949649907366,38.05423437012126],[-75.39378478761685,38.055771944134676],[-75.39326978539631,38.056489994089894],[-75.39302664611289,38.05701657902901],[-75.39302664611289,38.05733756363033],[-75.39299445280619,38.05781907438988],[-75.39303740685753,38.05845263967084],[-75.39291939435189,38.05906093784681],[-75.39279062099305,38.059618482285316],[-75.39398150359659,38.06007461012498],[-75.39559088329068,38.060640628072925],[-75.39634189758684,38.06081802794478],[-75.3968461288987,38.06075039062873],[-75.39714653257604,38.06048850687724],[-75.39730749463303,38.06018441199722],[-75.39759713697569,38.05982120367549],[-75.40175993970995,38.061628920862034],[-75.40226424191803,38.061983698802315],[-75.40294008072047,38.06080949843676],[-75.40203890236268,38.060522364825076],[-75.40229634432939,38.06016755513509],[-75.40316541893492,38.060581485949044],[-75.4034980011644,38.06006619819444],[-75.40493547718448,38.05770022451988],[-75.40543194346112,38.05685680312056],[-75.40488479004692,38.05664564275663],[-75.40528174991246,38.05618942131151],[-75.40576452071173,38.05654425102078],[-75.40610785704801,38.05627391169711],[-75.40551775557567,38.055800808352686],[-75.40603271616557,38.05525193473667],[-75.40527099003735,38.05496473882599],[-75.40610332191889,38.05397808649401],[-75.40640370723682,38.05376687147576],[-75.40622132415602,38.0535556563759],[-75.40669342110834,38.05287979302516],[-75.40589941881605,38.052617916741546],[-75.40551322042887,38.05325998261329],[-75.40405405212124,38.05266856483598],[-75.40434377048965,38.05230371369649],[-75.4037214711131,38.05203333395222],[-75.40334602718279,38.05273460242493],[-75.40262714994465,38.05237132197632],[-75.40166158680009,38.05184748099549],[-75.40122166572449,38.05239659878907],[-75.40058868223836,38.052016424965096],[-75.40111264122156,38.05122677413896]]]},"id":"553_00000000000000000000","properties":{"labeler":"taryn","notes":"","point_id":30,"queue_index":87,"source_asset":"point_30_label","source_labeler":"taryn","source_point_id":30,"status":"completed","timestamp":"2026-06-13 02:07:56"}},{"type":"Feature","geometry":{"type":"Polygon","coordinates":[[[-75.80200521153684,38.523183463188424],[-75.80252020347727,38.52273019244321],[-75.80282066631709,38.52241122638002],[-75.80320688606918,38.522075485670925],[-75.80352872028364,38.52168937552904],[-75.80406516815083,38.521387151934874],[-75.80473038198976,38.52086672420516],[-75.8051595190947,38.5204638095126],[-75.80344287424835,38.5184324203501],[-75.80247728016282,38.51745871575786],[-75.80131861184996,38.51614915721748],[-75.79921577999815,38.51797910338873],[-75.79788538651948,38.51918791519322],[-75.7964476678576,38.52044700789924],[-75.79464524433838,38.52200834260458],[-75.7958039667868,38.523418505892494],[-75.79674814347378,38.52447612165737],[-75.7975420771849,38.525013304920456],[-75.79779953709132,38.52492932615705],[-75.79812138349361,38.524795068149636],[-75.79850761595652,38.52501326680172],[-75.79885092297049,38.52528187464082],[-75.79919431784586,38.52533223274249],[-75.79960200950164,38.52538258268919],[-75.79988092774727,38.52506365730871],[-75.80050323717614,38.524375371194495],[-75.8008250774856,38.52380457244483],[-75.80129715001371,38.52343527794352],[-75.80168337388756,38.52308273699394],[-75.80200521153684,38.523183463188424]]]},"id":"554_00000000000000000000","properties":{"labeler":"taryn","notes":"","point_id":316,"queue_index":13,"source_asset":"point_316_label","source_labeler":"taryn","source_point_id":316,"status":"completed","timestamp":"2026-04-07 05:46:48"}},{"type":"Feature","geometry":{"type":"Polygon","coordinates":[[[-75.86151333655766,38.52442430331864],[-75.86024735276524,38.524516593409025],[-75.86026880570442,38.526325401253565],[-75.85998982859283,38.52625822953063],[-75.85897063108523,38.52637576099602],[-75.85897063108523,38.526308654366595],[-75.86009709345136,38.52619533229682],[-75.86020976578958,38.526090351289966],[-75.86013468045691,38.5253685688655],[-75.86008636696914,38.52486074181423],[-75.86002626319437,38.524762445093096],[-75.85876026610423,38.524984922228256],[-75.85858323304828,38.52480861926203],[-75.85828288802851,38.524859048408196],[-75.85755329874242,38.525144378973664],[-75.85669516218397,38.52553037314731],[-75.85599136221491,38.52564825855292],[-75.8546180601304,38.52569020666599],[-75.85415671416698,38.52571542791739],[-75.85355591606701,38.52624418052528],[-75.85312674767809,38.526689024455344],[-75.85256885342548,38.52762911337401],[-75.85230067687498,38.52853766694178],[-75.8520967737036,38.529016049660584],[-75.85182859625986,38.52975462628535],[-75.85134578692845,38.53038409019175],[-75.85102388357582,38.53125692614045],[-75.85266539685945,38.53182769659847],[-75.85419962188719,38.53223888732526],[-75.85519740002258,38.53240676391991],[-75.8576847669315,38.53262735141401],[-75.85930474995965,38.532887460122616],[-75.85979834732106,38.531259299356634],[-75.860392027069,38.528914820981235],[-75.86097391413573,38.52663630071763],[-75.86151333655766,38.52442430331864]]]},"id":"555_00000000000000000000","properties":{"labeler":"taryn","notes":"","point_id":342,"queue_index":82,"source_asset":"point_342_label","source_labeler":"taryn","source_point_id":342,"status":"completed","timestamp":"2026-06-13 02:02:46"}},{"type":"Feature","geometry":{"type":"Polygon","coordinates":[[[-75.71001733753914,38.53445231687393],[-75.70958818241166,38.53398233238863],[-75.7095667068735,38.533663477060195],[-75.70971685809012,38.53315991978632],[-75.70988857338621,38.532622749961035],[-75.7095237557876,38.5326395116978],[-75.70810760519979,38.53138066806821],[-75.70735657297988,38.53180029290569],[-75.707313621238,38.532001674359655],[-75.707313621238,38.53232061865738],[-75.7072063305709,38.53260597867059],[-75.70694489243365,38.533028724525565],[-75.70349015520554,38.53534504087247],[-75.70452013326863,38.536385658318245],[-75.70763149932328,38.53900400294562],[-75.7082109017759,38.538148013704046],[-75.710421022621,38.5365871369919],[-75.71061412372593,38.536385712799024],[-75.70999186869096,38.53593253186171],[-75.71106475112907,38.53534506337473],[-75.71001733753914,38.53445231687393]]]},"id":"556_00000000000000000000","properties":{"labeler":"taryn","notes":"","point_id":357,"queue_index":42,"source_asset":"point_357_label","source_labeler":"taryn","source_point_id":357,"status":"completed","timestamp":"2026-04-09 05:35:20"}},{"type":"Feature","geometry":{"type":"Polygon","coordinates":[[[-75.86551909316965,38.53531845991026],[-75.8655405453097,38.53501631864962],[-75.86547618887978,38.53481490176657],[-75.86528311941439,38.53468065940729],[-75.86489689104751,38.534596725221384],[-75.86236488402271,38.53595626909611],[-75.86187129561029,38.53597307090893],[-75.86174257938356,38.53585552438436],[-75.86112027200839,38.53615767411287],[-75.86084138522286,38.53607378272062],[-75.85867409881571,38.53656053485926],[-75.8576870718346,38.53681229754952],[-75.85667858449472,38.53667801020802],[-75.85590607975413,38.53662761230551],[-75.85601334770583,38.53805433619501],[-75.85749399174463,38.537836107728914],[-75.85796605348312,38.53882640095188],[-75.85820203943739,38.53959843376174],[-75.85869555199326,38.540118703468046],[-75.85933932310674,38.54052150415399],[-75.8608384598341,38.5416628366194],[-75.86137486874671,38.541897753118164],[-75.86171820129714,38.5415285526323],[-75.8630699820124,38.541377490193554],[-75.86369228081473,38.541964920009136],[-75.86431457688033,38.5426362460268],[-75.86497977466242,38.54325720857322],[-75.8659668394347,38.54273689804048],[-75.86583803828846,38.54228373880569],[-75.86470080683688,38.54117604493992],[-75.86547326358684,38.54100821101578],[-75.86454408110602,38.54005723408946],[-75.86452262881487,38.53980547364934],[-75.86623924505143,38.53950335163992],[-75.86432946940222,38.53784174550639],[-75.86305189807467,38.53684238465284],[-75.86551909316965,38.53531845991026]]]},"id":"557_00000000000000000000","properties":{"labeler":"taryn","notes":"","point_id":360,"queue_index":39,"source_asset":"point_360_label","source_labeler":"taryn","source_point_id":360,"status":"completed","timestamp":"2026-04-07 22:17:25"}},{"type":"Feature","geometry":{"type":"Polygon","coordinates":[[[-75.79041726893131,38.54886969671616],[-75.78957504690241,38.54925982883851],[-75.78931216192572,38.54951993135014],[-75.78904936515873,38.54972970119088],[-75.78878647921583,38.54982620996252],[-75.78873823019138,38.550010782106256],[-75.78866310713745,38.55017020382061],[-75.78900643779755,38.55039258299451],[-75.78952679814397,38.55049748905573],[-75.79015438550279,38.55053104392826],[-75.79056742446495,38.5505939560937],[-75.79077664859891,38.550572969691245],[-75.79122188079428,38.55030866815227],[-75.79184954940483,38.549989831849814],[-75.79210701956679,38.54975065276693],[-75.79227872521108,38.5493688682475],[-75.7922465304185,38.54916753163308],[-75.7921392143908,38.54899548668096],[-75.79194072387277,38.54885287305079],[-75.79178515961911,38.54876896161522],[-75.79151695722443,38.54876892961913],[-75.79105558407076,38.54879830710806],[-75.79065327823733,38.548777325577596],[-75.79041185871718,38.54883188090956],[-75.79041726893131,38.54886969671616]]]},"id":"558_00000000000000000000","properties":{"labeler":"taryn","notes":"","point_id":368,"queue_index":101,"source_asset":"point_368_label","source_labeler":"taryn","source_point_id":368,"status":"completed","timestamp":"2026-06-13 02:25:35"}},{"type":"Feature","geometry":{"type":"Polygon","coordinates":[[[-75.79508044261226,38.56179334939937],[-75.79586365426351,38.561738824187366],[-75.79619623632954,38.56172622469975],[-75.79619623632954,38.56162971949513],[-75.79613725849963,38.56149130903635],[-75.79612652719263,38.561252215311356],[-75.79613725849963,38.56076566880883],[-75.79616945241582,38.560455228078034],[-75.79609433326677,38.56041745600546],[-75.79602462408015,38.560455263984345],[-75.79591731088921,38.560472020883196],[-75.79542916788625,38.56047618610702],[-75.79497321740148,38.56027065556249],[-75.79484036090793,38.56025261438131],[-75.7947598310106,38.56033227499009],[-75.79469544253583,38.56040364029592],[-75.79453988128006,38.56043297447204],[-75.79421802681026,38.56044972073409],[-75.79397129192019,38.56050007762642],[-75.79374601957812,38.560550412352256],[-75.79362797318151,38.56061751121108],[-75.7934991951831,38.560789528388185],[-75.79341334311972,38.560927972580984],[-75.79334904272855,38.561099935474346],[-75.79335436414134,38.56123832203191],[-75.79345626915786,38.56139357339877],[-75.79354212119547,38.56161712149542],[-75.79363870467614,38.561755539662144],[-75.79359577869278,38.561902341059046],[-75.79361724168606,38.56202819120823],[-75.7937084150266,38.56211207473955],[-75.79384792431541,38.56211209303488],[-75.794030270644,38.56207852833771],[-75.79417510100089,38.56206169226488],[-75.79430387839031,38.56204075509979],[-75.79448090276654,38.562007161019615],[-75.79459353840281,38.56200716035298],[-75.79474909960015,38.561923332719815],[-75.79508044261226,38.56179334939937]]]},"id":"559_00000000000000000000","properties":{"labeler":"taryn","notes":"","point_id":379,"queue_index":27,"source_asset":"point_379_label","source_labeler":"taryn","source_point_id":379,"status":"completed","timestamp":"2026-04-07 15:46:23"}},{"type":"Feature","geometry":{"type":"Polygon","coordinates":[[[-75.78970702136439,38.56570236696855],[-75.78970702136439,38.565115134695986],[-75.79000742245783,38.56479637021509],[-75.79056529585837,38.56456143977251],[-75.79090862195198,38.56447755640999],[-75.79013611490916,38.563084987005006],[-75.78932076511919,38.561625225375565],[-75.78912768095181,38.56125613043806],[-75.78648833527474,38.5620782924405],[-75.78586605352358,38.56165879845718],[-75.78547393303138,38.56073879508112],[-75.78388601587781,38.56117506058625],[-75.78262005109646,38.561611324239934],[-75.78143984572313,38.56201395209623],[-75.78197628779024,38.563104564774186],[-75.78251272784748,38.56317167878544],[-75.78289900247061,38.56364149649978],[-75.78266298037353,38.563977064106815],[-75.78279167943074,38.56468171092847],[-75.78328518735502,38.565101163254205],[-75.78390748032812,38.56578902229131],[-75.78453535842374,38.56658638443637],[-75.7849430918837,38.56737492526376],[-75.7853078070159,38.56766013382612],[-75.78653090861377,38.56744197810887],[-75.78738920216534,38.567391621921],[-75.78771107200642,38.567005807988586],[-75.78846212838364,38.56663669852393],[-75.78902000781187,38.566703759858186],[-75.78944919211051,38.566200451452374],[-75.78970702136439,38.56570236696855]]]},"id":"560_00000000000000000000","properties":{"labeler":"taryn","notes":"","point_id":385,"queue_index":49,"source_asset":"point_385_label","source_labeler":"taryn","source_point_id":385,"status":"completed","timestamp":"2026-04-21 00:27:55"}},{"type":"Feature","geometry":{"type":"Polygon","coordinates":[[[-75.72179304894325,38.571565475594895],[-75.72160697279772,38.57029171966022],[-75.72006733212632,38.570023309793115],[-75.7199654637883,38.56992683674863],[-75.71958452170998,38.56965836894081],[-75.7192734138308,38.569658388535935],[-75.7191821932532,38.569746446852065],[-75.71823812788169,38.569746500671656],[-75.71857071219405,38.57060624570901],[-75.71885502325654,38.57122701844228],[-75.719160807876,38.57180578691889],[-75.71959321781334,38.57252216203994],[-75.72011356329088,38.57315540564843],[-75.72076266147675,38.57315611180471],[-75.72161558004483,38.5730847685038],[-75.72284942804873,38.57301765754521],[-75.7233536123113,38.57294220747379],[-75.72357890632912,38.57283310321794],[-75.72399426629676,38.572461305044364],[-75.72485790241277,38.57170631383894],[-75.72486863904624,38.5714379344135],[-75.72179304894325,38.571565475594895]]]},"id":"561_00000000000000000000","properties":{"labeler":"taryn","notes":"","point_id":403,"queue_index":81,"source_asset":"point_403_label","source_labeler":"taryn","source_point_id":403,"status":"completed","timestamp":"2026-06-13 02:01:08"}},{"type":"Feature","geometry":{"type":"Polygon","coordinates":[[[-75.74030212278264,38.57636950514525],[-75.73761991253838,38.57665466983711],[-75.73751264438395,38.57603399976463],[-75.73830655104973,38.57595011443542],[-75.73809201568334,38.57531261359444],[-75.73654704995036,38.57549714903903],[-75.73568871863921,38.57516165314463],[-75.73131136240724,38.57579912761281],[-75.73025992533967,38.57501069188715],[-75.72957333723478,38.575497146583224],[-75.73377905953403,38.58057995917247],[-75.74008759038792,38.58106641274378],[-75.74045233075799,38.57791275384406],[-75.74060253857672,38.57705727466021],[-75.74030212278264,38.57636950514525]]]},"id":"562_00000000000000000000","properties":{"labeler":"taryn","notes":"","point_id":428,"queue_index":72,"source_asset":"point_428_label","source_labeler":"taryn","source_point_id":428,"status":"completed","timestamp":"2026-04-29 03:09:08"}},{"type":"Feature","geometry":{"type":"Polygon","coordinates":[[[-75.80496920550583,38.58169266652067],[-75.80574704196981,38.582678155460265],[-75.80682532860186,38.58228813627767],[-75.80710423273277,38.58222526054642],[-75.80744760775329,38.58204488694851],[-75.80768899847907,38.581839456187254],[-75.80807520505441,38.581696859391066],[-75.8083112738629,38.58158363790636],[-75.80811271714136,38.58115589092554],[-75.80736708496627,38.57991883303474],[-75.80704525940874,38.57945750759539],[-75.80661071837476,38.579168181609056],[-75.80633181327904,38.57893753101458],[-75.80607330457151,38.578768979670684],[-75.80537058419468,38.57928901814076],[-75.80445324688506,38.579943748457126],[-75.8039704540765,38.58033372122083],[-75.8035091211417,38.58070278423162],[-75.80445324688506,38.5811626618571],[-75.80488779448955,38.58161558711285],[-75.80496920550583,38.58169266652067]]]},"id":"563_00000000000000000000","properties":{"labeler":"taryn","notes":"","point_id":436,"queue_index":97,"source_asset":"point_436_label","source_labeler":"taryn","source_point_id":436,"status":"completed","timestamp":"2026-06-13 02:19:03"}},{"type":"Feature","geometry":{"type":"Polygon","coordinates":[[[-75.85437754694374,38.60020914063231],[-75.85347630591663,38.590046045968904],[-75.85274678052956,38.58917388147671],[-75.85184552913165,38.58850300211497],[-75.85072972834452,38.58816756935038],[-75.84914191786855,38.58806692764975],[-75.84828355306477,38.587932761249334],[-75.84776854941992,38.587630878986786],[-75.84630943615193,38.58826817125385],[-75.84467866559953,38.58900616010024],[-75.84347707519514,38.58960997667437],[-75.84244711979937,38.589945448682215],[-75.84424955900118,38.594440204440424],[-75.84463983327895,38.59528303369052],[-75.8460713912764,38.598599231596666],[-75.84640403339009,38.599356983587086],[-75.84720868363559,38.59939893247048],[-75.84733741306621,38.600094871744666],[-75.8475305069931,38.600405096887336],[-75.8477021458185,38.60044699852388],[-75.84960115243024,38.60038831708735],[-75.85220829990932,38.600329590696134],[-75.85430041951766,38.60032124479447],[-75.85434332719437,38.60026254768509],[-75.85437754694374,38.60020914063231]]]},"id":"564_00000000000000000000","properties":{"labeler":"taryn","notes":"","point_id":480,"queue_index":94,"source_asset":"point_480_label","source_labeler":"taryn","source_point_id":480,"status":"completed","timestamp":"2026-06-13 02:16:11"}},{"type":"Feature","geometry":{"type":"Polygon","coordinates":[[[-75.86466463937592,38.603242266870765],[-75.86599502852059,38.60335970534163],[-75.86758291597556,38.60337648526648],[-75.86927804350049,38.60314165779855],[-75.87071573469667,38.602538004704975],[-75.87198171344431,38.60164927750949],[-75.8727327680158,38.600861066369944],[-75.87354817138083,38.599871700796726],[-75.87378421998203,38.598536481932825],[-75.8738271217508,38.59654082920306],[-75.87286147424066,38.59464571800441],[-75.8706513806219,38.59295188069336],[-75.86887037441106,38.592364871160406],[-75.86831245355657,38.59374012314648],[-75.86719669388815,38.596490529596565],[-75.86599502852059,38.59860354330879],[-75.86487925057132,38.60086743025599],[-75.8637420114129,38.602846173311285],[-75.86466463937592,38.603242266870765]]]},"id":"565_00000000000000000000","properties":{"labeler":"taryn","notes":"","point_id":504,"queue_index":76,"source_asset":"point_504_label","source_labeler":"taryn","source_point_id":504,"status":"completed","timestamp":"2026-06-13 01:55:02"}},{"type":"Feature","geometry":{"type":"Polygon","coordinates":[[[-75.93550316260736,38.598967338162616],[-75.93481650199999,38.5990009126467],[-75.93425866530465,38.59883321847567],[-75.93430154863641,38.59819592826589],[-75.93382947685616,38.59816244108942],[-75.9302675341329,38.598464300186436],[-75.93018167638262,38.59869907206689],[-75.93065376045202,38.598933796036306],[-75.93082538671753,38.599571060609435],[-75.93039627635753,38.60017479552922],[-75.93103998570686,38.60054369395452],[-75.9315978352169,38.60108030748103],[-75.93086827110005,38.60134868131306],[-75.93116872722194,38.60181819796724],[-75.93271370478088,38.6030255740685],[-75.93460190879466,38.60436708743413],[-75.93644729329566,38.605842665572865],[-75.93782059515236,38.60698287945122],[-75.93910803126037,38.60728471202917],[-75.93893641514288,38.60490365739218],[-75.9387647102159,38.603562162755416],[-75.9403096925843,38.60312615914667],[-75.94116802844196,38.603360972421534],[-75.94189753890431,38.60336093955823],[-75.94219797136414,38.60269019617871],[-75.94314214549722,38.60262309503882],[-75.94314214549722,38.60205297155468],[-75.94288459576745,38.601616975594546],[-75.94279874575217,38.60111385153195],[-75.9430133263934,38.60054368988054],[-75.94241255292671,38.59940338751495],[-75.9412967606471,38.59853134988746],[-75.94056715845514,38.598397200675],[-75.94056715845514,38.598095321771424],[-75.9358036087899,38.598229529881046],[-75.93550316260736,38.598967338162616]]]},"id":"566_00000000000000000000","properties":{"labeler":"taryn","notes":"","point_id":512,"queue_index":45,"source_asset":"point_512_label","source_labeler":"taryn","source_point_id":512,"status":"completed","timestamp":"2026-04-21 00:24:23"}},{"type":"Feature","geometry":{"type":"Polygon","coordinates":[[[-75.91839695777126,38.60735600561006],[-75.91951275513956,38.60581333589846],[-75.919770259213,38.605410965879095],[-75.91962006332942,38.60507553930794],[-75.92007065049802,38.60475698618861],[-75.91822531629954,38.604203640489985],[-75.91730268441131,38.603868242221175],[-75.91661602330207,38.60351609222629],[-75.91498517863565,38.60344901991962],[-75.9141912825547,38.60329812074464],[-75.91326862416712,38.60526003944235],[-75.9122386459731,38.60723865603279],[-75.91290379493297,38.60764109054477],[-75.91376212132504,38.607859066909135],[-75.91468477647165,38.607590781318166],[-75.91541433612892,38.60770813809413],[-75.91616542504703,38.60759083217168],[-75.91734557292772,38.607389577820804],[-75.91839695777126,38.60735600561006]]]},"id":"567_00000000000000000000","properties":{"labeler":"taryn","notes":"","point_id":521,"queue_index":48,"source_asset":"point_521_label","source_labeler":"taryn","source_point_id":521,"status":"completed","timestamp":"2026-04-21 00:26:53"}},{"type":"Feature","geometry":{"type":"Polygon","coordinates":[[[-75.82685519894888,38.60791580831518],[-75.82706977868021,38.60851109693997],[-75.82712439892377,38.60904156083497],[-75.82708148301988,38.60941883621155],[-75.8272102306927,38.609687139219275],[-75.82759647301201,38.60976255787419],[-75.82802562991445,38.609754192057714],[-75.82850842988185,38.60997215494091],[-75.82884102446152,38.61021533120804],[-75.82937125894641,38.61064998652162],[-75.82966093638254,38.6108679429857],[-75.82995061322858,38.611295497344024],[-75.83012227330329,38.61168113280132],[-75.83037976302678,38.61208353203139],[-75.83072308193275,38.61220089512599],[-75.83112004338429,38.612217669283815],[-75.83154918965259,38.6122930984505],[-75.83178521954794,38.61229311953193],[-75.83191396296206,38.61179851019788],[-75.83206416346448,38.6112427397687],[-75.83226109080127,38.61017165128352],[-75.83271169073197,38.60948419947819],[-75.83309995741315,38.608761598125724],[-75.83363638257403,38.60728155291803],[-75.83402260743613,38.60625872275094],[-75.83400115052689,38.605940125109974],[-75.83342181275265,38.605487333869874],[-75.83232750162462,38.60525258116426],[-75.83134038000823,38.6051352335932],[-75.8310185199557,38.60495073968962],[-75.83009585043338,38.604665677421586],[-75.82923754782794,38.604682439171995],[-75.82848652879854,38.604581812887716],[-75.82816466228613,38.6043302882064],[-75.82749946918563,38.60433031750982],[-75.82668406694768,38.60427998358092],[-75.82599740880634,38.604028501524304],[-75.82563270899088,38.60416260242802],[-75.82548250169566,38.60436384699901],[-75.82561125081557,38.60463216957896],[-75.82582574375317,38.60511846903262],[-75.82629782215099,38.605537681359166],[-75.82651240272305,38.606040700766215],[-75.82649094468042,38.60635926602206],[-75.82666260893093,38.60691263468826],[-75.82679135698288,38.607784583440534],[-75.82685519894888,38.60791580831518]]]},"id":"568_00000000000000000000","properties":{"labeler":"taryn","notes":"","point_id":528,"queue_index":28,"source_asset":"point_528_label","source_labeler":"taryn","source_point_id":528,"status":"completed","timestamp":"2026-04-07 15:52:14"}},{"type":"Feature","geometry":{"type":"Polygon","coordinates":[[[-75.71791113322105,38.607938908714736],[-75.71791113322105,38.607846728770795],[-75.71795399307896,38.607670669680246],[-75.71784671030515,38.606941245865094],[-75.71766435602798,38.606136360060205],[-75.71753559868444,38.60620345941143],[-75.71692402192042,38.606413033130124],[-75.71610870052679,38.606563966729304],[-75.71549711772536,38.60667295356317],[-75.7147246490992,38.606874147493365],[-75.71425255825726,38.60714244075034],[-75.71342346717034,38.60747874428672],[-75.7134664170983,38.60768836203488],[-75.71365951413745,38.60828361054119],[-75.71386334837005,38.60885374987345],[-75.714152993037,38.60948247093044],[-75.7143890388132,38.609918453422225],[-75.71489334133638,38.60991007143306],[-75.71535469274622,38.61003583508327],[-75.71581595394571,38.61003583359515],[-75.71636533026421,38.609856453602156],[-75.71623657176342,38.60948752913964],[-75.71624730903767,38.609294701164686],[-75.71639745331818,38.60920249193],[-75.71639745331818,38.60900966370771],[-75.71657989793142,38.608816811750216],[-75.71647261413763,38.608188053452736],[-75.71791113322105,38.607938908714736]]]},"id":"569_00000000000000000000","properties":{"labeler":"taryn","notes":"","point_id":532,"queue_index":50,"source_asset":"point_532_label","source_labeler":"taryn","source_point_id":532,"status":"completed","timestamp":"2026-04-21 00:28:51"}},{"type":"Feature","geometry":{"type":"Polygon","coordinates":[[[-75.86502959345358,38.60556676375363],[-75.864686268937,38.60576799220317],[-75.86423568194658,38.60591892290753],[-75.8638494507204,38.60596920819068],[-75.86350612334023,38.6059691928614],[-75.86329151006214,38.606203958537485],[-75.86290527625886,38.6064051665618],[-75.862561946588,38.60638843015482],[-75.86206844751021,38.606388410298514],[-75.86144614156773,38.606338112608654],[-75.861188708224,38.60620399162108],[-75.86099554426092,38.60595242323168],[-75.86084537438929,38.606606357787975],[-75.86060930419228,38.607277124466755],[-75.86000853346243,38.60911924115991],[-75.85938621846455,38.61101397781373],[-75.85902142713367,38.61191937862675],[-75.85850646251056,38.613495413292604],[-75.85842064966626,38.614384039532155],[-75.85975100885561,38.614316999374076],[-75.8653300128028,38.61401516001657],[-75.86522275191038,38.61120721873715],[-75.86947137344058,38.61120719066166],[-75.86942847034967,38.610519764318354],[-75.869385478603,38.60958078308341],[-75.86934257548604,38.60882623659675],[-75.8692567692131,38.60835672894921],[-75.86983613782995,38.60825612488336],[-75.87000774962054,38.607971099971756],[-75.86962153415615,38.60782016997856],[-75.86605956200421,38.60656262264711],[-75.86605956200421,38.60621045646059],[-75.86565188363723,38.605908615784834],[-75.86517984753064,38.60550617757098],[-75.86502959345358,38.60556676375363]]]},"id":"570_00000000000000000000","properties":{"labeler":"taryn","notes":"","point_id":534,"queue_index":30,"source_asset":"point_534_label","source_labeler":"taryn","source_point_id":534,"status":"completed","timestamp":"2026-04-07 15:55:50"}},{"type":"Feature","geometry":{"type":"Polygon","coordinates":[[[-75.86012563830083,38.60647831492545],[-75.85733610558012,38.60689746345632],[-75.85630616220504,38.60667948366764],[-75.85615598736038,38.60656214214872],[-75.85456806037145,38.6065789216225],[-75.85360254738154,38.606344112708435],[-75.85302311231561,38.60639447103367],[-75.8523579470173,38.60654534218117],[-75.85162841587362,38.60600879333004],[-75.85051261337755,38.605522468206665],[-75.84886034783422,38.60513680131721],[-75.85055552220096,38.60936233344735],[-75.85110748454434,38.61090031289586],[-75.85187992679167,38.61115174487586],[-75.85230909895617,38.61200692000865],[-75.85269536165846,38.612945801244585],[-75.85775932166285,38.6141362630798],[-75.85775932166285,38.61363323744341],[-75.85795249004104,38.612426072128336],[-75.85859617588311,38.610950586898376],[-75.85939011902293,38.60863666017065],[-75.86012563830083,38.60647831492545]]]},"id":"571_00000000000000000000","properties":{"labeler":"taryn","notes":"","point_id":540,"queue_index":84,"source_asset":"point_540_label","source_labeler":"taryn","source_point_id":540,"status":"completed","timestamp":"2026-06-13 02:04:32"}},{"type":"Feature","geometry":{"type":"Polygon","coordinates":[[[-75.77918158707499,38.61578547149987],[-75.77963217726872,38.61581902980042],[-75.78046904722343,38.61588611820943],[-75.78117712319715,38.616037003423415],[-75.78137021809185,38.61650640980067],[-75.78199251938892,38.616456123995896],[-75.78274351708173,38.616053777661065],[-75.78319418476364,38.61600346156545],[-75.78398810503218,38.61566814947027],[-75.78473909225559,38.61534957123406],[-75.78546870002047,38.61494721868644],[-75.78609098349965,38.61451128011474],[-75.78647715977115,38.614125650742125],[-75.78658448004738,38.61389089670079],[-75.78682049567747,38.61379035351065],[-75.78709943886456,38.613605902661796],[-75.78737838150779,38.61340465976219],[-75.7871209028329,38.613304129135855],[-75.78636992810897,38.61318674102919],[-75.7855973965549,38.61315322659987],[-75.78484641383533,38.61298553449056],[-75.7845889306044,38.61283462620955],[-75.7842670537404,38.6126837655791],[-75.77802281869702,38.611677723032614],[-75.77758295613964,38.612941004714514],[-75.77722895405651,38.61394434966489],[-75.77702503213877,38.61454373974247],[-75.77684807486749,38.61493776388425],[-75.77680514384744,38.61521442733853],[-75.7771698797074,38.61532760758074],[-75.77781898660906,38.61546173234607],[-75.77809794733514,38.615524610006496],[-75.77841442739941,38.61546588894896],[-75.7786826543504,38.615432350424335],[-75.77906893930506,38.61552041442629],[-75.77918158707499,38.61578547149987]]]},"id":"572_00000000000000000000","properties":{"labeler":"taryn","notes":"","point_id":555,"queue_index":89,"source_asset":"point_555_label","source_labeler":"taryn","source_point_id":555,"status":"completed","timestamp":"2026-06-13 02:10:23"}},{"type":"Feature","geometry":{"type":"Polygon","coordinates":[[[-75.89411456315051,38.63938962113572],[-75.89476898532033,38.63965779927642],[-75.89567022886051,38.63987572870176],[-75.89594913549244,38.63941479115934],[-75.89654372678301,38.63888960157934],[-75.8968227203108,38.63847055834682],[-75.89723039728001,38.63765766340396],[-75.89684416769379,38.637490064767796],[-75.89602872171321,38.637305722621214],[-75.89546009579021,38.63733081488476],[-75.89465545428156,38.63759898393507],[-75.89365768888312,38.637439745935346],[-75.8926062963628,38.637431384985135],[-75.89197322364431,38.637565456080516],[-75.89127021977961,38.63782918640154],[-75.89010075462454,38.638482908360686],[-75.8905620718979,38.639603749870744],[-75.89115420430652,38.64080368419755],[-75.89173357168701,38.64196014068604],[-75.89167986264955,38.64237067028929],[-75.89244162505436,38.64225341405535],[-75.89322811050481,38.64204716079113],[-75.89361435000566,38.64159461992329],[-75.89390407325017,38.64099122915458],[-75.89466068326975,38.640517542042005],[-75.89302993856475,38.63938628635338],[-75.89411456315051,38.63938962113572]]]},"id":"573_00000000000000000000","properties":{"labeler":"taryn","notes":"","point_id":616,"queue_index":60,"source_asset":"point_616_label","source_labeler":"taryn","source_point_id":616,"status":"completed","timestamp":"2026-04-29 02:30:55"}},{"type":"Feature","geometry":{"type":"Polygon","coordinates":[[[-75.91748061850123,38.646331031305486],[-75.91846767009766,38.64569420480946],[-75.9188538402944,38.64458813572652],[-75.91941173827149,38.643280872084304],[-75.91979799448248,38.64183952387389],[-75.91992674631662,38.640297675516386],[-75.91979799448248,38.63895684318767],[-75.91872508747626,38.63835342256902],[-75.91833891692536,38.63768297152942],[-75.91778101468523,38.63741479892478],[-75.9170514673218,38.63724723606936],[-75.91670809226616,38.636744422852324],[-75.9159785393289,38.636342096201524],[-75.91503444807377,38.63577227998617],[-75.91443355469966,38.635839272600116],[-75.91323193747132,38.63667737440153],[-75.9123307178061,38.63637563067839],[-75.91065702146803,38.63550408667693],[-75.91001330725037,38.636073923795955],[-75.90863999904577,38.63536999517208],[-75.90615096004973,38.6379512000824],[-75.90619385196953,38.639191436488126],[-75.90602219559209,38.64051552732595],[-75.90688047538424,38.64098480831897],[-75.90756709544662,38.641537876809615],[-75.90784606712131,38.642442938970134],[-75.90821197290384,38.643668515310175],[-75.9084050722294,38.64450647350647],[-75.90846949769113,38.64509300597292],[-75.9104435433324,38.64561255265845],[-75.91250351848478,38.64609857252739],[-75.91497108899098,38.64676889807981],[-75.91617800814477,38.64676448201037],[-75.91692900436603,38.64663036616132],[-75.91748061850123,38.646331031305486]]]},"id":"574_00000000000000000000","properties":{"labeler":"taryn","notes":"","point_id":625,"queue_index":40,"source_asset":"point_625_label","source_labeler":"taryn","source_point_id":625,"status":"completed","timestamp":"2026-04-09 05:33:47"}},{"type":"Feature","geometry":{"type":"Polygon","coordinates":[[[-75.85861523553498,38.63778558103179],[-75.85786419466083,38.63833866866509],[-75.85593019288754,38.63966274662658],[-75.85421354029778,38.640869524663756],[-75.85472852052828,38.64217675346626],[-75.85509332291582,38.64313205145058],[-75.85582292487291,38.644673949670796],[-75.85640225983794,38.644556590636405],[-75.85644516687806,38.644405771701884],[-75.85678851138185,38.64445604996943],[-75.85775409130842,38.64417115179988],[-75.85936343565561,38.64373544287904],[-75.86296830415598,38.642880702398],[-75.86249625909673,38.64116380432679],[-75.86174523881093,38.63809665162494],[-75.85998566210495,38.63834801086981],[-75.85889128992598,38.638482140609085],[-75.85878402415396,38.638113362462796],[-75.85863385193664,38.637895497724216],[-75.85861523553498,38.63778558103179]]]},"id":"575_00000000000000000000","properties":{"labeler":"taryn","notes":"","point_id":626,"queue_index":26,"source_asset":"point_626_label","source_labeler":"taryn","source_point_id":626,"status":"completed","timestamp":"2026-04-07 15:44:03"}},{"type":"Feature","geometry":{"type":"Polygon","coordinates":[[[-75.8714378988682,38.64124025577609],[-75.87083708548246,38.64169278255204],[-75.87015037517023,38.641307319082856],[-75.8686483232384,38.64231288894815],[-75.86826210406072,38.64179330799346],[-75.86669567619592,38.64204469999179],[-75.86667422423106,38.64269832166913],[-75.86605202718964,38.64279887264325],[-75.86633090370592,38.64620105015313],[-75.86714634399506,38.646184247186724],[-75.86721069966508,38.646653526385904],[-75.86641680039881,38.646754079224394],[-75.86641680039881,38.64702217969045],[-75.86924914592599,38.646955152670024],[-75.86937794396563,38.64683785816966],[-75.86965690256594,38.647005457339596],[-75.8714378988682,38.64698865956774],[-75.87231766304967,38.647273547970066],[-75.87293992115909,38.646133970540994],[-75.87319742175468,38.64573180533936],[-75.87364798018784,38.64532956730951],[-75.87381967599019,38.6450446431085],[-75.87401282243849,38.644810042905604],[-75.87433467350579,38.644307277507544],[-75.87457072079305,38.64367042628921],[-75.87467797459347,38.64336871803794],[-75.8735192746793,38.64284917599228],[-75.87321887272978,38.642865956611786],[-75.87296137217326,38.64258105057515],[-75.87236056526368,38.6420782041704],[-75.87180265818331,38.64160893764338],[-75.8714378988682,38.64124025577609]]]},"id":"576_00000000000000000000","properties":{"labeler":"taryn","notes":"","point_id":637,"queue_index":11,"source_asset":"point_637_label","source_labeler":"taryn","source_point_id":637,"status":"completed","timestamp":"2026-04-07 05:44:24"}},{"type":"Feature","geometry":{"type":"Polygon","coordinates":[[[-75.81603668040829,38.64591285428481],[-75.81532859986429,38.645728548339],[-75.81509254267543,38.64534306972029],[-75.81453458776542,38.645410119549595],[-75.81462042712452,38.645963108616776],[-75.81440591730691,38.64649945448929],[-75.81474918606625,38.646868108504876],[-75.81499783592473,38.64790512316287],[-75.8144614291799,38.64793866858825],[-75.81390347179887,38.648491704689505],[-75.81351728101006,38.64886036233185],[-75.81390347179887,38.64931280129384],[-75.81362458096682,38.650268029774466],[-75.8132168407014,38.65134051285457],[-75.81351728101006,38.65169241685804],[-75.81459009958827,38.651994081675205],[-75.81459009958827,38.652429782967204],[-75.81542703080797,38.65231245194122],[-75.81602781279645,38.652245440840176],[-75.81705778222228,38.652245449244965],[-75.81804482557273,38.65189353610632],[-75.81860276673514,38.651742728346406],[-75.81916061703767,38.65095511823542],[-75.81969709476185,38.65048592436879],[-75.81986876720674,38.649765273328384],[-75.81982584911493,38.64892742902818],[-75.81924645360935,38.64822352023202],[-75.81819504071608,38.64746942419896],[-75.81664437653372,38.646838153695526],[-75.81682137319589,38.64655324395789],[-75.81603668040829,38.64591285428481]]]},"id":"577_00000000000000000000","properties":{"labeler":"taryn","notes":"","point_id":643,"queue_index":47,"source_asset":"point_643_label","source_labeler":"taryn","source_point_id":643,"status":"completed","timestamp":"2026-04-21 00:26:20"}},{"type":"Feature","geometry":{"type":"Polygon","coordinates":[[[-75.72904095857969,38.648170952230004],[-75.72953447365944,38.64788601719572],[-75.73006019579506,38.64749224617162],[-75.73017820573267,38.64733305800059],[-75.7304034890974,38.64730784519601],[-75.73100436132151,38.646873441036604],[-75.73043569775766,38.646337156290095],[-75.73004945954783,38.645985253481086],[-75.72982417563023,38.64580088081925],[-75.72772127215364,38.645231053388706],[-75.72475373040687,38.644547222683904],[-75.72442116033135,38.64494942971808],[-75.72359505578834,38.64595496176691],[-75.72144920275451,38.6450667659786],[-75.72109515124286,38.64500807599762],[-75.7205480112853,38.64510026398026],[-75.7205480112853,38.645242730072155],[-75.72095574876798,38.645293031983876],[-75.72115957271033,38.64556116052781],[-75.7215672197322,38.64597164994705],[-75.72230744131329,38.64677608761966],[-75.72202854983479,38.648435169787724],[-75.72235038860099,38.648451911352765],[-75.72238259905836,38.64825080479622],[-75.72264010499106,38.64825077873081],[-75.72451761283074,38.64830943425049],[-75.72608400304756,38.64821733133794],[-75.72627717195476,38.64834299305067],[-75.72665268376223,38.6483597176083],[-75.72883057973961,38.64820051930155],[-75.72904095857969,38.648170952230004]]]},"id":"578_00000000000000000000","properties":{"labeler":"taryn","notes":"","point_id":646,"queue_index":78,"source_asset":"point_646_label","source_labeler":"taryn","source_point_id":646,"status":"completed","timestamp":"2026-06-13 01:57:59"}},{"type":"Feature","geometry":{"type":"Polygon","coordinates":[[[-75.74773301535208,38.650165308806905],[-75.74761501979276,38.650835574930156],[-75.74781889476597,38.65100322109496],[-75.7474004095763,38.65114558340289],[-75.74736820470844,38.65128805581914],[-75.74586619005414,38.651958365244575],[-75.7465636129841,38.653064355580675],[-75.74697127690209,38.653248704103966],[-75.74749702413668,38.65339946375772],[-75.74825875980343,38.65378487618248],[-75.74879514846698,38.65377653480564],[-75.74925648015385,38.65362568436218],[-75.74977148426048,38.65353354048215],[-75.75023281281622,38.65333242700334],[-75.75079075224069,38.653265432161966],[-75.75108041146365,38.65336599644637],[-75.7510911461434,38.653500064685645],[-75.7519816781901,38.65320682364394],[-75.75219619285593,38.653307329410474],[-75.7526576023492,38.653064344723795],[-75.75258246039269,38.6509110152235],[-75.75252710194859,38.64862402462837],[-75.75251636737603,38.64778612955933],[-75.75191558489732,38.64760492344181],[-75.75154005021547,38.64754625628622],[-75.75092852896681,38.647487604808745],[-75.75042426373243,38.6474289059755],[-75.74989852719499,38.64737867949991],[-75.74974832907667,38.64718592191144],[-75.74966253953174,38.6467753165147],[-75.74966253953174,38.64633126825802],[-75.74975906385583,38.64587690473675],[-75.74976979863419,38.64541606654229],[-75.74900807096783,38.64541603653256],[-75.748589589237,38.64531549883238],[-75.74808540452165,38.64523170816591],[-75.746862241334,38.64514791309853],[-75.74641163699948,38.64510603949751],[-75.7444697370881,38.64482949863364],[-75.74323589662929,38.64609475367215],[-75.74252781098102,38.64679024041429],[-75.7426672813277,38.646907578018315],[-75.74220592852024,38.64735167107138],[-75.74163730915153,38.64785444160481],[-75.74282822213239,38.64882643633517],[-75.74472720357734,38.65060279668549],[-75.7460469117255,38.65046031357597],[-75.74677645006815,38.65009163738429],[-75.74745239868665,38.650116819359965],[-75.74773301535208,38.650165308806905]]]},"id":"579_00000000000000000000","properties":{"labeler":"taryn","notes":"","point_id":653,"queue_index":80,"source_asset":"point_653_label","source_labeler":"taryn","source_point_id":653,"status":"completed","timestamp":"2026-06-13 02:00:01"}},{"type":"Feature","geometry":{"type":"Polygon","coordinates":[[[-75.8726177123519,38.647478006873975],[-75.8725533591431,38.64761208010426],[-75.87251045698763,38.64778800548342],[-75.87234948514767,38.64786346737382],[-75.87213488528955,38.64789696954824],[-75.87186665716898,38.648315918171924],[-75.87092767745479,38.64967766956963],[-75.87001572743631,38.651093756617925],[-75.87208639861807,38.65167184975325],[-75.87425365680933,38.652291879086036],[-75.8754230760206,38.65126134650981],[-75.87591856718035,38.650723468751174],[-75.87561817033226,38.65022916194733],[-75.8754357513975,38.64992753948369],[-75.87538212479511,38.64978502721799],[-75.876186787609,38.64858683067476],[-75.8726177123519,38.647478006873975]]]},"id":"580_00000000000000000000","properties":{"labeler":"taryn","notes":"","point_id":656,"queue_index":86,"source_asset":"point_656_label","source_labeler":"taryn","source_point_id":656,"status":"completed","timestamp":"2026-06-13 02:06:25"}},{"type":"Feature","geometry":{"type":"Polygon","coordinates":[[[-75.83101018527799,38.65514145654345],[-75.83240490699103,38.65416959314626],[-75.83324182211543,38.65470576465715],[-75.83422884186142,38.653951710944526],[-75.83455069464421,38.65420307615277],[-75.83873498045533,38.65120355593829],[-75.83326327913933,38.64761726359412],[-75.83521594341593,38.64619281065911],[-75.83502274407358,38.64582408385904],[-75.83482963313293,38.64572352611967],[-75.83427175560792,38.64553923841224],[-75.83394990219335,38.64542188836401],[-75.83324182211543,38.6454219294967],[-75.83287705221365,38.64543866659742],[-75.83259802122657,38.64537160524067],[-75.83234053552088,38.6452040576622],[-75.83034500548803,38.64604194611876],[-75.82761988160371,38.64746644246228],[-75.82502354382999,38.64877359277861],[-75.82652552582192,38.65239329823614],[-75.82858548265429,38.65185708230683],[-75.82875714437695,38.65234303974013],[-75.8289288058924,38.65274523856566],[-75.82914338249532,38.653113901677585],[-75.82967982258609,38.653867964121304],[-75.83034500548803,38.65467229938337],[-75.83083852627529,38.65527551013649],[-75.83101018527799,38.65514145654345]]]},"id":"581_00000000000000000000","properties":{"labeler":"taryn","notes":"","point_id":660,"queue_index":4,"source_asset":"point_660_label","source_labeler":"taryn","source_point_id":660,"status":"completed","timestamp":"2026-04-07 05:23:58"}},{"type":"Feature","geometry":{"type":"Polygon","coordinates":[[[-75.91343832216431,38.65041654817172],[-75.91268730728112,38.65021542922528],[-75.9129448238691,38.64998078852609],[-75.91298771371609,38.64964566694088],[-75.91273028582225,38.649494842559335],[-75.9100373225226,38.648506087135296],[-75.90947938731547,38.649528320334916],[-75.90893731250375,38.650699632139315],[-75.90807904526541,38.65230833648515],[-75.90792883688273,38.65290326782404],[-75.90957030892812,38.65339754001625],[-75.91018185715556,38.653229955955084],[-75.91110630814127,38.653546997683875],[-75.91184660892709,38.65373967419417],[-75.91294101340686,38.65364757650472],[-75.91414263312335,38.6541670088534],[-75.91491508485484,38.65450212457537],[-75.91573050996196,38.65452724536849],[-75.91605235434353,38.65407481382619],[-75.91636843812711,38.653604337000075],[-75.91674398053708,38.65335300123947],[-75.91728035402156,38.65269948227091],[-75.91717313265619,38.65201238357157],[-75.9176436654773,38.65161138004114],[-75.91796550547437,38.651125421403826],[-75.91802992655259,38.65079026637744],[-75.91831959950873,38.650597591918796],[-75.91851268494352,38.65013673882574],[-75.9185000134431,38.64966498448028],[-75.91960508803783,38.64817350674937],[-75.91925099724563,38.64798074320112],[-75.91893988220136,38.64801430334107],[-75.91822956967876,38.647801331488004],[-75.91789691958972,38.64769238076988],[-75.91766085628875,38.64758347985178],[-75.91802567316732,38.64701362800535],[-75.91825101379705,38.64659466489049],[-75.91782186497213,38.646544432650245],[-75.91670605416657,38.64675394309175],[-75.91535416731719,38.646980128504744],[-75.91240373719575,38.646184106415745],[-75.91147034449502,38.645932724090564],[-75.91121282520506,38.64598302278886],[-75.91107343139396,38.6461422332914],[-75.91005415979589,38.64835996462616],[-75.91181364373685,38.64903865725329],[-75.91242518220345,38.64778173406882],[-75.91257538578141,38.64783204740653],[-75.91196384796847,38.64906379007592],[-75.91281145762902,38.64940734945556],[-75.91320845443639,38.649290030354166],[-75.91384143162418,38.64958330687478],[-75.91409717380343,38.649526043014546],[-75.91367873469406,38.65043930605091],[-75.91343832216431,38.65041654817172]]]},"id":"582_00000000000000000000","properties":{"labeler":"taryn","notes":"","point_id":661,"queue_index":73,"source_asset":"point_661_label","source_labeler":"taryn","source_point_id":661,"status":"completed","timestamp":"2026-04-29 03:10:42"}},{"type":"Feature","geometry":{"type":"Polygon","coordinates":[[[-75.86171625105004,38.6601366871215],[-75.86049317488595,38.65787464277613],[-75.85740330252061,38.65827677918843],[-75.85354093375928,38.65861191722036],[-75.85225342455745,38.65894703621941],[-75.85160970989747,38.65884647478004],[-75.85090162926058,38.6591313493841],[-75.85077290306558,38.66005294310457],[-75.85047245283475,38.66119226440431],[-75.85057972489938,38.66228133244481],[-75.85096599231423,38.66254941799357],[-75.85126635284492,38.66377253895368],[-75.85193161191975,38.664761045485896],[-75.85242514631886,38.66528044993548],[-75.85581538951344,38.66526365101698],[-75.85628745684642,38.665414446103135],[-75.85886239023012,38.665129672022125],[-75.86110653157252,38.66372556987736],[-75.86290899942657,38.66273706849039],[-75.86207208205255,38.66091074030913],[-75.86171625105004,38.6601366871215]]]},"id":"583_00000000000000000000","properties":{"labeler":"taryn","notes":"","point_id":690,"queue_index":74,"source_asset":"point_690_label","source_labeler":"taryn","source_point_id":690,"status":"completed","timestamp":"2026-04-29 03:13:29"}},{"type":"Feature","geometry":{"type":"Polygon","coordinates":[[[-75.86270156564838,38.71028854754033],[-75.86231533023503,38.710707164998034],[-75.86143550383552,38.71018808965731],[-75.86074883653053,38.71097504950647],[-75.8604270431926,38.71164480244094],[-75.85976182401204,38.71238147831595],[-75.85993344802304,38.71303445638849],[-75.85969746495427,38.71355347414056],[-75.85989054203979,38.713737686462494],[-75.86029823700413,38.7138213456477],[-75.86029823700413,38.7141227831114],[-75.86518826884587,38.71604133150287],[-75.8670336771799,38.71676127802655],[-75.86737699599917,38.716359505759506],[-75.868213793348,38.71667756800886],[-75.86982310738072,38.713814591815314],[-75.87012750545225,38.71315850840323],[-75.87010605400798,38.71207019115514],[-75.86997734527407,38.71094838376573],[-75.87066396778482,38.70964233538249],[-75.87232608393981,38.70628577408359],[-75.87333463702673,38.70398817127737],[-75.86646821428705,38.70201213572382],[-75.86129685865271,38.700572030783164],[-75.86054583200307,38.70107440284949],[-75.85992360801563,38.70209589544059],[-75.85947300586272,38.70279920229831],[-75.86007377886504,38.70325134697293],[-75.85904385540057,38.70393788584188],[-75.85829281679968,38.70433981566341],[-75.85756322756474,38.70474163048879],[-75.85769194759105,38.70542819631474],[-75.85806268188911,38.706161830527016],[-75.8584060224717,38.70684836131376],[-75.8586420076928,38.70735069592063],[-75.8588566280201,38.70773583256723],[-75.8589424406002,38.708556344417936],[-75.85898534687077,38.7091255933021],[-75.86001527076084,38.7094605004956],[-75.86145296744547,38.709761912267346],[-75.86218253663621,38.710046556208404],[-75.86269748788729,38.7101804559909],[-75.86270156564838,38.71028854754033]]]},"id":"584_00000000000000000000","properties":{"labeler":"taryn","notes":"","point_id":784,"queue_index":37,"source_asset":"point_784_label","source_labeler":"taryn","source_point_id":784,"status":"completed","timestamp":"2026-04-07 22:15:38"}},{"type":"Feature","geometry":{"type":"Polygon","coordinates":[[[-75.92364401692102,38.714313746281086],[-75.92324173308496,38.71407933082096],[-75.92355824372409,38.713719390627745],[-75.92393376689888,38.713418001014],[-75.92476074725985,38.71275592700394],[-75.92423503535444,38.712538306295855],[-75.92368247306872,38.71237507953301],[-75.92323189749656,38.712190864889216],[-75.92216973849976,38.71198157259896],[-75.92193120131185,38.711909432610895],[-75.92157711638778,38.71185081666322],[-75.92100309994069,38.71219828991666],[-75.92037547167584,38.71273825867694],[-75.91907191344933,38.71393952583976],[-75.91885525808117,38.714086672081336],[-75.9184582772343,38.713843956154264],[-75.91807742267936,38.713559325445345],[-75.91766971753094,38.714258312164084],[-75.91742452675321,38.71475226753193],[-75.91685058193956,38.71589074154643],[-75.91817551630821,38.71643482489837],[-75.91869513670053,38.71653887153424],[-75.91897408628154,38.71655146753888],[-75.91923159134306,38.7165849477745],[-75.91941927023346,38.71657657450461],[-75.91961775943852,38.7165221123631],[-75.91976263865877,38.71640913057483],[-75.91984309751282,38.71629609979365],[-75.92000401508261,38.716191506356374],[-75.9203205330241,38.71606175857155],[-75.92052433759189,38.716082628563555],[-75.92063705025184,38.71608686329512],[-75.92077111794416,38.71612451000073],[-75.9208731085483,38.716070145634035],[-75.92124855029878,38.71626679685316],[-75.92364401692102,38.714313746281086]]]},"id":"585_00000000000000000000","properties":{"labeler":"taryn","notes":"","point_id":788,"queue_index":5,"source_asset":"point_788_label","source_labeler":"taryn","source_point_id":788,"status":"completed","timestamp":"2026-04-07 05:25:04"}},{"type":"Feature","geometry":{"type":"Polygon","coordinates":[[[-75.9026188896408,38.719744254372266],[-75.90186781697058,38.72061483134239],[-75.90077350356222,38.72158584419139],[-75.89873498095687,38.72334363365753],[-75.89912129398094,38.72359471482241],[-75.89995808033768,38.7240969801709],[-75.90043017737219,38.72453220163512],[-75.90122415114934,38.72488378350177],[-75.90184637035289,38.72525207240152],[-75.90214679994779,38.72550318993218],[-75.90227556795243,38.72572080761196],[-75.90229701450471,38.72613924783338],[-75.90227556795243,38.72650753296394],[-75.9024257823719,38.726574522349864],[-75.90268322913093,38.72667494763506],[-75.90276910369383,38.72689255369087],[-75.90291922896475,38.727043209519174],[-75.90319820985749,38.72712692015747],[-75.90386340158403,38.7269929826874],[-75.90500067186707,38.72726085284105],[-75.90819788258011,38.71989496233655],[-75.90753271135183,38.719660588768605],[-75.90776870304971,38.71922529419989],[-75.90401361430841,38.71810357698118],[-75.9026188896408,38.719744254372266]]]},"id":"586_00000000000000000000","properties":{"labeler":"taryn","notes":"","point_id":805,"queue_index":9,"source_asset":"point_805_label","source_labeler":"taryn","source_point_id":805,"status":"completed","timestamp":"2026-04-07 05:28:48"}},{"type":"Feature","geometry":{"type":"Polygon","coordinates":[[[-75.72851718479579,38.722726726525615],[-75.72692934802743,38.72163858367746],[-75.7280021934381,38.72061736510928],[-75.72669545229459,38.719703422007775],[-75.7263521501702,38.719268179784464],[-75.72216795127427,38.72084190095469],[-75.71894411437324,38.72225447982202],[-75.71864365347504,38.722790182562676],[-75.71894411437324,38.72339285845875],[-75.71950199743766,38.72404575462852],[-75.71963075302904,38.72443075961588],[-75.72014000644552,38.72613386791084],[-75.72037604244373,38.72732241252129],[-75.72153483162387,38.72715499286649],[-75.72237168477196,38.72787483978786],[-75.72340259315958,38.72903091282607],[-75.72503341521352,38.72936570296375],[-75.72651399650478,38.72944939617947],[-75.72728649081841,38.73030317497708],[-75.72815046215833,38.73159906089019],[-75.72982417563023,38.73191710199063],[-75.7300387232998,38.73169949864248],[-75.72920191460025,38.731515352420836],[-75.72984564815742,38.73047751153149],[-75.73055370738808,38.73077879459698],[-75.73263509746629,38.72692875648031],[-75.73377613154219,38.724893391218224],[-75.73036435955831,38.722193918410035],[-75.72957040915755,38.721574551734726],[-75.72851718479579,38.722726726525615]]]},"id":"587_00000000000000000000","properties":{"labeler":"taryn","notes":"","point_id":808,"queue_index":66,"source_asset":"point_808_label","source_labeler":"taryn","source_point_id":808,"status":"completed","timestamp":"2026-04-29 02:59:26"}},{"type":"Feature","geometry":{"type":"Polygon","coordinates":[[[-75.82880183313853,38.730675762014265],[-75.83058289939075,38.72969655776284],[-75.83143046522575,38.729194316978884],[-75.83132317869052,38.72906046629552],[-75.83129099271417,38.728976758371935],[-75.83119443474138,38.72890141171049],[-75.83102277596115,38.72880098797262],[-75.83082965958563,38.72865867535293],[-75.8306794577789,38.728524783551464],[-75.8306472716568,38.728399245288735],[-75.83061508552743,38.728265325184104],[-75.83053998453053,38.72824016948265],[-75.83047561221592,38.72818163428274],[-75.83035759623009,38.72806439737604],[-75.83037905368936,38.72796403344056],[-75.83045415477125,38.72788868780785],[-75.83029854386682,38.727788202854136],[-75.830311932618,38.72764172415346],[-75.83017919772446,38.727610327871254],[-75.83009141706547,38.72753606083679],[-75.82991869294388,38.72753240161744],[-75.82977868694395,38.72751381723061],[-75.829622897965,38.72737061727831],[-75.82949131510877,38.72721528143645],[-75.82925998080287,38.72708023946035],[-75.82910135388042,38.726995909019585],[-75.82906500000519,38.72684502250533],[-75.82881371467198,38.72666498500035],[-75.82841213602471,38.72653520221296],[-75.82816084953795,38.72675701789498],[-75.82797393608342,38.72702898747807],[-75.82770881648328,38.727298914961374],[-75.82748661218358,38.727585566192516],[-75.82750035587539,38.72782194523576],[-75.82766439338488,38.728008149503495],[-75.82748820822528,38.72833039181015],[-75.82717476302587,38.728524953165966],[-75.82695371059299,38.72863063629137],[-75.8269412082189,38.72873766280095],[-75.82703608436366,38.72884468613795],[-75.82726857498541,38.72915925045923],[-75.8276907280377,38.728984747610184],[-75.82802013245818,38.72920503790303],[-75.82807838775007,38.72949679410381],[-75.8280217284939,38.729684541137516],[-75.82800408343144,38.72980354371712],[-75.82836008766041,38.73025638173514],[-75.82880183313853,38.730675762014265]]]},"id":"588_00000000000000000000","properties":{"labeler":"taryn","notes":"","point_id":818,"queue_index":21,"source_asset":"point_818_label","source_labeler":"taryn","source_point_id":818,"status":"completed","timestamp":"2026-04-07 14:05:23"}},{"type":"Feature","geometry":{"type":"Polygon","coordinates":[[[-75.82896906119713,38.731228696856554],[-75.82817512517595,38.7301908961338],[-75.82778888442799,38.7298058463979],[-75.82742410053629,38.72960500887951],[-75.82705931570909,38.729203251255605],[-75.82635120131528,38.72836626101911],[-75.82632974324832,38.728048251591595],[-75.82577183237142,38.72742888294865],[-75.82240303985738,38.729136275584004],[-75.8222313704683,38.72943759273828],[-75.82186657232913,38.72950454563763],[-75.82244595717229,38.730140658486285],[-75.82205970087222,38.73037501612229],[-75.82184511358594,38.73024109027253],[-75.82154469084175,38.73002349921155],[-75.82109405553675,38.73014064678921],[-75.82070788424183,38.73052563390072],[-75.82072934315643,38.73074328994061],[-75.82150177325512,38.73144628097613],[-75.82398715903085,38.73397615748808],[-75.82426611824158,38.734026370940086],[-75.82561798974702,38.73315600193745],[-75.8280426542938,38.73188386434432],[-75.82896906119713,38.731228696856554]]]},"id":"589_00000000000000000000","properties":{"labeler":"taryn","notes":"","point_id":819,"queue_index":35,"source_asset":"point_819_label","source_labeler":"taryn","source_point_id":819,"status":"completed","timestamp":"2026-04-07 16:18:25"}},{"type":"Feature","geometry":{"type":"Polygon","coordinates":[[[-75.85816542706681,38.73185258115847],[-75.85816542706681,38.731634967074875],[-75.85816542706681,38.731492710681636],[-75.85818688032143,38.731409023564886],[-75.85825124006578,38.73125838754704],[-75.85832632639722,38.731116042046885],[-75.85853022060289,38.7310407675254],[-75.85881983851993,38.73101567178635],[-75.8590773648204,38.73099892774232],[-75.85924898966105,38.7309988810881],[-75.85959232736724,38.73092359515944],[-75.85981767275746,38.730923572899854],[-75.86003220265408,38.73086495652326],[-75.86017847285176,38.73080468354911],[-75.8603608228199,38.730804622013125],[-75.86061834631748,38.73076280592919],[-75.86071488426522,38.730729318626594],[-75.86092950145033,38.73072092453535],[-75.8609724071187,38.73064566965636],[-75.86084360142644,38.730411273163575],[-75.86075778999862,38.73025227383542],[-75.86065052564071,38.7302104141229],[-75.86040372866063,38.72995093307534],[-75.85989949556216,38.729582712889204],[-75.8590841021631,38.72892985415958],[-75.85695756812972,38.727386327617786],[-75.85645332276026,38.72704322958326],[-75.85476894582091,38.72775466798749],[-75.85310591422807,38.728482791840136],[-75.85127131747645,38.72939508537866],[-75.8513893160781,38.729922389439785],[-75.85156095023245,38.73064217691666],[-75.8518184897281,38.73125314526137],[-75.85194721497359,38.73171344819125],[-75.85224766207864,38.732106828831114],[-75.8525372928396,38.73240808861467],[-75.85297719003495,38.73265083230098],[-75.85333197916029,38.73290370525577],[-75.85347151866786,38.73304596808054],[-75.85376114692767,38.73321335234772],[-75.8540508632479,38.73344772027567],[-75.85425467495547,38.73372392343767],[-75.85460875166599,38.733481176376344],[-75.85512373046004,38.73314643829282],[-75.85557434645072,38.7330459834707],[-75.85618586277015,38.73280324539639],[-75.85674374278086,38.73262753884053],[-75.85732316263014,38.73240990546375],[-75.85794539804466,38.732142072240336],[-75.85816001942773,38.73193283581576],[-75.85816542706681,38.73185258115847]]]},"id":"590_00000000000000000000","properties":{"labeler":"taryn","notes":"","point_id":820,"queue_index":14,"source_asset":"point_820_label","source_labeler":"taryn","source_point_id":820,"status":"completed","timestamp":"2026-04-07 05:47:49"}},{"type":"Feature","geometry":{"type":"Polygon","coordinates":[[[-75.80047272926679,38.73826138451029],[-75.79981831530456,38.73897278040386],[-75.79823046877266,38.73817771056471],[-75.79758668704693,38.73772580252144],[-75.79641724777034,38.73827817014397],[-75.79662114205078,38.73848739537961],[-75.79725410821763,38.738797005116],[-75.79799438329142,38.73930750323198],[-75.79846646517666,38.739884948807514],[-75.79879904118329,38.74020293972161],[-75.79955828713265,38.740641055720616],[-75.80004109486244,38.74085026310719],[-75.80085647217521,38.73972053336572],[-75.8016825757222,38.73879156292098],[-75.80047272926679,38.73826138451029]]]},"id":"591_00000000000000000000","properties":{"labeler":"taryn","notes":"","point_id":844,"queue_index":38,"source_asset":"point_844_label","source_labeler":"taryn","source_point_id":844,"status":"completed","timestamp":"2026-04-07 22:16:11"}},{"type":"Feature","geometry":{"type":"Polygon","coordinates":[[[-75.90514911097088,38.7475720603842],[-75.90789569353659,38.74511195574045],[-75.90789569353659,38.74434212566259],[-75.90787424783784,38.74399069001273],[-75.90748795884474,38.74362243109161],[-75.90744506731964,38.74330447497743],[-75.90720907507864,38.742902773673215],[-75.90667257453377,38.74253458676271],[-75.90622194439753,38.742635009285216],[-75.90555676382331,38.7426182696273],[-75.90525643012987,38.74268525141404],[-75.904655583578,38.74293629595564],[-75.90418350071849,38.74332124140528],[-75.90319643742663,38.744325390546756],[-75.90514911097088,38.7475720603842]]]},"id":"592_00000000000000000000","properties":{"labeler":"taryn","notes":"","point_id":862,"queue_index":46,"source_asset":"point_862_label","source_labeler":"taryn","source_point_id":862,"status":"completed","timestamp":"2026-04-21 00:24:54"}},{"type":"Feature","geometry":{"type":"Polygon","coordinates":[[[-75.90310427099095,38.74780006435271],[-75.90121599785282,38.7471474190404],[-75.9008296905771,38.746519816114414],[-75.90044347086442,38.74589221787496],[-75.90125889127708,38.74619349153026],[-75.90213864670471,38.74536509453321],[-75.90249269198797,38.74496343377324],[-75.90265362942426,38.74465378895166],[-75.89951008741326,38.743499041264094],[-75.89933842288222,38.743524129193155],[-75.8982977077209,38.74410986318067],[-75.89814748889617,38.74429400083612],[-75.8977076437108,38.744603585779295],[-75.89623779042412,38.745314852189296],[-75.8960875694021,38.7453734237861],[-75.89675279472945,38.74614326394572],[-75.89708540621486,38.74630224900683],[-75.89742865193612,38.74658676182252],[-75.89772909095903,38.74693816111855],[-75.89804025294096,38.747264556007224],[-75.89839430853237,38.74765785039188],[-75.89853371490769,38.74774982360359],[-75.89971392215504,38.74823517402382],[-75.902352757801,38.749177073170976],[-75.90310427099095,38.74780006435271]]]},"id":"593_00000000000000000000","properties":{"labeler":"taryn","notes":"","point_id":874,"queue_index":8,"source_asset":"point_874_label","source_labeler":"taryn","source_point_id":874,"status":"completed","timestamp":"2026-04-07 05:28:10"}},{"type":"Feature","geometry":{"type":"Polygon","coordinates":[[[-75.90461437498152,38.75175886913975],[-75.90395459269071,38.752938639283286],[-75.90548755154185,38.75359340295367],[-75.90681259304316,38.75419579887263],[-75.90717194370615,38.75354734102947],[-75.90726313266788,38.75331306240504],[-75.90732755865281,38.75320011020531],[-75.90753138206966,38.7531708129645],[-75.90764401653544,38.75317083181789],[-75.90782107666983,38.75317083537261],[-75.90792298805752,38.75310805847091],[-75.90801417653223,38.75299094443066],[-75.90798732512162,38.75285286433698],[-75.90792839378993,38.75272737841022],[-75.90771375946785,38.75233829328533],[-75.90739561798313,38.75173335478848],[-75.90705762509913,38.75092171275094],[-75.90613500850597,38.75059121715199],[-75.90607058197472,38.75065811937197],[-75.90593650025453,38.75067066566615],[-75.90575412055158,38.750737600702905],[-75.90553957153124,38.750779445385845],[-75.90537863739617,38.750884096438455],[-75.90519616834959,38.75092587768805],[-75.90508353192344,38.75103049516177],[-75.90493863756832,38.751289681899664],[-75.90475085071724,38.75170385523245],[-75.90461437498152,38.75175886913975]]]},"id":"594_00000000000000000000","properties":{"labeler":"taryn","notes":"","point_id":885,"queue_index":7,"source_asset":"point_885_label","source_labeler":"taryn","source_point_id":885,"status":"completed","timestamp":"2026-04-07 05:27:12"}},{"type":"Feature","geometry":{"type":"Polygon","coordinates":[[[-75.92678196846329,38.77192544195662],[-75.92539792552412,38.77082964170334],[-75.92493654530676,38.77041140566012],[-75.92418559192875,38.770955143379076],[-75.92382079106125,38.771415143133794],[-75.923724207724,38.77183343017417],[-75.9237670942783,38.77236040014087],[-75.923970982449,38.773196863799825],[-75.92435642863748,38.77380373366586],[-75.92446373312357,38.77412998690543],[-75.92487141853584,38.773812122761896],[-75.92633051677764,38.77488278199731],[-75.92781680188733,38.77583592694118],[-75.9281601497606,38.77598646787821],[-75.92945830724265,38.77493257346539],[-75.93038103640316,38.77423837430948],[-75.93117315741651,38.77379267588721],[-75.93158082332059,38.77339960649978],[-75.93199929765002,38.77302320179938],[-75.93177397910537,38.77273042620032],[-75.93128045668598,38.77248783458543],[-75.93061521761182,38.77200271181827],[-75.93018610660837,38.77174340832716],[-75.92947797754547,38.77160116333292],[-75.93002511211435,38.77146734460308],[-75.92907030552527,38.77077309821221],[-75.92841586584971,38.770321381445264],[-75.927997380822,38.76997002753641],[-75.92766484249567,38.76970240430777],[-75.92662876745554,38.7690045235794],[-75.92594206336913,38.76954824574212],[-75.92663948887332,38.77003342912464],[-75.92566312763935,38.7707946060201],[-75.92685400566354,38.77174821313324],[-75.92747628857259,38.77173980723231],[-75.92774671451492,38.77180007415474],[-75.92832610831508,38.772251764016154],[-75.92761796985708,38.77274531444062],[-75.9271681157784,38.77303172794371],[-75.92611670804337,38.7722956606669],[-75.9267174627962,38.771919191269006],[-75.92678196846329,38.77192544195662]]]},"id":"595_00000000000000000000","properties":{"labeler":"taryn","notes":"","point_id":915,"queue_index":71,"source_asset":"point_915_label","source_labeler":"taryn","source_point_id":915,"status":"completed","timestamp":"2026-04-29 03:08:21"}},{"type":"Feature","geometry":{"type":"Polygon","coordinates":[[[-75.92736810032837,38.77302660621542],[-75.92616650521656,38.77234067151868],[-75.92663851419901,38.77188901338042],[-75.92584459541987,38.771269955872576],[-75.92472884839708,38.77056733194152],[-75.92380103135639,38.77144608075836],[-75.92392977951792,38.772500037696744],[-75.92442332781062,38.774122769995095],[-75.92498120364648,38.773922026263506],[-75.92678365198991,38.77524360720194],[-75.92839300559463,38.77581233152848],[-75.92957313924171,38.77479190670188],[-75.93159021530526,38.773365441761115],[-75.92819993375659,38.77077245340097],[-75.92867193589433,38.77043783464395],[-75.92674076635792,38.76904924011744],[-75.92592540521534,38.76950094676228],[-75.92654769224491,38.77006980281225],[-75.92551373553054,38.77072659766724],[-75.92690849872405,38.77174713070406],[-75.92731617703,38.7715798155781],[-75.92828180546339,38.77221549133899],[-75.92736810032837,38.77302660621542]]]},"id":"596_00000000000000000000","properties":{"labeler":"taryn","notes":"","point_id":923,"queue_index":57,"source_asset":"point_923_label","source_labeler":"taryn","source_point_id":923,"status":"completed","timestamp":"2026-04-28 18:06:05"}},{"type":"Feature","geometry":{"type":"Polygon","coordinates":[[[-75.74462207000452,38.78347266299766],[-75.74300859273225,38.7822351560465],[-75.7427041007669,38.7826871351073],[-75.74190196718973,38.78342368633598],[-75.74130619757204,38.78330789990225],[-75.74105404831846,38.78366753317523],[-75.74049083649845,38.783968610460356],[-75.74024400920023,38.78363407205832],[-75.73964326421348,38.78408564834037],[-75.73975053078165,38.78483837904112],[-75.7400509477261,38.785407019841145],[-75.74048010102807,38.78587536109325],[-75.74131072241387,38.78665711786463],[-75.74267331439307,38.78796172442599],[-75.74317751806701,38.788396557040656],[-75.74404662868368,38.78768574020576],[-75.74459376821105,38.78715889487331],[-75.74516237590382,38.78666545389897],[-75.745738433802,38.78618802994857],[-75.74600672180053,38.78592883067211],[-75.74616765887185,38.78568628122866],[-75.74610324857714,38.7852932450345],[-75.7461354537281,38.78493363049998],[-75.74591010623965,38.78443181669964],[-75.74462207000452,38.78347266299766]]]},"id":"597_00000000000000000000","properties":{"labeler":"taryn","notes":"","point_id":943,"queue_index":44,"source_asset":"point_943_label","source_labeler":"taryn","source_point_id":943,"status":"completed","timestamp":"2026-04-13 14:56:47"}},{"type":"Feature","geometry":{"type":"Polygon","coordinates":[[[-75.90554409115461,38.79742260330184],[-75.90590893948854,38.797757079042654],[-75.9061449339112,38.798091564300606],[-75.90626297528384,38.7985012787623],[-75.90635948200813,38.798819050076915],[-75.9065848413461,38.79898622623736],[-75.90685300342248,38.79901972895973],[-75.90714269942016,38.79910329962708],[-75.90746456346903,38.798819053420445],[-75.90795808100522,38.798292247384495],[-75.90829075462491,38.797782188875715],[-75.90876273508003,38.79728880931138],[-75.90913634822591,38.796882139641454],[-75.90968347346528,38.79607940284565],[-75.9102414078624,38.7952181771839],[-75.91012336982966,38.79531015745777],[-75.90959813482903,38.79565857618644],[-75.90925483017607,38.79583424245733],[-75.90880420831505,38.79593452816138],[-75.9082248225689,38.79600979158342],[-75.9077313059689,38.79611851080025],[-75.90716272732575,38.796093421648045],[-75.90657261186712,38.79601818013753],[-75.90612198141056,38.79590110053451],[-75.90605764349309,38.79597633376577],[-75.90582156030408,38.79621882364201],[-75.90556411928783,38.796570068168585],[-75.90532803527049,38.796871097866635],[-75.90522080478641,38.79716420939492],[-75.90529586613386,38.79733980801569],[-75.90554409115461,38.79742260330184]]]},"id":"598_00000000000000000000","properties":{"labeler":"taryn","notes":"","point_id":967,"queue_index":32,"source_asset":"point_967_label","source_labeler":"taryn","source_point_id":967,"status":"completed","timestamp":"2026-04-07 16:02:04"}},{"type":"Feature","geometry":{"type":"Polygon","coordinates":[[[-75.73546557295529,38.37058006898278],[-75.73617360459048,38.370008104584],[-75.7370641401935,38.36937721431123],[-75.73746109530863,38.369099642812756],[-75.73707487591841,38.3689230484568],[-75.73687098573328,38.36856972490852],[-75.73659203368109,38.36832577124385],[-75.73590538700054,38.367997675640794],[-75.73486471932085,38.36770332910162],[-75.73385625202488,38.3683089943457],[-75.73324465567376,38.36861180127037],[-75.73311591222625,38.368712714766986],[-75.73366309326607,38.36910804973168],[-75.73471450552093,38.37011747486644],[-75.73522947291124,38.37059691596508],[-75.73546557295529,38.37058006898278]]]},"id":"599_00000000000000000000","properties":{"labeler":"taryn","notes":"","point_id":97,"queue_index":69,"source_asset":"point_97_label","source_labeler":"taryn","source_point_id":97,"status":"completed","timestamp":"2026-04-29 03:04:54"}},{"type":"Feature","geometry":{"type":"Polygon","coordinates":[[[-75.99293573325015,38.88774674671668],[-75.99364380606211,38.88745444525332],[-75.99624021928388,38.88404709908055],[-75.99551063889126,38.88382996486238],[-75.99585390880327,38.88330380072428],[-75.99094017955036,38.88142467212727],[-75.98861193830467,38.88431438529512],[-75.98971707837198,38.88628526141084],[-75.99055394289724,38.88667780691616],[-75.99088650857313,38.88717889919037],[-75.99148733892423,38.88717889794196],[-75.99210959945911,38.88727907169005],[-75.99293573325015,38.88774674671668]]]},"id":"600_00000000000000000000","properties":{"labeler":"tien","notes":"","point_id":1045,"queue_index":84,"source_asset":"point_1045_label","source_labeler":"tien","source_point_id":1045,"status":"completed","timestamp":"2026-04-03 19:04:59"}},{"type":"Feature","geometry":{"type":"Polygon","coordinates":[[[-76.03542122841984,38.91218529845247],[-76.03823217750984,38.90430414761527],[-76.03370465232759,38.901649019425534],[-76.0308507575216,38.90383654049238],[-76.03112974819346,38.90642480263802],[-76.02683813468641,38.908445175730854],[-76.03542122841984,38.91218529845247]]]},"id":"601_00000000000000000000","properties":{"labeler":"tien","notes":"","point_id":1067,"queue_index":67,"source_asset":"point_1067_label","source_labeler":"tien","source_point_id":1067,"status":"completed","timestamp":"2026-04-03 18:20:47"}},{"type":"Feature","geometry":{"type":"Polygon","coordinates":[[[-75.68117264008278,38.37178624175491],[-75.67855475028426,38.37183666623224],[-75.67563652956018,38.372063821068735],[-75.67599060338452,38.37401525525596],[-75.67679523272231,38.37614321729348],[-75.68121551080888,38.375958160296335],[-75.68117264008278,38.37178624175491]]]},"id":"602_00000000000000000000","properties":{"labeler":"tien","notes":"","point_id":106,"queue_index":22,"source_asset":"point_106_label","source_labeler":"tien","source_point_id":106,"status":"completed","timestamp":"2026-04-03 04:58:37"}},{"type":"Feature","geometry":{"type":"Polygon","coordinates":[[[-76.01602616687079,38.91426905279764],[-76.0137838872006,38.915387636529466],[-76.01300064810854,38.91640612535213],[-76.01138058214181,38.91755807237883],[-76.01248571801698,38.918668269478175],[-76.01174710214012,38.91979245509626],[-76.01413968615293,38.9209610567387],[-76.01809857410002,38.91695429574906],[-76.01602616687079,38.91426905279764]]]},"id":"603_00000000000000000000","properties":{"labeler":"tien","notes":"","point_id":1086,"queue_index":82,"source_asset":"point_1086_label","source_labeler":"tien","source_point_id":1086,"status":"completed","timestamp":"2026-04-03 18:44:57"}},{"type":"Feature","geometry":{"type":"Polygon","coordinates":[[[-75.78195686308777,38.92407723840816],[-75.78608752440569,38.92221593178705],[-75.78335162098413,38.918618234069356],[-75.78115219912425,38.91935279005445],[-75.77952139252771,38.92020425927093],[-75.77941415565515,38.92196549560401],[-75.78195686308777,38.92407723840816]]]},"id":"604_00000000000000000000","properties":{"labeler":"tien","notes":"","point_id":1094,"queue_index":105,"source_asset":"point_1094_label","source_labeler":"tien","source_point_id":1094,"status":"completed","timestamp":"2026-04-03 19:59:11"}},{"type":"Feature","geometry":{"type":"Polygon","coordinates":[[[-75.43526992491036,38.02046627874179],[-75.43788776673718,38.01637538027369],[-75.43698653014617,38.01302809696836],[-75.42853222933519,38.01099935516185],[-75.42475569144035,38.0147863330053],[-75.42398321219974,38.01918158912981],[-75.4320083388757,38.02164959695251],[-75.43526992491036,38.02046627874179]]]},"id":"605_00000000000000000000","properties":{"labeler":"tien","notes":"","point_id":10,"queue_index":51,"source_asset":"point_10_label","source_labeler":"tien","source_point_id":10,"status":"completed","timestamp":"2026-04-03 17:30:28"}},{"type":"Feature","geometry":{"type":"Polygon","coordinates":[[[-75.68251156765797,38.38342830314285],[-75.68268322642277,38.38209111258197],[-75.68238277907196,38.38171266248881],[-75.68208233109975,38.37994645302756],[-75.67809124023287,38.38029131177897],[-75.67729726946621,38.38170419269422],[-75.67735097025289,38.382923679848],[-75.67886674444057,38.3841947252313],[-75.68251156765797,38.38342830314285]]]},"id":"606_00000000000000000000","properties":{"labeler":"tien","notes":"","point_id":112,"queue_index":25,"source_asset":"point_112_label","source_labeler":"tien","source_point_id":112,"status":"completed","timestamp":"2026-04-03 05:00:52"}},{"type":"Feature","geometry":{"type":"Polygon","coordinates":[[[-75.86717213945309,38.95417949024171],[-75.87631309744941,38.95079200987492],[-75.87390982285092,38.94773818651481],[-75.87328756901239,38.94685373892108],[-75.87122764106617,38.947821575335254],[-75.87062682678675,38.94713737603768],[-75.86607782284726,38.94857257017572],[-75.86717213945309,38.95417949024171]]]},"id":"607_00000000000000000000","properties":{"labeler":"tien","notes":"","point_id":1141,"queue_index":33,"source_asset":"point_1141_label","source_labeler":"tien","source_point_id":1141,"status":"completed","timestamp":"2026-04-03 16:43:02"}},{"type":"Feature","geometry":{"type":"Polygon","coordinates":[[[-75.89763736406869,38.95668558159337],[-75.89755157500026,38.95604733212467],[-75.89728330657404,38.95545497805707],[-75.8965859126251,38.955108778905704],[-75.89541117400132,38.95511710781526],[-75.89498195547647,38.95544249299196],[-75.89452065267176,38.95616413679089],[-75.89450992880376,38.95668559540679],[-75.89543793918503,38.957169511292726],[-75.89625338858596,38.95744066352433],[-75.89714381033546,38.95712774762554],[-75.89763736406869,38.95668558159337]]]},"id":"608_00000000000000000000","properties":{"labeler":"tien","notes":"","point_id":1148,"queue_index":64,"source_asset":"point_1148_label","source_labeler":"tien","source_point_id":1148,"status":"completed","timestamp":"2026-04-03 18:19:18"}},{"type":"Feature","geometry":{"type":"Polygon","coordinates":[[[-75.7694428159281,38.96191267875032],[-75.76688933039993,38.964548775532116],[-75.77521491303409,38.969470431172184],[-75.78098704376997,38.9706715674203],[-75.78429153379184,38.96483240231312],[-75.78047206296216,38.96356441525263],[-75.77791859649506,38.96338091551856],[-75.77379869865,38.9624632457994],[-75.77133106733007,38.961712435302786],[-75.7694428159281,38.96191267875032]]]},"id":"609_00000000000000000000","properties":{"labeler":"tien","notes":"","point_id":1152,"queue_index":87,"source_asset":"point_1152_label","source_labeler":"tien","source_point_id":1152,"status":"completed","timestamp":"2026-04-03 19:06:20"}},{"type":"Feature","geometry":{"type":"Polygon","coordinates":[[[-75.89598742196506,38.98695040550087],[-75.89656676947143,38.98765087135684],[-75.89849791061341,38.988501485632746],[-75.90017166301045,38.98950218842742],[-75.90075099330078,38.98928540255253],[-75.9032615742462,38.98930205516746],[-75.90334735983468,38.986933724979544],[-75.90309585193853,38.98531318594149],[-75.90215176279116,38.98401219755214],[-75.9023019773428,38.983344971726986],[-75.90152945631522,38.98317821842309],[-75.89976993234544,38.98244429342096],[-75.89869704972874,38.980792919052064],[-75.89659424344114,38.97982547450645],[-75.89599335991242,38.978974783852344],[-75.89341848292896,38.98014241797222],[-75.89598742196506,38.98695040550087]]]},"id":"610_00000000000000000000","properties":{"labeler":"tien","notes":"","point_id":1175,"queue_index":19,"source_asset":"point_1175_label","source_labeler":"tien","source_point_id":1175,"status":"completed","timestamp":"2026-04-03 04:43:19"}},{"type":"Feature","geometry":{"type":"Polygon","coordinates":[[[-75.9064486332483,38.98839933199517],[-75.90889486451051,38.985463838910576],[-75.90940982249413,38.981560807091775],[-75.90816527100786,38.98019301120678],[-75.90889486451051,38.97932562574388],[-75.90889486451051,38.97702370381273],[-75.90730699905697,38.97582262577243],[-75.90546158585,38.97538891970743],[-75.90370211104654,38.97605619802502],[-75.90172797078473,38.977957799907756],[-75.90031177661271,38.976990344108074],[-75.89344533711893,38.980259740209],[-75.89610609223884,38.98713175003329],[-75.89885267404826,38.98876621862291],[-75.9001830068114,38.98946674971951],[-75.90456040499495,38.98960014406564],[-75.9064486332483,38.98839933199517]]]},"id":"611_00000000000000000000","properties":{"labeler":"tien","notes":"","point_id":1180,"queue_index":50,"source_asset":"point_1180_label","source_labeler":"tien","source_point_id":1180,"status":"completed","timestamp":"2026-04-03 17:29:32"}},{"type":"Feature","geometry":{"type":"Polygon","coordinates":[[[-75.77461715270054,38.984664364108426],[-75.77166672232623,38.9859736881623],[-75.77265372441825,38.98813358508488],[-75.77368374038586,38.98819202335027],[-75.77431671931375,38.98933444037764],[-75.77667706031446,38.98851481657585],[-75.78100079194046,38.986846988515914],[-75.78149430603787,38.98550431649843],[-75.78027125010259,38.98316914925205],[-75.77461715270054,38.984664364108426]]]},"id":"612_00000000000000000000","properties":{"labeler":"tien","notes":"","point_id":1190,"queue_index":4,"source_asset":"point_1190_label","source_labeler":"tien","source_point_id":1190,"status":"completed","timestamp":"2026-04-03 04:12:01"}},{"type":"Feature","geometry":{"type":"Polygon","coordinates":[[[-76.06127609910041,39.01349966382572],[-76.06086837116108,39.00923132686157],[-76.0529290319013,39.0078640567751],[-76.05189911328756,39.01159895309751],[-76.06127609910041,39.01349966382572]]]},"id":"613_00000000000000000000","properties":{"labeler":"tien","notes":"","point_id":1233,"queue_index":60,"source_asset":"point_1233_label","source_labeler":"tien","source_point_id":1233,"status":"completed","timestamp":"2026-04-03 17:56:40"}},{"type":"Feature","geometry":{"type":"Polygon","coordinates":[[[-76.05302251562331,39.02022927039957],[-76.0542670116288,39.01760351234873],[-76.04847343209451,39.01865381923522],[-76.04836622325912,39.01953744251882],[-76.05093035953696,39.020204275490826],[-76.05302251562331,39.02022927039957]]]},"id":"614_00000000000000000000","properties":{"labeler":"tien","notes":"","point_id":1243,"queue_index":21,"source_asset":"point_1243_label","source_labeler":"tien","source_point_id":1243,"status":"completed","timestamp":"2026-04-03 04:58:03"}},{"type":"Feature","geometry":{"type":"Polygon","coordinates":[[[-76.12321232939192,39.02593754737218],[-76.12278319631591,39.02418723239611],[-76.12153870276244,39.02353713405211],[-76.12072325028012,39.02275360515087],[-76.1210236481102,39.02210345164837],[-76.11874919094748,39.021169925608525],[-76.11838437174706,39.02217011551014],[-76.11720425503405,39.02230348297405],[-76.11690384879846,39.02303704128406],[-76.11409282846998,39.024120595572526],[-76.11529447418232,39.02585420851749],[-76.11514431328953,39.027854603357355],[-76.12250430333334,39.02683775871491],[-76.12321232939192,39.02593754737218]]]},"id":"615_00000000000000000000","properties":{"labeler":"tien","notes":"","point_id":1250,"queue_index":26,"source_asset":"point_1250_label","source_labeler":"tien","source_point_id":1250,"status":"completed","timestamp":"2026-04-03 05:01:31"}},{"type":"Feature","geometry":{"type":"Polygon","coordinates":[[[-75.78334470266371,39.036876498737755],[-75.7872929692395,39.03174290394187],[-75.78720711345011,39.02727563754738],[-75.78394553093669,39.0254753898076],[-75.78076982250109,39.02534196618523],[-75.77913901155031,39.02567542344347],[-75.77776576669501,39.023741695237],[-75.77433250827033,39.028075762334325],[-75.77330258566691,39.03134285032602],[-75.77373172837616,39.03280970417599],[-75.77604914776475,39.03514311966156],[-75.78334470266371,39.036876498737755]]]},"id":"616_00000000000000000000","properties":{"labeler":"tien","notes":"","point_id":1258,"queue_index":63,"source_asset":"point_1258_label","source_labeler":"tien","source_point_id":1258,"status":"completed","timestamp":"2026-04-03 18:18:53"}},{"type":"Feature","geometry":{"type":"Polygon","coordinates":[[[-75.76294928387155,39.039033140945655],[-75.76050311133007,39.03803312504944],[-75.75382970532849,39.04123307920487],[-75.75382970532849,39.041533066421714],[-75.75513868430384,39.04259965706501],[-75.75636177709768,39.042783047018176],[-75.75809983375473,39.04396624244908],[-75.7589366519222,39.04519952513094],[-75.7611253257696,39.04398291490453],[-75.76209093266037,39.04338295394768],[-75.76305653305765,39.04279965350469],[-75.76277763178165,39.04194970496107],[-75.76294928387155,39.04138310576995],[-75.76181202950873,39.04016649532089],[-75.7616832229085,39.039783162578004],[-75.76294928387155,39.039033140945655]]]},"id":"617_00000000000000000000","properties":{"labeler":"tien","notes":"","point_id":1281,"queue_index":58,"source_asset":"point_1281_label","source_labeler":"tien","source_point_id":1281,"status":"completed","timestamp":"2026-04-03 17:53:19"}},{"type":"Feature","geometry":{"type":"Polygon","coordinates":[[[-75.99327511268929,39.060102751650405],[-76.00132175815922,39.05298796179954],[-75.99848933617105,39.05172149917475],[-75.99597878232238,39.05023845260841],[-75.98849006945997,39.05057171121828],[-75.98827547020996,39.05278800532444],[-75.98810382599851,39.054021058269065],[-75.98913377665527,39.054537617723085],[-75.98999207780084,39.05602059344826],[-75.98939124098536,39.05787010846595],[-75.99112935629492,39.05848657629067],[-75.9911722221507,39.05933637954314],[-75.99327511268929,39.060102751650405]]]},"id":"618_00000000000000000000","properties":{"labeler":"tien","notes":"","point_id":1298,"queue_index":71,"source_asset":"point_1298_label","source_labeler":"tien","source_point_id":1298,"status":"completed","timestamp":"2026-04-03 18:23:30"}},{"type":"Feature","geometry":{"type":"Polygon","coordinates":[[[-75.74257288156583,39.06203158202876],[-75.74308782086825,39.0655636637686],[-75.74334537855,39.06598015751698],[-75.74379599248336,39.066130059105134],[-75.74742232307733,39.065097168617584],[-75.74860786512346,39.06421361684852],[-75.7501957291524,39.0642969631554],[-75.74826452648016,39.05731581320293],[-75.74757793545413,39.056765932260255],[-75.74202032231997,39.056199434642096],[-75.74257288156583,39.06203158202876]]]},"id":"619_00000000000000000000","properties":{"labeler":"tien","notes":"","point_id":1302,"queue_index":15,"source_asset":"point_1302_label","source_labeler":"tien","source_point_id":1302,"status":"completed","timestamp":"2026-04-03 04:36:23"}},{"type":"Feature","geometry":{"type":"Polygon","coordinates":[[[-75.87115761415711,39.06721029383937],[-75.87618944676471,39.06934270734389],[-75.87754126640158,39.069784243228675],[-75.87863567152263,39.06746851357953],[-75.87614654571333,39.06380330585063],[-75.87309956271959,39.06258707474273],[-75.87284206194566,39.06386995772652],[-75.87288496400046,39.06440303524874],[-75.87115761415711,39.06721029383937]]]},"id":"620_00000000000000000000","properties":{"labeler":"tien","notes":"","point_id":1307,"queue_index":101,"source_asset":"point_1307_label","source_labeler":"tien","source_point_id":1307,"status":"completed","timestamp":"2026-04-03 19:38:07"}},{"type":"Feature","geometry":{"type":"Polygon","coordinates":[[[-75.85808475570838,39.071254516444014],[-75.86398569995589,39.07450291916383],[-75.86516584155262,39.07308698828454],[-75.86589539160069,39.07073809495183],[-75.86771925025901,39.069038817025266],[-75.86203298855567,39.06464060473168],[-75.85947956588862,39.066739764074285],[-75.86027350407497,39.06755615996636],[-75.85808475570838,39.071254516444014]]]},"id":"621_00000000000000000000","properties":{"labeler":"tien","notes":"","point_id":1308,"queue_index":76,"source_asset":"point_1308_label","source_labeler":"tien","source_point_id":1308,"status":"completed","timestamp":"2026-04-03 18:41:42"}},{"type":"Feature","geometry":{"type":"Polygon","coordinates":[[[-75.9451678856126,39.07812256461751],[-75.94398770618888,39.07713976508359],[-75.93864474699954,39.07753951236015],[-75.94023261220737,39.08070442421419],[-75.941777578373,39.080471205157316],[-75.94285048611856,39.08170378116026],[-75.94370880639146,39.08316954571594],[-75.94529661413746,39.08310293636701],[-75.9451678856126,39.07812256461751]]]},"id":"622_00000000000000000000","properties":{"labeler":"tien","notes":"","point_id":1310,"queue_index":57,"source_asset":"point_1310_label","source_labeler":"tien","source_point_id":1310,"status":"completed","timestamp":"2026-04-03 17:52:40"}},{"type":"Feature","geometry":{"type":"Polygon","coordinates":[[[-75.8659505287661,39.103679465257834],[-75.86365451746113,39.103113257384265],[-75.86131565199746,39.108732931183106],[-75.86342926682575,39.10939896010894],[-75.8659505287661,39.103679465257834]]]},"id":"623_00000000000000000000","properties":{"labeler":"tien","notes":"","point_id":1330,"queue_index":92,"source_asset":"point_1330_label","source_labeler":"tien","source_point_id":1330,"status":"completed","timestamp":"2026-04-03 19:08:52"}},{"type":"Feature","geometry":{"type":"Polygon","coordinates":[[[-75.95501062456822,39.14138260953355],[-75.9582721601547,39.14174877010752],[-75.95891591840912,39.13682242523046],[-75.95771432842596,39.13668931818401],[-75.95659848110691,39.13635645407585],[-75.95621223781714,39.13580721544361],[-75.9555255902853,39.13609012164695],[-75.95509646708437,39.13848678963874],[-75.95563287087953,39.13886954919722],[-75.95541830960867,39.13983487439637],[-75.95501062456822,39.14138260953355]]]},"id":"624_00000000000000000000","properties":{"labeler":"tien","notes":"","point_id":1344,"queue_index":14,"source_asset":"point_1344_label","source_labeler":"tien","source_point_id":1344,"status":"completed","timestamp":"2026-04-03 04:35:16"}},{"type":"Feature","geometry":{"type":"Polygon","coordinates":[[[-75.89489554440324,39.153357688030866],[-75.89676236629397,39.1546888487019],[-75.89725592136404,39.15716809331968],[-75.89676236629397,39.15735106315716],[-75.89697692869444,39.158831919837205],[-75.89740605251468,39.15889848413823],[-75.89796394697598,39.15948077274651],[-75.90182634169042,39.158648844448614],[-75.90285630753067,39.15470552733392],[-75.90279196811969,39.15141083171946],[-75.89577533959122,39.15151070565411],[-75.89489554440324,39.153357688030866]]]},"id":"625_00000000000000000000","properties":{"labeler":"tien","notes":"","point_id":1353,"queue_index":75,"source_asset":"point_1353_label","source_labeler":"tien","source_point_id":1353,"status":"completed","timestamp":"2026-04-03 18:41:11"}},{"type":"Feature","geometry":{"type":"Polygon","coordinates":[[[-76.05126809178779,39.17009175350944],[-76.05415414166939,39.17043277101371],[-76.05601024320818,39.169509489393896],[-76.05729773463084,39.16806214357633],[-76.05686857216094,39.16559995597586],[-76.05523777798624,39.16498446378056],[-76.05278083882563,39.16481806059827],[-76.05134316295941,39.16511750534464],[-76.0502059365594,39.16554175678348],[-76.04943343879177,39.167321841725446],[-76.04969096803818,39.16840320833487],[-76.05126809178779,39.17009175350944]]]},"id":"626_00000000000000000000","properties":{"labeler":"tien","notes":"","point_id":1366,"queue_index":112,"source_asset":"point_1366_label","source_labeler":"tien","source_point_id":1366,"status":"completed","timestamp":"2026-04-03 20:02:18"}},{"type":"Feature","geometry":{"type":"Polygon","coordinates":[[[-75.89664334207048,39.20990593699966],[-75.90200775163979,39.20875868031375],[-75.90537659913227,39.20526710318214],[-75.90363856961369,39.20315542554364],[-75.90237260914441,39.20373740232696],[-75.89702957220743,39.20709607106748],[-75.89664334207048,39.20990593699966]]]},"id":"627_00000000000000000000","properties":{"labeler":"tien","notes":"","point_id":1399,"queue_index":96,"source_asset":"point_1399_label","source_labeler":"tien","source_point_id":1399,"status":"completed","timestamp":"2026-04-03 19:34:54"}},{"type":"Feature","geometry":{"type":"Polygon","coordinates":[[[-75.8634531127384,39.20868145980428],[-75.86081381564748,39.20884773291276],[-75.85877533650937,39.21218954435087],[-75.85714462071995,39.21496596339246],[-75.86418267161807,39.214184620458916],[-75.8634531127384,39.20868145980428]]]},"id":"628_00000000000000000000","properties":{"labeler":"tien","notes":"","point_id":1406,"queue_index":45,"source_asset":"point_1406_label","source_labeler":"tien","source_point_id":1406,"status":"completed","timestamp":"2026-04-03 17:24:47"}},{"type":"Feature","geometry":{"type":"Polygon","coordinates":[[[-75.82792241957105,39.23916331280172],[-75.83203153432514,39.236338015758214],[-75.82589464034123,39.232747980696026],[-75.82251512141292,39.23444331302863],[-75.82131343228805,39.237659260717066],[-75.82792241957105,39.23916331280172]]]},"id":"629_00000000000000000000","properties":{"labeler":"tien","notes":"","point_id":1438,"queue_index":110,"source_asset":"point_1438_label","source_labeler":"tien","source_point_id":1438,"status":"completed","timestamp":"2026-04-03 20:01:26"}},{"type":"Feature","geometry":{"type":"Polygon","coordinates":[[[-76.14393103642313,39.28195319879216],[-76.14991776246501,39.281421667869495],[-76.1494027266657,39.280192581518705],[-76.14809380862835,39.279295705995224],[-76.14648453696277,39.279644512336866],[-76.14517559083198,39.280325442138135],[-76.1440812540722,39.28001818788349],[-76.14335166185184,39.2794949973649],[-76.14253094333662,39.280371174335706],[-76.14295470612882,39.280877758235754],[-76.1436252925684,39.2815089293695],[-76.14393103642313,39.28195319879216]]]},"id":"630_00000000000000000000","properties":{"labeler":"tien","notes":"","point_id":1469,"queue_index":49,"source_asset":"point_1469_label","source_labeler":"tien","source_point_id":1469,"status":"completed","timestamp":"2026-04-03 17:28:49"}},{"type":"Feature","geometry":{"type":"Polygon","coordinates":[[[-75.81293431272593,39.30821206086943],[-75.809780088403,39.308411357644225],[-75.80907197677928,39.30975615442249],[-75.80872860566912,39.31065267884204],[-75.81081001429911,39.31267810243342],[-75.81340643386247,39.31287737633521],[-75.81293431272593,39.30821206086943]]]},"id":"631_00000000000000000000","properties":{"labeler":"tien","notes":"","point_id":1501,"queue_index":99,"source_asset":"point_1501_label","source_labeler":"tien","source_point_id":1501,"status":"completed","timestamp":"2026-04-03 19:36:19"}},{"type":"Feature","geometry":{"type":"Polygon","coordinates":[[[-75.82618512288619,39.331928857225456],[-75.8286742395936,39.33003676865063],[-75.82848112002844,39.32884174193961],[-75.82818071129478,39.3270988594915],[-75.81526315655059,39.32341396887322],[-75.81324610439567,39.32957197214882],[-75.81753769311274,39.33250978026386],[-75.82618512288619,39.331928857225456]]]},"id":"632_00000000000000000000","properties":{"labeler":"tien","notes":"","point_id":1521,"queue_index":95,"source_asset":"point_1521_label","source_labeler":"tien","source_point_id":1521,"status":"completed","timestamp":"2026-04-03 19:34:19"}},{"type":"Feature","geometry":{"type":"Polygon","coordinates":[[[-75.8076651432051,39.422948010135514],[-75.81035810352515,39.42166339640414],[-75.81127008211647,39.42063566630888],[-75.8119138021162,39.41921841843391],[-75.81193526235542,39.417883980704225],[-75.81037956399852,39.41529790695919],[-75.80686053529011,39.41373965617453],[-75.80383494544141,39.413938576755655],[-75.80104546096602,39.41559637295502],[-75.8001442367136,39.41715459463421],[-75.80003692661752,39.41980686287019],[-75.80282643079869,39.42221039134619],[-75.8076651432051,39.422948010135514]]]},"id":"633_00000000000000000000","properties":{"labeler":"tien","notes":"","point_id":1535,"queue_index":104,"source_asset":"point_1535_label","source_labeler":"tien","source_point_id":1535,"status":"completed","timestamp":"2026-04-03 19:58:51"}},{"type":"Feature","geometry":{"type":"Polygon","coordinates":[[[-75.57773065013897,38.415555254524556],[-75.57733370400393,38.41513497137287],[-75.57422231633913,38.41530304157788],[-75.57466217277756,38.41858985023137],[-75.57608912128141,38.418976553485656],[-75.57735511016645,38.41867391677636],[-75.57773065013897,38.415555254524556]]]},"id":"634_00000000000000000000","properties":{"labeler":"tien","notes":"","point_id":161,"queue_index":55,"source_asset":"point_161_label","source_labeler":"tien","source_point_id":161,"status":"completed","timestamp":"2026-04-03 17:48:22"}},{"type":"Feature","geometry":{"type":"Polygon","coordinates":[[[-75.67591861702378,38.426585708805305],[-75.67784980967043,38.42468615586602],[-75.6779571220545,38.42313118412211],[-75.67560750416708,38.421256746292684],[-75.6740624927707,38.42116424043472],[-75.6740624927707,38.42278654102237],[-75.67117649250162,38.42215612804974],[-75.66993190774522,38.4245600949711],[-75.6721420791329,38.42724128090884],[-75.67409471396189,38.426636117386494],[-75.67509250219213,38.426510055784426],[-75.67591861702378,38.426585708805305]]]},"id":"635_00000000000000000000","properties":{"labeler":"tien","notes":"","point_id":175,"queue_index":89,"source_asset":"point_175_label","source_labeler":"tien","source_point_id":175,"status":"completed","timestamp":"2026-04-03 19:07:13"}},{"type":"Feature","geometry":{"type":"Polygon","coordinates":[[[-75.4326260763297,38.43211693737631],[-75.43427825374505,38.430906720205336],[-75.43575882332802,38.42853655501616],[-75.43337708447393,38.426536220570384],[-75.4329049820048,38.426872397217466],[-75.42790531725115,38.42741033919191],[-75.42923569076433,38.42951150829794],[-75.42893535083356,38.43102433629799],[-75.43125278953896,38.43156229178132],[-75.4326260763297,38.43211693737631]]]},"id":"636_00000000000000000000","properties":{"labeler":"tien","notes":"","point_id":184,"queue_index":61,"source_asset":"point_184_label","source_labeler":"tien","source_point_id":184,"status":"completed","timestamp":"2026-04-03 17:57:26"}},{"type":"Feature","geometry":{"type":"Polygon","coordinates":[[[-75.62707286771334,38.44574240075009],[-75.62636474815932,38.445675183258146],[-75.6261179932182,38.44501132120699],[-75.62671885276052,38.444792882904835],[-75.62578537506865,38.44333915405118],[-75.6237469402964,38.44249041922516],[-75.62404733084135,38.44762460314408],[-75.62739473910601,38.44760775616837],[-75.62707286771334,38.44574240075009]]]},"id":"637_00000000000000000000","properties":{"labeler":"tien","notes":"","point_id":234,"queue_index":113,"source_asset":"point_234_label","source_labeler":"tien","source_point_id":234,"status":"completed","timestamp":"2026-04-03 20:21:36"}},{"type":"Feature","geometry":{"type":"Polygon","coordinates":[[[-75.42900630152835,38.45254661733884],[-75.4306156641506,38.447387619280505],[-75.42735406635082,38.445286933889186],[-75.42660302821355,38.4464464805084],[-75.42400668538409,38.44651367871764],[-75.42106699630953,38.44805976317701],[-75.41889975920768,38.45172317186707],[-75.42900630152835,38.45254661733884]]]},"id":"638_00000000000000000000","properties":{"labeler":"tien","notes":"","point_id":251,"queue_index":74,"source_asset":"point_251_label","source_labeler":"tien","source_point_id":251,"status":"completed","timestamp":"2026-04-03 18:40:29"}},{"type":"Feature","geometry":{"type":"Polygon","coordinates":[[[-75.79827002325165,38.451649829867726],[-75.79563075766791,38.4504651496745],[-75.79484373110088,38.45322747948578],[-75.79385670461575,38.45328630178128],[-75.79308421350227,38.45678979172274],[-75.79623854071285,38.45733587892197],[-75.79827002325165,38.451649829867726]]]},"id":"639_00000000000000000000","properties":{"labeler":"tien","notes":"","point_id":262,"queue_index":93,"source_asset":"point_262_label","source_labeler":"tien","source_point_id":262,"status":"completed","timestamp":"2026-04-03 19:32:30"}},{"type":"Feature","geometry":{"type":"Polygon","coordinates":[[[-75.73609206578612,38.46833906888646],[-75.73792672208764,38.46739823327032],[-75.73825934974755,38.46647424647996],[-75.73832367482657,38.46524774059354],[-75.73829146792853,38.46355920552774],[-75.73417158735707,38.46355921726698],[-75.73281982847901,38.46379445157728],[-75.73190779444047,38.4654073633695],[-75.7319936832894,38.46736467158471],[-75.73359228902602,38.46810388448827],[-75.73595258907373,38.46835591946486],[-75.73609206578612,38.46833906888646]]]},"id":"640_00000000000000000000","properties":{"labeler":"tien","notes":"","point_id":268,"queue_index":36,"source_asset":"point_268_label","source_labeler":"tien","source_point_id":268,"status":"completed","timestamp":"2026-04-03 16:45:33"}},{"type":"Feature","geometry":{"type":"Polygon","coordinates":[[[-75.70186290628037,38.477287435707346],[-75.70022135070721,38.474792826603405],[-75.69812919902337,38.475725159662574],[-75.69985659749742,38.478589302382574],[-75.70154102192372,38.47814416043875],[-75.70186290628037,38.477287435707346]]]},"id":"641_00000000000000000000","properties":{"labeler":"tien","notes":"","point_id":273,"queue_index":20,"source_asset":"point_273_label","source_labeler":"tien","source_point_id":273,"status":"completed","timestamp":"2026-04-03 04:57:31"}},{"type":"Feature","geometry":{"type":"Polygon","coordinates":[[[-75.82837294458352,38.52461974413748],[-75.82946728615086,38.52389792395649],[-75.82993935246229,38.52403222132844],[-75.83088348038332,38.52047321554444],[-75.82644173304148,38.51871044912627],[-75.82590528073797,38.519533021269645],[-75.82504695284504,38.51965055692098],[-75.8239312075149,38.52159799584503],[-75.82427445331449,38.52356213006219],[-75.82579799003452,38.524166475694564],[-75.82663485537554,38.523545395966444],[-75.82837294458352,38.52461974413748]]]},"id":"642_00000000000000000000","properties":{"labeler":"tien","notes":"","point_id":321,"queue_index":7,"source_asset":"point_321_label","source_labeler":"tien","source_point_id":321,"status":"completed","timestamp":"2026-04-03 04:17:58"}},{"type":"Feature","geometry":{"type":"Polygon","coordinates":[[[-75.83600549559286,38.52305353043026],[-75.8305874214104,38.52223090558239],[-75.83002952723493,38.52468189516325],[-75.83496475762036,38.52610040553113],[-75.83600549559286,38.52305353043026]]]},"id":"643_00000000000000000000","properties":{"labeler":"tien","notes":"","point_id":327,"queue_index":118,"source_asset":"point_327_label","source_labeler":"tien","source_point_id":327,"status":"completed","timestamp":"2026-04-03 20:24:01"}},{"type":"Feature","geometry":{"type":"Polygon","coordinates":[[[-75.8831894119275,38.52857283476758],[-75.88323231083879,38.52578625275448],[-75.87849012951476,38.52585340156113],[-75.87825408877745,38.526524880861935],[-75.87855448001908,38.52813634025298],[-75.88087196499711,38.52912679240391],[-75.8831894119275,38.52857283476758]]]},"id":"644_00000000000000000000","properties":{"labeler":"tien","notes":"","point_id":334,"queue_index":116,"source_asset":"point_334_label","source_labeler":"tien","source_point_id":334,"status":"completed","timestamp":"2026-04-03 20:23:00"}},{"type":"Feature","geometry":{"type":"Polygon","coordinates":[[[-75.86836812164027,38.531397466111166],[-75.87313173920327,38.530071372303844],[-75.8734535922775,38.530054583662995],[-75.87233778454423,38.528325646524884],[-75.87302439558864,38.52767096691186],[-75.8719944777711,38.525941898743355],[-75.87087865851807,38.526109778772465],[-75.87074995048758,38.52582445401231],[-75.871458020488,38.52547187061058],[-75.87100736643136,38.52453182297068],[-75.86961266989164,38.52332311261107],[-75.86987017654879,38.52248373575584],[-75.86922645334802,38.522383001951425],[-75.86802480522707,38.52273554872425],[-75.86637256671105,38.5225173521051],[-75.86514944214622,38.52293701043629],[-75.86482757016866,38.522500502585444],[-75.86396930041269,38.522769163602796],[-75.86409801461414,38.523239176511375],[-75.86167334560714,38.5244814270554],[-75.85944171276206,38.53299211826052],[-75.86356161602254,38.53389848603064],[-75.86474176115648,38.533562781073314],[-75.86566447124517,38.53322705426461],[-75.86598634131862,38.53237105477962],[-75.86656563468952,38.53149814873224],[-75.86778874700833,38.53144785874759],[-75.86836812164027,38.531397466111166]]]},"id":"645_00000000000000000000","properties":{"labeler":"tien","notes":"","point_id":337,"queue_index":30,"source_asset":"point_337_label","source_labeler":"tien","source_point_id":337,"status":"completed","timestamp":"2026-04-03 16:40:51"}},{"type":"Feature","geometry":{"type":"Polygon","coordinates":[[[-75.81034089967224,38.53168513038255],[-75.8105125833896,38.53124033110488],[-75.81094170309932,38.530963396526275],[-75.81156405296873,38.53098020847428],[-75.81141383083519,38.53031716561251],[-75.81158551326061,38.52946947354704],[-75.81199316951373,38.5290833453209],[-75.81226142212245,38.52705220966271],[-75.81067353668688,38.527068951075236],[-75.80704721040631,38.52910855422178],[-75.80619958812902,38.529595360554474],[-75.80554511173902,38.53073673875759],[-75.81034089967224,38.53168513038255]]]},"id":"646_00000000000000000000","properties":{"labeler":"tien","notes":"","point_id":344,"queue_index":115,"source_asset":"point_344_label","source_labeler":"tien","source_point_id":344,"status":"completed","timestamp":"2026-04-03 20:22:34"}},{"type":"Feature","geometry":{"type":"Polygon","coordinates":[[[-75.75480946678958,38.56809846367165],[-75.7569981147965,38.5646087189568],[-75.75571071013962,38.561219556264305],[-75.75350057353127,38.55991075344586],[-75.74766408111603,38.55999472167066],[-75.74496036029016,38.56168934745144],[-75.7445312203405,38.563266481902566],[-75.74425228312322,38.565732822783616],[-75.74558264199659,38.56754478914036],[-75.74912313770483,38.56923924853376],[-75.7510757982126,38.56937351022478],[-75.75480946678958,38.56809846367165]]]},"id":"647_00000000000000000000","properties":{"labeler":"tien","notes":"","point_id":384,"queue_index":100,"source_asset":"point_384_label","source_labeler":"tien","source_point_id":384,"status":"completed","timestamp":"2026-04-03 19:37:37"}},{"type":"Feature","geometry":{"type":"Polygon","coordinates":[[[-75.76357166512855,38.567314209727854],[-75.76726242988381,38.563807703390665],[-75.76603934121997,38.563337866974436],[-75.76473037287471,38.56343016059936],[-75.76364680133779,38.56395026042491],[-75.7629601063737,38.56469686481081],[-75.7628313895125,38.56554418302945],[-75.7630459766897,38.56657597396653],[-75.76357166512855,38.567314209727854]]]},"id":"648_00000000000000000000","properties":{"labeler":"tien","notes":"","point_id":387,"queue_index":117,"source_asset":"point_387_label","source_labeler":"tien","source_point_id":387,"status":"completed","timestamp":"2026-04-03 20:23:35"}},{"type":"Feature","geometry":{"type":"Polygon","coordinates":[[[-75.72304508582532,38.57038722474106],[-75.726489062953,38.57088211647244],[-75.72710059921513,38.5703200841812],[-75.72655348201391,38.56976649189988],[-75.72595259125463,38.567384166727436],[-75.72514796870094,38.56704024153133],[-75.72097447183258,38.567358983497606],[-75.72153234705635,38.56789589177848],[-75.72144654071631,38.568298544378656],[-75.72051313836339,38.56844108538383],[-75.7195045707759,38.56964067791758],[-75.71998738145942,38.570009779465835],[-75.72145727760342,38.57030337007216],[-75.72172543331867,38.57014392750171],[-75.72304508582532,38.57038722474106]]]},"id":"649_00000000000000000000","properties":{"labeler":"tien","notes":"","point_id":395,"queue_index":6,"source_asset":"point_395_label","source_labeler":"tien","source_point_id":395,"status":"completed","timestamp":"2026-04-03 04:17:11"}},{"type":"Feature","geometry":{"type":"Polygon","coordinates":[[[-75.86589539160069,38.57036606271268],[-75.8621403405133,38.56897363662871],[-75.86132487137323,38.57014794880781],[-75.85634676434941,38.56847031662579],[-75.85566007236812,38.56989628968472],[-75.8559390580091,38.57108748719501],[-75.855745886885,38.571557210217314],[-75.85514509552364,38.5714565501094],[-75.85471593194796,38.571691384758836],[-75.85400786683023,38.57348644309671],[-75.85731234728746,38.574509725741585],[-75.86265529191792,38.57586857238133],[-75.86589539160069,38.57036606271268]]]},"id":"650_00000000000000000000","properties":{"labeler":"tien","notes":"","point_id":407,"queue_index":12,"source_asset":"point_407_label","source_labeler":"tien","source_point_id":407,"status":"completed","timestamp":"2026-04-03 04:33:49"}},{"type":"Feature","geometry":{"type":"Polygon","coordinates":[[[-75.88707702847351,38.58418457312706],[-75.88753835564017,38.58341299446229],[-75.88702872419684,38.582435946650804],[-75.8857359360696,38.58154269771241],[-75.8834936039259,38.581915904530334],[-75.88288743513134,38.58298527976953],[-75.88364374973465,38.5842264728139],[-75.88596123977557,38.58480101095299],[-75.88707702847351,38.58418457312706]]]},"id":"651_00000000000000000000","properties":{"labeler":"tien","notes":"","point_id":448,"queue_index":56,"source_asset":"point_448_label","source_labeler":"tien","source_point_id":448,"status":"completed","timestamp":"2026-04-03 17:52:10"}},{"type":"Feature","geometry":{"type":"Polygon","coordinates":[[[-75.8373115054512,38.5986754366258],[-75.83892081581527,38.59662947496236],[-75.83969332441619,38.59389584749089],[-75.83673209251185,38.591698750569456],[-75.83495110331447,38.591547826479506],[-75.83417865758771,38.59233608935087],[-75.8311531160663,38.593342406163586],[-75.83160371950919,38.59696483758448],[-75.8373115054512,38.5986754366258]]]},"id":"652_00000000000000000000","properties":{"labeler":"tien","notes":"","point_id":492,"queue_index":98,"source_asset":"point_492_label","source_labeler":"tien","source_point_id":492,"status":"completed","timestamp":"2026-04-03 19:35:49"}},{"type":"Feature","geometry":{"type":"Polygon","coordinates":[[[-75.55767425339468,38.015030853001996],[-75.55853247692762,38.00975616851932],[-75.55353283959191,38.009553266358516],[-75.55368306214403,38.010314121910106],[-75.55224541452105,38.01016194627256],[-75.5521166891658,38.01318812863189],[-75.55357583648225,38.01435463675572],[-75.55512078464217,38.01459133231014],[-75.55488474823755,38.01528447698614],[-75.55767425339468,38.015030853001996]]]},"id":"653_00000000000000000000","properties":{"labeler":"tien","notes":"","point_id":4,"queue_index":59,"source_asset":"point_4_label","source_labeler":"tien","source_point_id":4,"status":"completed","timestamp":"2026-04-03 17:56:14"}},{"type":"Feature","geometry":{"type":"Polygon","coordinates":[[[-75.79006844273864,38.603458316715034],[-75.79193522502518,38.60234320723843],[-75.79157043809924,38.60199102491061],[-75.79192449340268,38.60137052190228],[-75.79257894352028,38.600263811609274],[-75.79203180959153,38.599911634738916],[-75.7912271135947,38.5987376995653],[-75.79041177002513,38.59829330395322],[-75.78556227332199,38.597983041532665],[-75.7854872372955,38.60016319361377],[-75.78569105846722,38.602242583857965],[-75.78610952069405,38.60235155136115],[-75.78607732451276,38.602821078588036],[-75.79006844273864,38.603458316715034]]]},"id":"654_00000000000000000000","properties":{"labeler":"tien","notes":"","point_id":508,"queue_index":70,"source_asset":"point_508_label","source_labeler":"tien","source_point_id":508,"status":"completed","timestamp":"2026-04-03 18:22:21"}},{"type":"Feature","geometry":{"type":"Polygon","coordinates":[[[-75.92415537649336,38.613690195896574],[-75.92490641864097,38.61322073413853],[-75.92541068500924,38.61256685699098],[-75.92570034273066,38.61197166248087],[-75.925496545681,38.61118356161725],[-75.92507805194154,38.61102431435725],[-75.92460603770766,38.610479397166834],[-75.92397302044313,38.610085358646266],[-75.92317908657763,38.60985060782651],[-75.92244947866008,38.609833846446264],[-75.9219130363162,38.60990090589695],[-75.92159120536955,38.6097667305],[-75.9213658701017,38.60954042773667],[-75.92025008746336,38.60940625362188],[-75.91983166668726,38.611275808840446],[-75.91944541056893,38.61309500266667],[-75.92033595129305,38.61314528663638],[-75.92105475974486,38.61367344259816],[-75.92184870562984,38.61376566752482],[-75.92415537649336,38.613690195896574]]]},"id":"655_00000000000000000000","properties":{"labeler":"tien","notes":"","point_id":546,"queue_index":10,"source_asset":"point_546_label","source_labeler":"tien","source_point_id":546,"status":"completed","timestamp":"2026-04-03 04:31:41"}},{"type":"Feature","geometry":{"type":"Polygon","coordinates":[[[-75.931740221164,38.61740821273226],[-75.93274879153113,38.616955512268554],[-75.93337104827086,38.61644421487595],[-75.93388600505483,38.61581548557251],[-75.93404699511319,38.615178349739075],[-75.934186454706,38.61433167305369],[-75.93358564336165,38.612940067896005],[-75.93178168761052,38.61203581384691],[-75.93088049846291,38.61163337879485],[-75.92898152306765,38.61170884198044],[-75.92821978144748,38.61237115643685],[-75.92686791690215,38.61315919792593],[-75.92658898301377,38.61461783142524],[-75.9273614548561,38.61701369033712],[-75.931740221164,38.61740821273226]]]},"id":"656_00000000000000000000","properties":{"labeler":"tien","notes":"","point_id":554,"queue_index":18,"source_asset":"point_554_label","source_labeler":"tien","source_point_id":554,"status":"completed","timestamp":"2026-04-03 04:42:08"}},{"type":"Feature","geometry":{"type":"Polygon","coordinates":[[[-75.76187155373191,38.62648837345834],[-75.75671095145779,38.62599389550222],[-75.75707573839935,38.63127420577059],[-75.76270834992393,38.63122388603791],[-75.76187155373191,38.62648837345834]]]},"id":"657_00000000000000000000","properties":{"labeler":"tien","notes":"","point_id":590,"queue_index":114,"source_asset":"point_590_label","source_labeler":"tien","source_point_id":590,"status":"completed","timestamp":"2026-04-03 20:22:04"}},{"type":"Feature","geometry":{"type":"Polygon","coordinates":[[[-75.8944620702094,38.630800414531905],[-75.89335697529305,38.62930433688009],[-75.89062650552565,38.629937120725096],[-75.89110926933444,38.631035067517345],[-75.89182273218914,38.63160498446873],[-75.89225196033796,38.632233580843256],[-75.89357154288047,38.63202403756896],[-75.8944620702094,38.630800414531905]]]},"id":"658_00000000000000000000","properties":{"labeler":"tien","notes":"","point_id":597,"queue_index":97,"source_asset":"point_597_label","source_labeler":"tien","source_point_id":597,"status":"completed","timestamp":"2026-04-03 19:35:23"}},{"type":"Feature","geometry":{"type":"Polygon","coordinates":[[[-75.72172711927294,38.292973300640824],[-75.72310045559696,38.29231649821987],[-75.7231647874364,38.291154466635966],[-75.72355104407106,38.29068288723629],[-75.72357251753157,38.29004295279211],[-75.72458105671194,38.28886395341396],[-75.72485994326053,38.28691030620765],[-75.72473119233096,38.28584915132095],[-75.72322920798068,38.28539446818713],[-75.72151255924925,38.28753344860269],[-75.72041819168854,38.2873313024382],[-75.7191736745971,38.2874492074148],[-75.71734978326691,38.29011028495713],[-75.71846555955264,38.291390278790495],[-75.72172711927294,38.292973300640824]]]},"id":"659_00000000000000000000","properties":{"labeler":"tien","notes":"","point_id":61,"queue_index":52,"source_asset":"point_61_label","source_labeler":"tien","source_point_id":61,"status":"completed","timestamp":"2026-04-03 17:31:08"}},{"type":"Feature","geometry":{"type":"Polygon","coordinates":[[[-75.78200546918764,38.651525019895736],[-75.78165138933781,38.64906160985965],[-75.77870101510547,38.648776763544845],[-75.7767805738157,38.64896106940342],[-75.7767805738157,38.64941360308423],[-75.77589001819733,38.64941359096822],[-75.77644794661775,38.650695558738384],[-75.77626557788497,38.651835084851996],[-75.77818602607795,38.65229590972033],[-75.78187676942368,38.651717771991784],[-75.78200546918764,38.651525019895736]]]},"id":"660_00000000000000000000","properties":{"labeler":"tien","notes":"","point_id":655,"queue_index":69,"source_asset":"point_655_label","source_labeler":"tien","source_point_id":655,"status":"completed","timestamp":"2026-04-03 18:21:39"}},{"type":"Feature","geometry":{"type":"Polygon","coordinates":[[[-75.87225091639745,38.654383356566214],[-75.8709742144043,38.6514509038161],[-75.86857093765798,38.650914614389606],[-75.86643594764213,38.6515681899961],[-75.86521282362533,38.65289199188021],[-75.86621061279034,38.656151226230335],[-75.86987983857945,38.65684662906487],[-75.87225091639745,38.654383356566214]]]},"id":"661_00000000000000000000","properties":{"labeler":"tien","notes":"","point_id":664,"queue_index":66,"source_asset":"point_664_label","source_labeler":"tien","source_point_id":664,"status":"completed","timestamp":"2026-04-03 18:20:20"}},{"type":"Feature","geometry":{"type":"Polygon","coordinates":[[[-75.72326124077507,38.65517447658129],[-75.72269263543507,38.653616081551704],[-75.72139445349227,38.65352392301401],[-75.72104040184644,38.65320550017987],[-75.71803634076197,38.6549649872374],[-75.72014994481113,38.65876867107975],[-75.72151948054533,38.661139337195756],[-75.72267817181809,38.66120627891339],[-75.72303221944907,38.66103034749895],[-75.72331119772275,38.66060310759845],[-75.72438407002464,38.660611480926924],[-75.7247810600375,38.65945534292014],[-75.7221310378572,38.656271731660446],[-75.72326124077507,38.65517447658129]]]},"id":"662_00000000000000000000","properties":{"labeler":"tien","notes":"","point_id":678,"queue_index":94,"source_asset":"point_678_label","source_labeler":"tien","source_point_id":678,"status":"completed","timestamp":"2026-04-03 19:33:45"}},{"type":"Feature","geometry":{"type":"Polygon","coordinates":[[[-75.87949261131374,38.65937699486965],[-75.88037232533084,38.658120318906256],[-75.88096246189846,38.65677984138282],[-75.87863425333083,38.656076044917285],[-75.87693914939803,38.658648121472304],[-75.87734138830508,38.65934042457035],[-75.8779850745383,38.65984307713091],[-75.87794217403236,38.66011959233538],[-75.8785323207578,38.660354121947336],[-75.87949261131374,38.65937699486965]]]},"id":"663_00000000000000000000","properties":{"labeler":"tien","notes":"","point_id":679,"queue_index":9,"source_asset":"point_679_label","source_labeler":"tien","source_point_id":679,"status":"completed","timestamp":"2026-04-03 04:20:23"}},{"type":"Feature","geometry":{"type":"Polygon","coordinates":[[[-75.75061580311043,38.66006075304585],[-75.75001492397504,38.65833495357472],[-75.74851293695002,38.658527610023505],[-75.7469787292894,38.65991838096858],[-75.74813739338447,38.66095722356105],[-75.74929613686633,38.661049364258886],[-75.75061580311043,38.66006075304585]]]},"id":"664_00000000000000000000","properties":{"labeler":"tien","notes":"","point_id":684,"queue_index":37,"source_asset":"point_684_label","source_labeler":"tien","source_point_id":684,"status":"completed","timestamp":"2026-04-03 16:46:09"}},{"type":"Feature","geometry":{"type":"Polygon","coordinates":[[[-75.74681584130721,38.66260788763614],[-75.74677290130735,38.66223929496057],[-75.74806038598368,38.66120050440891],[-75.746880251283,38.6599689730202],[-75.7451743531052,38.660345928929765],[-75.74398345953026,38.66186231868695],[-75.74435892521477,38.66230630444244],[-75.74245993891229,38.66469387558847],[-75.74396198910942,38.665498076111064],[-75.74689089755721,38.66471901353475],[-75.7485968641047,38.663387041102766],[-75.74806038598368,38.662758731615575],[-75.74681584130721,38.66260788763614]]]},"id":"665_00000000000000000000","properties":{"labeler":"tien","notes":"","point_id":692,"queue_index":73,"source_asset":"point_692_label","source_labeler":"tien","source_point_id":692,"status":"completed","timestamp":"2026-04-03 18:39:59"}},{"type":"Feature","geometry":{"type":"Polygon","coordinates":[[[-75.82523812632394,38.66943932673958],[-75.82980856790674,38.67106440438077],[-75.8319329375325,38.66739545462636],[-75.82761988160371,38.66431261440312],[-75.82523812632394,38.66943932673958]]]},"id":"666_00000000000000000000","properties":{"labeler":"tien","notes":"","point_id":701,"queue_index":79,"source_asset":"point_701_label","source_labeler":"tien","source_point_id":701,"status":"completed","timestamp":"2026-04-03 18:43:14"}},{"type":"Feature","geometry":{"type":"Polygon","coordinates":[[[-75.7172807457682,38.68505707366873],[-75.71794591803423,38.686237964020584],[-75.7194050091735,38.6858778005321],[-75.72133624355698,38.68421958957231],[-75.72196918660933,38.68418612405169],[-75.72213015051533,38.68184104789173],[-75.72148638254961,38.680115764783494],[-75.71666916792579,38.68149772182489],[-75.7172807457682,38.68505707366873]]]},"id":"667_00000000000000000000","properties":{"labeler":"tien","notes":"","point_id":733,"queue_index":78,"source_asset":"point_733_label","source_labeler":"tien","source_point_id":733,"status":"completed","timestamp":"2026-04-03 18:42:39"}},{"type":"Feature","geometry":{"type":"Polygon","coordinates":[[[-75.9097967265287,38.68584846420383],[-75.91172795192927,38.68366262699279],[-75.90428231301185,38.67917273674324],[-75.9028660559237,38.680713821205806],[-75.90574144790065,38.68228834082436],[-75.90419643937251,38.68409732889603],[-75.90788718615235,38.686408793194076],[-75.9097967265287,38.68584846420383]]]},"id":"668_00000000000000000000","properties":{"labeler":"tien","notes":"","point_id":736,"queue_index":40,"source_asset":"point_736_label","source_labeler":"tien","source_point_id":736,"status":"completed","timestamp":"2026-04-03 17:11:17"}},{"type":"Feature","geometry":{"type":"Polygon","coordinates":[[[-75.73164915157513,38.691552448216875],[-75.73699209547333,38.69394738602434],[-75.73941675315825,38.69371287647365],[-75.74087589333692,38.69473447609519],[-75.74199175384918,38.694583796248956],[-75.74336498591923,38.69411484894443],[-75.74173419374624,38.68932486300575],[-75.73164915157513,38.691552448216875]]]},"id":"669_00000000000000000000","properties":{"labeler":"tien","notes":"","point_id":745,"queue_index":111,"source_asset":"point_745_label","source_labeler":"tien","source_point_id":745,"status":"completed","timestamp":"2026-04-03 20:01:51"}},{"type":"Feature","geometry":{"type":"Polygon","coordinates":[[[-75.73570096280591,38.697056733115815],[-75.73573308155707,38.69551605022762],[-75.73536832924104,38.69513083711722],[-75.72939241744218,38.69400041010077],[-75.72880227484485,38.6992505970595],[-75.7311519171272,38.70044794283295],[-75.73484262645638,38.699476639932044],[-75.73570096280591,38.697056733115815]]]},"id":"670_00000000000000000000","properties":{"labeler":"tien","notes":"","point_id":754,"queue_index":38,"source_asset":"point_754_label","source_labeler":"tien","source_point_id":754,"status":"completed","timestamp":"2026-04-03 16:46:48"}},{"type":"Feature","geometry":{"type":"Polygon","coordinates":[[[-75.87114573617163,38.70133006052013],[-75.87324856725604,38.699672210613684],[-75.87391372300878,38.696976017202395],[-75.87307687075975,38.696875521643506],[-75.87239025997029,38.69414575255466],[-75.86947199393973,38.694664885121945],[-75.86741209903829,38.695770247178004],[-75.86333512418713,38.69880144046424],[-75.86470843036913,38.70151430205064],[-75.86524482461307,38.70066027547625],[-75.87050193013691,38.70213385705494],[-75.87114573617163,38.70133006052013]]]},"id":"671_00000000000000000000","properties":{"labeler":"tien","notes":"","point_id":758,"queue_index":31,"source_asset":"point_758_label","source_labeler":"tien","source_point_id":758,"status":"completed","timestamp":"2026-04-03 16:41:30"}},{"type":"Feature","geometry":{"type":"Polygon","coordinates":[[[-75.96897373499279,38.70740199608431],[-75.9688879010134,38.70668203185896],[-75.96742871527819,38.70572754845174],[-75.9669781034483,38.70601217463097],[-75.96633438239121,38.70547641288198],[-75.96607687541999,38.70492378653524],[-75.96504693136285,38.7047395983344],[-75.96502549441423,38.70420376790719],[-75.96305133220875,38.703366456992605],[-75.96260079482057,38.702445490565374],[-75.96118459556651,38.70313203779091],[-75.95948942505126,38.70338322787981],[-75.95815903485962,38.7040865362955],[-75.95635654764834,38.70735181351669],[-75.95798735353975,38.70847369266234],[-75.95888854523429,38.7081219917061],[-75.95989709701472,38.708473643493825],[-75.9599829365267,38.708071811837996],[-75.95970398006615,38.707469001977366],[-75.9601760530893,38.70693314450972],[-75.9606481245158,38.7070504022165],[-75.96066956213699,38.70748571263622],[-75.96092707908933,38.70780387275394],[-75.96094851666766,38.708306198148016],[-75.96191409012796,38.70894245625468],[-75.96279390776047,38.708607632113214],[-75.96354491967098,38.707803852969725],[-75.96403841680379,38.70763642258192],[-75.9652186039976,38.70825596515991],[-75.96588376702502,38.707385247682495],[-75.96678499630133,38.707736921049],[-75.9677720544722,38.706799224087824],[-75.96897373499279,38.70740199608431]]]},"id":"672_00000000000000000000","properties":{"labeler":"tien","notes":"","point_id":776,"queue_index":17,"source_asset":"point_776_label","source_labeler":"tien","source_point_id":776,"status":"completed","timestamp":"2026-04-03 04:41:21"}},{"type":"Feature","geometry":{"type":"Polygon","coordinates":[[[-75.85650181478923,38.7107131039334],[-75.85701678670159,38.70898855254716],[-75.85705978220608,38.70620896136934],[-75.85304713728662,38.70589079037556],[-75.85304713728662,38.70786664414549],[-75.85381965761536,38.708117836778364],[-75.85390547324691,38.7092564035938],[-75.85300422921745,38.70939035148779],[-75.85298277517798,38.711382893569],[-75.85369084541794,38.711399620803945],[-75.85412001209846,38.712554895944294],[-75.85663062443093,38.71263861675218],[-75.85650181478923,38.7107131039334]]]},"id":"673_00000000000000000000","properties":{"labeler":"tien","notes":"","point_id":782,"queue_index":5,"source_asset":"point_782_label","source_labeler":"tien","source_point_id":782,"status":"completed","timestamp":"2026-04-03 04:12:53"}},{"type":"Feature","geometry":{"type":"Polygon","coordinates":[[[-75.89768158795854,38.718631019943516],[-75.89764932844908,38.71838822542325],[-75.89687687051531,38.71801996176443],[-75.89739187248368,38.71763488645034],[-75.89772448245968,38.71637918120818],[-75.89581468962537,38.715207256677076],[-75.89615802706955,38.71473842765488],[-75.89531049432435,38.71432825861859],[-75.89161977231605,38.717383716878786],[-75.89337930948096,38.718145533107005],[-75.89742404342695,38.718714709561645],[-75.89768158795854,38.718631019943516]]]},"id":"674_00000000000000000000","properties":{"labeler":"tien","notes":"","point_id":795,"queue_index":88,"source_asset":"point_795_label","source_labeler":"tien","source_point_id":795,"status":"completed","timestamp":"2026-04-03 19:06:46"}},{"type":"Feature","geometry":{"type":"Polygon","coordinates":[[[-75.8161559497341,38.72755944368474],[-75.81811399195121,38.72593987235906],[-75.81641346472604,38.725073539803354],[-75.81529765174271,38.726358342236054],[-75.8161559497341,38.72755944368474]]]},"id":"675_00000000000000000000","properties":{"labeler":"tien","notes":"","point_id":813,"queue_index":85,"source_asset":"point_813_label","source_labeler":"tien","source_point_id":813,"status":"completed","timestamp":"2026-04-03 19:05:17"}},{"type":"Feature","geometry":{"type":"Polygon","coordinates":[[[-75.80912722468804,38.737740424803434],[-75.8048035455676,38.735229793912694],[-75.80072654777929,38.73994976164663],[-75.80184238607666,38.74045187473825],[-75.80325858888664,38.74048532755606],[-75.80536144987119,38.74142252750508],[-75.80912722468804,38.737740424803434]]]},"id":"676_00000000000000000000","properties":{"labeler":"tien","notes":"","point_id":835,"queue_index":3,"source_asset":"point_835_label","source_labeler":"tien","source_point_id":835,"status":"completed","timestamp":"2026-04-03 04:10:10"}},{"type":"Feature","geometry":{"type":"Polygon","coordinates":[[[-75.9688942787722,38.73590818054407],[-75.96593310713119,38.733841077575384],[-75.9629505239301,38.735966789038685],[-75.967102559977,38.739414702718484],[-75.9688942787722,38.73590818054407]]]},"id":"677_00000000000000000000","properties":{"labeler":"tien","notes":"","point_id":838,"queue_index":81,"source_asset":"point_838_label","source_labeler":"tien","source_point_id":838,"status":"completed","timestamp":"2026-04-03 18:44:25"}},{"type":"Feature","geometry":{"type":"Polygon","coordinates":[[[-75.97961966156997,38.738779788779226],[-75.97940504863503,38.737537029695225],[-75.97689990751523,38.737034917732025],[-75.97675499891724,38.73746590981521],[-75.97685163419098,38.738294370583034],[-75.97708228309749,38.73864169828857],[-75.97709300064493,38.73906015386256],[-75.97767236700172,38.73913963438605],[-75.9785145298512,38.739060121926784],[-75.97909389029233,38.73888439920569],[-75.97961966156997,38.738779788779226]]]},"id":"678_00000000000000000000","properties":{"labeler":"tien","notes":"","point_id":843,"queue_index":91,"source_asset":"point_843_label","source_labeler":"tien","source_point_id":843,"status":"completed","timestamp":"2026-04-03 19:08:14"}},{"type":"Feature","geometry":{"type":"Polygon","coordinates":[[[-75.96281596513887,38.740061337530584],[-75.96182896047951,38.739316525543806],[-75.96004795837166,38.73903200541145],[-75.95832061708548,38.74075586100063],[-75.96069161985119,38.74183539989289],[-75.96281596513887,38.740061337530584]]]},"id":"679_00000000000000000000","properties":{"labeler":"tien","notes":"","point_id":854,"queue_index":48,"source_asset":"point_854_label","source_labeler":"tien","source_point_id":854,"status":"completed","timestamp":"2026-04-03 17:27:14"}},{"type":"Feature","geometry":{"type":"Polygon","coordinates":[[[-75.87531706373281,38.745181013554706],[-75.8702315715034,38.743532473108104],[-75.86950204382401,38.74413496759821],[-75.869652204507,38.74449482694907],[-75.87377207629717,38.746603474276185],[-75.87531706373281,38.745181013554706]]]},"id":"680_00000000000000000000","properties":{"labeler":"tien","notes":"","point_id":860,"queue_index":27,"source_asset":"point_860_label","source_labeler":"tien","source_point_id":860,"status":"completed","timestamp":"2026-04-03 05:02:49"}},{"type":"Feature","geometry":{"type":"Polygon","coordinates":[[[-75.80747208383374,38.748012172258086],[-75.80864152123239,38.7474766936264],[-75.80954278050353,38.746572942984876],[-75.80996117286483,38.74499978678481],[-75.80938182592993,38.74376139810548],[-75.80897416221097,38.743301127743024],[-75.80766523188643,38.742405708466826],[-75.80573400563942,38.74214630681913],[-75.80421052043289,38.74248108338638],[-75.80280505787346,38.743476847684555],[-75.80218275847731,38.74453961175587],[-75.80216129677096,38.74541822321928],[-75.80430709669952,38.74795357140423],[-75.80536925395343,38.748530971328066],[-75.80747208383374,38.748012172258086]]]},"id":"681_00000000000000000000","properties":{"labeler":"tien","notes":"","point_id":863,"queue_index":34,"source_asset":"point_863_label","source_labeler":"tien","source_point_id":863,"status":"completed","timestamp":"2026-04-03 16:44:02"}},{"type":"Feature","geometry":{"type":"Polygon","coordinates":[[[-75.81394798786846,38.77052295381913],[-75.81514965046095,38.77064001561339],[-75.8169413512692,38.77004613568845],[-75.81667310746978,38.7689921043486],[-75.81718813511854,38.76897541292066],[-75.81718813511854,38.7679632293656],[-75.81667310746978,38.767862812162534],[-75.81657653957835,38.767059770294956],[-75.81513892058375,38.766482584658796],[-75.81381922820285,38.76588024256093],[-75.81174859363749,38.7677206275914],[-75.8116520224091,38.76909255288488],[-75.81249961228016,38.770087910910924],[-75.81394798786846,38.77052295381913]]]},"id":"682_00000000000000000000","properties":{"labeler":"tien","notes":"","point_id":907,"queue_index":35,"source_asset":"point_907_label","source_labeler":"tien","source_point_id":907,"status":"completed","timestamp":"2026-04-03 16:44:48"}},{"type":"Feature","geometry":{"type":"Polygon","coordinates":[[[-75.85223897403318,38.77144839188005],[-75.85279686958434,38.771105498196896],[-75.85334403594655,38.77106362237172],[-75.8535585756481,38.77086291259457],[-75.85440618159814,38.770377707197426],[-75.85477098481563,38.76999294962636],[-75.85472807726843,38.769156477948414],[-75.85344057885243,38.76682259509203],[-75.84865555315702,38.767667420889396],[-75.84867700785136,38.7715153058047],[-75.85223897403318,38.77144839188005]]]},"id":"683_00000000000000000000","properties":{"labeler":"tien","notes":"","point_id":908,"queue_index":47,"source_asset":"point_908_label","source_labeler":"tien","source_point_id":908,"status":"completed","timestamp":"2026-04-03 17:26:51"}},{"type":"Feature","geometry":{"type":"Polygon","coordinates":[[[-75.90813097567778,38.776117844391514],[-75.91152129887531,38.77247096946666],[-75.91358125822957,38.77163453820078],[-75.91478287247017,38.76909163294195],[-75.91280871054899,38.76644820161997],[-75.90993337446967,38.76591281836088],[-75.90667186557896,38.767385121848],[-75.90040624908302,38.76935929657169],[-75.89937626531362,38.773140150181234],[-75.90323862127512,38.775682909421285],[-75.90813097567778,38.776117844391514]]]},"id":"684_00000000000000000000","properties":{"labeler":"tien","notes":"","point_id":914,"queue_index":42,"source_asset":"point_914_label","source_labeler":"tien","source_point_id":914,"status":"completed","timestamp":"2026-04-03 17:14:45"}},{"type":"Feature","geometry":{"type":"Polygon","coordinates":[[[-75.78670652350336,38.77901134624125],[-75.78485049382768,38.777192194171356],[-75.78353619810159,38.77717128721907],[-75.78156748150958,38.7771922008623],[-75.78139044115257,38.77845936240794],[-75.78244185898026,38.778639131332895],[-75.78295683270335,38.778639130742675],[-75.78312313884068,38.778752052183485],[-75.78361664562226,38.778806446058496],[-75.7843193842801,38.77888585698774],[-75.78662075605644,38.7790573231452],[-75.78670652350336,38.77901134624125]]]},"id":"685_00000000000000000000","properties":{"labeler":"tien","notes":"","point_id":928,"queue_index":13,"source_asset":"point_928_label","source_labeler":"tien","source_point_id":928,"status":"completed","timestamp":"2026-04-03 04:34:25"}},{"type":"Feature","geometry":{"type":"Polygon","coordinates":[[[-75.80638954534838,38.782670794390285],[-75.80690452146776,38.78192648144901],[-75.8069259824608,38.778564266799265],[-75.80589602851816,38.77761910113064],[-75.80409354688744,38.77735148792817],[-75.80348207254774,38.777242699427845],[-75.80289196850383,38.777702737250785],[-75.80351426480817,38.778246388293404],[-75.80240917041422,38.7803875720837],[-75.80638954534838,38.782670794390285]]]},"id":"686_00000000000000000000","properties":{"labeler":"tien","notes":"","point_id":935,"queue_index":103,"source_asset":"point_935_label","source_labeler":"tien","source_point_id":935,"status":"completed","timestamp":"2026-04-03 19:58:07"}},{"type":"Feature","geometry":{"type":"Polygon","coordinates":[[[-75.80241537833537,38.787364206071466],[-75.8050761571625,38.78477166307284],[-75.79853156144799,38.78160196660647],[-75.79841351900497,38.781852844632205],[-75.79884267509789,38.782321205698885],[-75.79863887267516,38.78319101131011],[-75.79824190941905,38.78360917068047],[-75.797469442012,38.78345024703382],[-75.79668623916297,38.784512393171845],[-75.80241537833537,38.787364206071466]]]},"id":"687_00000000000000000000","properties":{"labeler":"tien","notes":"","point_id":940,"queue_index":83,"source_asset":"point_940_label","source_labeler":"tien","source_point_id":940,"status":"completed","timestamp":"2026-04-03 19:04:29"}},{"type":"Feature","geometry":{"type":"Polygon","coordinates":[[[-75.69415754217812,38.367735136940524],[-75.69407163085495,38.36525359715112],[-75.68934021691675,38.36529563059211],[-75.68935095618521,38.367903376144184],[-75.69415754217812,38.367735136940524]]]},"id":"688_00000000000000000000","properties":{"labeler":"tien","notes":"","point_id":94,"queue_index":0,"source_asset":"point_94_label","source_labeler":"tien","source_point_id":94,"status":"completed","timestamp":"2026-04-03 04:06:28"}},{"type":"Feature","geometry":{"type":"Polygon","coordinates":[[[-75.74519644438516,38.81027865986984],[-75.74736359133834,38.80736922749713],[-75.74450975000138,38.806165305084946],[-75.74405913830208,38.806533190401964],[-75.7426429716205,38.80613187472326],[-75.74075469813886,38.809041353445664],[-75.74418787197143,38.81168316144119],[-75.74519644438516,38.81027865986984]]]},"id":"689_00000000000000000000","properties":{"labeler":"tien","notes":"","point_id":976,"queue_index":41,"source_asset":"point_976_label","source_labeler":"tien","source_point_id":976,"status":"completed","timestamp":"2026-04-03 17:14:08"}},{"type":"Feature","geometry":{"type":"Polygon","coordinates":[[[-75.78312704148904,38.81392484269305],[-75.78557318281193,38.80813965815346],[-75.78233302774794,38.806500984987196],[-75.77939340012215,38.80606626004547],[-75.77720465019812,38.80815631968131],[-75.77608888577853,38.811550603385356],[-75.78312704148904,38.81392484269305]]]},"id":"690_00000000000000000000","properties":{"labeler":"tien","notes":"","point_id":979,"queue_index":65,"source_asset":"point_979_label","source_labeler":"tien","source_point_id":979,"status":"completed","timestamp":"2026-04-03 18:19:53"}},{"type":"Feature","geometry":{"type":"Polygon","coordinates":[[[-75.77484068111829,38.84006072148995],[-75.78041973101617,38.83855647942781],[-75.7803231386114,38.83822222466691],[-75.77994767825942,38.83768737226141],[-75.7789820141937,38.83675972927948],[-75.77598874241465,38.835765250916715],[-75.77583963600092,38.83541423726915],[-75.77149215344107,38.832990606998635],[-75.77106300402835,38.833341637542055],[-75.77127757889525,38.8335171740401],[-75.77056945400473,38.834227501851984],[-75.7710844703999,38.83532233446802],[-75.77241484694011,38.83624165566212],[-75.77209870844031,38.836749988761134],[-75.77099363746694,38.83752722467979],[-75.77059668623039,38.83828769400604],[-75.7705108204329,38.840535627544114],[-75.77484068111829,38.84006072148995]]]},"id":"691_00000000000000000000","properties":{"labeler":"tien","notes":"","point_id":992,"queue_index":8,"source_asset":"point_992_label","source_labeler":"tien","source_point_id":992,"status":"completed","timestamp":"2026-04-03 04:19:31"}},{"type":"Feature","geometry":{"type":"Polygon","coordinates":[[[-75.90194908367002,38.84025554076468],[-75.90159503701915,38.84087387427571],[-75.9045884091285,38.84347279385901],[-75.90619775123432,38.84275408985573],[-75.90860100707022,38.84155078959817],[-75.9080859575057,38.8412415688893],[-75.90895503608793,38.84066500713329],[-75.90869751218997,38.84008005253791],[-75.90846152205098,38.83885995032642],[-75.9080859575057,38.8384421283347],[-75.90632651553125,38.83771505176174],[-75.90587588428619,38.837280503187166],[-75.90441675079188,38.83792400630834],[-75.90416994171677,38.83748942406197],[-75.90359062550102,38.83754789352759],[-75.90242117402632,38.83837527216107],[-75.90185257392032,38.83912733604805],[-75.90161648367516,38.84005494402454],[-75.90194908367002,38.84025554076468]]]},"id":"692_00000000000000000000","properties":{"labeler":"tien","notes":"","point_id":994,"queue_index":80,"source_asset":"point_994_label","source_labeler":"tien","source_point_id":994,"status":"completed","timestamp":"2026-04-03 18:43:59"}}]}