{"type":"FeatureCollection","features":[{"type":"Feature","geometry":{"type":"Point","coordinates":[-75.70583833575529,38.607872172493174]},"id":"0000000000000000012f","properties":{"Acres":1.39687299544,"Confidence":"High","County":"Sussex","Digitized_":"USGS","Imagery_In":"Bing / Google Maps","Relate_Ite":"Delaware\\Sussex","Shape_Area":5636.38102942,"Shape_Leng":266.381061735,"State":"DE","assigned_to":"mara","global_rank":303.0,"lat":38.607872172493174,"lon":-75.70583833575529,"n_reserve":20,"n_target":100,"point_id":529.0,"queue_index":43.0,"rand":0.20246971511902,"stable_idx":529.0}},{"type":"Feature","geometry":{"type":"Point","coordinates":[-75.70888716949196,38.592785103773686]},"id":"0000000000000000013e","properties":{"Acres":102.773458084,"Confidence":"High","County":"Sussex","Digitized_":"USGS","Imagery_In":"Bing / Google Maps","Relate_Ite":"Delaware\\Sussex","Shape_Area":415760.532475,"Shape_Leng":2285.96373517,"State":"DE","assigned_to":"mike","global_rank":318.0,"lat":38.592785103773686,"lon":-75.70888716949196,"n_reserve":20,"n_target":100,"point_id":482.0,"queue_index":45.0,"rand":0.21262175500864566,"stable_idx":482.0}},{"type":"Feature","geometry":{"type":"Point","coordinates":[-75.71384291931275,38.68142986263705]},"id":"000000000000000001a8","properties":{"Acres":44.3983109039,"Confidence":"High","County":"Sussex","Digitized_":"USGS","Imagery_In":"Bing / Google Maps","Relate_Ite":"Delaware\\Sussex","Shape_Area":179577.382125,"Shape_Leng":1502.44263649,"State":"DE","assigned_to":"sienna","global_rank":424.0,"lat":38.68142986263705,"lon":-75.71384291931275,"n_reserve":20,"n_target":100,"point_id":727.0,"queue_index":60.0,"rand":0.27996778517000154,"stable_idx":727.0}},{"type":"Feature","geometry":{"type":"Point","coordinates":[-75.88192666776004,38.735205913472704]},"id":"00000000000000000023","properties":{"Acres":42.8879830793,"Confidence":"High","County":"Caroline","Digitized_":"USGS","Imagery_In":"NAIP - Maryland, 2011","Relate_Ite":"Maryland\\Caroline","Shape_Area":173493.019734,"Shape_Leng":1744.17411068,"State":"MD","assigned_to":"ayush","global_rank":35.0,"lat":38.735205913472704,"lon":-75.88192666776004,"n_reserve":20,"n_target":100,"point_id":830.0,"queue_index":5.0,"rand":0.020902356951871814,"stable_idx":830.0}},{"type":"Feature","geometry":{"type":"Point","coordinates":[-75.82873407371027,38.98000786879107]},"id":"0000000000000000002a","properties":{"Acres":95.7863802039,"Confidence":"High","County":"Caroline","Digitized_":"USGS","Imagery_In":"NAIP - Maryland, 2011","Relate_Ite":"Maryland\\Caroline","Shape_Area":387633.727906,"Shape_Leng":2773.00501732,"State":"MD","assigned_to":"ayush","global_rank":42.0,"lat":38.98000786879107,"lon":-75.82873407371027,"n_reserve":20,"n_target":100,"point_id":1174.0,"queue_index":6.0,"rand":0.025744967059445067,"stable_idx":1174.0}},{"type":"Feature","geometry":{"type":"Point","coordinates":[-75.85649801481655,38.900395821712934]},"id":"00000000000000000031","properties":{"Acres":11.3545215633,"Confidence":"High","County":"Caroline","Digitized_":"USGS","Imagery_In":"NAIP - Maryland, 2011","Relate_Ite":"Maryland\\Caroline","Shape_Area":45901.2920698,"Shape_Leng":759.722609,"State":"MD","assigned_to":"ayush","global_rank":49.0,"lat":38.900395821712934,"lon":-75.85649801481655,"n_reserve":20,"n_target":100,"point_id":1058.0,"queue_index":7.0,"rand":0.032301914088967876,"stable_idx":1058.0}},{"type":"Feature","geometry":{"type":"Point","coordinates":[-75.87389226086584,39.03828574163741]},"id":"0000000000000000004d","properties":{"Acres":28.9063596937,"Confidence":"High","County":"Caroline","Digitized_":"USGS","Imagery_In":"NAIP - Maryland, 2011","Relate_Ite":"Maryland\\Caroline","Shape_Area":116979.887375,"Shape_Leng":1422.5816482,"State":"MD","assigned_to":"ayush","global_rank":77.0,"lat":39.03828574163741,"lon":-75.87389226086584,"n_reserve":20,"n_target":100,"point_id":1271.0,"queue_index":11.0,"rand":0.050045648555763544,"stable_idx":1271.0}},{"type":"Feature","geometry":{"type":"Point","coordinates":[-75.77454264374202,38.83053624875945]},"id":"0000000000000000005b","properties":{"Acres":68.9922478254,"Confidence":"High","County":"Caroline","Digitized_":"USGS","Imagery_In":"NAIP - Maryland, 2011","Relate_Ite":"Maryland\\Caroline","Shape_Area":279080.022761,"Shape_Leng":1872.92046542,"State":"MD","assigned_to":"ayush","global_rank":91.0,"lat":38.83053624875945,"lon":-75.77454264374202,"n_reserve":20,"n_target":100,"point_id":988.0,"queue_index":13.0,"rand":0.05940662474318703,"stable_idx":988.0}},{"type":"Feature","geometry":{"type":"Point","coordinates":[-75.76807181082481,38.73050547064865]},"id":"00000000000000000070","properties":{"Acres":80.2005435817,"Confidence":"High","County":"Caroline","Digitized_":"USGS","Imagery_In":"NAIP - Maryland, 2011","Relate_Ite":"Maryland\\Caroline","Shape_Area":324440.706082,"Shape_Leng":2021.02325687,"State":"MD","assigned_to":"ayush","global_rank":112.0,"lat":38.73050547064865,"lon":-75.76807181082481,"n_reserve":20,"n_target":100,"point_id":821.0,"queue_index":16.0,"rand":0.0724918803499024,"stable_idx":821.0}},{"type":"Feature","geometry":{"type":"Point","coordinates":[-75.7330996838749,38.65862962758818]},"id":"00000000000000000077","properties":{"Acres":50.7338583303,"Confidence":"High","County":"Caroline","Digitized_":"USGS","Imagery_In":"NAIP - Maryland, 2011","Relate_Ite":"Maryland\\Caroline","Shape_Area":205238.223581,"Shape_Leng":1826.44310374,"State":"MD","assigned_to":"ayush","global_rank":119.0,"lat":38.65862962758818,"lon":-75.7330996838749,"n_reserve":20,"n_target":100,"point_id":681.0,"queue_index":17.0,"rand":0.07442339306499768,"stable_idx":681.0}},{"type":"Feature","geometry":{"type":"Point","coordinates":[-75.76975859823413,39.02483765942835]},"id":"0000000000000000009a","properties":{"Acres":75.2533280184,"Confidence":"High","County":"Caroline","Digitized_":"USGS","Imagery_In":"NAIP - Maryland, 2011","Relate_Ite":"Maryland\\Caroline","Shape_Area":304411.844513,"Shape_Leng":1956.07362357,"State":"MD","assigned_to":"ayush","global_rank":154.0,"lat":39.02483765942835,"lon":-75.76975859823413,"n_reserve":20,"n_target":100,"point_id":1249.0,"queue_index":22.0,"rand":0.09955241308031071,"stable_idx":1249.0}},{"type":"Feature","geometry":{"type":"Point","coordinates":[-75.95011463263614,38.773720647072835]},"id":"000000000000000000a1","properties":{"Acres":18.5596867094,"Confidence":"High","County":"Caroline","Digitized_":"USGS","Imagery_In":"NAIP - Maryland, 2011","Relate_Ite":"Maryland\\Caroline","Shape_Area":75063.9902637,"Shape_Leng":1143.37870461,"State":"MD","assigned_to":"ayush","global_rank":161.0,"lat":38.773720647072835,"lon":-75.95011463263614,"n_reserve":20,"n_target":100,"point_id":918.0,"queue_index":23.0,"rand":0.10361856369519296,"stable_idx":918.0}},{"type":"Feature","geometry":{"type":"Point","coordinates":[-75.85821198742909,38.996426210186094]},"id":"000000000000000000a8","properties":{"Acres":18.6667191076,"Confidence":"High","County":"Caroline","Digitized_":"USGS","Imagery_In":"NAIP - Maryland, 2011","Relate_Ite":"Maryland\\Caroline","Shape_Area":75479.0864118,"Shape_Leng":974.16124106,"State":"MD","assigned_to":"ayush","global_rank":168.0,"lat":38.996426210186094,"lon":-75.85821198742909,"n_reserve":20,"n_target":100,"point_id":1208.0,"queue_index":24.0,"rand":0.11004525045901814,"stable_idx":1208.0}},{"type":"Feature","geometry":{"type":"Point","coordinates":[-75.7727284945172,38.8350817841532]},"id":"000000000000000000bd","properties":{"Acres":20.4461861937,"Confidence":"High","County":"Caroline","Digitized_":"USGS","Imagery_In":"NAIP - Maryland, 2011","Relate_Ite":"Maryland\\Caroline","Shape_Area":82695.5752841,"Shape_Leng":1190.75583209,"State":"MD","assigned_to":"ayush","global_rank":189.0,"lat":38.8350817841532,"lon":-75.7727284945172,"n_reserve":20,"n_target":100,"point_id":991.0,"queue_index":27.0,"rand":0.12432344007051366,"stable_idx":991.0}},{"type":"Feature","geometry":{"type":"Point","coordinates":[-75.73568536978901,38.84957100753855]},"id":"000000000000000000c4","properties":{"Acres":32.3707293151,"Confidence":"High","County":"Caroline","Digitized_":"USGS","Imagery_In":"NAIP - Maryland, 2011","Relate_Ite":"Maryland\\Caroline","Shape_Area":130917.266498,"Shape_Leng":1282.88375301,"State":"MD","assigned_to":"ayush","global_rank":196.0,"lat":38.84957100753855,"lon":-75.73568536978901,"n_reserve":20,"n_target":100,"point_id":997.0,"queue_index":28.0,"rand":0.12808551749632424,"stable_idx":997.0}},{"type":"Feature","geometry":{"type":"Point","coordinates":[-75.88842652268973,39.00014646698859]},"id":"000000000000000000f5","properties":{"Acres":75.3326886157,"Confidence":"High","County":"Caroline","Digitized_":"USGS","Imagery_In":"NAIP - Maryland, 2011","Relate_Ite":"Maryland\\Caroline","Shape_Area":304860.57474,"Shape_Leng":2310.26150144,"State":"MD","assigned_to":"ayush","global_rank":245.0,"lat":39.00014646698859,"lon":-75.88842652268973,"n_reserve":20,"n_target":100,"point_id":1217.0,"queue_index":35.0,"rand":0.16289225544891128,"stable_idx":1217.0}},{"type":"Feature","geometry":{"type":"Point","coordinates":[-75.8704147501529,38.77991107896976]},"id":"00000000000000000103","properties":{"Acres":5.59703467492,"Confidence":"High","County":"Caroline","Digitized_":"USGS","Imagery_In":"NAIP - Maryland, 2011","Relate_Ite":"Maryland\\Caroline","Shape_Area":22626.504758,"Shape_Leng":623.484098992,"State":"MD","assigned_to":"ayush","global_rank":259.0,"lat":38.77991107896976,"lon":-75.8704147501529,"n_reserve":20,"n_target":100,"point_id":931.0,"queue_index":37.0,"rand":0.17155931658930856,"stable_idx":931.0}},{"type":"Feature","geometry":{"type":"Point","coordinates":[-75.88391080286905,38.959078018415504]},"id":"00000000000000000111","properties":{"Acres":158.828135157,"Confidence":"High","County":"Caroline","Digitized_":"USGS","Imagery_In":"NAIP - Maryland, 2011","Relate_Ite":"Maryland\\Caroline","Shape_Area":642754.658816,"Shape_Leng":2842.23054436,"State":"MD","assigned_to":"ayush","global_rank":273.0,"lat":38.959078018415504,"lon":-75.88391080286905,"n_reserve":20,"n_target":100,"point_id":1151.0,"queue_index":39.0,"rand":0.1805417559511997,"stable_idx":1151.0}},{"type":"Feature","geometry":{"type":"Point","coordinates":[-75.86887700899072,38.72437933960115]},"id":"00000000000000000134","properties":{"Acres":44.0671945114,"Confidence":"High","County":"Caroline","Digitized_":"USGS","Imagery_In":"NAIP - Maryland, 2011","Relate_Ite":"Maryland\\Caroline","Shape_Area":178235.694446,"Shape_Leng":1496.80196203,"State":"MD","assigned_to":"ayush","global_rank":308.0,"lat":38.72437933960115,"lon":-75.86887700899072,"n_reserve":20,"n_target":100,"point_id":809.0,"queue_index":44.0,"rand":0.2073672703475491,"stable_idx":809.0}},{"type":"Feature","geometry":{"type":"Point","coordinates":[-75.72853696546787,38.877971909687155]},"id":"0000000000000000016c","properties":{"Acres":23.5539619833,"Confidence":"High","County":"Caroline","Digitized_":"USGS","Imagery_In":"NAIP - Maryland, 2011","Relate_Ite":"Maryland\\Caroline","Shape_Area":95273.7938981,"Shape_Leng":1256.19992309,"State":"MD","assigned_to":"ayush","global_rank":364.0,"lat":38.877971909687155,"lon":-75.72853696546787,"n_reserve":20,"n_target":100,"point_id":1036.0,"queue_index":52.0,"rand":0.24170620710212343,"stable_idx":1036.0}},{"type":"Feature","geometry":{"type":"Point","coordinates":[-75.8752433939082,38.915475438889544]},"id":"0000000000000000017a","properties":{"Acres":117.297751081,"Confidence":"High","County":"Caroline","Digitized_":"USGS","Imagery_In":"NAIP - Maryland, 2011","Relate_Ite":"Maryland\\Caroline","Shape_Area":474576.577565,"Shape_Leng":2909.34938226,"State":"MD","assigned_to":"ayush","global_rank":378.0,"lat":38.915475438889544,"lon":-75.8752433939082,"n_reserve":20,"n_target":100,"point_id":1083.0,"queue_index":54.0,"rand":0.25033280312122397,"stable_idx":1083.0}},{"type":"Feature","geometry":{"type":"Point","coordinates":[-75.78268618318735,38.81291464868545]},"id":"0000000000000000018f","properties":{"Acres":3.11763263939,"Confidence":"High","County":"Caroline","Digitized_":"USGS","Imagery_In":"NAIP - Maryland, 2011","Relate_Ite":"Maryland\\Caroline","Shape_Area":12591.6566094,"Shape_Leng":397.999686384,"State":"MD","assigned_to":"ayush","global_rank":399.0,"lat":38.81291464868545,"lon":-75.78268618318735,"n_reserve":20,"n_target":100,"point_id":980.0,"queue_index":57.0,"rand":0.2632140285096892,"stable_idx":980.0}},{"type":"Feature","geometry":{"type":"Point","coordinates":[-75.76775083981624,38.755607208733]},"id":"00000000000000000196","properties":{"Acres":32.0457889614,"Confidence":"High","County":"Caroline","Digitized_":"USGS","Imagery_In":"NAIP - Maryland, 2011","Relate_Ite":"Maryland\\Caroline","Shape_Area":129601.757446,"Shape_Leng":1276.38810058,"State":"MD","assigned_to":"ayush","global_rank":406.0,"lat":38.755607208733,"lon":-75.76775083981624,"n_reserve":20,"n_target":100,"point_id":891.0,"queue_index":58.0,"rand":0.26690330863178013,"stable_idx":891.0}},{"type":"Feature","geometry":{"type":"Point","coordinates":[-75.87317066744609,38.710331007215586]},"id":"0000000000000000019d","properties":{"Acres":43.1861537022,"Confidence":"High","County":"Caroline","Digitized_":"USGS","Imagery_In":"NAIP - Maryland, 2011","Relate_Ite":"Maryland\\Caroline","Shape_Area":174672.549516,"Shape_Leng":1481.7832651,"State":"MD","assigned_to":"ayush","global_rank":413.0,"lat":38.710331007215586,"lon":-75.87317066744609,"n_reserve":20,"n_target":100,"point_id":781.0,"queue_index":59.0,"rand":0.2743361695106189,"stable_idx":781.0}},{"type":"Feature","geometry":{"type":"Point","coordinates":[-75.93300425188185,38.740993926913106]},"id":"000000000000000001c0","properties":{"Acres":120.393682927,"Confidence":"High","County":"Caroline","Digitized_":"USGS","Imagery_In":"NAIP - Maryland, 2011","Relate_Ite":"Maryland\\Caroline","Shape_Area":487166.75681,"Shape_Leng":3337.83952701,"State":"MD","assigned_to":"ayush","global_rank":448.0,"lat":38.740993926913106,"lon":-75.93300425188185,"n_reserve":20,"n_target":100,"point_id":855.0,"queue_index":64.0,"rand":0.2916363431633828,"stable_idx":855.0}},{"type":"Feature","geometry":{"type":"Point","coordinates":[-75.73063528066315,38.718372611770306]},"id":"000000000000000001e3","properties":{"Acres":87.9544202474,"Confidence":"High","County":"Caroline","Digitized_":"USGS","Imagery_In":"NAIP - Maryland, 2011","Relate_Ite":"Maryland\\Caroline","Shape_Area":355800.047454,"Shape_Leng":2114.71052929,"State":"MD","assigned_to":"ayush","global_rank":483.0,"lat":38.718372611770306,"lon":-75.73063528066315,"n_reserve":20,"n_target":100,"point_id":798.0,"queue_index":69.0,"rand":0.3130292369259171,"stable_idx":798.0}},{"type":"Feature","geometry":{"type":"Point","coordinates":[-75.81422299011267,38.75531019682106]},"id":"000000000000000001ff","properties":{"Acres":25.1196619405,"Confidence":"High","County":"Caroline","Digitized_":"USGS","Imagery_In":"NAIP - Maryland, 2011","Relate_Ite":"Maryland\\Caroline","Shape_Area":101582.738392,"Shape_Leng":1130.05078226,"State":"MD","assigned_to":"ayush","global_rank":511.0,"lat":38.75531019682106,"lon":-75.81422299011267,"n_reserve":20,"n_target":100,"point_id":889.0,"queue_index":73.0,"rand":0.33125589559481916,"stable_idx":889.0}},{"type":"Feature","geometry":{"type":"Point","coordinates":[-75.7824373139601,38.79643276659644]},"id":"00000000000000000206","properties":{"Acres":89.9753630785,"Confidence":"High","County":"Caroline","Digitized_":"USGS","Imagery_In":"NAIP - Maryland, 2011","Relate_Ite":"Maryland\\Caroline","Shape_Area":363979.873265,"Shape_Leng":2138.97124734,"State":"MD","assigned_to":"ayush","global_rank":518.0,"lat":38.79643276659644,"lon":-75.7824373139601,"n_reserve":20,"n_target":100,"point_id":965.0,"queue_index":74.0,"rand":0.3328161197761368,"stable_idx":965.0}},{"type":"Feature","geometry":{"type":"Point","coordinates":[-75.90642617717126,38.91328466740874]},"id":"00000000000000000230","properties":{"Acres":62.8800314964,"Confidence":"High","County":"Caroline","Digitized_":"USGS","Imagery_In":"NAIP - Maryland, 2011","Relate_Ite":"Maryland\\Caroline","Shape_Area":254356.638042,"Shape_Leng":2302.56474529,"State":"MD","assigned_to":"ayush","global_rank":560.0,"lat":38.91328466740874,"lon":-75.90642617717126,"n_reserve":20,"n_target":100,"point_id":1076.0,"queue_index":80.0,"rand":0.3602170777868554,"stable_idx":1076.0}},{"type":"Feature","geometry":{"type":"Point","coordinates":[-75.7804432437096,38.73924038426869]},"id":"00000000000000000261","properties":{"Acres":25.9190508201,"Confidence":"High","County":"Caroline","Digitized_":"USGS","Imagery_In":"NAIP - Maryland, 2011","Relate_Ite":"Maryland\\Caroline","Shape_Area":104821.544366,"Shape_Leng":1472.1278666,"State":"MD","assigned_to":"ayush","global_rank":609.0,"lat":38.73924038426869,"lon":-75.7804432437096,"n_reserve":20,"n_target":100,"point_id":850.0,"queue_index":87.0,"rand":0.39087741505204165,"stable_idx":850.0}},{"type":"Feature","geometry":{"type":"Point","coordinates":[-75.76907550289835,38.7951620032434]},"id":"00000000000000000276","properties":{"Acres":162.846350168,"Confidence":"High","County":"Caroline","Digitized_":"USGS","Imagery_In":"NAIP - Maryland, 2011","Relate_Ite":"Maryland\\Caroline","Shape_Area":658874.059357,"Shape_Leng":2940.60423355,"State":"MD","assigned_to":"ayush","global_rank":630.0,"lat":38.7951620032434,"lon":-75.76907550289835,"n_reserve":20,"n_target":100,"point_id":961.0,"queue_index":90.0,"rand":0.4041946229281077,"stable_idx":961.0}},{"type":"Feature","geometry":{"type":"Point","coordinates":[-75.88049168975462,38.72456841791903]},"id":"000000000000000002a0","properties":{"Acres":54.7232591794,"Confidence":"High","County":"Caroline","Digitized_":"USGS","Imagery_In":"NAIP - Maryland, 2011","Relate_Ite":"Maryland\\Caroline","Shape_Area":221375.30459,"Shape_Leng":1973.94352206,"State":"MD","assigned_to":"ayush","global_rank":672.0,"lat":38.72456841791903,"lon":-75.88049168975462,"n_reserve":20,"n_target":100,"point_id":811.0,"queue_index":96.0,"rand":0.4287827109171104,"stable_idx":811.0}},{"type":"Feature","geometry":{"type":"Point","coordinates":[-75.78470369718127,38.680108420621146]},"id":"000000000000000002a7","properties":{"Acres":34.4938406823,"Confidence":"High","County":"Caroline","Digitized_":"USGS","Imagery_In":"NAIP - Maryland, 2011","Relate_Ite":"Maryland\\Caroline","Shape_Area":139524.404045,"Shape_Leng":1573.03582755,"State":"MD","assigned_to":"ayush","global_rank":679.0,"lat":38.680108420621146,"lon":-75.78470369718127,"n_reserve":20,"n_target":100,"point_id":726.0,"queue_index":97.0,"rand":0.43386732167675357,"stable_idx":726.0}},{"type":"Feature","geometry":{"type":"Point","coordinates":[-75.92014939462537,38.73718496754759]},"id":"000000000000000002ae","properties":{"Acres":11.9596290944,"Confidence":"High","County":"Caroline","Digitized_":"USGS","Imagery_In":"NAIP - Maryland, 2011","Relate_Ite":"Maryland\\Caroline","Shape_Area":48349.0518316,"Shape_Leng":779.688795681,"State":"MD","assigned_to":"ayush","global_rank":686.0,"lat":38.73718496754759,"lon":-75.92014939462537,"n_reserve":20,"n_target":100,"point_id":840.0,"queue_index":98.0,"rand":0.4386496620682594,"stable_idx":840.0}},{"type":"Feature","geometry":{"type":"Point","coordinates":[-75.897976465923,38.95278038822002]},"id":"000000000000000002bc","properties":{"Acres":12.3892814594,"Confidence":"High","County":"Caroline","Digitized_":"USGS","Imagery_In":"NAIP - Maryland, 2011","Relate_Ite":"Maryland\\Caroline","Shape_Area":50137.643243,"Shape_Leng":793.965074353,"State":"MD","assigned_to":"ayush","global_rank":700.0,"lat":38.95278038822002,"lon":-75.897976465923,"n_reserve":20,"n_target":100,"point_id":1142.0,"queue_index":100.0,"rand":0.4455123237011347,"stable_idx":1142.0}},{"type":"Feature","geometry":{"type":"Point","coordinates":[-75.90879665771547,38.73350410463876]},"id":"000000000000000002ca","properties":{"Acres":15.8071563856,"Confidence":"High","County":"Caroline","Digitized_":"USGS","Imagery_In":"NAIP - Maryland, 2011","Relate_Ite":"Maryland\\Caroline","Shape_Area":63911.7443853,"Shape_Leng":896.412671796,"State":"MD","assigned_to":"ayush","global_rank":714.0,"lat":38.73350410463876,"lon":-75.90879665771547,"n_reserve":20,"n_target":100,"point_id":824.0,"queue_index":102.0,"rand":0.45545796515358294,"stable_idx":824.0}},{"type":"Feature","geometry":{"type":"Point","coordinates":[-75.80999615079611,38.740109745224444]},"id":"000000000000000002fb","properties":{"Acres":28.1139433661,"Confidence":"High","County":"Caroline","Digitized_":"USGS","Imagery_In":"NAIP - Maryland, 2011","Relate_Ite":"Maryland\\Caroline","Shape_Area":113702.020717,"Shape_Leng":1513.15512124,"State":"MD","assigned_to":"ayush","global_rank":763.0,"lat":38.740109745224444,"lon":-75.80999615079611,"n_reserve":20,"n_target":100,"point_id":853.0,"queue_index":109.0,"rand":0.49424494563856347,"stable_idx":853.0}},{"type":"Feature","geometry":{"type":"Point","coordinates":[-75.86211887555926,38.72111816828168]},"id":"00000000000000000302","properties":{"Acres":13.7555720576,"Confidence":"High","County":"Caroline","Digitized_":"USGS","Imagery_In":"NAIP - Maryland, 2011","Relate_Ite":"Maryland\\Caroline","Shape_Area":55629.3797221,"Shape_Leng":981.875504157,"State":"MD","assigned_to":"ayush","global_rank":770.0,"lat":38.72111816828168,"lon":-75.86211887555926,"n_reserve":20,"n_target":100,"point_id":803.0,"queue_index":110.0,"rand":0.4984314973744576,"stable_idx":803.0}},{"type":"Feature","geometry":{"type":"Point","coordinates":[-75.89555564977195,38.94670438803397]},"id":"0000000000000000032c","properties":{"Acres":12.7108580791,"Confidence":"High","County":"Caroline","Digitized_":"USGS","Imagery_In":"NAIP - Maryland, 2011","Relate_Ite":"Maryland\\Caroline","Shape_Area":51439.0176522,"Shape_Leng":912.469902194,"State":"MD","assigned_to":"ayush","global_rank":812.0,"lat":38.94670438803397,"lon":-75.89555564977195,"n_reserve":20,"n_target":100,"point_id":1138.0,"queue_index":116.0,"rand":0.5316261331414125,"stable_idx":1138.0}},{"type":"Feature","geometry":{"type":"Point","coordinates":[-75.87899073157247,38.79155813559542]},"id":"00000000000000000008","properties":{"Acres":31.0055317238,"Confidence":"High","County":"Caroline","Digitized_":"USGS","Imagery_In":"NAIP - Maryland, 2011","Relate_Ite":"Maryland\\Caroline","Shape_Area":125395.409101,"Shape_Leng":1638.50012146,"State":"MD","assigned_to":"maddie","global_rank":8.0,"lat":38.79155813559542,"lon":-75.87899073157247,"n_reserve":20,"n_target":100,"point_id":953.0,"queue_index":1.0,"rand":0.006401578726809132,"stable_idx":953.0}},{"type":"Feature","geometry":{"type":"Point","coordinates":[-75.90540892040381,38.78284776138599]},"id":"00000000000000000024","properties":{"Acres":18.5564830243,"Confidence":"High","County":"Caroline","Digitized_":"USGS","Imagery_In":"NAIP - Maryland, 2011","Relate_Ite":"Maryland\\Caroline","Shape_Area":75050.5100453,"Shape_Leng":1115.0948785,"State":"MD","assigned_to":"maddie","global_rank":36.0,"lat":38.78284776138599,"lon":-75.90540892040381,"n_reserve":20,"n_target":100,"point_id":937.0,"queue_index":5.0,"rand":0.020976553055791824,"stable_idx":937.0}},{"type":"Feature","geometry":{"type":"Point","coordinates":[-75.89022265464116,38.89657446347441]},"id":"00000000000000000040","properties":{"Acres":127.897159171,"Confidence":"High","County":"Caroline","Digitized_":"USGS","Imagery_In":"NAIP - Maryland, 2011","Relate_Ite":"Maryland\\Caroline","Shape_Area":517504.234471,"Shape_Leng":3062.3340896,"State":"MD","assigned_to":"maddie","global_rank":64.0,"lat":38.89657446347441,"lon":-75.89022265464116,"n_reserve":20,"n_target":100,"point_id":1051.0,"queue_index":9.0,"rand":0.04375392998875505,"stable_idx":1051.0}},{"type":"Feature","geometry":{"type":"Point","coordinates":[-75.80788347858108,38.73073613340894]},"id":"00000000000000000047","properties":{"Acres":52.6860608084,"Confidence":"High","County":"Caroline","Digitized_":"USGS","Imagery_In":"NAIP - Maryland, 2011","Relate_Ite":"Maryland\\Caroline","Shape_Area":213138.266294,"Shape_Leng":1656.59256066,"State":"MD","assigned_to":"maddie","global_rank":71.0,"lat":38.73073613340894,"lon":-75.80788347858108,"n_reserve":20,"n_target":100,"point_id":822.0,"queue_index":10.0,"rand":0.047536005084569455,"stable_idx":822.0}},{"type":"Feature","geometry":{"type":"Point","coordinates":[-75.87946187322754,38.985610389573424]},"id":"0000000000000000005c","properties":{"Acres":58.1502805421,"Confidence":"High","County":"Caroline","Digitized_":"USGS","Imagery_In":"NAIP - Maryland, 2011","Relate_Ite":"Maryland\\Caroline","Shape_Area":235325.836276,"Shape_Leng":2220.18220576,"State":"MD","assigned_to":"maddie","global_rank":92.0,"lat":38.985610389573424,"lon":-75.87946187322754,"n_reserve":20,"n_target":100,"point_id":1187.0,"queue_index":13.0,"rand":0.060141754843716755,"stable_idx":1187.0}},{"type":"Feature","geometry":{"type":"Point","coordinates":[-75.75525862762466,38.745938370682346]},"id":"0000000000000000006a","properties":{"Acres":38.090849195,"Confidence":"High","County":"Caroline","Digitized_":"USGS","Imagery_In":"NAIP - Maryland, 2011","Relate_Ite":"Maryland\\Caroline","Shape_Area":154057.739107,"Shape_Leng":1391.59104417,"State":"MD","assigned_to":"maddie","global_rank":106.0,"lat":38.745938370682346,"lon":-75.75525862762466,"n_reserve":20,"n_target":100,"point_id":869.0,"queue_index":15.0,"rand":0.06801812954045494,"stable_idx":869.0}},{"type":"Feature","geometry":{"type":"Point","coordinates":[-75.76622820794995,38.91078130014865]},"id":"00000000000000000086","properties":{"Acres":24.5142688086,"Confidence":"High","County":"Caroline","Digitized_":"USGS","Imagery_In":"NAIP - Maryland, 2011","Relate_Ite":"Maryland\\Caroline","Shape_Area":99134.3385205,"Shape_Leng":1116.36655476,"State":"MD","assigned_to":"maddie","global_rank":134.0,"lat":38.91078130014865,"lon":-75.76622820794995,"n_reserve":20,"n_target":100,"point_id":1073.0,"queue_index":19.0,"rand":0.08532846059103982,"stable_idx":1073.0}},{"type":"Feature","geometry":{"type":"Point","coordinates":[-75.7458700176146,38.69109918691344]},"id":"0000000000000000009b","properties":{"Acres":67.8136165275,"Confidence":"High","County":"Caroline","Digitized_":"USGS","Imagery_In":"NAIP - Maryland, 2011","Relate_Ite":"Maryland\\Caroline","Shape_Area":274344.500588,"Shape_Leng":1872.77877137,"State":"MD","assigned_to":"maddie","global_rank":155.0,"lat":38.69109918691344,"lon":-75.7458700176146,"n_reserve":20,"n_target":100,"point_id":748.0,"queue_index":22.0,"rand":0.09955700666443246,"stable_idx":748.0}},{"type":"Feature","geometry":{"type":"Point","coordinates":[-75.75186921414469,38.94471591305947]},"id":"000000000000000000a9","properties":{"Acres":64.0369244392,"Confidence":"High","County":"Caroline","Digitized_":"USGS","Imagery_In":"NAIP - Maryland, 2011","Relate_Ite":"Maryland\\Caroline","Shape_Area":259042.4812,"Shape_Leng":2253.6497922,"State":"MD","assigned_to":"maddie","global_rank":169.0,"lat":38.94471591305947,"lon":-75.75186921414469,"n_reserve":20,"n_target":100,"point_id":1135.0,"queue_index":24.0,"rand":0.110127947655983,"stable_idx":1135.0}},{"type":"Feature","geometry":{"type":"Point","coordinates":[-75.7831962211627,39.01421887948545]},"id":"000000000000000000c5","properties":{"Acres":47.1946560404,"Confidence":"High","County":"Caroline","Digitized_":"USGS","Imagery_In":"NAIP - Maryland, 2011","Relate_Ite":"Maryland\\Caroline","Shape_Area":190908.383004,"Shape_Leng":1898.09174689,"State":"MD","assigned_to":"maddie","global_rank":197.0,"lat":39.01421887948545,"lon":-75.7831962211627,"n_reserve":20,"n_target":100,"point_id":1238.0,"queue_index":28.0,"rand":0.1289323909350495,"stable_idx":1238.0}},{"type":"Feature","geometry":{"type":"Point","coordinates":[-75.89154116669673,38.98415493685598]},"id":"000000000000000000f6","properties":{"Acres":58.7697405557,"Confidence":"High","County":"Caroline","Digitized_":"USGS","Imagery_In":"NAIP - Maryland, 2011","Relate_Ite":"Maryland\\Caroline","Shape_Area":237832.702011,"Shape_Leng":1738.7092773,"State":"MD","assigned_to":"maddie","global_rank":246.0,"lat":38.98415493685598,"lon":-75.89154116669673,"n_reserve":20,"n_target":100,"point_id":1183.0,"queue_index":35.0,"rand":0.16302025251445917,"stable_idx":1183.0}},{"type":"Feature","geometry":{"type":"Point","coordinates":[-75.87581233614381,39.00270758903423]},"id":"00000000000000000104","properties":{"Acres":25.6636175803,"Confidence":"High","County":"Caroline","Digitized_":"USGS","Imagery_In":"NAIP - Maryland, 2011","Relate_Ite":"Maryland\\Caroline","Shape_Area":103856.975626,"Shape_Leng":1142.62032305,"State":"MD","assigned_to":"maddie","global_rank":260.0,"lat":39.00270758903423,"lon":-75.87581233614381,"n_reserve":20,"n_target":100,"point_id":1220.0,"queue_index":37.0,"rand":0.17337722346667928,"stable_idx":1220.0}},{"type":"Feature","geometry":{"type":"Point","coordinates":[-75.74333609464627,39.0457305712915]},"id":"00000000000000000112","properties":{"Acres":57.3996552719,"Confidence":"High","County":"Caroline","Digitized_":"USGS","Imagery_In":"NAIP - Maryland, 2011","Relate_Ite":"Maryland\\Caroline","Shape_Area":232177.565427,"Shape_Leng":1708.31891182,"State":"MD","assigned_to":"maddie","global_rank":274.0,"lat":39.0457305712915,"lon":-75.74333609464627,"n_reserve":20,"n_target":100,"point_id":1288.0,"queue_index":39.0,"rand":0.18061124111736837,"stable_idx":1288.0}},{"type":"Feature","geometry":{"type":"Point","coordinates":[-75.72989937329137,38.665952222231454]},"id":"00000000000000000119","properties":{"Acres":26.82526195,"Confidence":"High","County":"Caroline","Digitized_":"USGS","Imagery_In":"NAIP - Maryland, 2011","Relate_Ite":"Maryland\\Caroline","Shape_Area":108493.867821,"Shape_Leng":1389.19246459,"State":"MD","assigned_to":"maddie","global_rank":281.0,"lat":38.665952222231454,"lon":-75.72989937329137,"n_reserve":20,"n_target":100,"point_id":699.0,"queue_index":40.0,"rand":0.18435722925604758,"stable_idx":699.0}},{"type":"Feature","geometry":{"type":"Point","coordinates":[-75.87191363997111,38.74758201786989]},"id":"0000000000000000013c","properties":{"Acres":35.1479962844,"Confidence":"High","County":"Caroline","Digitized_":"USGS","Imagery_In":"NAIP - Maryland, 2011","Relate_Ite":"Maryland\\Caroline","Shape_Area":142173.884838,"Shape_Leng":1345.30401994,"State":"MD","assigned_to":"maddie","global_rank":316.0,"lat":38.74758201786989,"lon":-75.87191363997111,"n_reserve":20,"n_target":100,"point_id":873.0,"queue_index":45.0,"rand":0.21144956883154686,"stable_idx":873.0}},{"type":"Feature","geometry":{"type":"Point","coordinates":[-75.82135933801663,38.98565133468576]},"id":"0000000000000000015f","properties":{"Acres":33.3231615631,"Confidence":"High","County":"Caroline","Digitized_":"USGS","Imagery_In":"NAIP - Maryland, 2011","Relate_Ite":"Maryland\\Caroline","Shape_Area":134768.880559,"Shape_Leng":1301.57770325,"State":"MD","assigned_to":"maddie","global_rank":351.0,"lat":38.98565133468576,"lon":-75.82135933801663,"n_reserve":20,"n_target":100,"point_id":1188.0,"queue_index":50.0,"rand":0.23061645233328854,"stable_idx":1188.0}},{"type":"Feature","geometry":{"type":"Point","coordinates":[-75.80818087267629,39.03393128427606]},"id":"0000000000000000016d","properties":{"Acres":26.5764085204,"Confidence":"Low","County":"Caroline","Digitized_":"USGS","Imagery_In":"NAIP - Maryland, 2011","Relate_Ite":"Maryland\\Caroline","Shape_Area":107550.909505,"Shape_Leng":1463.78492938,"State":"MD","assigned_to":"maddie","global_rank":365.0,"lat":39.03393128427606,"lon":-75.80818087267629,"n_reserve":20,"n_target":100,"point_id":1261.0,"queue_index":52.0,"rand":0.24267412525469545,"stable_idx":1261.0}},{"type":"Feature","geometry":{"type":"Point","coordinates":[-75.91983785734752,38.74730894528645]},"id":"000000000000000001c1","properties":{"Acres":55.0467909316,"Confidence":"High","County":"Caroline","Digitized_":"USGS","Imagery_In":"NAIP - Maryland, 2011","Relate_Ite":"Maryland\\Caroline","Shape_Area":222659.593096,"Shape_Leng":1673.11879315,"State":"MD","assigned_to":"maddie","global_rank":449.0,"lat":38.74730894528645,"lon":-75.91983785734752,"n_reserve":20,"n_target":100,"point_id":872.0,"queue_index":64.0,"rand":0.2927868997032844,"stable_idx":872.0}},{"type":"Feature","geometry":{"type":"Point","coordinates":[-75.8489825322735,38.77422303539756]},"id":"000000000000000001dd","properties":{"Acres":32.2007135727,"Confidence":"High","County":"Caroline","Digitized_":"USGS","Imagery_In":"NAIP - Maryland, 2011","Relate_Ite":"Maryland\\Caroline","Shape_Area":130228.344773,"Shape_Leng":1279.4699855,"State":"MD","assigned_to":"maddie","global_rank":477.0,"lat":38.77422303539756,"lon":-75.8489825322735,"n_reserve":20,"n_target":100,"point_id":921.0,"queue_index":68.0,"rand":0.3096866353600165,"stable_idx":921.0}},{"type":"Feature","geometry":{"type":"Point","coordinates":[-75.77351367470344,38.808863446863405]},"id":"00000000000000000207","properties":{"Acres":43.3976672963,"Confidence":"High","County":"Caroline","Digitized_":"USGS","Imagery_In":"NAIP - Maryland, 2011","Relate_Ite":"Maryland\\Caroline","Shape_Area":175556.287525,"Shape_Leng":1734.53020965,"State":"MD","assigned_to":"maddie","global_rank":519.0,"lat":38.808863446863405,"lon":-75.77351367470344,"n_reserve":20,"n_target":100,"point_id":977.0,"queue_index":74.0,"rand":0.3328256771858412,"stable_idx":977.0}},{"type":"Feature","geometry":{"type":"Point","coordinates":[-75.89594920965946,38.74835102071096]},"id":"0000000000000000021c","properties":{"Acres":30.1318856348,"Confidence":"High","County":"Caroline","Digitized_":"USGS","Imagery_In":"NAIP - Maryland, 2011","Relate_Ite":"Maryland\\Caroline","Shape_Area":121858.420077,"Shape_Leng":1237.67987964,"State":"MD","assigned_to":"maddie","global_rank":540.0,"lat":38.74835102071096,"lon":-75.89594920965946,"n_reserve":20,"n_target":100,"point_id":875.0,"queue_index":77.0,"rand":0.3493087430236017,"stable_idx":875.0}},{"type":"Feature","geometry":{"type":"Point","coordinates":[-75.91886222611289,38.71533215910159]},"id":"00000000000000000246","properties":{"Acres":9.02167904963,"Confidence":"High","County":"Caroline","Digitized_":"USGS","Imagery_In":"NAIP - Maryland, 2011","Relate_Ite":"Maryland\\Caroline","Shape_Area":36466.2575415,"Shape_Leng":677.178210693,"State":"MD","assigned_to":"maddie","global_rank":582.0,"lat":38.71533215910159,"lon":-75.91886222611289,"n_reserve":20,"n_target":100,"point_id":789.0,"queue_index":83.0,"rand":0.3753169001015414,"stable_idx":789.0}},{"type":"Feature","geometry":{"type":"Point","coordinates":[-75.9277122879306,38.75363979655354]},"id":"0000000000000000025b","properties":{"Acres":52.5717720804,"Confidence":"High","County":"Caroline","Digitized_":"USGS","Imagery_In":"NAIP - Maryland, 2011","Relate_Ite":"Maryland\\Caroline","Shape_Area":212648.047154,"Shape_Leng":2124.76278618,"State":"MD","assigned_to":"maddie","global_rank":603.0,"lat":38.75363979655354,"lon":-75.9277122879306,"n_reserve":20,"n_target":100,"point_id":887.0,"queue_index":86.0,"rand":0.3839615723884092,"stable_idx":887.0}},{"type":"Feature","geometry":{"type":"Point","coordinates":[-75.8189606408981,38.80366569640798]},"id":"00000000000000000285","properties":{"Acres":39.5246256343,"Confidence":"High","County":"Caroline","Digitized_":"USGS","Imagery_In":"NAIP - Maryland, 2011","Relate_Ite":"Maryland\\Caroline","Shape_Area":159876.511697,"Shape_Leng":1703.02786387,"State":"MD","assigned_to":"maddie","global_rank":645.0,"lat":38.80366569640798,"lon":-75.8189606408981,"n_reserve":20,"n_target":100,"point_id":972.0,"queue_index":92.0,"rand":0.4139065463103899,"stable_idx":972.0}},{"type":"Feature","geometry":{"type":"Point","coordinates":[-75.72823565995468,38.65390309825363]},"id":"00000000000000000293","properties":{"Acres":36.5491259435,"Confidence":"High","County":"Caroline","Digitized_":"USGS","Imagery_In":"NAIP - Maryland, 2011","Relate_Ite":"Maryland\\Caroline","Shape_Area":147834.332023,"Shape_Leng":1368.29155417,"State":"MD","assigned_to":"maddie","global_rank":659.0,"lat":38.65390309825363,"lon":-75.72823565995468,"n_reserve":20,"n_target":100,"point_id":666.0,"queue_index":94.0,"rand":0.4201027932423421,"stable_idx":666.0}},{"type":"Feature","geometry":{"type":"Point","coordinates":[-75.91268740734077,38.704681623499326]},"id":"000000000000000002b6","properties":{"Acres":36.1579707909,"Confidence":"High","County":"Caroline","Digitized_":"USGS","Imagery_In":"NAIP - Maryland, 2011","Relate_Ite":"Maryland\\Caroline","Shape_Area":146238.657868,"Shape_Leng":1355.85159449,"State":"MD","assigned_to":"maddie","global_rank":694.0,"lat":38.704681623499326,"lon":-75.91268740734077,"n_reserve":20,"n_target":100,"point_id":768.0,"queue_index":99.0,"rand":0.4419789932150071,"stable_idx":768.0}},{"type":"Feature","geometry":{"type":"Point","coordinates":[-75.7688453854921,38.91616317694155]},"id":"000000000000000002e0","properties":{"Acres":108.431570165,"Confidence":"High","County":"Caroline","Digitized_":"USGS","Imagery_In":"NAIP - Maryland, 2011","Relate_Ite":"Maryland\\Caroline","Shape_Area":438654.383568,"Shape_Leng":2348.07347709,"State":"MD","assigned_to":"maddie","global_rank":736.0,"lat":38.91616317694155,"lon":-75.7688453854921,"n_reserve":20,"n_target":100,"point_id":1085.0,"queue_index":105.0,"rand":0.47611727719178176,"stable_idx":1085.0}},{"type":"Feature","geometry":{"type":"Point","coordinates":[-75.8144316750306,38.73351268718805]},"id":"000000000000000002e7","properties":{"Acres":10.6083703517,"Confidence":"High","County":"Caroline","Digitized_":"USGS","Imagery_In":"NAIP - Maryland, 2011","Relate_Ite":"Maryland\\Caroline","Shape_Area":42905.5899703,"Shape_Leng":814.798274639,"State":"MD","assigned_to":"maddie","global_rank":743.0,"lat":38.73351268718805,"lon":-75.8144316750306,"n_reserve":20,"n_target":100,"point_id":825.0,"queue_index":106.0,"rand":0.4797275757830566,"stable_idx":825.0}},{"type":"Feature","geometry":{"type":"Point","coordinates":[-75.87830887490954,38.796788124159136]},"id":"0000000000000000032d","properties":{"Acres":17.0378975745,"Confidence":"High","County":"Caroline","Digitized_":"USGS","Imagery_In":"NAIP - Maryland, 2011","Relate_Ite":"Maryland\\Caroline","Shape_Area":68897.4854597,"Shape_Leng":1169.41983135,"State":"MD","assigned_to":"maddie","global_rank":813.0,"lat":38.796788124159136,"lon":-75.87830887490954,"n_reserve":20,"n_target":100,"point_id":966.0,"queue_index":116.0,"rand":0.5324175447802157,"stable_idx":966.0}},{"type":"Feature","geometry":{"type":"Point","coordinates":[-75.90748339128821,38.79276783988936]},"id":"0000000000000000003a","properties":{"Acres":87.1770683253,"Confidence":"High","County":"Caroline","Digitized_":"USGS","Imagery_In":"NAIP - Maryland, 2011","Relate_Ite":"Maryland\\Caroline","Shape_Area":352656.895191,"Shape_Leng":2105.42466297,"State":"MD","assigned_to":"mara","global_rank":58.0,"lat":38.79276783988936,"lon":-75.90748339128821,"n_reserve":20,"n_target":100,"point_id":956.0,"queue_index":8.0,"rand":0.03980118509444719,"stable_idx":956.0}},{"type":"Feature","geometry":{"type":"Point","coordinates":[-75.8095598582793,38.70562266062206]},"id":"0000000000000000005d","properties":{"Acres":97.7216878447,"Confidence":"High","County":"Caroline","Digitized_":"USGS","Imagery_In":"NAIP - Maryland, 2011","Relate_Ite":"Maryland\\Caroline","Shape_Area":395371.129849,"Shape_Leng":2253.22201366,"State":"MD","assigned_to":"mara","global_rank":93.0,"lat":38.70562266062206,"lon":-75.8095598582793,"n_reserve":20,"n_target":100,"point_id":770.0,"queue_index":13.0,"rand":0.060148300689799594,"stable_idx":770.0}},{"type":"Feature","geometry":{"type":"Point","coordinates":[-75.91000289436587,38.71706255075358]},"id":"00000000000000000079","properties":{"Acres":2.7906996771,"Confidence":"High","County":"Caroline","Digitized_":"USGS","Imagery_In":"NAIP - Maryland, 2011","Relate_Ite":"Maryland\\Caroline","Shape_Area":11270.3013645,"Shape_Leng":376.625278896,"State":"MD","assigned_to":"mara","global_rank":121.0,"lat":38.71706255075358,"lon":-75.91000289436587,"n_reserve":20,"n_target":100,"point_id":796.0,"queue_index":17.0,"rand":0.07520656646018808,"stable_idx":796.0}},{"type":"Feature","geometry":{"type":"Point","coordinates":[-75.87727264639524,38.69811520495325]},"id":"000000000000000000f7","properties":{"Acres":10.0057877358,"Confidence":"High","County":"Caroline","Digitized_":"USGS","Imagery_In":"NAIP - Maryland, 2011","Relate_Ite":"Maryland\\Caroline","Shape_Area":40454.6173588,"Shape_Leng":720.109510568,"State":"MD","assigned_to":"mara","global_rank":247.0,"lat":38.69811520495325,"lon":-75.87727264639524,"n_reserve":20,"n_target":100,"point_id":756.0,"queue_index":35.0,"rand":0.16374331529865782,"stable_idx":756.0}},{"type":"Feature","geometry":{"type":"Point","coordinates":[-75.91874959038628,38.739482900764465]},"id":"00000000000000000113","properties":{"Acres":16.5598645896,"Confidence":"High","County":"Caroline","Digitized_":"USGS","Imagery_In":"NAIP - Maryland, 2011","Relate_Ite":"Maryland\\Caroline","Shape_Area":66976.2261212,"Shape_Leng":1045.54470806,"State":"MD","assigned_to":"mara","global_rank":275.0,"lat":38.739482900764465,"lon":-75.91874959038628,"n_reserve":20,"n_target":100,"point_id":852.0,"queue_index":39.0,"rand":0.18090730483945006,"stable_idx":852.0}},{"type":"Feature","geometry":{"type":"Point","coordinates":[-75.88711655444946,38.88107905971495]},"id":"00000000000000000121","properties":{"Acres":46.827625655,"Confidence":"High","County":"Caroline","Digitized_":"USGS","Imagery_In":"NAIP - Maryland, 2011","Relate_Ite":"Maryland\\Caroline","Shape_Area":189403.926523,"Shape_Leng":1542.98772828,"State":"MD","assigned_to":"mara","global_rank":289.0,"lat":38.88107905971495,"lon":-75.88711655444946,"n_reserve":20,"n_target":100,"point_id":1041.0,"queue_index":41.0,"rand":0.1900113989438642,"stable_idx":1041.0}},{"type":"Feature","geometry":{"type":"Point","coordinates":[-75.91395763226454,38.74547856676376]},"id":"0000000000000000014b","properties":{"Acres":20.5357269896,"Confidence":"High","County":"Caroline","Digitized_":"USGS","Imagery_In":"NAIP - Maryland, 2011","Relate_Ite":"Maryland\\Caroline","Shape_Area":83046.4268952,"Shape_Leng":1285.65205573,"State":"MD","assigned_to":"mara","global_rank":331.0,"lat":38.74547856676376,"lon":-75.91395763226454,"n_reserve":20,"n_target":100,"point_id":864.0,"queue_index":47.0,"rand":0.22129116414727878,"stable_idx":864.0}},{"type":"Feature","geometry":{"type":"Point","coordinates":[-75.76447740485239,38.90854840856723]},"id":"00000000000000000160","properties":{"Acres":15.0952290002,"Confidence":"High","County":"Caroline","Digitized_":"USGS","Imagery_In":"NAIP - Maryland, 2011","Relate_Ite":"Maryland\\Caroline","Shape_Area":61048.0271232,"Shape_Leng":1050.57783001,"State":"MD","assigned_to":"mara","global_rank":352.0,"lat":38.90854840856723,"lon":-75.76447740485239,"n_reserve":20,"n_target":100,"point_id":1071.0,"queue_index":50.0,"rand":0.2308063133078545,"stable_idx":1071.0}},{"type":"Feature","geometry":{"type":"Point","coordinates":[-75.9192253982071,38.897508261381255]},"id":"00000000000000000167","properties":{"Acres":166.740855519,"Confidence":"High","County":"Caroline","Digitized_":"USGS","Imagery_In":"NAIP - Maryland, 2011","Relate_Ite":"Maryland\\Caroline","Shape_Area":674639.206378,"Shape_Leng":3068.72040303,"State":"MD","assigned_to":"mara","global_rank":359.0,"lat":38.897508261381255,"lon":-75.9192253982071,"n_reserve":20,"n_target":100,"point_id":1053.0,"queue_index":51.0,"rand":0.23378331710722489,"stable_idx":1053.0}},{"type":"Feature","geometry":{"type":"Point","coordinates":[-75.73832062114717,38.78121627386927]},"id":"0000000000000000017c","properties":{"Acres":85.8600722462,"Confidence":"High","County":"Caroline","Digitized_":"USGS","Imagery_In":"NAIP - Maryland, 2011","Relate_Ite":"Maryland\\Caroline","Shape_Area":347384.923322,"Shape_Leng":2769.53555564,"State":"MD","assigned_to":"mara","global_rank":380.0,"lat":38.78121627386927,"lon":-75.73832062114717,"n_reserve":20,"n_target":100,"point_id":934.0,"queue_index":54.0,"rand":0.2519102965472997,"stable_idx":934.0}},{"type":"Feature","geometry":{"type":"Point","coordinates":[-75.7340634732695,38.78924557731383]},"id":"0000000000000000018a","properties":{"Acres":36.2798582042,"Confidence":"High","County":"Caroline","Digitized_":"USGS","Imagery_In":"NAIP - Maryland, 2011","Relate_Ite":"Maryland\\Caroline","Shape_Area":146737.534749,"Shape_Leng":1757.57497213,"State":"MD","assigned_to":"mara","global_rank":394.0,"lat":38.78924557731383,"lon":-75.7340634732695,"n_reserve":20,"n_target":100,"point_id":952.0,"queue_index":56.0,"rand":0.2608486940783834,"stable_idx":952.0}},{"type":"Feature","geometry":{"type":"Point","coordinates":[-75.93028266499601,38.7708328404537]},"id":"00000000000000000198","properties":{"Acres":39.2386274918,"Confidence":"High","County":"Caroline","Digitized_":"USGS","Imagery_In":"NAIP - Maryland, 2011","Relate_Ite":"Maryland\\Caroline","Shape_Area":158702.201539,"Shape_Leng":1412.48397201,"State":"MD","assigned_to":"mara","global_rank":408.0,"lat":38.7708328404537,"lon":-75.93028266499601,"n_reserve":20,"n_target":100,"point_id":912.0,"queue_index":58.0,"rand":0.2673643403858472,"stable_idx":912.0}},{"type":"Feature","geometry":{"type":"Point","coordinates":[-75.82079214811563,38.78774238395222]},"id":"000000000000000001de","properties":{"Acres":45.5369461258,"Confidence":"High","County":"Caroline","Digitized_":"USGS","Imagery_In":"NAIP - Maryland, 2011","Relate_Ite":"Maryland\\Caroline","Shape_Area":184182.228827,"Shape_Leng":1521.56261532,"State":"MD","assigned_to":"mara","global_rank":478.0,"lat":38.78774238395222,"lon":-75.82079214811563,"n_reserve":20,"n_target":100,"point_id":949.0,"queue_index":68.0,"rand":0.3107657322471108,"stable_idx":949.0}},{"type":"Feature","geometry":{"type":"Point","coordinates":[-75.81597077513409,38.705559865659225]},"id":"000000000000000001e5","properties":{"Acres":26.7497907416,"Confidence":"High","County":"Caroline","Digitized_":"USGS","Imagery_In":"NAIP - Maryland, 2011","Relate_Ite":"Maryland\\Caroline","Shape_Area":108178.179928,"Shape_Leng":1166.26219146,"State":"MD","assigned_to":"mara","global_rank":485.0,"lat":38.705559865659225,"lon":-75.81597077513409,"n_reserve":20,"n_target":100,"point_id":769.0,"queue_index":69.0,"rand":0.3131148719963056,"stable_idx":769.0}},{"type":"Feature","geometry":{"type":"Point","coordinates":[-75.74684490071803,38.67485976185737]},"id":"0000000000000000021d","properties":{"Acres":86.5454832454,"Confidence":"High","County":"Caroline","Digitized_":"USGS","Imagery_In":"NAIP - Maryland, 2011","Relate_Ite":"Maryland\\Caroline","Shape_Area":350100.764207,"Shape_Leng":2097.71429833,"State":"MD","assigned_to":"mara","global_rank":541.0,"lat":38.67485976185737,"lon":-75.74684490071803,"n_reserve":20,"n_target":100,"point_id":712.0,"queue_index":77.0,"rand":0.3496864773878592,"stable_idx":712.0}},{"type":"Feature","geometry":{"type":"Point","coordinates":[-75.7540537194008,38.90676053053975]},"id":"00000000000000000232","properties":{"Acres":53.6329358536,"Confidence":"High","County":"Caroline","Digitized_":"USGS","Imagery_In":"NAIP - Maryland, 2011","Relate_Ite":"Maryland\\Caroline","Shape_Area":216949.83266,"Shape_Leng":2038.07360623,"State":"MD","assigned_to":"mara","global_rank":562.0,"lat":38.90676053053975,"lon":-75.7540537194008,"n_reserve":20,"n_target":100,"point_id":1066.0,"queue_index":80.0,"rand":0.362542176312037,"stable_idx":1066.0}},{"type":"Feature","geometry":{"type":"Point","coordinates":[-75.88884396805636,38.99140767222463]},"id":"00000000000000000239","properties":{"Acres":95.9026366447,"Confidence":"High","County":"Caroline","Digitized_":"USGS","Imagery_In":"NAIP - Maryland, 2011","Relate_Ite":"Maryland\\Caroline","Shape_Area":387959.17643,"Shape_Leng":2208.20967029,"State":"MD","assigned_to":"mara","global_rank":569.0,"lat":38.99140767222463,"lon":-75.88884396805636,"n_reserve":20,"n_target":100,"point_id":1199.0,"queue_index":81.0,"rand":0.3660630285750539,"stable_idx":1199.0}},{"type":"Feature","geometry":{"type":"Point","coordinates":[-75.8014521691278,38.99127483081966]},"id":"00000000000000000255","properties":{"Acres":174.57114443,"Confidence":"High","County":"Caroline","Digitized_":"USGS","Imagery_In":"NAIP - Maryland, 2011","Relate_Ite":"Maryland\\Caroline","Shape_Area":706269.271858,"Shape_Leng":2979.3551324,"State":"MD","assigned_to":"mara","global_rank":597.0,"lat":38.99127483081966,"lon":-75.8014521691278,"n_reserve":20,"n_target":100,"point_id":1195.0,"queue_index":85.0,"rand":0.38204571143122523,"stable_idx":1195.0}},{"type":"Feature","geometry":{"type":"Point","coordinates":[-75.71816986269356,38.67078950371731]},"id":"00000000000000000263","properties":{"Acres":45.5096138673,"Confidence":"High","County":"Caroline","Digitized_":"USGS","Imagery_In":"NAIP - Maryland, 2011","Relate_Ite":"Maryland\\Caroline","Shape_Area":184090.220725,"Shape_Leng":1859.50145504,"State":"MD","assigned_to":"mara","global_rank":611.0,"lat":38.67078950371731,"lon":-75.71816986269356,"n_reserve":20,"n_target":100,"point_id":704.0,"queue_index":87.0,"rand":0.39090822583044504,"stable_idx":704.0}},{"type":"Feature","geometry":{"type":"Point","coordinates":[-75.73952981801159,38.77637424557558]},"id":"00000000000000000278","properties":{"Acres":17.4109824994,"Confidence":"Low","County":"Caroline","Digitized_":"USGS","Imagery_In":"NAIP - Maryland, 2011","Relate_Ite":"Maryland\\Caroline","Shape_Area":70459.7463482,"Shape_Leng":1050.03472869,"State":"MD","assigned_to":"mara","global_rank":632.0,"lat":38.77637424557558,"lon":-75.73952981801159,"n_reserve":20,"n_target":100,"point_id":927.0,"queue_index":90.0,"rand":0.40512965025435377,"stable_idx":927.0}},{"type":"Feature","geometry":{"type":"Point","coordinates":[-75.87983439092433,38.87091091833543]},"id":"0000000000000000029b","properties":{"Acres":96.3050500722,"Confidence":"High","County":"Caroline","Digitized_":"USGS","Imagery_In":"NAIP - Maryland, 2011","Relate_Ite":"Maryland\\Caroline","Shape_Area":389657.350593,"Shape_Leng":2327.05223307,"State":"MD","assigned_to":"mara","global_rank":667.0,"lat":38.87091091833543,"lon":-75.87983439092433,"n_reserve":20,"n_target":100,"point_id":1025.0,"queue_index":95.0,"rand":0.42623510488190175,"stable_idx":1025.0}},{"type":"Feature","geometry":{"type":"Point","coordinates":[-75.96447860131728,38.7063043675076]},"id":"000000000000000002a2","properties":{"Acres":21.0580478324,"Confidence":"High","County":"Caroline","Digitized_":"USGS","Imagery_In":"NAIP - Maryland, 2011","Relate_Ite":"Maryland\\Caroline","Shape_Area":85152.6250853,"Shape_Leng":1034.65534856,"State":"MD","assigned_to":"mara","global_rank":674.0,"lat":38.7063043675076,"lon":-75.96447860131728,"n_reserve":20,"n_target":100,"point_id":775.0,"queue_index":96.0,"rand":0.4301215645695321,"stable_idx":775.0}},{"type":"Feature","geometry":{"type":"Point","coordinates":[-75.89629591173035,38.91882731237674]},"id":"000000000000000002da","properties":{"Acres":53.0744746918,"Confidence":"High","County":"Caroline","Digitized_":"USGS","Imagery_In":"NAIP - Maryland, 2011","Relate_Ite":"Maryland\\Caroline","Shape_Area":214677.492954,"Shape_Leng":1642.68931905,"State":"MD","assigned_to":"mara","global_rank":730.0,"lat":38.91882731237674,"lon":-75.89629591173035,"n_reserve":20,"n_target":100,"point_id":1088.0,"queue_index":104.0,"rand":0.47060945296583445,"stable_idx":1088.0}},{"type":"Feature","geometry":{"type":"Point","coordinates":[-75.87509140250428,38.74316277528917]},"id":"000000000000000002ef","properties":{"Acres":90.2782345304,"Confidence":"High","County":"Caroline","Digitized_":"USGS","Imagery_In":"NAIP - Maryland, 2011","Relate_Ite":"Maryland\\Caroline","Shape_Area":365216.75853,"Shape_Leng":2837.32478609,"State":"MD","assigned_to":"mara","global_rank":751.0,"lat":38.74316277528917,"lon":-75.87509140250428,"n_reserve":20,"n_target":100,"point_id":859.0,"queue_index":107.0,"rand":0.4861260242653954,"stable_idx":859.0}},{"type":"Feature","geometry":{"type":"Point","coordinates":[-75.77663948385796,38.91544934309118]},"id":"00000000000000000319","properties":{"Acres":61.2314258006,"Confidence":"High","County":"Caroline","Digitized_":"USGS","Imagery_In":"NAIP - Maryland, 2011","Relate_Ite":"Maryland\\Caroline","Shape_Area":247680.337352,"Shape_Leng":1764.43473812,"State":"MD","assigned_to":"mara","global_rank":793.0,"lat":38.91544934309118,"lon":-75.77663948385796,"n_reserve":20,"n_target":100,"point_id":1082.0,"queue_index":113.0,"rand":0.5140441760545122,"stable_idx":1082.0}},{"type":"Feature","geometry":{"type":"Point","coordinates":[-75.72709318150687,38.663415519012325]},"id":"0000000000000000033c","properties":{"Acres":16.1321736847,"Confidence":"High","County":"Caroline","Digitized_":"USGS","Imagery_In":"NAIP - Maryland, 2011","Relate_Ite":"Maryland\\Caroline","Shape_Area":65228.3059128,"Shape_Leng":905.736104493,"State":"MD","assigned_to":"mara","global_rank":828.0,"lat":38.663415519012325,"lon":-75.72709318150687,"n_reserve":20,"n_target":100,"point_id":693.0,"queue_index":118.0,"rand":0.5445086010178346,"stable_idx":693.0}},{"type":"Feature","geometry":{"type":"Point","coordinates":[-75.8119955984819,38.73613692655924]},"id":"00000000000000000343","properties":{"Acres":5.97721324993,"Confidence":"High","County":"Caroline","Digitized_":"USGS","Imagery_In":"NAIP - Maryland, 2011","Relate_Ite":"Maryland\\Caroline","Shape_Area":24153.6277872,"Shape_Leng":551.1589516,"State":"MD","assigned_to":"mara","global_rank":835.0,"lat":38.73613692655924,"lon":-75.8119955984819,"n_reserve":20,"n_target":100,"point_id":833.0,"queue_index":119.0,"rand":0.5481691988468408,"stable_idx":833.0}},{"type":"Feature","geometry":{"type":"Point","coordinates":[-75.8578941227708,38.77383113631935]},"id":"00000000000000000003","properties":{"Acres":40.6396021803,"Confidence":"High","County":"Caroline","Digitized_":"USGS","Imagery_In":"NAIP - Maryland, 2011","Relate_Ite":"Maryland\\Caroline","Shape_Area":164370.949883,"Shape_Leng":1437.4568419,"State":"MD","assigned_to":"mike","global_rank":3.0,"lat":38.77383113631935,"lon":-75.8578941227708,"n_reserve":20,"n_target":100,"point_id":919.0,"queue_index":0.0,"rand":0.0035012237564544524,"stable_idx":919.0}},{"type":"Feature","geometry":{"type":"Point","coordinates":[-75.81175430359825,38.71826206628851]},"id":"00000000000000000018","properties":{"Acres":9.31289335453,"Confidence":"High","County":"Caroline","Digitized_":"USGS","Imagery_In":"NAIP - Maryland, 2011","Relate_Ite":"Maryland\\Caroline","Shape_Area":37643.9657931,"Shape_Leng":688.009370632,"State":"MD","assigned_to":"mike","global_rank":24.0,"lat":38.71826206628851,"lon":-75.81175430359825,"n_reserve":20,"n_target":100,"point_id":797.0,"queue_index":3.0,"rand":0.01586912543870056,"stable_idx":797.0}},{"type":"Feature","geometry":{"type":"Point","coordinates":[-75.79973941462487,38.73915462347297]},"id":"0000000000000000001f","properties":{"Acres":7.68505373494,"Confidence":"High","County":"Caroline","Digitized_":"USGS","Imagery_In":"NAIP - Maryland, 2011","Relate_Ite":"Maryland\\Caroline","Shape_Area":31066.5018212,"Shape_Leng":779.261525782,"State":"MD","assigned_to":"mike","global_rank":31.0,"lat":38.73915462347297,"lon":-75.79973941462487,"n_reserve":20,"n_target":100,"point_id":847.0,"queue_index":4.0,"rand":0.018516789715511628,"stable_idx":847.0}},{"type":"Feature","geometry":{"type":"Point","coordinates":[-75.83979231654621,38.9988634032695]},"id":"00000000000000000026","properties":{"Acres":75.7677183053,"Confidence":"High","County":"Caroline","Digitized_":"USGS","Imagery_In":"NAIP - Maryland, 2011","Relate_Ite":"Maryland\\Caroline","Shape_Area":306621.077433,"Shape_Leng":2375.01401785,"State":"MD","assigned_to":"mike","global_rank":38.0,"lat":38.9988634032695,"lon":-75.83979231654621,"n_reserve":20,"n_target":100,"point_id":1213.0,"queue_index":5.0,"rand":0.022814883856289603,"stable_idx":1213.0}},{"type":"Feature","geometry":{"type":"Point","coordinates":[-75.93647639473569,38.93553544425608]},"id":"00000000000000000034","properties":{"Acres":46.0406933065,"Confidence":"High","County":"Caroline","Digitized_":"USGS","Imagery_In":"NAIP - Maryland, 2011","Relate_Ite":"Maryland\\Caroline","Shape_Area":186320.075399,"Shape_Leng":1732.6936742,"State":"MD","assigned_to":"mike","global_rank":52.0,"lat":38.93553544425608,"lon":-75.93647639473569,"n_reserve":20,"n_target":100,"point_id":1121.0,"queue_index":7.0,"rand":0.03451794149220255,"stable_idx":1121.0}},{"type":"Feature","geometry":{"type":"Point","coordinates":[-75.91267188688803,38.73940719401657]},"id":"00000000000000000073","properties":{"Acres":24.40750008,"Confidence":"High","County":"Caroline","Digitized_":"USGS","Imagery_In":"NAIP - Maryland, 2011","Relate_Ite":"Maryland\\Caroline","Shape_Area":98702.1035239,"Shape_Leng":1113.90929468,"State":"MD","assigned_to":"mike","global_rank":115.0,"lat":38.73940719401657,"lon":-75.91267188688803,"n_reserve":20,"n_target":100,"point_id":851.0,"queue_index":16.0,"rand":0.07368475632383276,"stable_idx":851.0}},{"type":"Feature","geometry":{"type":"Point","coordinates":[-75.73532696264124,38.79401334935073]},"id":"0000000000000000007a","properties":{"Acres":50.7238573168,"Confidence":"High","County":"Caroline","Digitized_":"USGS","Imagery_In":"NAIP - Maryland, 2011","Relate_Ite":"Maryland\\Caroline","Shape_Area":205189.394232,"Shape_Leng":1631.09480589,"State":"MD","assigned_to":"mike","global_rank":122.0,"lat":38.79401334935073,"lon":-75.73532696264124,"n_reserve":20,"n_target":100,"point_id":957.0,"queue_index":17.0,"rand":0.07556216774400559,"stable_idx":957.0}},{"type":"Feature","geometry":{"type":"Point","coordinates":[-75.80451482685224,38.7392204354285]},"id":"0000000000000000008f","properties":{"Acres":30.4593621027,"Confidence":"High","County":"Caroline","Digitized_":"USGS","Imagery_In":"NAIP - Maryland, 2011","Relate_Ite":"Maryland\\Caroline","Shape_Area":123184.142019,"Shape_Leng":1244.38866301,"State":"MD","assigned_to":"mike","global_rank":143.0,"lat":38.7392204354285,"lon":-75.80451482685224,"n_reserve":20,"n_target":100,"point_id":849.0,"queue_index":20.0,"rand":0.0950483446917173,"stable_idx":849.0}},{"type":"Feature","geometry":{"type":"Point","coordinates":[-75.89945532054739,38.95823561993842]},"id":"00000000000000000096","properties":{"Acres":34.1148629839,"Confidence":"High","County":"Caroline","Digitized_":"USGS","Imagery_In":"NAIP - Maryland, 2011","Relate_Ite":"Maryland\\Caroline","Shape_Area":138057.952366,"Shape_Leng":1317.35955453,"State":"MD","assigned_to":"mike","global_rank":150.0,"lat":38.95823561993842,"lon":-75.89945532054739,"n_reserve":20,"n_target":100,"point_id":1149.0,"queue_index":21.0,"rand":0.098376877915474,"stable_idx":1149.0}},{"type":"Feature","geometry":{"type":"Point","coordinates":[-75.8102014267348,38.713362673067415]},"id":"000000000000000000b2","properties":{"Acres":86.0379491403,"Confidence":"High","County":"Caroline","Digitized_":"USGS","Imagery_In":"NAIP - Maryland, 2011","Relate_Ite":"Maryland\\Caroline","Shape_Area":348067.651014,"Shape_Leng":2571.58844477,"State":"MD","assigned_to":"mike","global_rank":178.0,"lat":38.713362673067415,"lon":-75.8102014267348,"n_reserve":20,"n_target":100,"point_id":785.0,"queue_index":25.0,"rand":0.11457593835291469,"stable_idx":785.0}},{"type":"Feature","geometry":{"type":"Point","coordinates":[-75.75900681236247,38.94019696280863]},"id":"000000000000000000f8","properties":{"Acres":174.87274698,"Confidence":"High","County":"Caroline","Digitized_":"USGS","Imagery_In":"NAIP - Maryland, 2011","Relate_Ite":"Maryland\\Caroline","Shape_Area":707561.768542,"Shape_Leng":3060.8025105,"State":"MD","assigned_to":"mike","global_rank":248.0,"lat":38.94019696280863,"lon":-75.75900681236247,"n_reserve":20,"n_target":100,"point_id":1130.0,"queue_index":35.0,"rand":0.16402570063101485,"stable_idx":1130.0}},{"type":"Feature","geometry":{"type":"Point","coordinates":[-75.7947681670747,39.03866054937963]},"id":"00000000000000000114","properties":{"Acres":16.6996811765,"Confidence":"Low","County":"Caroline","Digitized_":"USGS","Imagery_In":"NAIP - Maryland, 2011","Relate_Ite":"Maryland\\Caroline","Shape_Area":67581.2120215,"Shape_Leng":1074.20889358,"State":"MD","assigned_to":"mike","global_rank":276.0,"lat":39.03866054937963,"lon":-75.7947681670747,"n_reserve":20,"n_target":100,"point_id":1273.0,"queue_index":39.0,"rand":0.18153646971547777,"stable_idx":1273.0}},{"type":"Feature","geometry":{"type":"Point","coordinates":[-75.84088409685425,38.748547311664815]},"id":"0000000000000000011b","properties":{"Acres":132.096046199,"Confidence":"High","County":"Caroline","Digitized_":"USGS","Imagery_In":"NAIP - Maryland, 2011","Relate_Ite":"Maryland\\Caroline","Shape_Area":534466.301635,"Shape_Leng":2676.47505743,"State":"MD","assigned_to":"mike","global_rank":283.0,"lat":38.748547311664815,"lon":-75.84088409685425,"n_reserve":20,"n_target":100,"point_id":876.0,"queue_index":40.0,"rand":0.18537814393932972,"stable_idx":876.0}},{"type":"Feature","geometry":{"type":"Point","coordinates":[-75.9275234050922,38.89745189595597]},"id":"00000000000000000130","properties":{"Acres":134.06418747,"Confidence":"High","County":"Caroline","Digitized_":"USGS","Imagery_In":"NAIP - Maryland, 2011","Relate_Ite":"Maryland\\Caroline","Shape_Area":542403.451529,"Shape_Leng":3538.51543358,"State":"MD","assigned_to":"mike","global_rank":304.0,"lat":38.89745189595597,"lon":-75.9275234050922,"n_reserve":20,"n_target":100,"point_id":1052.0,"queue_index":43.0,"rand":0.20435674759584865,"stable_idx":1052.0}},{"type":"Feature","geometry":{"type":"Point","coordinates":[-75.9100995087918,38.7210474967604]},"id":"00000000000000000137","properties":{"Acres":54.3790991639,"Confidence":"High","County":"Caroline","Digitized_":"USGS","Imagery_In":"NAIP - Maryland, 2011","Relate_Ite":"Maryland\\Caroline","Shape_Area":219986.964629,"Shape_Leng":1955.05246854,"State":"MD","assigned_to":"mike","global_rank":311.0,"lat":38.7210474967604,"lon":-75.9100995087918,"n_reserve":20,"n_target":100,"point_id":802.0,"queue_index":44.0,"rand":0.20928499614860596,"stable_idx":802.0}},{"type":"Feature","geometry":{"type":"Point","coordinates":[-75.93658845256431,38.89787682422086]},"id":"0000000000000000014c","properties":{"Acres":80.2514981861,"Confidence":"High","County":"Caroline","Digitized_":"USGS","Imagery_In":"NAIP - Maryland, 2011","Relate_Ite":"Maryland\\Caroline","Shape_Area":324634.613428,"Shape_Leng":2019.99547241,"State":"MD","assigned_to":"mike","global_rank":332.0,"lat":38.89787682422086,"lon":-75.93658845256431,"n_reserve":20,"n_target":100,"point_id":1054.0,"queue_index":47.0,"rand":0.22165317047956334,"stable_idx":1054.0}},{"type":"Feature","geometry":{"type":"Point","coordinates":[-75.76038380998465,38.969488069456176]},"id":"0000000000000000015a","properties":{"Acres":50.9787050614,"Confidence":"Low","County":"Caroline","Digitized_":"USGS","Imagery_In":"NAIP - Maryland, 2011","Relate_Ite":"Maryland\\Caroline","Shape_Area":206303.499983,"Shape_Leng":2265.44688882,"State":"MD","assigned_to":"mike","global_rank":346.0,"lat":38.969488069456176,"lon":-75.76038380998465,"n_reserve":20,"n_target":100,"point_id":1161.0,"queue_index":49.0,"rand":0.22688946415376587,"stable_idx":1161.0}},{"type":"Feature","geometry":{"type":"Point","coordinates":[-75.93307337946065,38.769782183090676]},"id":"00000000000000000161","properties":{"Acres":57.4199311857,"Confidence":"High","County":"Caroline","Digitized_":"USGS","Imagery_In":"NAIP - Maryland, 2011","Relate_Ite":"Maryland\\Caroline","Shape_Area":232261.397451,"Shape_Leng":1708.70203276,"State":"MD","assigned_to":"mike","global_rank":353.0,"lat":38.769782183090676,"lon":-75.93307337946065,"n_reserve":20,"n_target":100,"point_id":910.0,"queue_index":50.0,"rand":0.23093197878098748,"stable_idx":910.0}},{"type":"Feature","geometry":{"type":"Point","coordinates":[-75.96950664393162,38.76128150040388]},"id":"00000000000000000176","properties":{"Acres":56.316244539,"Confidence":"High","County":"Caroline","Digitized_":"USGS","Imagery_In":"NAIP - Maryland, 2011","Relate_Ite":"Maryland\\Caroline","Shape_Area":227794.772486,"Shape_Leng":1692.12911413,"State":"MD","assigned_to":"mike","global_rank":374.0,"lat":38.76128150040388,"lon":-75.96950664393162,"n_reserve":20,"n_target":100,"point_id":899.0,"queue_index":53.0,"rand":0.2485601884077573,"stable_idx":899.0}},{"type":"Feature","geometry":{"type":"Point","coordinates":[-75.74753464502504,38.94015145320493]},"id":"0000000000000000018b","properties":{"Acres":39.457279987,"Confidence":"High","County":"Caroline","Digitized_":"USGS","Imagery_In":"NAIP - Maryland, 2011","Relate_Ite":"Maryland\\Caroline","Shape_Area":159594.312138,"Shape_Leng":1815.30778833,"State":"MD","assigned_to":"mike","global_rank":395.0,"lat":38.94015145320493,"lon":-75.74753464502504,"n_reserve":20,"n_target":100,"point_id":1129.0,"queue_index":56.0,"rand":0.26103238156202946,"stable_idx":1129.0}},{"type":"Feature","geometry":{"type":"Point","coordinates":[-75.76112359035619,38.97219501236058]},"id":"000000000000000001a0","properties":{"Acres":51.9722494218,"Confidence":"Low","County":"Caroline","Digitized_":"USGS","Imagery_In":"NAIP - Maryland, 2011","Relate_Ite":"Maryland\\Caroline","Shape_Area":210324.231359,"Shape_Leng":2394.96818564,"State":"MD","assigned_to":"mike","global_rank":416.0,"lat":38.97219501236058,"lon":-75.76112359035619,"n_reserve":20,"n_target":100,"point_id":1166.0,"queue_index":59.0,"rand":0.27578658136691525,"stable_idx":1166.0}},{"type":"Feature","geometry":{"type":"Point","coordinates":[-75.8983494686893,38.87376494763745]},"id":"000000000000000001ae","properties":{"Acres":93.9043466693,"Confidence":"High","County":"Caroline","Digitized_":"USGS","Imagery_In":"NAIP - Maryland, 2011","Relate_Ite":"Maryland\\Caroline","Shape_Area":379938.233152,"Shape_Leng":2742.01067419,"State":"MD","assigned_to":"mike","global_rank":430.0,"lat":38.87376494763745,"lon":-75.8983494686893,"n_reserve":20,"n_target":100,"point_id":1030.0,"queue_index":61.0,"rand":0.2833050345448702,"stable_idx":1030.0}},{"type":"Feature","geometry":{"type":"Point","coordinates":[-75.74512377565478,38.925105085495794]},"id":"000000000000000001ca","properties":{"Acres":173.669257631,"Confidence":"High","County":"Caroline","Digitized_":"USGS","Imagery_In":"NAIP - Maryland, 2011","Relate_Ite":"Maryland\\Caroline","Shape_Area":702620.039984,"Shape_Leng":2971.66288955,"State":"MD","assigned_to":"mike","global_rank":458.0,"lat":38.925105085495794,"lon":-75.74512377565478,"n_reserve":20,"n_target":100,"point_id":1103.0,"queue_index":65.0,"rand":0.29802707956941,"stable_idx":1103.0}},{"type":"Feature","geometry":{"type":"Point","coordinates":[-75.81145190761237,38.72764016254478]},"id":"000000000000000001d1","properties":{"Acres":33.0165739484,"Confidence":"High","County":"Caroline","Digitized_":"USGS","Imagery_In":"NAIP - Maryland, 2011","Relate_Ite":"Maryland\\Caroline","Shape_Area":133529.600346,"Shape_Leng":1295.58147735,"State":"MD","assigned_to":"mike","global_rank":465.0,"lat":38.72764016254478,"lon":-75.81145190761237,"n_reserve":20,"n_target":100,"point_id":815.0,"queue_index":66.0,"rand":0.3021093392366293,"stable_idx":815.0}},{"type":"Feature","geometry":{"type":"Point","coordinates":[-75.78166175256669,38.75577452861676]},"id":"000000000000000001e6","properties":{"Acres":3.59866345555,"Confidence":"High","County":"Caroline","Digitized_":"USGS","Imagery_In":"NAIP - Maryland, 2011","Relate_Ite":"Maryland\\Caroline","Shape_Area":14536.3221704,"Shape_Leng":427.643766972,"State":"MD","assigned_to":"mike","global_rank":486.0,"lat":38.75577452861676,"lon":-75.78166175256669,"n_reserve":20,"n_target":100,"point_id":892.0,"queue_index":69.0,"rand":0.31445016309883633,"stable_idx":892.0}},{"type":"Feature","geometry":{"type":"Point","coordinates":[-75.89736303226542,38.878067199141]},"id":"00000000000000000241","properties":{"Acres":63.8421418161,"Confidence":"High","County":"Caroline","Digitized_":"USGS","Imagery_In":"NAIP - Maryland, 2011","Relate_Ite":"Maryland\\Caroline","Shape_Area":258243.734308,"Shape_Leng":1801.67326693,"State":"MD","assigned_to":"mike","global_rank":577.0,"lat":38.878067199141,"lon":-75.89736303226542,"n_reserve":20,"n_target":100,"point_id":1037.0,"queue_index":82.0,"rand":0.3732437399659436,"stable_idx":1037.0}},{"type":"Feature","geometry":{"type":"Point","coordinates":[-75.8775200539686,38.7161486643844]},"id":"00000000000000000248","properties":{"Acres":21.4974933318,"Confidence":"High","County":"Caroline","Digitized_":"USGS","Imagery_In":"NAIP - Maryland, 2011","Relate_Ite":"Maryland\\Caroline","Shape_Area":86930.4149929,"Shape_Leng":1045.40894719,"State":"MD","assigned_to":"mike","global_rank":584.0,"lat":38.7161486643844,"lon":-75.8775200539686,"n_reserve":20,"n_target":100,"point_id":791.0,"queue_index":83.0,"rand":0.37570678844494954,"stable_idx":791.0}},{"type":"Feature","geometry":{"type":"Point","coordinates":[-75.78360098341992,38.93559159140613]},"id":"00000000000000000256","properties":{"Acres":119.671625798,"Confidence":"High","County":"Caroline","Digitized_":"USGS","Imagery_In":"NAIP - Maryland, 2011","Relate_Ite":"Maryland\\Caroline","Shape_Area":484153.921174,"Shape_Leng":2473.07265073,"State":"MD","assigned_to":"mike","global_rank":598.0,"lat":38.93559159140613,"lon":-75.78360098341992,"n_reserve":20,"n_target":100,"point_id":1122.0,"queue_index":85.0,"rand":0.38223593180915083,"stable_idx":1122.0}},{"type":"Feature","geometry":{"type":"Point","coordinates":[-75.80340673771585,38.72924992356703]},"id":"00000000000000000264","properties":{"Acres":8.61577503429,"Confidence":"High","County":"Caroline","Digitized_":"USGS","Imagery_In":"NAIP - Maryland, 2011","Relate_Ite":"Maryland\\Caroline","Shape_Area":34824.6329942,"Shape_Leng":661.771644958,"State":"MD","assigned_to":"mike","global_rank":612.0,"lat":38.72924992356703,"lon":-75.80340673771585,"n_reserve":20,"n_target":100,"point_id":817.0,"queue_index":87.0,"rand":0.3910959656360413,"stable_idx":817.0}},{"type":"Feature","geometry":{"type":"Point","coordinates":[-75.74090646268648,38.944976530198794]},"id":"0000000000000000026b","properties":{"Acres":47.6124381518,"Confidence":"High","County":"Caroline","Digitized_":"USGS","Imagery_In":"NAIP - Maryland, 2011","Relate_Ite":"Maryland\\Caroline","Shape_Area":192594.831594,"Shape_Leng":1920.7646941,"State":"MD","assigned_to":"mike","global_rank":619.0,"lat":38.944976530198794,"lon":-75.74090646268648,"n_reserve":20,"n_target":100,"point_id":1136.0,"queue_index":88.0,"rand":0.3970823855777236,"stable_idx":1136.0}},{"type":"Feature","geometry":{"type":"Point","coordinates":[-75.85826344194021,38.86741455924717]},"id":"00000000000000000272","properties":{"Acres":176.19672527,"Confidence":"High","County":"Caroline","Digitized_":"USGS","Imagery_In":"NAIP - Maryland, 2011","Relate_Ite":"Maryland\\Caroline","Shape_Area":712884.381409,"Shape_Leng":3028.32510642,"State":"MD","assigned_to":"mike","global_rank":626.0,"lat":38.86741455924717,"lon":-75.85826344194021,"n_reserve":20,"n_target":100,"point_id":1020.0,"queue_index":89.0,"rand":0.40183498606956225,"stable_idx":1020.0}},{"type":"Feature","geometry":{"type":"Point","coordinates":[-75.83782358370199,38.92286738498531]},"id":"00000000000000000279","properties":{"Acres":3.63354523244,"Confidence":"High","County":"Caroline","Digitized_":"USGS","Imagery_In":"NAIP - Maryland, 2011","Relate_Ite":"Maryland\\Caroline","Shape_Area":14685.037989,"Shape_Leng":481.524934694,"State":"MD","assigned_to":"mike","global_rank":633.0,"lat":38.92286738498531,"lon":-75.83782358370199,"n_reserve":20,"n_target":100,"point_id":1097.0,"queue_index":90.0,"rand":0.405605091871479,"stable_idx":1097.0}},{"type":"Feature","geometry":{"type":"Point","coordinates":[-75.96105373971123,38.70567974819202]},"id":"0000000000000000028e","properties":{"Acres":57.6664215285,"Confidence":"High","County":"Caroline","Digitized_":"USGS","Imagery_In":"NAIP - Maryland, 2011","Relate_Ite":"Maryland\\Caroline","Shape_Area":233264.001671,"Shape_Leng":2177.75158642,"State":"MD","assigned_to":"mike","global_rank":654.0,"lat":38.70567974819202,"lon":-75.96105373971123,"n_reserve":20,"n_target":100,"point_id":771.0,"queue_index":93.0,"rand":0.41840686681734196,"stable_idx":771.0}},{"type":"Feature","geometry":{"type":"Point","coordinates":[-75.82912303628986,38.73440987049423]},"id":"0000000000000000029c","properties":{"Acres":37.159448718,"Confidence":"High","County":"Caroline","Digitized_":"USGS","Imagery_In":"NAIP - Maryland, 2011","Relate_Ite":"Maryland\\Caroline","Shape_Area":150301.180436,"Shape_Leng":1713.04456698,"State":"MD","assigned_to":"mike","global_rank":668.0,"lat":38.73440987049423,"lon":-75.82912303628986,"n_reserve":20,"n_target":100,"point_id":828.0,"queue_index":95.0,"rand":0.42658869973853786,"stable_idx":828.0}},{"type":"Feature","geometry":{"type":"Point","coordinates":[-75.85712873922702,38.98783933968297]},"id":"000000000000000002a3","properties":{"Acres":68.2572447242,"Confidence":"High","County":"Caroline","Digitized_":"USGS","Imagery_In":"NAIP - Maryland, 2011","Relate_Ite":"Maryland\\Caroline","Shape_Area":276123.607679,"Shape_Leng":2322.78746309,"State":"MD","assigned_to":"mike","global_rank":675.0,"lat":38.98783933968297,"lon":-75.85712873922702,"n_reserve":20,"n_target":100,"point_id":1192.0,"queue_index":96.0,"rand":0.4306466215667969,"stable_idx":1192.0}},{"type":"Feature","geometry":{"type":"Point","coordinates":[-75.92133546521637,38.69099340178893]},"id":"000000000000000002d4","properties":{"Acres":83.4419989006,"Confidence":"High","County":"Caroline","Digitized_":"USGS","Imagery_In":"NAIP - Maryland, 2011","Relate_Ite":"Maryland\\Caroline","Shape_Area":337677.789149,"Shape_Leng":2979.10506913,"State":"MD","assigned_to":"mike","global_rank":724.0,"lat":38.69099340178893,"lon":-75.92133546521637,"n_reserve":20,"n_target":100,"point_id":747.0,"queue_index":103.0,"rand":0.4637595759391858,"stable_idx":747.0}},{"type":"Feature","geometry":{"type":"Point","coordinates":[-75.7192167124016,38.64266823185451]},"id":"000000000000000002e2","properties":{"Acres":169.139265006,"Confidence":"High","County":"Caroline","Digitized_":"USGS","Imagery_In":"NAIP - Maryland, 2011","Relate_Ite":"Maryland\\Caroline","Shape_Area":684305.42948,"Shape_Leng":3745.60627741,"State":"MD","assigned_to":"mike","global_rank":738.0,"lat":38.64266823185451,"lon":-75.7192167124016,"n_reserve":20,"n_target":100,"point_id":631.0,"queue_index":105.0,"rand":0.4770380826949553,"stable_idx":631.0}},{"type":"Feature","geometry":{"type":"Point","coordinates":[-75.76062666789524,38.90724557684691]},"id":"0000000000000000031a","properties":{"Acres":62.9966721398,"Confidence":"High","County":"Caroline","Digitized_":"USGS","Imagery_In":"NAIP - Maryland, 2011","Relate_Ite":"Maryland\\Caroline","Shape_Area":254822.788509,"Shape_Leng":1789.6915836,"State":"MD","assigned_to":"mike","global_rank":794.0,"lat":38.90724557684691,"lon":-75.76062666789524,"n_reserve":20,"n_target":100,"point_id":1068.0,"queue_index":113.0,"rand":0.5144587920295715,"stable_idx":1068.0}},{"type":"Feature","geometry":{"type":"Point","coordinates":[-75.8715575899658,38.79546500161829]},"id":"00000000000000000328","properties":{"Acres":20.09974656,"Confidence":"High","County":"Caroline","Digitized_":"USGS","Imagery_In":"NAIP - Maryland, 2011","Relate_Ite":"Maryland\\Caroline","Shape_Area":81274.5718839,"Shape_Leng":1010.81739475,"State":"MD","assigned_to":"mike","global_rank":808.0,"lat":38.79546500161829,"lon":-75.8715575899658,"n_reserve":20,"n_target":100,"point_id":962.0,"queue_index":115.0,"rand":0.5270806856346092,"stable_idx":962.0}},{"type":"Feature","geometry":{"type":"Point","coordinates":[-75.8956442423747,38.858605442640425]},"id":"00000000000000000012","properties":{"Acres":204.792622889,"Confidence":"High","County":"Caroline","Digitized_":"USGS","Imagery_In":"NAIP - Maryland, 2011","Relate_Ite":"Maryland\\Caroline","Shape_Area":828642.350141,"Shape_Leng":4144.04689448,"State":"MD","assigned_to":"sienna","global_rank":18.0,"lat":38.858605442640425,"lon":-75.8956442423747,"n_reserve":20,"n_target":100,"point_id":1013.0,"queue_index":2.0,"rand":0.010936739577311339,"stable_idx":1013.0}},{"type":"Feature","geometry":{"type":"Point","coordinates":[-75.90034512220161,38.745639669995334]},"id":"00000000000000000020","properties":{"Acres":45.9509343276,"Confidence":"High","County":"Caroline","Digitized_":"USGS","Imagery_In":"NAIP - Maryland, 2011","Relate_Ite":"Maryland\\Caroline","Shape_Area":185864.328319,"Shape_Leng":1956.01346767,"State":"MD","assigned_to":"sienna","global_rank":32.0,"lat":38.745639669995334,"lon":-75.90034512220161,"n_reserve":20,"n_target":100,"point_id":866.0,"queue_index":4.0,"rand":0.01909051646698523,"stable_idx":866.0}},{"type":"Feature","geometry":{"type":"Point","coordinates":[-75.8706381120073,38.9950078046609]},"id":"00000000000000000027","properties":{"Acres":137.160747876,"Confidence":"High","County":"Caroline","Digitized_":"USGS","Imagery_In":"NAIP - Maryland, 2011","Relate_Ite":"Maryland\\Caroline","Shape_Area":555069.853441,"Shape_Leng":3267.70762629,"State":"MD","assigned_to":"sienna","global_rank":39.0,"lat":38.9950078046609,"lon":-75.8706381120073,"n_reserve":20,"n_target":100,"point_id":1204.0,"queue_index":5.0,"rand":0.0253027646731393,"stable_idx":1204.0}},{"type":"Feature","geometry":{"type":"Point","coordinates":[-75.83895752012785,38.92582786582105]},"id":"0000000000000000007b","properties":{"Acres":74.3205118272,"Confidence":"High","County":"Caroline","Digitized_":"USGS","Imagery_In":"NAIP - Maryland, 2011","Relate_Ite":"Maryland\\Caroline","Shape_Area":300642.977121,"Shape_Leng":2510.9223005,"State":"MD","assigned_to":"sienna","global_rank":123.0,"lat":38.92582786582105,"lon":-75.83895752012785,"n_reserve":20,"n_target":100,"point_id":1105.0,"queue_index":17.0,"rand":0.07692862604163264,"stable_idx":1105.0}},{"type":"Feature","geometry":{"type":"Point","coordinates":[-75.78046908894666,38.829098470784764]},"id":"00000000000000000089","properties":{"Acres":30.0972170737,"Confidence":"High","County":"Caroline","Digitized_":"USGS","Imagery_In":"NAIP - Maryland, 2011","Relate_Ite":"Maryland\\Caroline","Shape_Area":121720.41012,"Shape_Leng":1237.03425272,"State":"MD","assigned_to":"sienna","global_rank":137.0,"lat":38.829098470784764,"lon":-75.78046908894666,"n_reserve":20,"n_target":100,"point_id":987.0,"queue_index":19.0,"rand":0.08991975542277675,"stable_idx":987.0}},{"type":"Feature","geometry":{"type":"Point","coordinates":[-75.76094609332202,39.03834994277178]},"id":"00000000000000000090","properties":{"Acres":5.23613255151,"Confidence":"High","County":"Caroline","Digitized_":"USGS","Imagery_In":"NAIP - Maryland, 2011","Relate_Ite":"Maryland\\Caroline","Shape_Area":21166.6923042,"Shape_Leng":594.34851354,"State":"MD","assigned_to":"sienna","global_rank":144.0,"lat":39.03834994277178,"lon":-75.76094609332202,"n_reserve":20,"n_target":100,"point_id":1272.0,"queue_index":20.0,"rand":0.0956762319752188,"stable_idx":1272.0}},{"type":"Feature","geometry":{"type":"Point","coordinates":[-75.89282519057771,38.71965346980786]},"id":"000000000000000000ac","properties":{"Acres":25.5538692238,"Confidence":"High","County":"Caroline","Digitized_":"USGS","Imagery_In":"NAIP - Maryland, 2011","Relate_Ite":"Maryland\\Caroline","Shape_Area":103348.734171,"Shape_Leng":1144.18965068,"State":"MD","assigned_to":"sienna","global_rank":172.0,"lat":38.71965346980786,"lon":-75.89282519057771,"n_reserve":20,"n_target":100,"point_id":800.0,"queue_index":24.0,"rand":0.11250261227484182,"stable_idx":800.0}},{"type":"Feature","geometry":{"type":"Point","coordinates":[-75.7493482140696,38.99135881367257]},"id":"000000000000000000ba","properties":{"Acres":266.878721885,"Confidence":"Low","County":"Caroline","Digitized_":"USGS","Imagery_In":"NAIP - Maryland, 2011","Relate_Ite":"Maryland\\Caroline","Shape_Area":1080019.86966,"Shape_Leng":5655.7858373,"State":"MD","assigned_to":"sienna","global_rank":186.0,"lat":38.99135881367257,"lon":-75.7493482140696,"n_reserve":20,"n_target":100,"point_id":1198.0,"queue_index":26.0,"rand":0.12314155539204474,"stable_idx":1198.0}},{"type":"Feature","geometry":{"type":"Point","coordinates":[-75.72171672409998,38.68715127742373]},"id":"000000000000000000f2","properties":{"Acres":26.1607571171,"Confidence":"High","County":"Caroline","Digitized_":"USGS","Imagery_In":"NAIP - Maryland, 2011","Relate_Ite":"Maryland\\Caroline","Shape_Area":105812.529879,"Shape_Leng":1367.43827264,"State":"MD","assigned_to":"sienna","global_rank":242.0,"lat":38.68715127742373,"lon":-75.72171672409998,"n_reserve":20,"n_target":100,"point_id":740.0,"queue_index":34.0,"rand":0.1619628198410451,"stable_idx":740.0}},{"type":"Feature","geometry":{"type":"Point","coordinates":[-75.82180907567978,38.98312454102679]},"id":"00000000000000000100","properties":{"Acres":22.2062682717,"Confidence":"High","County":"Caroline","Digitized_":"USGS","Imagery_In":"NAIP - Maryland, 2011","Relate_Ite":"Maryland\\Caroline","Shape_Area":89803.6750444,"Shape_Leng":1364.22328806,"State":"MD","assigned_to":"sienna","global_rank":256.0,"lat":38.98312454102679,"lon":-75.82180907567978,"n_reserve":20,"n_target":100,"point_id":1178.0,"queue_index":36.0,"rand":0.169421631885869,"stable_idx":1178.0}},{"type":"Feature","geometry":{"type":"Point","coordinates":[-75.90050444234164,38.7854315958686]},"id":"00000000000000000107","properties":{"Acres":46.4504716708,"Confidence":"High","County":"Caroline","Digitized_":"USGS","Imagery_In":"NAIP - Maryland, 2011","Relate_Ite":"Maryland\\Caroline","Shape_Area":187908.965612,"Shape_Leng":1551.61832816,"State":"MD","assigned_to":"sienna","global_rank":263.0,"lat":38.7854315958686,"lon":-75.90050444234164,"n_reserve":20,"n_target":100,"point_id":944.0,"queue_index":37.0,"rand":0.1756624148031114,"stable_idx":944.0}},{"type":"Feature","geometry":{"type":"Point","coordinates":[-75.92780276173687,38.74952213484316]},"id":"0000000000000000010e","properties":{"Acres":7.57548093257,"Confidence":"High","County":"Caroline","Digitized_":"USGS","Imagery_In":"NAIP - Maryland, 2011","Relate_Ite":"Maryland\\Caroline","Shape_Area":30618.1313523,"Shape_Leng":620.599432778,"State":"MD","assigned_to":"sienna","global_rank":270.0,"lat":38.74952213484316,"lon":-75.92780276173687,"n_reserve":20,"n_target":100,"point_id":878.0,"queue_index":38.0,"rand":0.17930437987007042,"stable_idx":878.0}},{"type":"Feature","geometry":{"type":"Point","coordinates":[-75.89783210203662,38.77628430077671]},"id":"00000000000000000123","properties":{"Acres":17.0618430792,"Confidence":"High","County":"Caroline","Digitized_":"USGS","Imagery_In":"NAIP - Maryland, 2011","Relate_Ite":"Maryland\\Caroline","Shape_Area":68987.2697453,"Shape_Leng":931.3117268,"State":"MD","assigned_to":"sienna","global_rank":291.0,"lat":38.77628430077671,"lon":-75.89783210203662,"n_reserve":20,"n_target":100,"point_id":926.0,"queue_index":41.0,"rand":0.191757770247851,"stable_idx":926.0}},{"type":"Feature","geometry":{"type":"Point","coordinates":[-75.74445382306921,38.941611236683045]},"id":"0000000000000000012a","properties":{"Acres":42.084452554,"Confidence":"High","County":"Caroline","Digitized_":"USGS","Imagery_In":"NAIP - Maryland, 2011","Relate_Ite":"Maryland\\Caroline","Shape_Area":170222.389089,"Shape_Leng":1870.3396363,"State":"MD","assigned_to":"sienna","global_rank":298.0,"lat":38.941611236683045,"lon":-75.74445382306921,"n_reserve":20,"n_target":100,"point_id":1133.0,"queue_index":42.0,"rand":0.19964479943185054,"stable_idx":1133.0}},{"type":"Feature","geometry":{"type":"Point","coordinates":[-75.79851625452903,38.99865805752847]},"id":"00000000000000000138","properties":{"Acres":166.535182669,"Confidence":"High","County":"Caroline","Digitized_":"USGS","Imagery_In":"NAIP - Maryland, 2011","Relate_Ite":"Maryland\\Caroline","Shape_Area":673773.315191,"Shape_Leng":2914.24833936,"State":"MD","assigned_to":"sienna","global_rank":312.0,"lat":38.99865805752847,"lon":-75.79851625452903,"n_reserve":20,"n_target":100,"point_id":1212.0,"queue_index":44.0,"rand":0.21009077527346876,"stable_idx":1212.0}},{"type":"Feature","geometry":{"type":"Point","coordinates":[-75.7519778837979,38.78817382366777]},"id":"0000000000000000015b","properties":{"Acres":53.3952699594,"Confidence":"Low","County":"Caroline","Digitized_":"USGS","Imagery_In":"NAIP - Maryland, 2011","Relate_Ite":"Maryland\\Caroline","Shape_Area":216082.99116,"Shape_Leng":2065.0043411,"State":"MD","assigned_to":"sienna","global_rank":347.0,"lat":38.78817382366777,"lon":-75.7519778837979,"n_reserve":20,"n_target":100,"point_id":951.0,"queue_index":49.0,"rand":0.22731690883367228,"stable_idx":951.0}},{"type":"Feature","geometry":{"type":"Point","coordinates":[-75.90439085278084,38.9198566110428]},"id":"00000000000000000170","properties":{"Acres":50.5892784058,"Confidence":"High","County":"Caroline","Digitized_":"USGS","Imagery_In":"NAIP - Maryland, 2011","Relate_Ite":"Maryland\\Caroline","Shape_Area":204652.710882,"Shape_Leng":1935.49394941,"State":"MD","assigned_to":"sienna","global_rank":368.0,"lat":38.9198566110428,"lon":-75.90439085278084,"n_reserve":20,"n_target":100,"point_id":1091.0,"queue_index":52.0,"rand":0.24531413371529498,"stable_idx":1091.0}},{"type":"Feature","geometry":{"type":"Point","coordinates":[-75.76544354549759,39.03804347370674]},"id":"00000000000000000185","properties":{"Acres":33.7143906975,"Confidence":"High","County":"Caroline","Digitized_":"USGS","Imagery_In":"NAIP - Maryland, 2011","Relate_Ite":"Maryland\\Caroline","Shape_Area":136362.133467,"Shape_Leng":1641.29761626,"State":"MD","assigned_to":"sienna","global_rank":389.0,"lat":39.03804347370674,"lon":-75.76544354549759,"n_reserve":20,"n_target":100,"point_id":1270.0,"queue_index":55.0,"rand":0.25816287033181007,"stable_idx":1270.0}},{"type":"Feature","geometry":{"type":"Point","coordinates":[-75.7819005210513,38.915116016083054]},"id":"000000000000000001d9","properties":{"Acres":34.2867007695,"Confidence":"High","County":"Caroline","Digitized_":"USGS","Imagery_In":"NAIP - Maryland, 2011","Relate_Ite":"Maryland\\Caroline","Shape_Area":138668.996073,"Shape_Leng":1320.39278474,"State":"MD","assigned_to":"sienna","global_rank":473.0,"lat":38.915116016083054,"lon":-75.7819005210513,"n_reserve":20,"n_target":100,"point_id":1081.0,"queue_index":67.0,"rand":0.3076184386957699,"stable_idx":1081.0}},{"type":"Feature","geometry":{"type":"Point","coordinates":[-75.75621572974777,38.87483593491835]},"id":"000000000000000001ee","properties":{"Acres":60.7803144759,"Confidence":"High","County":"Caroline","Digitized_":"USGS","Imagery_In":"NAIP - Maryland, 2011","Relate_Ite":"Maryland\\Caroline","Shape_Area":245890.592749,"Shape_Leng":2013.8743275,"State":"MD","assigned_to":"sienna","global_rank":494.0,"lat":38.87483593491835,"lon":-75.75621572974777,"n_reserve":20,"n_target":100,"point_id":1032.0,"queue_index":70.0,"rand":0.3207332985106136,"stable_idx":1032.0}},{"type":"Feature","geometry":{"type":"Point","coordinates":[-75.73712954480166,38.95575208503688]},"id":"000000000000000001f5","properties":{"Acres":62.1738554653,"Confidence":"Low","County":"Caroline","Digitized_":"USGS","Imagery_In":"NAIP - Maryland, 2011","Relate_Ite":"Maryland\\Caroline","Shape_Area":251608.666294,"Shape_Leng":2012.0826868,"State":"MD","assigned_to":"sienna","global_rank":501.0,"lat":38.95575208503688,"lon":-75.73712954480166,"n_reserve":20,"n_target":100,"point_id":1147.0,"queue_index":71.0,"rand":0.32589611041837563,"stable_idx":1147.0}},{"type":"Feature","geometry":{"type":"Point","coordinates":[-75.74983178761568,38.78025665392923]},"id":"000000000000000001fc","properties":{"Acres":53.0007270694,"Confidence":"Low","County":"Caroline","Digitized_":"USGS","Imagery_In":"NAIP - Maryland, 2011","Relate_Ite":"Maryland\\Caroline","Shape_Area":214486.332732,"Shape_Leng":2003.10153701,"State":"MD","assigned_to":"sienna","global_rank":508.0,"lat":38.78025665392923,"lon":-75.74983178761568,"n_reserve":20,"n_target":100,"point_id":933.0,"queue_index":72.0,"rand":0.32966450614603504,"stable_idx":933.0}},{"type":"Feature","geometry":{"type":"Point","coordinates":[-75.82337426306152,38.806710978345706]},"id":"0000000000000000020a","properties":{"Acres":52.9346902291,"Confidence":"High","County":"Caroline","Digitized_":"USGS","Imagery_In":"NAIP - Maryland, 2011","Relate_Ite":"Maryland\\Caroline","Shape_Area":214119.264136,"Shape_Leng":2093.15740641,"State":"MD","assigned_to":"sienna","global_rank":522.0,"lat":38.806710978345706,"lon":-75.82337426306152,"n_reserve":20,"n_target":100,"point_id":974.0,"queue_index":74.0,"rand":0.33432235094814955,"stable_idx":974.0}},{"type":"Feature","geometry":{"type":"Point","coordinates":[-75.90983075781807,38.749984280811]},"id":"00000000000000000211","properties":{"Acres":23.9371000505,"Confidence":"High","County":"Caroline","Digitized_":"USGS","Imagery_In":"NAIP - Maryland, 2011","Relate_Ite":"Maryland\\Caroline","Shape_Area":96820.3286002,"Shape_Leng":1284.03556889,"State":"MD","assigned_to":"sienna","global_rank":529.0,"lat":38.749984280811,"lon":-75.90983075781807,"n_reserve":20,"n_target":100,"point_id":880.0,"queue_index":75.0,"rand":0.3411033326969024,"stable_idx":880.0}},{"type":"Feature","geometry":{"type":"Point","coordinates":[-75.89695324366102,38.92569648557642]},"id":"00000000000000000242","properties":{"Acres":18.9302705822,"Confidence":"High","County":"Caroline","Digitized_":"USGS","Imagery_In":"NAIP - Maryland, 2011","Relate_Ite":"Maryland\\Caroline","Shape_Area":76565.5041852,"Shape_Leng":1142.52461475,"State":"MD","assigned_to":"sienna","global_rank":578.0,"lat":38.92569648557642,"lon":-75.89695324366102,"n_reserve":20,"n_target":100,"point_id":1104.0,"queue_index":82.0,"rand":0.3732752460454827,"stable_idx":1104.0}},{"type":"Feature","geometry":{"type":"Point","coordinates":[-75.8844946784067,38.98521762491091]},"id":"00000000000000000257","properties":{"Acres":30.9661666973,"Confidence":"High","County":"Caroline","Digitized_":"USGS","Imagery_In":"NAIP - Maryland, 2011","Relate_Ite":"Maryland\\Caroline","Shape_Area":125315.630577,"Shape_Leng":1457.75030395,"State":"MD","assigned_to":"sienna","global_rank":599.0,"lat":38.98521762491091,"lon":-75.8844946784067,"n_reserve":20,"n_target":100,"point_id":1186.0,"queue_index":85.0,"rand":0.38228881711201823,"stable_idx":1186.0}},{"type":"Feature","geometry":{"type":"Point","coordinates":[-75.93002854728874,38.78230742945117]},"id":"0000000000000000026c","properties":{"Acres":75.7095366388,"Confidence":"High","County":"Caroline","Digitized_":"USGS","Imagery_In":"NAIP - Maryland, 2011","Relate_Ite":"Maryland\\Caroline","Shape_Area":306259.489191,"Shape_Leng":1962.05624983,"State":"MD","assigned_to":"sienna","global_rank":620.0,"lat":38.78230742945117,"lon":-75.93002854728874,"n_reserve":20,"n_target":100,"point_id":936.0,"queue_index":88.0,"rand":0.39731684451375215,"stable_idx":936.0}},{"type":"Feature","geometry":{"type":"Point","coordinates":[-75.93922143193335,38.7537025691753]},"id":"00000000000000000273","properties":{"Acres":42.1110266619,"Confidence":"High","County":"Caroline","Digitized_":"USGS","Imagery_In":"NAIP - Maryland, 2011","Relate_Ite":"Maryland\\Caroline","Shape_Area":170349.614749,"Shape_Leng":1680.81239901,"State":"MD","assigned_to":"sienna","global_rank":627.0,"lat":38.7537025691753,"lon":-75.93922143193335,"n_reserve":20,"n_target":100,"point_id":888.0,"queue_index":89.0,"rand":0.40333965467284716,"stable_idx":888.0}},{"type":"Feature","geometry":{"type":"Point","coordinates":[-75.73758897452336,38.67157309166794]},"id":"0000000000000000027a","properties":{"Acres":147.45805139,"Confidence":"High","County":"Caroline","Digitized_":"USGS","Imagery_In":"NAIP - Maryland, 2011","Relate_Ite":"Maryland\\Caroline","Shape_Area":596607.885216,"Shape_Leng":2803.78871144,"State":"MD","assigned_to":"sienna","global_rank":634.0,"lat":38.67157309166794,"lon":-75.73758897452336,"n_reserve":20,"n_target":100,"point_id":707.0,"queue_index":90.0,"rand":0.4073155856763431,"stable_idx":707.0}},{"type":"Feature","geometry":{"type":"Point","coordinates":[-75.85458077582265,38.89063310344041]},"id":"00000000000000000281","properties":{"Acres":167.148413204,"Confidence":"High","County":"Caroline","Digitized_":"USGS","Imagery_In":"NAIP - Maryland, 2011","Relate_Ite":"Maryland\\Caroline","Shape_Area":676237.092382,"Shape_Leng":2915.34941346,"State":"MD","assigned_to":"sienna","global_rank":641.0,"lat":38.89063310344041,"lon":-75.85458077582265,"n_reserve":20,"n_target":100,"point_id":1049.0,"queue_index":91.0,"rand":0.4114328389201414,"stable_idx":1049.0}},{"type":"Feature","geometry":{"type":"Point","coordinates":[-75.96841109784647,38.70307178111223]},"id":"00000000000000000288","properties":{"Acres":33.8409070766,"Confidence":"High","County":"Caroline","Digitized_":"USGS","Imagery_In":"NAIP - Maryland, 2011","Relate_Ite":"Maryland\\Caroline","Shape_Area":136884.319402,"Shape_Leng":1579.91323276,"State":"MD","assigned_to":"sienna","global_rank":648.0,"lat":38.70307178111223,"lon":-75.96841109784647,"n_reserve":20,"n_target":100,"point_id":766.0,"queue_index":92.0,"rand":0.415238367500128,"stable_idx":766.0}},{"type":"Feature","geometry":{"type":"Point","coordinates":[-75.93615498212131,38.763717548925534]},"id":"000000000000000002dc","properties":{"Acres":30.0564660049,"Confidence":"High","County":"Caroline","Digitized_":"USGS","Imagery_In":"NAIP - Maryland, 2011","Relate_Ite":"Maryland\\Caroline","Shape_Area":121554.750922,"Shape_Leng":1236.17394344,"State":"MD","assigned_to":"sienna","global_rank":732.0,"lat":38.763717548925534,"lon":-75.93615498212131,"n_reserve":20,"n_target":100,"point_id":900.0,"queue_index":104.0,"rand":0.47172504477181554,"stable_idx":900.0}},{"type":"Feature","geometry":{"type":"Point","coordinates":[-75.788364290893,38.787746082034694]},"id":"000000000000000002e3","properties":{"Acres":19.2700594587,"Confidence":"High","County":"Caroline","Digitized_":"USGS","Imagery_In":"NAIP - Maryland, 2011","Relate_Ite":"Maryland\\Caroline","Shape_Area":77938.0431786,"Shape_Leng":1120.22431158,"State":"MD","assigned_to":"sienna","global_rank":739.0,"lat":38.787746082034694,"lon":-75.788364290893,"n_reserve":20,"n_target":100,"point_id":950.0,"queue_index":105.0,"rand":0.47729248981002304,"stable_idx":950.0}},{"type":"Feature","geometry":{"type":"Point","coordinates":[-75.84304320664006,38.941234840314685]},"id":"000000000000000002f1","properties":{"Acres":43.9048871815,"Confidence":"High","County":"Caroline","Digitized_":"USGS","Imagery_In":"NAIP - Maryland, 2011","Relate_Ite":"Maryland\\Caroline","Shape_Area":177643.030891,"Shape_Leng":1706.33092096,"State":"MD","assigned_to":"sienna","global_rank":753.0,"lat":38.941234840314685,"lon":-75.84304320664006,"n_reserve":20,"n_target":100,"point_id":1131.0,"queue_index":107.0,"rand":0.4876643581546414,"stable_idx":1131.0}},{"type":"Feature","geometry":{"type":"Point","coordinates":[-75.80138315341,38.794324891066594]},"id":"000000000000000002f8","properties":{"Acres":21.5918943141,"Confidence":"High","County":"Caroline","Digitized_":"USGS","Imagery_In":"NAIP - Maryland, 2011","Relate_Ite":"Maryland\\Caroline","Shape_Area":87313.7167602,"Shape_Leng":1047.79230508,"State":"MD","assigned_to":"sienna","global_rank":760.0,"lat":38.794324891066594,"lon":-75.80138315341,"n_reserve":20,"n_target":100,"point_id":958.0,"queue_index":108.0,"rand":0.49329418827081517,"stable_idx":958.0}},{"type":"Feature","geometry":{"type":"Point","coordinates":[-75.83663190876209,38.940092890095265]},"id":"000000000000000002ff","properties":{"Acres":81.1426950575,"Confidence":"High","County":"Caroline","Digitized_":"USGS","Imagery_In":"NAIP - Maryland, 2011","Relate_Ite":"Maryland\\Caroline","Shape_Area":328240.531393,"Shape_Leng":2031.18918451,"State":"MD","assigned_to":"sienna","global_rank":767.0,"lat":38.940092890095265,"lon":-75.83663190876209,"n_reserve":20,"n_target":100,"point_id":1128.0,"queue_index":109.0,"rand":0.4963205483261297,"stable_idx":1128.0}},{"type":"Feature","geometry":{"type":"Point","coordinates":[-75.84522347622391,38.90362190868824]},"id":"00000000000000000306","properties":{"Acres":115.205487571,"Confidence":"High","County":"Caroline","Digitized_":"USGS","Imagery_In":"NAIP - Maryland, 2011","Relate_Ite":"Maryland\\Caroline","Shape_Area":466072.093079,"Shape_Leng":3112.17884429,"State":"MD","assigned_to":"sienna","global_rank":774.0,"lat":38.90362190868824,"lon":-75.84522347622391,"n_reserve":20,"n_target":100,"point_id":1063.0,"queue_index":110.0,"rand":0.5008586446558283,"stable_idx":1063.0}},{"type":"Feature","geometry":{"type":"Point","coordinates":[-75.73306301499501,38.91229694106789]},"id":"00000000000000000314","properties":{"Acres":71.3080662271,"Confidence":"High","County":"Caroline","Digitized_":"USGS","Imagery_In":"NAIP - Maryland, 2011","Relate_Ite":"Maryland\\Caroline","Shape_Area":288450.873263,"Shape_Leng":1904.1305274,"State":"MD","assigned_to":"sienna","global_rank":788.0,"lat":38.91229694106789,"lon":-75.73306301499501,"n_reserve":20,"n_target":100,"point_id":1074.0,"queue_index":112.0,"rand":0.5104727822791406,"stable_idx":1074.0}},{"type":"Feature","geometry":{"type":"Point","coordinates":[-75.75956315716309,38.87261323922705]},"id":"00000000000000000329","properties":{"Acres":17.8904717858,"Confidence":"High","County":"Caroline","Digitized_":"USGS","Imagery_In":"NAIP - Maryland, 2011","Relate_Ite":"Maryland\\Caroline","Shape_Area":72358.9139171,"Shape_Leng":1085.16755644,"State":"MD","assigned_to":"sienna","global_rank":809.0,"lat":38.87261323922705,"lon":-75.75956315716309,"n_reserve":20,"n_target":100,"point_id":1026.0,"queue_index":115.0,"rand":0.5271523165217333,"stable_idx":1026.0}},{"type":"Feature","geometry":{"type":"Point","coordinates":[-75.78420296847621,38.833256926598175]},"id":"0000000000000000033e","properties":{"Acres":108.411899143,"Confidence":"High","County":"Caroline","Digitized_":"USGS","Imagery_In":"NAIP - Maryland, 2011","Relate_Ite":"Maryland\\Caroline","Shape_Area":438588.626604,"Shape_Leng":2942.49485571,"State":"MD","assigned_to":"sienna","global_rank":830.0,"lat":38.833256926598175,"lon":-75.78420296847621,"n_reserve":20,"n_target":100,"point_id":990.0,"queue_index":118.0,"rand":0.5448844241881011,"stable_idx":990.0}},{"type":"Feature","geometry":{"type":"Point","coordinates":[-75.8388417443285,39.01670055765951]},"id":"0000000000000000000c","properties":{"Acres":61.325573446,"Confidence":"High","County":"Caroline","Digitized_":"USGS","Imagery_In":"NAIP - Maryland, 2011","Relate_Ite":"Maryland\\Caroline","Shape_Area":248175.790757,"Shape_Leng":2004.00114709,"State":"MD","assigned_to":"taryn","global_rank":12.0,"lat":39.01670055765951,"lon":-75.8388417443285,"n_reserve":20,"n_target":100,"point_id":1239.0,"queue_index":1.0,"rand":0.00872384311132568,"stable_idx":1239.0}},{"type":"Feature","geometry":{"type":"Point","coordinates":[-75.86645828699321,38.97388658048697]},"id":"0000000000000000001a","properties":{"Acres":90.565967001,"Confidence":"High","County":"Caroline","Digitized_":"USGS","Imagery_In":"NAIP - Maryland, 2011","Relate_Ite":"Maryland\\Caroline","Shape_Area":366391.545636,"Shape_Leng":2158.20922461,"State":"MD","assigned_to":"taryn","global_rank":26.0,"lat":38.97388658048697,"lon":-75.86645828699321,"n_reserve":20,"n_target":100,"point_id":1170.0,"queue_index":3.0,"rand":0.01660143838451733,"stable_idx":1170.0}},{"type":"Feature","geometry":{"type":"Point","coordinates":[-75.92265444734036,38.71452246581226]},"id":"00000000000000000028","properties":{"Acres":43.1296013955,"Confidence":"High","County":"Caroline","Digitized_":"USGS","Imagery_In":"NAIP - Maryland, 2011","Relate_Ite":"Maryland\\Caroline","Shape_Area":174472.623136,"Shape_Leng":1813.97522298,"State":"MD","assigned_to":"taryn","global_rank":40.0,"lat":38.71452246581226,"lon":-75.92265444734036,"n_reserve":20,"n_target":100,"point_id":788.0,"queue_index":5.0,"rand":0.02543935226307692,"stable_idx":788.0}},{"type":"Feature","geometry":{"type":"Point","coordinates":[-75.90508080040173,38.75223460445225]},"id":"00000000000000000036","properties":{"Acres":29.2831128811,"Confidence":"High","County":"Caroline","Digitized_":"USGS","Imagery_In":"NAIP - Maryland, 2011","Relate_Ite":"Maryland\\Caroline","Shape_Area":118504.55343,"Shape_Leng":1724.30161345,"State":"MD","assigned_to":"taryn","global_rank":54.0,"lat":38.75223460445225,"lon":-75.90508080040173,"n_reserve":20,"n_target":100,"point_id":885.0,"queue_index":7.0,"rand":0.03655700578918297,"stable_idx":885.0}},{"type":"Feature","geometry":{"type":"Point","coordinates":[-75.90198193159517,38.748052243836646]},"id":"0000000000000000003d","properties":{"Acres":3.00032900567,"Confidence":"High","County":"Caroline","Digitized_":"USGS","Imagery_In":"NAIP - Maryland, 2011","Relate_Ite":"Maryland\\Caroline","Shape_Area":12117.5893289,"Shape_Leng":390.503552913,"State":"MD","assigned_to":"taryn","global_rank":61.0,"lat":38.748052243836646,"lon":-75.90198193159517,"n_reserve":20,"n_target":100,"point_id":874.0,"queue_index":8.0,"rand":0.041283334490294865,"stable_idx":874.0}},{"type":"Feature","geometry":{"type":"Point","coordinates":[-75.90349986430432,38.72303339843472]},"id":"00000000000000000044","properties":{"Acres":61.1601177716,"Confidence":"High","County":"Caroline","Digitized_":"USGS","Imagery_In":"NAIP - Maryland, 2011","Relate_Ite":"Maryland\\Caroline","Shape_Area":247392.627083,"Shape_Leng":1763.41552166,"State":"MD","assigned_to":"taryn","global_rank":68.0,"lat":38.72303339843472,"lon":-75.90349986430432,"n_reserve":20,"n_target":100,"point_id":805.0,"queue_index":9.0,"rand":0.04571892206194994,"stable_idx":805.0}},{"type":"Feature","geometry":{"type":"Point","coordinates":[-75.8553097674753,38.73046192973313]},"id":"00000000000000000067","properties":{"Acres":68.7079644486,"Confidence":"High","County":"Caroline","Digitized_":"USGS","Imagery_In":"NAIP - Maryland, 2011","Relate_Ite":"Maryland\\Caroline","Shape_Area":277966.37334,"Shape_Leng":1891.28544044,"State":"MD","assigned_to":"taryn","global_rank":103.0,"lat":38.73046192973313,"lon":-75.8553097674753,"n_reserve":20,"n_target":100,"point_id":820.0,"queue_index":14.0,"rand":0.06536878920281419,"stable_idx":820.0}},{"type":"Feature","geometry":{"type":"Point","coordinates":[-75.82972456432086,38.729469192204164]},"id":"00000000000000000098","properties":{"Acres":11.624720992,"Confidence":"High","County":"Caroline","Digitized_":"USGS","Imagery_In":"NAIP - Maryland, 2011","Relate_Ite":"Maryland\\Caroline","Shape_Area":46993.2357798,"Shape_Leng":768.670284474,"State":"MD","assigned_to":"taryn","global_rank":152.0,"lat":38.729469192204164,"lon":-75.82972456432086,"n_reserve":20,"n_target":100,"point_id":818.0,"queue_index":21.0,"rand":0.09853226981604613,"stable_idx":818.0}},{"type":"Feature","geometry":{"type":"Point","coordinates":[-75.76758216409213,39.03512491954298]},"id":"0000000000000000009f","properties":{"Acres":31.8742324663,"Confidence":"High","County":"Caroline","Digitized_":"USGS","Imagery_In":"NAIP - Maryland, 2011","Relate_Ite":"Maryland\\Caroline","Shape_Area":128908.808596,"Shape_Leng":1272.97596896,"State":"MD","assigned_to":"taryn","global_rank":159.0,"lat":39.03512491954298,"lon":-75.76758216409213,"n_reserve":20,"n_target":100,"point_id":1263.0,"queue_index":22.0,"rand":0.10093100144713185,"stable_idx":1263.0}},{"type":"Feature","geometry":{"type":"Point","coordinates":[-75.8501579636532,38.930420958543564]},"id":"000000000000000000d0","properties":{"Acres":59.5262743815,"Confidence":"High","County":"Caroline","Digitized_":"USGS","Imagery_In":"NAIP - Maryland, 2011","Relate_Ite":"Maryland\\Caroline","Shape_Area":240789.505793,"Shape_Leng":2225.05619201,"State":"MD","assigned_to":"taryn","global_rank":208.0,"lat":38.930420958543564,"lon":-75.8501579636532,"n_reserve":20,"n_target":100,"point_id":1115.0,"queue_index":29.0,"rand":0.1357783808690216,"stable_idx":1115.0}},{"type":"Feature","geometry":{"type":"Point","coordinates":[-75.90699369698365,38.7971660705154]},"id":"000000000000000000e5","properties":{"Acres":17.0562063422,"Confidence":"High","County":"Caroline","Digitized_":"USGS","Imagery_In":"NAIP - Maryland, 2011","Relate_Ite":"Maryland\\Caroline","Shape_Area":68964.4791101,"Shape_Leng":931.157889862,"State":"MD","assigned_to":"taryn","global_rank":229.0,"lat":38.7971660705154,"lon":-75.90699369698365,"n_reserve":20,"n_target":100,"point_id":967.0,"queue_index":32.0,"rand":0.15067873239796947,"stable_idx":967.0}},{"type":"Feature","geometry":{"type":"Point","coordinates":[-75.82525265017871,38.72986452709876]},"id":"000000000000000000fa","properties":{"Acres":26.7249257045,"Confidence":"High","County":"Caroline","Digitized_":"USGS","Imagery_In":"NAIP - Maryland, 2011","Relate_Ite":"Maryland\\Caroline","Shape_Area":108076.076903,"Shape_Leng":1165.60486712,"State":"MD","assigned_to":"taryn","global_rank":250.0,"lat":38.72986452709876,"lon":-75.82525265017871,"n_reserve":20,"n_target":100,"point_id":819.0,"queue_index":35.0,"rand":0.16610549597430624,"stable_idx":819.0}},{"type":"Feature","geometry":{"type":"Point","coordinates":[-75.93877418282726,38.93136744241407]},"id":"00000000000000000101","properties":{"Acres":64.2672173377,"Confidence":"High","County":"Caroline","Digitized_":"USGS","Imagery_In":"NAIP - Maryland, 2011","Relate_Ite":"Maryland\\Caroline","Shape_Area":260080.201233,"Shape_Leng":1808.04067449,"State":"MD","assigned_to":"taryn","global_rank":257.0,"lat":38.93136744241407,"lon":-75.93877418282726,"n_reserve":20,"n_target":100,"point_id":1118.0,"queue_index":36.0,"rand":0.17000093307393882,"stable_idx":1118.0}},{"type":"Feature","geometry":{"type":"Point","coordinates":[-75.86534057494559,38.7120906880261]},"id":"00000000000000000108","properties":{"Acres":159.986441552,"Confidence":"High","County":"Caroline","Digitized_":"USGS","Imagery_In":"NAIP - Maryland, 2011","Relate_Ite":"Maryland\\Caroline","Shape_Area":647381.060867,"Shape_Leng":2952.80127154,"State":"MD","assigned_to":"taryn","global_rank":264.0,"lat":38.7120906880261,"lon":-75.86534057494559,"n_reserve":20,"n_target":100,"point_id":784.0,"queue_index":37.0,"rand":0.1764654857675615,"stable_idx":784.0}},{"type":"Feature","geometry":{"type":"Point","coordinates":[-75.79759827729245,38.73852921738544]},"id":"0000000000000000010f","properties":{"Acres":4.05212821192,"Confidence":"High","County":"Caroline","Digitized_":"USGS","Imagery_In":"NAIP - Maryland, 2011","Relate_Ite":"Maryland\\Caroline","Shape_Area":16369.6652644,"Shape_Leng":453.783537816,"State":"MD","assigned_to":"taryn","global_rank":271.0,"lat":38.73852921738544,"lon":-75.79759827729245,"n_reserve":20,"n_target":100,"point_id":844.0,"queue_index":38.0,"rand":0.18005574232502364,"stable_idx":844.0}},{"type":"Feature","geometry":{"type":"Point","coordinates":[-75.74316072501361,38.78515008834324]},"id":"00000000000000000139","properties":{"Acres":37.2806719439,"Confidence":"High","County":"Caroline","Digitized_":"USGS","Imagery_In":"NAIP - Maryland, 2011","Relate_Ite":"Maryland\\Caroline","Shape_Area":150779.849463,"Shape_Leng":1376.71203855,"State":"MD","assigned_to":"taryn","global_rank":313.0,"lat":38.78515008834324,"lon":-75.74316072501361,"n_reserve":20,"n_target":100,"point_id":943.0,"queue_index":44.0,"rand":0.21042803235122665,"stable_idx":943.0}},{"type":"Feature","geometry":{"type":"Point","coordinates":[-75.90581296628176,38.74460110151679]},"id":"00000000000000000147","properties":{"Acres":21.7375443986,"Confidence":"High","County":"Caroline","Digitized_":"USGS","Imagery_In":"NAIP - Maryland, 2011","Relate_Ite":"Maryland\\Caroline","Shape_Area":87901.1518979,"Shape_Leng":1051.26310772,"State":"MD","assigned_to":"taryn","global_rank":327.0,"lat":38.74460110151679,"lon":-75.90581296628176,"n_reserve":20,"n_target":100,"point_id":862.0,"queue_index":46.0,"rand":0.2175563935075957,"stable_idx":862.0}},{"type":"Feature","geometry":{"type":"Point","coordinates":[-75.85027386902468,38.98514907777507]},"id":"00000000000000000178","properties":{"Acres":81.9123942877,"Confidence":"High","County":"Caroline","Digitized_":"USGS","Imagery_In":"NAIP - Maryland, 2011","Relate_Ite":"Maryland\\Caroline","Shape_Area":331355.954864,"Shape_Leng":2040.79995948,"State":"MD","assigned_to":"taryn","global_rank":376.0,"lat":38.98514907777507,"lon":-75.85027386902468,"n_reserve":20,"n_target":100,"point_id":1185.0,"queue_index":53.0,"rand":0.2498742829847478,"stable_idx":1185.0}},{"type":"Feature","geometry":{"type":"Point","coordinates":[-75.92845464122809,38.77481206006786]},"id":"00000000000000000194","properties":{"Acres":28.3402079356,"Confidence":"High","County":"Caroline","Digitized_":"USGS","Imagery_In":"NAIP - Maryland, 2011","Relate_Ite":"Maryland\\Caroline","Shape_Area":114633.333759,"Shape_Leng":1416.29909431,"State":"MD","assigned_to":"taryn","global_rank":404.0,"lat":38.77481206006786,"lon":-75.92845464122809,"n_reserve":20,"n_target":100,"point_id":923.0,"queue_index":57.0,"rand":0.26506562876141027,"stable_idx":923.0}},{"type":"Feature","geometry":{"type":"Point","coordinates":[-75.72429971923707,38.724144493230526]},"id":"000000000000000001d3","properties":{"Acres":123.145647706,"Confidence":"High","County":"Caroline","Digitized_":"USGS","Imagery_In":"NAIP - Maryland, 2011","Relate_Ite":"Maryland\\Caroline","Shape_Area":498187.595177,"Shape_Leng":2502.29147614,"State":"MD","assigned_to":"taryn","global_rank":467.0,"lat":38.724144493230526,"lon":-75.72429971923707,"n_reserve":20,"n_target":100,"point_id":808.0,"queue_index":66.0,"rand":0.302201525011627,"stable_idx":808.0}},{"type":"Feature","geometry":{"type":"Point","coordinates":[-75.91243161857332,38.946300697560226]},"id":"000000000000000001da","properties":{"Acres":65.3771151614,"Confidence":"High","County":"Caroline","Digitized_":"USGS","Imagery_In":"NAIP - Maryland, 2011","Relate_Ite":"Maryland\\Caroline","Shape_Area":264571.798369,"Shape_Leng":2382.23621357,"State":"MD","assigned_to":"taryn","global_rank":474.0,"lat":38.946300697560226,"lon":-75.91243161857332,"n_reserve":20,"n_target":100,"point_id":1137.0,"queue_index":67.0,"rand":0.3083288787794253,"stable_idx":1137.0}},{"type":"Feature","geometry":{"type":"Point","coordinates":[-75.88952018574578,39.0073917082914]},"id":"000000000000000001e1","properties":{"Acres":91.8941189181,"Confidence":"High","County":"Caroline","Digitized_":"USGS","Imagery_In":"NAIP - Maryland, 2011","Relate_Ite":"Maryland\\Caroline","Shape_Area":371882.305325,"Shape_Leng":2554.97417994,"State":"MD","assigned_to":"taryn","global_rank":481.0,"lat":39.0073917082914,"lon":-75.88952018574578,"n_reserve":20,"n_target":100,"point_id":1229.0,"queue_index":68.0,"rand":0.3123920677427863,"stable_idx":1229.0}},{"type":"Feature","geometry":{"type":"Point","coordinates":[-75.85973919826986,39.00008600781021]},"id":"000000000000000001ef","properties":{"Acres":132.422435544,"Confidence":"High","County":"Caroline","Digitized_":"USGS","Imagery_In":"NAIP - Maryland, 2011","Relate_Ite":"Maryland\\Caroline","Shape_Area":535894.583752,"Shape_Leng":3362.88694608,"State":"MD","assigned_to":"taryn","global_rank":495.0,"lat":39.00008600781021,"lon":-75.85973919826986,"n_reserve":20,"n_target":100,"point_id":1216.0,"queue_index":70.0,"rand":0.32123847817414153,"stable_idx":1216.0}},{"type":"Feature","geometry":{"type":"Point","coordinates":[-75.92576000812444,38.77249420833302]},"id":"000000000000000001f6","properties":{"Acres":30.9113328922,"Confidence":"High","County":"Caroline","Digitized_":"USGS","Imagery_In":"NAIP - Maryland, 2011","Relate_Ite":"Maryland\\Caroline","Shape_Area":125040.936506,"Shape_Leng":1583.38062069,"State":"MD","assigned_to":"taryn","global_rank":502.0,"lat":38.77249420833302,"lon":-75.92576000812444,"n_reserve":20,"n_target":100,"point_id":915.0,"queue_index":71.0,"rand":0.32631278997645086,"stable_idx":915.0}},{"type":"Feature","geometry":{"type":"Point","coordinates":[-75.89593272368731,38.96709796933717]},"id":"00000000000000000282","properties":{"Acres":71.8771205384,"Confidence":"High","County":"Caroline","Digitized_":"USGS","Imagery_In":"NAIP - Maryland, 2011","Relate_Ite":"Maryland\\Caroline","Shape_Area":290876.386875,"Shape_Leng":2205.25887777,"State":"MD","assigned_to":"taryn","global_rank":642.0,"lat":38.96709796933717,"lon":-75.89593272368731,"n_reserve":20,"n_target":100,"point_id":1155.0,"queue_index":91.0,"rand":0.41245005394181367,"stable_idx":1155.0}},{"type":"Feature","geometry":{"type":"Point","coordinates":[-75.85769542648701,38.967842419130754]},"id":"000000000000000002b3","properties":{"Acres":38.9070778659,"Confidence":"High","County":"Caroline","Digitized_":"USGS","Imagery_In":"NAIP - Maryland, 2011","Relate_Ite":"Maryland\\Caroline","Shape_Area":157362.000682,"Shape_Leng":1406.52778233,"State":"MD","assigned_to":"taryn","global_rank":691.0,"lat":38.967842419130754,"lon":-75.85769542648701,"n_reserve":20,"n_target":100,"point_id":1158.0,"queue_index":98.0,"rand":0.4403828205676681,"stable_idx":1158.0}},{"type":"Feature","geometry":{"type":"Point","coordinates":[-75.75136841985756,38.69017782247783]},"id":"000000000000000002cf","properties":{"Acres":24.3256857439,"Confidence":"High","County":"Caroline","Digitized_":"USGS","Imagery_In":"NAIP - Maryland, 2011","Relate_Ite":"Maryland\\Caroline","Shape_Area":98371.3770369,"Shape_Leng":1112.05810477,"State":"MD","assigned_to":"taryn","global_rank":719.0,"lat":38.69017782247783,"lon":-75.75136841985756,"n_reserve":20,"n_target":100,"point_id":746.0,"queue_index":102.0,"rand":0.4594941133294992,"stable_idx":746.0}},{"type":"Feature","geometry":{"type":"Point","coordinates":[-75.90998041835164,38.78546748498956]},"id":"000000000000000002e4","properties":{"Acres":38.2863253182,"Confidence":"High","County":"Caroline","Digitized_":"USGS","Imagery_In":"NAIP - Maryland, 2011","Relate_Ite":"Maryland\\Caroline","Shape_Area":154867.759454,"Shape_Leng":1675.57924414,"State":"MD","assigned_to":"taryn","global_rank":740.0,"lat":38.78546748498956,"lon":-75.90998041835164,"n_reserve":20,"n_target":100,"point_id":945.0,"queue_index":105.0,"rand":0.4774216012590743,"stable_idx":945.0}},{"type":"Feature","geometry":{"type":"Point","coordinates":[-75.87240544159411,38.76587787263766]},"id":"00000000000000000307","properties":{"Acres":84.3566167305,"Confidence":"High","County":"Caroline","Digitized_":"USGS","Imagery_In":"NAIP - Maryland, 2011","Relate_Ite":"Maryland\\Caroline","Shape_Area":341262.079996,"Shape_Leng":2076.80515832,"State":"MD","assigned_to":"taryn","global_rank":775.0,"lat":38.76587787263766,"lon":-75.87240544159411,"n_reserve":20,"n_target":100,"point_id":905.0,"queue_index":110.0,"rand":0.5027685299133821,"stable_idx":905.0}},{"type":"Feature","geometry":{"type":"Point","coordinates":[-75.85924152467756,38.77890278715574]},"id":"00000000000000000323","properties":{"Acres":45.3073363777,"Confidence":"High","County":"Caroline","Digitized_":"USGS","Imagery_In":"NAIP - Maryland, 2011","Relate_Ite":"Maryland\\Caroline","Shape_Area":183254.010868,"Shape_Leng":1517.72577819,"State":"MD","assigned_to":"taryn","global_rank":803.0,"lat":38.77890278715574,"lon":-75.85924152467756,"n_reserve":20,"n_target":100,"point_id":929.0,"queue_index":114.0,"rand":0.5221470115029587,"stable_idx":929.0}},{"type":"Feature","geometry":{"type":"Point","coordinates":[-75.88174909481421,38.8797924211803]},"id":"00000000000000000331","properties":{"Acres":51.1666984546,"Confidence":"High","County":"Caroline","Digitized_":"USGS","Imagery_In":"NAIP - Maryland, 2011","Relate_Ite":"Maryland\\Caroline","Shape_Area":206960.74602,"Shape_Leng":1612.93985225,"State":"MD","assigned_to":"taryn","global_rank":817.0,"lat":38.8797924211803,"lon":-75.88174909481421,"n_reserve":20,"n_target":100,"point_id":1040.0,"queue_index":116.0,"rand":0.537256193860017,"stable_idx":1040.0}},{"type":"Feature","geometry":{"type":"Point","coordinates":[-75.80705242929203,38.73652880369913]},"id":"0000000000000000001b","properties":{"Acres":45.4408806389,"Confidence":"High","County":"Caroline","Digitized_":"USGS","Imagery_In":"NAIP - Maryland, 2011","Relate_Ite":"Maryland\\Caroline","Shape_Area":183816.78952,"Shape_Leng":1527.03324795,"State":"MD","assigned_to":"tien","global_rank":27.0,"lat":38.73652880369913,"lon":-75.80705242929203,"n_reserve":20,"n_target":100,"point_id":835.0,"queue_index":3.0,"rand":0.017366607992373884,"stable_idx":835.0}},{"type":"Feature","geometry":{"type":"Point","coordinates":[-75.7787555775259,38.98594187404697]},"id":"00000000000000000022","properties":{"Acres":29.6843062098,"Confidence":"High","County":"Caroline","Digitized_":"USGS","Imagery_In":"NAIP - Maryland, 2011","Relate_Ite":"Maryland\\Caroline","Shape_Area":120055.973629,"Shape_Leng":1563.87059794,"State":"MD","assigned_to":"tien","global_rank":34.0,"lat":38.98594187404697,"lon":-75.7787555775259,"n_reserve":20,"n_target":100,"point_id":1190.0,"queue_index":4.0,"rand":0.020668976676092243,"stable_idx":1190.0}},{"type":"Feature","geometry":{"type":"Point","coordinates":[-75.85479335949759,38.71041199306295]},"id":"00000000000000000029","properties":{"Acres":25.4642784374,"Confidence":"High","County":"Caroline","Digitized_":"USGS","Imagery_In":"NAIP - Maryland, 2011","Relate_Ite":"Maryland\\Caroline","Shape_Area":103013.141384,"Shape_Leng":1211.14040495,"State":"MD","assigned_to":"tien","global_rank":41.0,"lat":38.71041199306295,"lon":-75.85479335949759,"n_reserve":20,"n_target":100,"point_id":782.0,"queue_index":5.0,"rand":0.02558544330675716,"stable_idx":782.0}},{"type":"Feature","geometry":{"type":"Point","coordinates":[-75.77564806921576,38.83969742481075]},"id":"0000000000000000003e","properties":{"Acres":150.959673123,"Confidence":"High","County":"Caroline","Digitized_":"USGS","Imagery_In":"NAIP - Maryland, 2011","Relate_Ite":"Maryland\\Caroline","Shape_Area":610731.147852,"Shape_Leng":2770.53684493,"State":"MD","assigned_to":"tien","global_rank":62.0,"lat":38.83969742481075,"lon":-75.77564806921576,"n_reserve":20,"n_target":100,"point_id":992.0,"queue_index":8.0,"rand":0.04134000225554546,"stable_idx":992.0}},{"type":"Feature","geometry":{"type":"Point","coordinates":[-75.78399484323134,38.7781793463223]},"id":"00000000000000000061","properties":{"Acres":12.2901713953,"Confidence":"High","County":"Caroline","Digitized_":"USGS","Imagery_In":"NAIP - Maryland, 2011","Relate_Ite":"Maryland\\Caroline","Shape_Area":49700.3418388,"Shape_Leng":922.968808019,"State":"MD","assigned_to":"tien","global_rank":97.0,"lat":38.7781793463223,"lon":-75.78399484323134,"n_reserve":20,"n_target":100,"point_id":928.0,"queue_index":13.0,"rand":0.06143069427253467,"stable_idx":928.0}},{"type":"Feature","geometry":{"type":"Point","coordinates":[-75.74546103297514,39.060997229574276]},"id":"0000000000000000006f","properties":{"Acres":115.397209862,"Confidence":"High","County":"Caroline","Digitized_":"USGS","Imagery_In":"NAIP - Maryland, 2011","Relate_Ite":"Maryland\\Caroline","Shape_Area":466883.024848,"Shape_Leng":2789.86293326,"State":"MD","assigned_to":"tien","global_rank":111.0,"lat":39.060997229574276,"lon":-75.74546103297514,"n_reserve":20,"n_target":100,"point_id":1302.0,"queue_index":15.0,"rand":0.07214506798505926,"stable_idx":1302.0}},{"type":"Feature","geometry":{"type":"Point","coordinates":[-75.96736375032346,38.706568302628014]},"id":"0000000000000000007d","properties":{"Acres":6.01032143108,"Confidence":"High","County":"Caroline","Digitized_":"USGS","Imagery_In":"NAIP - Maryland, 2011","Relate_Ite":"Maryland\\Caroline","Shape_Area":24293.2537219,"Shape_Leng":688.938113852,"State":"MD","assigned_to":"tien","global_rank":125.0,"lat":38.706568302628014,"lon":-75.96736375032346,"n_reserve":20,"n_target":100,"point_id":776.0,"queue_index":17.0,"rand":0.07777121099169981,"stable_idx":776.0}},{"type":"Feature","geometry":{"type":"Point","coordinates":[-75.89472020594911,38.98081628441351]},"id":"0000000000000000008b","properties":{"Acres":5.00000977986,"Confidence":"High","County":"Caroline","Digitized_":"USGS","Imagery_In":"NAIP - Maryland, 2011","Relate_Ite":"Maryland\\Caroline","Shape_Area":20222.701152,"Shape_Leng":568.240856506,"State":"MD","assigned_to":"tien","global_rank":139.0,"lat":38.98081628441351,"lon":-75.89472020594911,"n_reserve":20,"n_target":100,"point_id":1175.0,"queue_index":19.0,"rand":0.09012014696273585,"stable_idx":1175.0}},{"type":"Feature","geometry":{"type":"Point","coordinates":[-75.83643195005216,38.99618392189335]},"id":"000000000000000000a7","properties":{"Acres":54.9842751685,"Confidence":"High","County":"Caroline","Digitized_":"USGS","Imagery_In":"NAIP - Maryland, 2011","Relate_Ite":"Maryland\\Caroline","Shape_Area":222424.112963,"Shape_Leng":2023.59667452,"State":"MD","assigned_to":"tien","global_rank":167.0,"lat":38.99618392189335,"lon":-75.83643195005216,"n_reserve":20,"n_target":100,"point_id":1206.0,"queue_index":23.0,"rand":0.10998309487103208,"stable_idx":1206.0}},{"type":"Feature","geometry":{"type":"Point","coordinates":[-75.87121854937558,38.74449993138462]},"id":"000000000000000000c3","properties":{"Acres":6.96032263863,"Confidence":"High","County":"Caroline","Digitized_":"USGS","Imagery_In":"NAIP - Maryland, 2011","Relate_Ite":"Maryland\\Caroline","Shape_Area":28141.8596462,"Shape_Leng":665.444931704,"State":"MD","assigned_to":"tien","global_rank":195.0,"lat":38.74449993138462,"lon":-75.87121854937558,"n_reserve":20,"n_target":100,"point_id":860.0,"queue_index":27.0,"rand":0.12713266700175674,"stable_idx":860.0}},{"type":"Feature","geometry":{"type":"Point","coordinates":[-75.86952028506956,38.698242366820345]},"id":"000000000000000000df","properties":{"Acres":109.043894698,"Confidence":"High","County":"Caroline","Digitized_":"USGS","Imagery_In":"NAIP - Maryland, 2011","Relate_Ite":"Maryland\\Caroline","Shape_Area":441254.040293,"Shape_Leng":2481.94381796,"State":"MD","assigned_to":"tien","global_rank":223.0,"lat":38.698242366820345,"lon":-75.86952028506956,"n_reserve":20,"n_target":100,"point_id":758.0,"queue_index":31.0,"rand":0.14707991926636632,"stable_idx":758.0}},{"type":"Feature","geometry":{"type":"Point","coordinates":[-75.74995169736823,39.024884455261486]},"id":"000000000000000000e6","properties":{"Acres":90.9870834127,"Confidence":"High","County":"Caroline","Digitized_":"USGS","Imagery_In":"NAIP - Maryland, 2011","Relate_Ite":"Maryland\\Caroline","Shape_Area":368089.71205,"Shape_Leng":2668.37036699,"State":"MD","assigned_to":"tien","global_rank":230.0,"lat":39.024884455261486,"lon":-75.74995169736823,"n_reserve":20,"n_target":100,"point_id":1251.0,"queue_index":32.0,"rand":0.15129721278425157,"stable_idx":1251.0}},{"type":"Feature","geometry":{"type":"Point","coordinates":[-75.87040435371408,38.950276302260164]},"id":"000000000000000000ed","properties":{"Acres":103.258458267,"Confidence":"High","County":"Caroline","Digitized_":"USGS","Imagery_In":"NAIP - Maryland, 2011","Relate_Ite":"Maryland\\Caroline","Shape_Area":417872.155005,"Shape_Leng":2966.63517597,"State":"MD","assigned_to":"tien","global_rank":237.0,"lat":38.950276302260164,"lon":-75.87040435371408,"n_reserve":20,"n_target":100,"point_id":1141.0,"queue_index":33.0,"rand":0.1571546468559616,"stable_idx":1141.0}},{"type":"Feature","geometry":{"type":"Point","coordinates":[-75.80608271739075,38.745181692293784]},"id":"000000000000000000f4","properties":{"Acres":84.202470938,"Confidence":"High","County":"Caroline","Digitized_":"USGS","Imagery_In":"NAIP - Maryland, 2011","Relate_Ite":"Maryland\\Caroline","Shape_Area":340643.786345,"Shape_Leng":2083.70191205,"State":"MD","assigned_to":"tien","global_rank":244.0,"lat":38.745181692293784,"lon":-75.80608271739075,"n_reserve":20,"n_target":100,"point_id":863.0,"queue_index":34.0,"rand":0.16216190359933846,"stable_idx":863.0}},{"type":"Feature","geometry":{"type":"Point","coordinates":[-75.8142484090435,38.76845873293049]},"id":"000000000000000000fb","properties":{"Acres":37.5454653388,"Confidence":"High","County":"Caroline","Digitized_":"USGS","Imagery_In":"NAIP - Maryland, 2011","Relate_Ite":"Maryland\\Caroline","Shape_Area":151852.308832,"Shape_Leng":1381.62938769,"State":"MD","assigned_to":"tien","global_rank":251.0,"lat":38.76845873293049,"lon":-75.8142484090435,"n_reserve":20,"n_target":100,"point_id":907.0,"queue_index":35.0,"rand":0.16624862252986006,"stable_idx":907.0}},{"type":"Feature","geometry":{"type":"Point","coordinates":[-75.73233208412823,38.697209448768334]},"id":"00000000000000000110","properties":{"Acres":64.5158756432,"Confidence":"High","County":"Caroline","Digitized_":"USGS","Imagery_In":"NAIP - Maryland, 2011","Relate_Ite":"Maryland\\Caroline","Shape_Area":260970.337804,"Shape_Leng":1811.17570942,"State":"MD","assigned_to":"tien","global_rank":272.0,"lat":38.697209448768334,"lon":-75.73233208412823,"n_reserve":20,"n_target":100,"point_id":754.0,"queue_index":38.0,"rand":0.18012431017381025,"stable_idx":754.0}},{"type":"Feature","geometry":{"type":"Point","coordinates":[-75.7436689269102,38.8085031335438]},"id":"00000000000000000125","properties":{"Acres":30.3282199197,"Confidence":"High","County":"Caroline","Digitized_":"USGS","Imagery_In":"NAIP - Maryland, 2011","Relate_Ite":"Maryland\\Caroline","Shape_Area":122654.598618,"Shape_Leng":1241.77119225,"State":"MD","assigned_to":"tien","global_rank":293.0,"lat":38.8085031335438,"lon":-75.7436689269102,"n_reserve":20,"n_target":100,"point_id":976.0,"queue_index":41.0,"rand":0.1940770594399852,"stable_idx":976.0}},{"type":"Feature","geometry":{"type":"Point","coordinates":[-75.90415522506136,38.77201622666522]},"id":"0000000000000000012c","properties":{"Acres":133.191703238,"Confidence":"High","County":"Caroline","Digitized_":"USGS","Imagery_In":"NAIP - Maryland, 2011","Relate_Ite":"Maryland\\Caroline","Shape_Area":538838.059369,"Shape_Leng":2602.38475681,"State":"MD","assigned_to":"tien","global_rank":300.0,"lat":38.77201622666522,"lon":-75.90415522506136,"n_reserve":20,"n_target":100,"point_id":914.0,"queue_index":42.0,"rand":0.2012782512096476,"stable_idx":914.0}},{"type":"Feature","geometry":{"type":"Point","coordinates":[-75.83673437661979,38.96878610908659]},"id":"00000000000000000133","properties":{"Acres":15.6152623357,"Confidence":"High","County":"Caroline","Digitized_":"USGS","Imagery_In":"NAIP - Maryland, 2011","Relate_Ite":"Maryland\\Caroline","Shape_Area":63151.1333371,"Shape_Leng":1052.1981951,"State":"MD","assigned_to":"tien","global_rank":307.0,"lat":38.96878610908659,"lon":-75.83673437661979,"n_reserve":20,"n_target":100,"point_id":1159.0,"queue_index":43.0,"rand":0.2070085266079459,"stable_idx":1159.0}},{"type":"Feature","geometry":{"type":"Point","coordinates":[-75.88879395563096,38.78428706020198]},"id":"0000000000000000013a","properties":{"Acres":30.539177644,"Confidence":"High","County":"Caroline","Digitized_":"USGS","Imagery_In":"NAIP - Maryland, 2011","Relate_Ite":"Maryland\\Caroline","Shape_Area":123511.144572,"Shape_Leng":1615.16738638,"State":"MD","assigned_to":"tien","global_rank":314.0,"lat":38.78428706020198,"lon":-75.88879395563096,"n_reserve":20,"n_target":100,"point_id":941.0,"queue_index":44.0,"rand":0.21049961972194986,"stable_idx":941.0}},{"type":"Feature","geometry":{"type":"Point","coordinates":[-75.85120095377741,38.76909116492597]},"id":"0000000000000000014f","properties":{"Acres":37.686246194,"Confidence":"High","County":"Caroline","Digitized_":"USGS","Imagery_In":"NAIP - Maryland, 2011","Relate_Ite":"Maryland\\Caroline","Shape_Area":152430.081987,"Shape_Leng":1747.42020305,"State":"MD","assigned_to":"tien","global_rank":335.0,"lat":38.76909116492597,"lon":-75.85120095377741,"n_reserve":20,"n_target":100,"point_id":908.0,"queue_index":47.0,"rand":0.22418095157787343,"stable_idx":908.0}},{"type":"Feature","geometry":{"type":"Point","coordinates":[-75.96061924312846,38.74031087688271]},"id":"00000000000000000156","properties":{"Acres":9.28018546977,"Confidence":"High","County":"Caroline","Digitized_":"USGS","Imagery_In":"NAIP - Maryland, 2011","Relate_Ite":"Maryland\\Caroline","Shape_Area":37512.1899488,"Shape_Leng":686.811436894,"State":"MD","assigned_to":"tien","global_rank":342.0,"lat":38.74031087688271,"lon":-75.96061924312846,"n_reserve":20,"n_target":100,"point_id":854.0,"queue_index":48.0,"rand":0.22530793598657906,"stable_idx":854.0}},{"type":"Feature","geometry":{"type":"Point","coordinates":[-75.90166091422633,38.983242951053136]},"id":"00000000000000000164","properties":{"Acres":287.185842221,"Confidence":"High","County":"Caroline","Digitized_":"USGS","Imagery_In":"NAIP - Maryland, 2011","Relate_Ite":"Maryland\\Caroline","Shape_Area":1162199.87001,"Shape_Leng":3821.8086659,"State":"MD","assigned_to":"tien","global_rank":356.0,"lat":38.983242951053136,"lon":-75.90166091422633,"n_reserve":20,"n_target":100,"point_id":1180.0,"queue_index":50.0,"rand":0.23221820193777143,"stable_idx":1180.0}},{"type":"Feature","geometry":{"type":"Point","coordinates":[-75.75951602804051,39.04160571258407]},"id":"0000000000000000019c","properties":{"Acres":70.2547310716,"Confidence":"High","County":"Caroline","Digitized_":"USGS","Imagery_In":"NAIP - Maryland, 2011","Relate_Ite":"Maryland\\Caroline","Shape_Area":284188.589604,"Shape_Leng":1889.97990562,"State":"MD","assigned_to":"tien","global_rank":412.0,"lat":39.04160571258407,"lon":-75.75951602804051,"n_reserve":20,"n_target":100,"point_id":1281.0,"queue_index":58.0,"rand":0.27207102081775825,"stable_idx":1281.0}},{"type":"Feature","geometry":{"type":"Point","coordinates":[-75.8183763732194,38.98457756544236]},"id":"000000000000000001b8","properties":{"Acres":9.4026987972,"Confidence":"High","County":"Caroline","Digitized_":"USGS","Imagery_In":"NAIP - Maryland, 2011","Relate_Ite":"Maryland\\Caroline","Shape_Area":38019.2928564,"Shape_Leng":777.663549605,"State":"MD","assigned_to":"tien","global_rank":440.0,"lat":38.98457756544236,"lon":-75.8183763732194,"n_reserve":20,"n_target":100,"point_id":1184.0,"queue_index":62.0,"rand":0.2869426659982477,"stable_idx":1184.0}},{"type":"Feature","geometry":{"type":"Point","coordinates":[-75.78107744926622,39.03047877336177]},"id":"000000000000000001bf","properties":{"Acres":207.223362699,"Confidence":"High","County":"Caroline","Digitized_":"USGS","Imagery_In":"NAIP - Maryland, 2011","Relate_Ite":"Maryland\\Caroline","Shape_Area":838427.303578,"Shape_Leng":4150.47198955,"State":"MD","assigned_to":"tien","global_rank":447.0,"lat":39.03047877336177,"lon":-75.78107744926622,"n_reserve":20,"n_target":100,"point_id":1258.0,"queue_index":63.0,"rand":0.2907581206305393,"stable_idx":1258.0}},{"type":"Feature","geometry":{"type":"Point","coordinates":[-75.89616751486942,38.95622019205119]},"id":"000000000000000001c6","properties":{"Acres":9.53667698661,"Confidence":"High","County":"Caroline","Digitized_":"USGS","Imagery_In":"NAIP - Maryland, 2011","Relate_Ite":"Maryland\\Caroline","Shape_Area":38593.5625118,"Shape_Leng":696.615092202,"State":"MD","assigned_to":"tien","global_rank":454.0,"lat":38.95622019205119,"lon":-75.89616751486942,"n_reserve":20,"n_target":100,"point_id":1148.0,"queue_index":64.0,"rand":0.2948439991974171,"stable_idx":1148.0}},{"type":"Feature","geometry":{"type":"Point","coordinates":[-75.7809490463153,38.80962540741433]},"id":"000000000000000001cd","properties":{"Acres":94.1993011383,"Confidence":"High","County":"Caroline","Digitized_":"USGS","Imagery_In":"NAIP - Maryland, 2011","Relate_Ite":"Maryland\\Caroline","Shape_Area":381068.724359,"Shape_Leng":2188.51248067,"State":"MD","assigned_to":"tien","global_rank":461.0,"lat":38.80962540741433,"lon":-75.7809490463153,"n_reserve":20,"n_target":100,"point_id":979.0,"queue_index":65.0,"rand":0.30011811107737285,"stable_idx":979.0}},{"type":"Feature","geometry":{"type":"Point","coordinates":[-75.80782944585613,39.03610225343946]},"id":"00000000000000000221","properties":{"Acres":13.3074746626,"Confidence":"Low","County":"Caroline","Digitized_":"USGS","Imagery_In":"NAIP - Maryland, 2011","Relate_Ite":"Maryland\\Caroline","Shape_Area":53853.439304,"Shape_Leng":1038.53881275,"State":"MD","assigned_to":"tien","global_rank":545.0,"lat":39.03610225343946,"lon":-75.80782944585613,"n_reserve":20,"n_target":100,"point_id":1266.0,"queue_index":77.0,"rand":0.35349399047608265,"stable_idx":1266.0}},{"type":"Feature","geometry":{"type":"Point","coordinates":[-75.71879884815824,38.6830949813589]},"id":"00000000000000000228","properties":{"Acres":59.8135649166,"Confidence":"High","County":"Caroline","Digitized_":"USGS","Imagery_In":"NAIP - Maryland, 2011","Relate_Ite":"Maryland\\Caroline","Shape_Area":241993.938496,"Shape_Leng":1966.04510929,"State":"MD","assigned_to":"tien","global_rank":552.0,"lat":38.6830949813589,"lon":-75.71879884815824,"n_reserve":20,"n_target":100,"point_id":733.0,"queue_index":78.0,"rand":0.35591710892524897,"stable_idx":733.0}},{"type":"Feature","geometry":{"type":"Point","coordinates":[-75.90587049592975,38.84172525989917]},"id":"00000000000000000236","properties":{"Acres":58.9565740998,"Confidence":"High","County":"Caroline","Digitized_":"USGS","Imagery_In":"NAIP - Maryland, 2011","Relate_Ite":"Maryland\\Caroline","Shape_Area":238505.713201,"Shape_Leng":2031.29830069,"State":"MD","assigned_to":"tien","global_rank":566.0,"lat":38.84172525989917,"lon":-75.90587049592975,"n_reserve":20,"n_target":100,"point_id":994.0,"queue_index":80.0,"rand":0.36445558918928234,"stable_idx":994.0}},{"type":"Feature","geometry":{"type":"Point","coordinates":[-75.96574537216873,38.73668412972849]},"id":"0000000000000000023d","properties":{"Acres":36.2390804683,"Confidence":"High","County":"Caroline","Digitized_":"USGS","Imagery_In":"NAIP - Maryland, 2011","Relate_Ite":"Maryland\\Caroline","Shape_Area":146593.253094,"Shape_Leng":1563.09628208,"State":"MD","assigned_to":"tien","global_rank":573.0,"lat":38.73668412972849,"lon":-75.96574537216873,"n_reserve":20,"n_target":100,"point_id":838.0,"queue_index":81.0,"rand":0.36979027299742484,"stable_idx":838.0}},{"type":"Feature","geometry":{"type":"Point","coordinates":[-75.80089727515283,38.784158763595336]},"id":"0000000000000000024b","properties":{"Acres":61.6093630098,"Confidence":"High","County":"Caroline","Digitized_":"USGS","Imagery_In":"NAIP - Maryland, 2011","Relate_Ite":"Maryland\\Caroline","Shape_Area":249231.834631,"Shape_Leng":1785.87626162,"State":"MD","assigned_to":"tien","global_rank":587.0,"lat":38.784158763595336,"lon":-75.80089727515283,"n_reserve":20,"n_target":100,"point_id":940.0,"queue_index":83.0,"rand":0.37739102882566666,"stable_idx":940.0}},{"type":"Feature","geometry":{"type":"Point","coordinates":[-75.81721811923157,38.7264606267106]},"id":"00000000000000000259","properties":{"Acres":13.7184226884,"Confidence":"High","County":"Caroline","Digitized_":"USGS","Imagery_In":"NAIP - Maryland, 2011","Relate_Ite":"Maryland\\Caroline","Shape_Area":55463.2426223,"Shape_Leng":835.089516187,"State":"MD","assigned_to":"tien","global_rank":601.0,"lat":38.7264606267106,"lon":-75.81721811923157,"n_reserve":20,"n_target":100,"point_id":813.0,"queue_index":85.0,"rand":0.38246441503234274,"stable_idx":813.0}},{"type":"Feature","geometry":{"type":"Point","coordinates":[-75.77448299768093,38.965146316360496]},"id":"00000000000000000267","properties":{"Acres":94.8997758474,"Confidence":"High","County":"Caroline","Digitized_":"USGS","Imagery_In":"NAIP - Maryland, 2011","Relate_Ite":"Maryland\\Caroline","Shape_Area":383940.743758,"Shape_Leng":2608.11671148,"State":"MD","assigned_to":"tien","global_rank":615.0,"lat":38.965146316360496,"lon":-75.77448299768093,"n_reserve":20,"n_target":100,"point_id":1152.0,"queue_index":87.0,"rand":0.39318153597808136,"stable_idx":1152.0}},{"type":"Feature","geometry":{"type":"Point","coordinates":[-75.89524610198143,38.716824691341444]},"id":"0000000000000000026e","properties":{"Acres":22.2377638672,"Confidence":"High","County":"Caroline","Digitized_":"USGS","Imagery_In":"NAIP - Maryland, 2011","Relate_Ite":"Maryland\\Caroline","Shape_Area":89924.5100643,"Shape_Leng":1063.26930397,"State":"MD","assigned_to":"tien","global_rank":622.0,"lat":38.716824691341444,"lon":-75.89524610198143,"n_reserve":20,"n_target":100,"point_id":795.0,"queue_index":88.0,"rand":0.4001386298842845,"stable_idx":795.0}},{"type":"Feature","geometry":{"type":"Point","coordinates":[-75.97819270364178,38.73818323520387]},"id":"00000000000000000283","properties":{"Acres":4.27564199536,"Confidence":"High","County":"Caroline","Digitized_":"USGS","Imagery_In":"NAIP - Maryland, 2011","Relate_Ite":"Maryland\\Caroline","Shape_Area":17273.1374061,"Shape_Leng":466.120567157,"State":"MD","assigned_to":"tien","global_rank":643.0,"lat":38.73818323520387,"lon":-75.97819270364178,"n_reserve":20,"n_target":100,"point_id":843.0,"queue_index":91.0,"rand":0.4129478636111542,"stable_idx":843.0}},{"type":"Feature","geometry":{"type":"Point","coordinates":[-75.72145268578925,38.65719563701508]},"id":"00000000000000000298","properties":{"Acres":66.6529859745,"Confidence":"Low","County":"Caroline","Digitized_":"USGS","Imagery_In":"NAIP - Maryland, 2011","Relate_Ite":"Maryland\\Caroline","Shape_Area":269735.064361,"Shape_Leng":2406.03895022,"State":"MD","assigned_to":"tien","global_rank":664.0,"lat":38.65719563701508,"lon":-75.72145268578925,"n_reserve":20,"n_target":100,"point_id":678.0,"queue_index":94.0,"rand":0.4240279394171367,"stable_idx":678.0}},{"type":"Feature","geometry":{"type":"Point","coordinates":[-75.80574045644265,38.7813511734952]},"id":"000000000000000002d7","properties":{"Acres":64.8876192016,"Confidence":"High","County":"Caroline","Digitized_":"USGS","Imagery_In":"NAIP - Maryland, 2011","Relate_Ite":"Maryland\\Caroline","Shape_Area":262506.074393,"Shape_Leng":1833.34870601,"State":"MD","assigned_to":"tien","global_rank":727.0,"lat":38.7813511734952,"lon":-75.80574045644265,"n_reserve":20,"n_target":100,"point_id":935.0,"queue_index":103.0,"rand":0.467853165304559,"stable_idx":935.0}},{"type":"Feature","geometry":{"type":"Point","coordinates":[-75.78254151758159,38.921241112535576]},"id":"000000000000000002e5","properties":{"Acres":55.7365834825,"Confidence":"High","County":"Caroline","Digitized_":"USGS","Imagery_In":"NAIP - Maryland, 2011","Relate_Ite":"Maryland\\Caroline","Shape_Area":225485.473987,"Shape_Leng":1705.97029853,"State":"MD","assigned_to":"tien","global_rank":741.0,"lat":38.921241112535576,"lon":-75.78254151758159,"n_reserve":20,"n_target":100,"point_id":1094.0,"queue_index":105.0,"rand":0.47847441996307083,"stable_idx":1094.0}},{"type":"Feature","geometry":{"type":"Point","coordinates":[-75.90719155893093,38.94192604198693]},"id":"000000000000000002fa","properties":{"Acres":30.415249058,"Confidence":"High","County":"Caroline","Digitized_":"USGS","Imagery_In":"NAIP - Maryland, 2011","Relate_Ite":"Maryland\\Caroline","Shape_Area":123086.145989,"Shape_Leng":1243.89128472,"State":"MD","assigned_to":"tien","global_rank":762.0,"lat":38.94192604198693,"lon":-75.90719155893093,"n_reserve":20,"n_target":100,"point_id":1134.0,"queue_index":108.0,"rand":0.4935588829156212,"stable_idx":1134.0}},{"type":"Feature","geometry":{"type":"Point","coordinates":[-75.73712051543758,38.69010531204376]},"id":"0000000000000000030f","properties":{"Acres":163.779992593,"Confidence":"High","County":"Caroline","Digitized_":"USGS","Imagery_In":"NAIP - Maryland, 2011","Relate_Ite":"Maryland\\Caroline","Shape_Area":662706.364237,"Shape_Leng":2971.67744076,"State":"MD","assigned_to":"tien","global_rank":783.0,"lat":38.69010531204376,"lon":-75.73712051543758,"n_reserve":20,"n_target":100,"point_id":745.0,"queue_index":111.0,"rand":0.5074935446198934,"stable_idx":745.0}},{"type":"Feature","geometry":{"type":"Point","coordinates":[-75.86349294303481,39.50701187845127]},"id":"00000000000000000059","properties":{"Acres":35.8861207054,"Confidence":"Low","County":"Cecil","Digitized_":"USGS","Imagery_In":"NAIP - Maryland, 2011","Relate_Ite":"Maryland\\Cecil","Shape_Area":145225.97805,"Shape_Leng":2068.70649879,"State":"MD","assigned_to":"taryn","global_rank":89.0,"lat":39.50701187845127,"lon":-75.86349294303481,"n_reserve":20,"n_target":100,"point_id":1536.0,"queue_index":12.0,"rand":0.05885589619681919,"stable_idx":1536.0}},{"type":"Feature","geometry":{"type":"Point","coordinates":[-75.80593064049556,39.41850043196516]},"id":"000000000000000002de","properties":{"Acres":209.357545766,"Confidence":"High","County":"Cecil","Digitized_":"USGS","Imagery_In":"NAIP - Maryland, 2011","Relate_Ite":"Maryland\\Cecil","Shape_Area":847027.660981,"Shape_Leng":3262.77745339,"State":"MD","assigned_to":"tien","global_rank":734.0,"lat":39.41850043196516,"lon":-75.80593064049556,"n_reserve":20,"n_target":100,"point_id":1535.0,"queue_index":104.0,"rand":0.4726616687897218,"stable_idx":1535.0}},{"type":"Feature","geometry":{"type":"Point","coordinates":[-75.85541027338296,38.58042798138391]},"id":"0000000000000000001c","properties":{"Acres":34.5685547949,"Confidence":"High","County":"Dorchester","Digitized_":"USGS","Imagery_In":"NAIP - Maryland, 2011","Relate_Ite":"Maryland\\Dorchester","Shape_Area":139834.066102,"Shape_Leng":1499.41370265,"State":"MD","assigned_to":"ayush","global_rank":28.0,"lat":38.58042798138391,"lon":-75.85541027338296,"n_reserve":20,"n_target":100,"point_id":435.0,"queue_index":4.0,"rand":0.0175555320667391,"stable_idx":435.0}},{"type":"Feature","geometry":{"type":"Point","coordinates":[-75.8480943274616,38.52326333355901]},"id":"00000000000000000046","properties":{"Acres":54.2145826103,"Confidence":"High","County":"Dorchester","Digitized_":"USGS","Imagery_In":"NAIP - Maryland, 2011","Relate_Ite":"Maryland\\Dorchester","Shape_Area":219338.597565,"Shape_Leng":1926.30177642,"State":"MD","assigned_to":"ayush","global_rank":70.0,"lat":38.52326333355901,"lon":-75.8480943274616,"n_reserve":20,"n_target":100,"point_id":328.0,"queue_index":10.0,"rand":0.046707014935555846,"stable_idx":328.0}},{"type":"Feature","geometry":{"type":"Point","coordinates":[-75.93719261002444,38.619336972306584]},"id":"00000000000000000062","properties":{"Acres":98.1040937125,"Confidence":"High","County":"Dorchester","Digitized_":"USGS","Imagery_In":"NAIP - Maryland, 2011","Relate_Ite":"Maryland\\Dorchester","Shape_Area":396916.882258,"Shape_Leng":2268.94886362,"State":"MD","assigned_to":"ayush","global_rank":98.0,"lat":38.619336972306584,"lon":-75.93719261002444,"n_reserve":20,"n_target":100,"point_id":568.0,"queue_index":14.0,"rand":0.0625685578629982,"stable_idx":568.0}},{"type":"Feature","geometry":{"type":"Point","coordinates":[-75.72791910629907,38.56016597597147]},"id":"00000000000000000069","properties":{"Acres":46.5942197079,"Confidence":"High","County":"Dorchester","Digitized_":"USGS","Imagery_In":"NAIP - Maryland, 2011","Relate_Ite":"Maryland\\Dorchester","Shape_Area":188460.417265,"Shape_Leng":1539.12884269,"State":"MD","assigned_to":"ayush","global_rank":105.0,"lat":38.56016597597147,"lon":-75.72791910629907,"n_reserve":20,"n_target":100,"point_id":377.0,"queue_index":15.0,"rand":0.06738366246271488,"stable_idx":377.0}},{"type":"Feature","geometry":{"type":"Point","coordinates":[-75.88515819275887,38.678736217212574]},"id":"000000000000000000b6","properties":{"Acres":58.4123799562,"Confidence":"High","County":"Dorchester","Digitized_":"USGS","Imagery_In":"NAIP - Maryland, 2011","Relate_Ite":"Maryland\\Dorchester","Shape_Area":236293.615857,"Shape_Leng":1735.19548565,"State":"MD","assigned_to":"ayush","global_rank":182.0,"lat":38.678736217212574,"lon":-75.88515819275887,"n_reserve":20,"n_target":100,"point_id":723.0,"queue_index":26.0,"rand":0.11682901524881018,"stable_idx":723.0}},{"type":"Feature","geometry":{"type":"Point","coordinates":[-75.8335150005238,38.646707927423904]},"id":"000000000000000000d2","properties":{"Acres":11.8884217509,"Confidence":"High","County":"Dorchester","Digitized_":"USGS","Imagery_In":"NAIP - Maryland, 2011","Relate_Ite":"Maryland\\Dorchester","Shape_Area":48061.1259087,"Shape_Leng":777.363130684,"State":"MD","assigned_to":"ayush","global_rank":210.0,"lat":38.646707927423904,"lon":-75.8335150005238,"n_reserve":20,"n_target":100,"point_id":644.0,"queue_index":30.0,"rand":0.13760657616773198,"stable_idx":644.0}},{"type":"Feature","geometry":{"type":"Point","coordinates":[-75.71837792543003,38.59201877717582]},"id":"000000000000000000e0","properties":{"Acres":0.915735241896,"Confidence":"High","County":"Dorchester","Digitized_":"USGS","Imagery_In":"NAIP - Maryland, 2011","Relate_Ite":"Maryland\\Dorchester","Shape_Area":3692.68344656,"Shape_Leng":215.787461246,"State":"MD","assigned_to":"ayush","global_rank":224.0,"lat":38.59201877717582,"lon":-75.71837792543003,"n_reserve":20,"n_target":100,"point_id":479.0,"queue_index":32.0,"rand":0.14830816499343857,"stable_idx":479.0}},{"type":"Feature","geometry":{"type":"Point","coordinates":[-75.7272396077581,38.61149107409519]},"id":"000000000000000000fc","properties":{"Acres":31.9972545548,"Confidence":"High","County":"Dorchester","Digitized_":"USGS","Imagery_In":"NAIP - Maryland, 2011","Relate_Ite":"Maryland\\Dorchester","Shape_Area":129406.473649,"Shape_Leng":1275.49197082,"State":"MD","assigned_to":"ayush","global_rank":252.0,"lat":38.61149107409519,"lon":-75.7272396077581,"n_reserve":20,"n_target":100,"point_id":542.0,"queue_index":36.0,"rand":0.16803107338681267,"stable_idx":542.0}},{"type":"Feature","geometry":{"type":"Point","coordinates":[-75.85777307391102,38.53724770707539]},"id":"0000000000000000010a","properties":{"Acres":6.18279432723,"Confidence":"High","County":"Dorchester","Digitized_":"USGS","Imagery_In":"NAIP - Maryland, 2011","Relate_Ite":"Maryland\\Dorchester","Shape_Area":24993.9192067,"Shape_Leng":669.641928159,"State":"MD","assigned_to":"ayush","global_rank":266.0,"lat":38.53724770707539,"lon":-75.85777307391102,"n_reserve":20,"n_target":100,"point_id":359.0,"queue_index":38.0,"rand":0.1769794902495354,"stable_idx":359.0}},{"type":"Feature","geometry":{"type":"Point","coordinates":[-75.84910915884024,38.61648092038282]},"id":"00000000000000000150","properties":{"Acres":101.836838724,"Confidence":"High","County":"Dorchester","Digitized_":"USGS","Imagery_In":"NAIP - Maryland, 2011","Relate_Ite":"Maryland\\Dorchester","Shape_Area":412033.802494,"Shape_Leng":2978.1778174,"State":"MD","assigned_to":"ayush","global_rank":336.0,"lat":38.61648092038282,"lon":-75.84910915884024,"n_reserve":20,"n_target":100,"point_id":560.0,"queue_index":48.0,"rand":0.22426121408349453,"stable_idx":560.0}},{"type":"Feature","geometry":{"type":"Point","coordinates":[-75.87707616013881,38.68725026729346]},"id":"00000000000000000157","properties":{"Acres":148.611030808,"Confidence":"High","County":"Dorchester","Digitized_":"USGS","Imagery_In":"NAIP - Maryland, 2011","Relate_Ite":"Maryland\\Dorchester","Shape_Area":601315.918862,"Shape_Leng":2806.40215598,"State":"MD","assigned_to":"ayush","global_rank":343.0,"lat":38.68725026729346,"lon":-75.87707616013881,"n_reserve":20,"n_target":100,"point_id":741.0,"queue_index":49.0,"rand":0.22539575670435896,"stable_idx":741.0}},{"type":"Feature","geometry":{"type":"Point","coordinates":[-75.82149920183608,38.523435570137174]},"id":"00000000000000000181","properties":{"Acres":98.0809975444,"Confidence":"High","County":"Dorchester","Digitized_":"USGS","Imagery_In":"NAIP - Maryland, 2011","Relate_Ite":"Maryland\\Dorchester","Shape_Area":396827.062494,"Shape_Leng":2741.20462876,"State":"MD","assigned_to":"ayush","global_rank":385.0,"lat":38.523435570137174,"lon":-75.82149920183608,"n_reserve":20,"n_target":100,"point_id":329.0,"queue_index":55.0,"rand":0.2566776644593436,"stable_idx":329.0}},{"type":"Feature","geometry":{"type":"Point","coordinates":[-75.88271343046947,38.661814735030724]},"id":"000000000000000001ea","properties":{"Acres":91.3891713299,"Confidence":"High","County":"Dorchester","Digitized_":"USGS","Imagery_In":"NAIP - Maryland, 2011","Relate_Ite":"Maryland\\Dorchester","Shape_Area":369697.756566,"Shape_Leng":2155.61376188,"State":"MD","assigned_to":"ayush","global_rank":490.0,"lat":38.661814735030724,"lon":-75.88271343046947,"n_reserve":20,"n_target":100,"point_id":688.0,"queue_index":70.0,"rand":0.31595672685602316,"stable_idx":688.0}},{"type":"Feature","geometry":{"type":"Point","coordinates":[-75.85715115815326,38.58813388353875]},"id":"0000000000000000020d","properties":{"Acres":93.6707033964,"Confidence":"High","County":"Dorchester","Digitized_":"USGS","Imagery_In":"NAIP - Maryland, 2011","Relate_Ite":"Maryland\\Dorchester","Shape_Area":378932.646311,"Shape_Leng":2182.44739743,"State":"MD","assigned_to":"ayush","global_rank":525.0,"lat":38.58813388353875,"lon":-75.85715115815326,"n_reserve":20,"n_target":100,"point_id":468.0,"queue_index":75.0,"rand":0.3365124196040443,"stable_idx":468.0}},{"type":"Feature","geometry":{"type":"Point","coordinates":[-75.88167094885927,38.5809414465067]},"id":"0000000000000000021b","properties":{"Acres":41.3958594457,"Confidence":"High","County":"Dorchester","Digitized_":"USGS","Imagery_In":"NAIP - Maryland, 2011","Relate_Ite":"Maryland\\Dorchester","Shape_Area":167431.335912,"Shape_Leng":1450.96243228,"State":"MD","assigned_to":"ayush","global_rank":539.0,"lat":38.5809414465067,"lon":-75.88167094885927,"n_reserve":20,"n_target":100,"point_id":437.0,"queue_index":77.0,"rand":0.34854373063722643,"stable_idx":437.0}},{"type":"Feature","geometry":{"type":"Point","coordinates":[-75.74767802953757,38.58267257496581]},"id":"0000000000000000023e","properties":{"Acres":44.9621986723,"Confidence":"High","County":"Dorchester","Digitized_":"USGS","Imagery_In":"NAIP - Maryland, 2011","Relate_Ite":"Maryland\\Dorchester","Shape_Area":181858.365062,"Shape_Leng":1511.99083943,"State":"MD","assigned_to":"ayush","global_rank":574.0,"lat":38.58267257496581,"lon":-75.74767802953757,"n_reserve":20,"n_target":100,"point_id":446.0,"queue_index":82.0,"rand":0.370300288836627,"stable_idx":446.0}},{"type":"Feature","geometry":{"type":"Point","coordinates":[-75.77897770885785,38.592447605872316]},"id":"0000000000000000027d","properties":{"Acres":6.2356816084,"Confidence":"High","County":"Dorchester","Digitized_":"USGS","Imagery_In":"NAIP - Maryland, 2011","Relate_Ite":"Maryland\\Dorchester","Shape_Area":25199.7470653,"Shape_Leng":562.974466598,"State":"MD","assigned_to":"ayush","global_rank":637.0,"lat":38.592447605872316,"lon":-75.77897770885785,"n_reserve":20,"n_target":100,"point_id":481.0,"queue_index":91.0,"rand":0.4089343164047651,"stable_idx":481.0}},{"type":"Feature","geometry":{"type":"Point","coordinates":[-75.79565912265018,38.56333305973295]},"id":"00000000000000000299","properties":{"Acres":24.0612151733,"Confidence":"High","County":"Dorchester","Digitized_":"USGS","Imagery_In":"NAIP - Maryland, 2011","Relate_Ite":"Maryland\\Dorchester","Shape_Area":97302.5763567,"Shape_Leng":1106.04623373,"State":"MD","assigned_to":"ayush","global_rank":665.0,"lat":38.56333305973295,"lon":-75.79565912265018,"n_reserve":20,"n_target":100,"point_id":383.0,"queue_index":95.0,"rand":0.42593508373319333,"stable_idx":383.0}},{"type":"Feature","geometry":{"type":"Point","coordinates":[-75.88066243659374,38.530508074587665]},"id":"000000000000000002b5","properties":{"Acres":18.6317137463,"Confidence":"High","County":"Dorchester","Digitized_":"USGS","Imagery_In":"NAIP - Maryland, 2011","Relate_Ite":"Maryland\\Dorchester","Shape_Area":75361.599742,"Shape_Leng":1146.55469369,"State":"MD","assigned_to":"ayush","global_rank":693.0,"lat":38.530508074587665,"lon":-75.88066243659374,"n_reserve":20,"n_target":100,"point_id":345.0,"queue_index":99.0,"rand":0.44173363149993783,"stable_idx":345.0}},{"type":"Feature","geometry":{"type":"Point","coordinates":[-75.78035972882873,38.57844107333132]},"id":"000000000000000002df","properties":{"Acres":33.0629900612,"Confidence":"High","County":"Dorchester","Digitized_":"USGS","Imagery_In":"NAIP - Maryland, 2011","Relate_Ite":"Maryland\\Dorchester","Shape_Area":133718.576748,"Shape_Leng":1296.57079031,"State":"MD","assigned_to":"ayush","global_rank":735.0,"lat":38.57844107333132,"lon":-75.78035972882873,"n_reserve":20,"n_target":100,"point_id":431.0,"queue_index":105.0,"rand":0.4738733906030169,"stable_idx":431.0}},{"type":"Feature","geometry":{"type":"Point","coordinates":[-75.75417288070057,38.65561805054889]},"id":"00000000000000000309","properties":{"Acres":38.0876623516,"Confidence":"Low","County":"Dorchester","Digitized_":"USGS","Imagery_In":"NAIP - Maryland, 2011","Relate_Ite":"Maryland\\Dorchester","Shape_Area":154135.301002,"Shape_Leng":1906.11345904,"State":"MD","assigned_to":"ayush","global_rank":777.0,"lat":38.65561805054889,"lon":-75.75417288070057,"n_reserve":20,"n_target":100,"point_id":673.0,"queue_index":111.0,"rand":0.5034172851080334,"stable_idx":673.0}},{"type":"Feature","geometry":{"type":"Point","coordinates":[-75.7621271027048,38.571596219927834]},"id":"00000000000000000310","properties":{"Acres":88.7234390701,"Confidence":"High","County":"Dorchester","Digitized_":"USGS","Imagery_In":"NAIP - Maryland, 2011","Relate_Ite":"Maryland\\Dorchester","Shape_Area":358969.959417,"Shape_Leng":2145.71134213,"State":"MD","assigned_to":"ayush","global_rank":784.0,"lat":38.571596219927834,"lon":-75.7621271027048,"n_reserve":20,"n_target":100,"point_id":402.0,"queue_index":112.0,"rand":0.5083822206181453,"stable_idx":402.0}},{"type":"Feature","geometry":{"type":"Point","coordinates":[-75.81092884847297,38.568468817273796]},"id":"00000000000000000341","properties":{"Acres":23.8812953267,"Confidence":"High","County":"Dorchester","Digitized_":"USGS","Imagery_In":"NAIP - Maryland, 2011","Relate_Ite":"Maryland\\Dorchester","Shape_Area":96595.2050469,"Shape_Leng":1265.93820203,"State":"MD","assigned_to":"ayush","global_rank":833.0,"lat":38.568468817273796,"lon":-75.81092884847297,"n_reserve":20,"n_target":100,"point_id":393.0,"queue_index":119.0,"rand":0.54739410601294,"stable_idx":393.0}},{"type":"Feature","geometry":{"type":"Point","coordinates":[-75.76962973758025,38.63018127107671]},"id":"0000000000000000000f","properties":{"Acres":26.1531485478,"Confidence":"Low","County":"Dorchester","Digitized_":"USGS","Imagery_In":"NAIP - Maryland, 2011","Relate_Ite":"Maryland\\Dorchester","Shape_Area":105838.037167,"Shape_Leng":1322.53712913,"State":"MD","assigned_to":"maddie","global_rank":15.0,"lat":38.63018127107671,"lon":-75.76962973758025,"n_reserve":20,"n_target":100,"point_id":594.0,"queue_index":2.0,"rand":0.010148857192210481,"stable_idx":594.0}},{"type":"Feature","geometry":{"type":"Point","coordinates":[-75.75124447269619,38.599485779415694]},"id":"0000000000000000001d","properties":{"Acres":157.062718656,"Confidence":"High","County":"Dorchester","Digitized_":"USGS","Imagery_In":"NAIP - Maryland, 2011","Relate_Ite":"Maryland\\Dorchester","Shape_Area":635427.501197,"Shape_Leng":2826.01178306,"State":"MD","assigned_to":"maddie","global_rank":29.0,"lat":38.599485779415694,"lon":-75.75124447269619,"n_reserve":20,"n_target":100,"point_id":507.0,"queue_index":4.0,"rand":0.017918193536438087,"stable_idx":507.0}},{"type":"Feature","geometry":{"type":"Point","coordinates":[-75.82491362659327,38.54404917407803]},"id":"00000000000000000039","properties":{"Acres":32.9561112441,"Confidence":"High","County":"Dorchester","Digitized_":"USGS","Imagery_In":"NAIP - Maryland, 2011","Relate_Ite":"Maryland\\Dorchester","Shape_Area":133300.873828,"Shape_Leng":1566.39648377,"State":"MD","assigned_to":"maddie","global_rank":57.0,"lat":38.54404917407803,"lon":-75.82491362659327,"n_reserve":20,"n_target":100,"point_id":365.0,"queue_index":8.0,"rand":0.03968560695447865,"stable_idx":365.0}},{"type":"Feature","geometry":{"type":"Point","coordinates":[-75.7879105675782,38.59045083588805]},"id":"0000000000000000004e","properties":{"Acres":91.6841436451,"Confidence":"High","County":"Dorchester","Digitized_":"USGS","Imagery_In":"NAIP - Maryland, 2011","Relate_Ite":"Maryland\\Dorchester","Shape_Area":370908.134252,"Shape_Leng":2162.38788322,"State":"MD","assigned_to":"maddie","global_rank":78.0,"lat":38.59045083588805,"lon":-75.7879105675782,"n_reserve":20,"n_target":100,"point_id":474.0,"queue_index":11.0,"rand":0.05032314370477964,"stable_idx":474.0}},{"type":"Feature","geometry":{"type":"Point","coordinates":[-75.8899521659201,38.62185382956542]},"id":"00000000000000000055","properties":{"Acres":62.3973512865,"Confidence":"High","County":"Dorchester","Digitized_":"USGS","Imagery_In":"NAIP - Maryland, 2011","Relate_Ite":"Maryland\\Dorchester","Shape_Area":252442.44776,"Shape_Leng":2020.66291791,"State":"MD","assigned_to":"maddie","global_rank":85.0,"lat":38.62185382956542,"lon":-75.8899521659201,"n_reserve":20,"n_target":100,"point_id":576.0,"queue_index":12.0,"rand":0.053706131961643644,"stable_idx":576.0}},{"type":"Feature","geometry":{"type":"Point","coordinates":[-75.85048676258835,38.5770283543801]},"id":"00000000000000000063","properties":{"Acres":99.0229037778,"Confidence":"High","County":"Dorchester","Digitized_":"USGS","Imagery_In":"NAIP - Maryland, 2011","Relate_Ite":"Maryland\\Dorchester","Shape_Area":400602.605443,"Shape_Leng":2778.34141044,"State":"MD","assigned_to":"maddie","global_rank":99.0,"lat":38.5770283543801,"lon":-75.85048676258835,"n_reserve":20,"n_target":100,"point_id":421.0,"queue_index":14.0,"rand":0.06270173213712316,"stable_idx":421.0}},{"type":"Feature","geometry":{"type":"Point","coordinates":[-75.7870154189425,38.54868249136294]},"id":"0000000000000000008d","properties":{"Acres":18.3688183212,"Confidence":"High","County":"Dorchester","Digitized_":"USGS","Imagery_In":"NAIP - Maryland, 2011","Relate_Ite":"Maryland\\Dorchester","Shape_Area":74274.5084523,"Shape_Leng":966.328042807,"State":"MD","assigned_to":"maddie","global_rank":141.0,"lat":38.54868249136294,"lon":-75.7870154189425,"n_reserve":20,"n_target":100,"point_id":367.0,"queue_index":20.0,"rand":0.09138967613006865,"stable_idx":367.0}},{"type":"Feature","geometry":{"type":"Point","coordinates":[-75.7726026627241,38.65817463508476]},"id":"00000000000000000094","properties":{"Acres":35.2421322382,"Confidence":"High","County":"Dorchester","Digitized_":"USGS","Imagery_In":"NAIP - Maryland, 2011","Relate_Ite":"Maryland\\Dorchester","Shape_Area":142557.25792,"Shape_Leng":1575.00452435,"State":"MD","assigned_to":"maddie","global_rank":148.0,"lat":38.65817463508476,"lon":-75.7726026627241,"n_reserve":20,"n_target":100,"point_id":680.0,"queue_index":21.0,"rand":0.09702451352444441,"stable_idx":680.0}},{"type":"Feature","geometry":{"type":"Point","coordinates":[-75.71659106405151,38.590275060825356]},"id":"000000000000000000a2","properties":{"Acres":26.8990281532,"Confidence":"High","County":"Dorchester","Digitized_":"USGS","Imagery_In":"NAIP - Maryland, 2011","Relate_Ite":"Maryland\\Dorchester","Shape_Area":108780.290735,"Shape_Leng":1169.39719851,"State":"MD","assigned_to":"maddie","global_rank":162.0,"lat":38.590275060825356,"lon":-75.71659106405151,"n_reserve":20,"n_target":100,"point_id":473.0,"queue_index":23.0,"rand":0.10364310184916736,"stable_idx":473.0}},{"type":"Feature","geometry":{"type":"Point","coordinates":[-75.86032615261992,38.59453966910929]},"id":"000000000000000000be","properties":{"Acres":326.108846216,"Confidence":"High","County":"Dorchester","Digitized_":"USGS","Imagery_In":"NAIP - Maryland, 2011","Relate_Ite":"Maryland\\Dorchester","Shape_Area":1319538.5367,"Shape_Leng":4128.14238005,"State":"MD","assigned_to":"maddie","global_rank":190.0,"lat":38.59453966910929,"lon":-75.86032615261992,"n_reserve":20,"n_target":100,"point_id":490.0,"queue_index":27.0,"rand":0.12479487283039481,"stable_idx":490.0}},{"type":"Feature","geometry":{"type":"Point","coordinates":[-75.86237338995338,38.55984139188799]},"id":"000000000000000000d3","properties":{"Acres":128.5561896,"Confidence":"High","County":"Dorchester","Digitized_":"USGS","Imagery_In":"NAIP - Maryland, 2011","Relate_Ite":"Maryland\\Dorchester","Shape_Area":520107.356031,"Shape_Leng":3140.41779151,"State":"MD","assigned_to":"maddie","global_rank":211.0,"lat":38.55984139188799,"lon":-75.86237338995338,"n_reserve":20,"n_target":100,"point_id":376.0,"queue_index":30.0,"rand":0.13905140994880405,"stable_idx":376.0}},{"type":"Feature","geometry":{"type":"Point","coordinates":[-75.72502430686208,38.606006898055135]},"id":"000000000000000000da","properties":{"Acres":58.6224259286,"Confidence":"High","County":"Dorchester","Digitized_":"USGS","Imagery_In":"NAIP - Maryland, 2011","Relate_Ite":"Maryland\\Dorchester","Shape_Area":237123.901122,"Shape_Leng":1726.43771906,"State":"MD","assigned_to":"maddie","global_rank":218.0,"lat":38.606006898055135,"lon":-75.72502430686208,"n_reserve":20,"n_target":100,"point_id":524.0,"queue_index":31.0,"rand":0.14492105117170173,"stable_idx":524.0}},{"type":"Feature","geometry":{"type":"Point","coordinates":[-75.96022820362447,38.511800004570475]},"id":"0000000000000000010b","properties":{"Acres":79.9012502864,"Confidence":"High","County":"Dorchester","Digitized_":"USGS","Imagery_In":"NAIP - Maryland, 2011","Relate_Ite":"Maryland\\Dorchester","Shape_Area":323257.237813,"Shape_Leng":2591.41316325,"State":"MD","assigned_to":"maddie","global_rank":267.0,"lat":38.511800004570475,"lon":-75.96022820362447,"n_reserve":20,"n_target":100,"point_id":303.0,"queue_index":38.0,"rand":0.17706279587447848,"stable_idx":303.0}},{"type":"Feature","geometry":{"type":"Point","coordinates":[-75.78524909307664,38.58502438785236]},"id":"00000000000000000143","properties":{"Acres":31.4623293333,"Confidence":"High","County":"Dorchester","Digitized_":"USGS","Imagery_In":"NAIP - Maryland, 2011","Relate_Ite":"Maryland\\Dorchester","Shape_Area":127241.91706,"Shape_Leng":1264.75475733,"State":"MD","assigned_to":"maddie","global_rank":323.0,"lat":38.58502438785236,"lon":-75.78524909307664,"n_reserve":20,"n_target":100,"point_id":452.0,"queue_index":46.0,"rand":0.21675583246432684,"stable_idx":452.0}},{"type":"Feature","geometry":{"type":"Point","coordinates":[-75.89743720775152,38.60405193353362]},"id":"0000000000000000014a","properties":{"Acres":59.9621162835,"Confidence":"High","County":"Dorchester","Digitized_":"USGS","Imagery_In":"NAIP - Maryland, 2011","Relate_Ite":"Maryland\\Dorchester","Shape_Area":242573.013117,"Shape_Leng":1755.47511576,"State":"MD","assigned_to":"maddie","global_rank":330.0,"lat":38.60405193353362,"lon":-75.89743720775152,"n_reserve":20,"n_target":100,"point_id":519.0,"queue_index":47.0,"rand":0.22010109304761216,"stable_idx":519.0}},{"type":"Feature","geometry":{"type":"Point","coordinates":[-75.784335304263,38.52108055248112]},"id":"00000000000000000151","properties":{"Acres":5.15401090771,"Confidence":"High","County":"Dorchester","Digitized_":"USGS","Imagery_In":"NAIP - Maryland, 2011","Relate_Ite":"Maryland\\Dorchester","Shape_Area":20825.5198027,"Shape_Leng":511.801676837,"State":"MD","assigned_to":"maddie","global_rank":337.0,"lat":38.52108055248112,"lon":-75.784335304263,"n_reserve":20,"n_target":100,"point_id":320.0,"queue_index":48.0,"rand":0.22463552258587227,"stable_idx":320.0}},{"type":"Feature","geometry":{"type":"Point","coordinates":[-75.83877715753192,38.647452267157554]},"id":"00000000000000000158","properties":{"Acres":81.2711454225,"Confidence":"High","County":"Dorchester","Digitized_":"USGS","Imagery_In":"NAIP - Maryland, 2011","Relate_Ite":"Maryland\\Dorchester","Shape_Area":328760.699351,"Shape_Leng":2032.78457983,"State":"MD","assigned_to":"maddie","global_rank":344.0,"lat":38.647452267157554,"lon":-75.83877715753192,"n_reserve":20,"n_target":100,"point_id":647.0,"queue_index":49.0,"rand":0.22581758860883927,"stable_idx":647.0}},{"type":"Feature","geometry":{"type":"Point","coordinates":[-75.9562214845885,38.51632789980013]},"id":"00000000000000000189","properties":{"Acres":55.516087706,"Confidence":"High","County":"Dorchester","Digitized_":"USGS","Imagery_In":"NAIP - Maryland, 2011","Relate_Ite":"Maryland\\Dorchester","Shape_Area":224582.120826,"Shape_Leng":2025.37461052,"State":"MD","assigned_to":"maddie","global_rank":393.0,"lat":38.51632789980013,"lon":-75.9562214845885,"n_reserve":20,"n_target":100,"point_id":308.0,"queue_index":56.0,"rand":0.2591461776268599,"stable_idx":308.0}},{"type":"Feature","geometry":{"type":"Point","coordinates":[-75.88202110770128,38.475870293641336]},"id":"00000000000000000190","properties":{"Acres":59.128109216,"Confidence":"High","County":"Dorchester","Digitized_":"USGS","Imagery_In":"NAIP - Maryland, 2011","Relate_Ite":"Maryland\\Dorchester","Shape_Area":239211.958007,"Shape_Leng":1997.23227241,"State":"MD","assigned_to":"maddie","global_rank":400.0,"lat":38.475870293641336,"lon":-75.88202110770128,"n_reserve":20,"n_target":100,"point_id":272.0,"queue_index":57.0,"rand":0.2640014750736672,"stable_idx":272.0}},{"type":"Feature","geometry":{"type":"Point","coordinates":[-75.8145609614955,38.52926864363299]},"id":"000000000000000001ba","properties":{"Acres":39.2453700705,"Confidence":"High","County":"Dorchester","Digitized_":"USGS","Imagery_In":"NAIP - Maryland, 2011","Relate_Ite":"Maryland\\Dorchester","Shape_Area":158756.542752,"Shape_Leng":1432.67240927,"State":"MD","assigned_to":"maddie","global_rank":442.0,"lat":38.52926864363299,"lon":-75.8145609614955,"n_reserve":20,"n_target":100,"point_id":343.0,"queue_index":63.0,"rand":0.2877269306945691,"stable_idx":343.0}},{"type":"Feature","geometry":{"type":"Point","coordinates":[-75.8277101830123,38.512971201729144]},"id":"000000000000000001eb","properties":{"Acres":82.2331395022,"Confidence":"High","County":"Dorchester","Digitized_":"USGS","Imagery_In":"NAIP - Maryland, 2011","Relate_Ite":"Maryland\\Dorchester","Shape_Area":332689.814238,"Shape_Leng":2370.17998636,"State":"MD","assigned_to":"maddie","global_rank":491.0,"lat":38.512971201729144,"lon":-75.8277101830123,"n_reserve":20,"n_target":100,"point_id":305.0,"queue_index":70.0,"rand":0.3163140452497508,"stable_idx":305.0}},{"type":"Feature","geometry":{"type":"Point","coordinates":[-75.8768563850839,38.48834327581038]},"id":"000000000000000001f9","properties":{"Acres":90.3239497657,"Confidence":"High","County":"Dorchester","Digitized_":"USGS","Imagery_In":"NAIP - Maryland, 2011","Relate_Ite":"Maryland\\Dorchester","Shape_Area":365388.53251,"Shape_Leng":2143.04523243,"State":"MD","assigned_to":"maddie","global_rank":505.0,"lat":38.48834327581038,"lon":-75.8768563850839,"n_reserve":20,"n_target":100,"point_id":285.0,"queue_index":72.0,"rand":0.3285889218884812,"stable_idx":285.0}},{"type":"Feature","geometry":{"type":"Point","coordinates":[-75.73382515803813,38.57176093668205]},"id":"0000000000000000022a","properties":{"Acres":72.8950263108,"Confidence":"High","County":"Dorchester","Digitized_":"USGS","Imagery_In":"NAIP - Maryland, 2011","Relate_Ite":"Maryland\\Dorchester","Shape_Area":294917.797073,"Shape_Leng":2087.00502675,"State":"MD","assigned_to":"maddie","global_rank":554.0,"lat":38.57176093668205,"lon":-75.73382515803813,"n_reserve":20,"n_target":100,"point_id":405.0,"queue_index":79.0,"rand":0.3568542392036942,"stable_idx":405.0}},{"type":"Feature","geometry":{"type":"Point","coordinates":[-75.87620957535893,38.6462315071037]},"id":"00000000000000000231","properties":{"Acres":19.5891780162,"Confidence":"High","County":"Dorchester","Digitized_":"USGS","Imagery_In":"NAIP - Maryland, 2011","Relate_Ite":"Maryland\\Dorchester","Shape_Area":79212.156439,"Shape_Leng":998.002058873,"State":"MD","assigned_to":"maddie","global_rank":561.0,"lat":38.6462315071037,"lon":-75.87620957535893,"n_reserve":20,"n_target":100,"point_id":640.0,"queue_index":80.0,"rand":0.36202972426594526,"stable_idx":640.0}},{"type":"Feature","geometry":{"type":"Point","coordinates":[-75.90154129918325,38.629852516432734]},"id":"00000000000000000238","properties":{"Acres":31.2234978468,"Confidence":"High","County":"Dorchester","Digitized_":"USGS","Imagery_In":"NAIP - Maryland, 2011","Relate_Ite":"Maryland\\Dorchester","Shape_Area":126275.633505,"Shape_Leng":1259.91334339,"State":"MD","assigned_to":"maddie","global_rank":568.0,"lat":38.629852516432734,"lon":-75.90154129918325,"n_reserve":20,"n_target":100,"point_id":593.0,"queue_index":81.0,"rand":0.365550755032651,"stable_idx":593.0}},{"type":"Feature","geometry":{"type":"Point","coordinates":[-75.91648863566589,38.57737611118915]},"id":"0000000000000000024d","properties":{"Acres":27.2108263165,"Confidence":"High","County":"Dorchester","Digitized_":"USGS","Imagery_In":"NAIP - Maryland, 2011","Relate_Ite":"Maryland\\Dorchester","Shape_Area":110041.629416,"Shape_Leng":1176.16092937,"State":"MD","assigned_to":"maddie","global_rank":589.0,"lat":38.57737611118915,"lon":-75.91648863566589,"n_reserve":20,"n_target":100,"point_id":422.0,"queue_index":84.0,"rand":0.3782358859346131,"stable_idx":422.0}},{"type":"Feature","geometry":{"type":"Point","coordinates":[-75.88045590913204,38.5846636793105]},"id":"00000000000000000262","properties":{"Acres":44.7072120533,"Confidence":"High","County":"Dorchester","Digitized_":"USGS","Imagery_In":"NAIP - Maryland, 2011","Relate_Ite":"Maryland\\Dorchester","Shape_Area":180841.31231,"Shape_Leng":1519.06872347,"State":"MD","assigned_to":"maddie","global_rank":610.0,"lat":38.5846636793105,"lon":-75.88045590913204,"n_reserve":20,"n_target":100,"point_id":450.0,"queue_index":87.0,"rand":0.3908882190815247,"stable_idx":450.0}},{"type":"Feature","geometry":{"type":"Point","coordinates":[-75.86362307735943,38.552269364904774]},"id":"00000000000000000277","properties":{"Acres":172.030146093,"Confidence":"High","County":"Dorchester","Digitized_":"USGS","Imagery_In":"NAIP - Maryland, 2011","Relate_Ite":"Maryland\\Dorchester","Shape_Area":695992.677083,"Shape_Leng":2957.85244053,"State":"MD","assigned_to":"maddie","global_rank":631.0,"lat":38.552269364904774,"lon":-75.86362307735943,"n_reserve":20,"n_target":100,"point_id":370.0,"queue_index":90.0,"rand":0.4043669061240288,"stable_idx":370.0}},{"type":"Feature","geometry":{"type":"Point","coordinates":[-75.76982336717198,38.58549661287177]},"id":"0000000000000000027e","properties":{"Acres":120.837103816,"Confidence":"High","County":"Dorchester","Digitized_":"USGS","Imagery_In":"NAIP - Maryland, 2011","Relate_Ite":"Maryland\\Dorchester","Shape_Area":488883.41901,"Shape_Leng":2988.23966145,"State":"MD","assigned_to":"maddie","global_rank":638.0,"lat":38.58549661287177,"lon":-75.76982336717198,"n_reserve":20,"n_target":100,"point_id":458.0,"queue_index":91.0,"rand":0.40905472422591493,"stable_idx":458.0}},{"type":"Feature","geometry":{"type":"Point","coordinates":[-75.72987180376857,38.570165725409495]},"id":"000000000000000002a8","properties":{"Acres":11.6336238912,"Confidence":"High","County":"Dorchester","Digitized_":"USGS","Imagery_In":"NAIP - Maryland, 2011","Relate_Ite":"Maryland\\Dorchester","Shape_Area":47042.2710166,"Shape_Leng":787.610186918,"State":"MD","assigned_to":"maddie","global_rank":680.0,"lat":38.570165725409495,"lon":-75.72987180376857,"n_reserve":20,"n_target":100,"point_id":397.0,"queue_index":97.0,"rand":0.43390162464984106,"stable_idx":397.0}},{"type":"Feature","geometry":{"type":"Point","coordinates":[-75.91247947103584,38.648011513773454]},"id":"000000000000000002bd","properties":{"Acres":31.5067808993,"Confidence":"High","County":"Dorchester","Digitized_":"USGS","Imagery_In":"NAIP - Maryland, 2011","Relate_Ite":"Maryland\\Dorchester","Shape_Area":127424.483811,"Shape_Leng":1265.81507937,"State":"MD","assigned_to":"maddie","global_rank":701.0,"lat":38.648011513773454,"lon":-75.91247947103584,"n_reserve":20,"n_target":100,"point_id":650.0,"queue_index":100.0,"rand":0.4462328170123906,"stable_idx":650.0}},{"type":"Feature","geometry":{"type":"Point","coordinates":[-75.70882228302328,38.60808816558447]},"id":"000000000000000002c4","properties":{"Acres":4.06348989784,"Confidence":"High","County":"Dorchester","Digitized_":"USGS","Imagery_In":"NAIP - Maryland, 2011","Relate_Ite":"Maryland\\Dorchester","Shape_Area":16416.0096731,"Shape_Leng":454.493825209,"State":"MD","assigned_to":"maddie","global_rank":708.0,"lat":38.60808816558447,"lon":-75.70882228302328,"n_reserve":20,"n_target":100,"point_id":530.0,"queue_index":101.0,"rand":0.452926864280878,"stable_idx":530.0}},{"type":"Feature","geometry":{"type":"Point","coordinates":[-75.8640428094298,38.53578552556502]},"id":"000000000000000002d2","properties":{"Acres":8.80214868185,"Confidence":"High","County":"Dorchester","Digitized_":"USGS","Imagery_In":"NAIP - Maryland, 2011","Relate_Ite":"Maryland\\Dorchester","Shape_Area":35589.754143,"Shape_Leng":764.66112952,"State":"MD","assigned_to":"maddie","global_rank":722.0,"lat":38.53578552556502,"lon":-75.8640428094298,"n_reserve":20,"n_target":100,"point_id":358.0,"queue_index":103.0,"rand":0.4617461803469657,"stable_idx":358.0}},{"type":"Feature","geometry":{"type":"Point","coordinates":[-75.87985024498214,38.52056398027604]},"id":"000000000000000002ee","properties":{"Acres":21.2644334308,"Confidence":"High","County":"Dorchester","Digitized_":"USGS","Imagery_In":"NAIP - Maryland, 2011","Relate_Ite":"Maryland\\Dorchester","Shape_Area":86005.8874621,"Shape_Leng":1247.29016875,"State":"MD","assigned_to":"maddie","global_rank":750.0,"lat":38.52056398027604,"lon":-75.87985024498214,"n_reserve":20,"n_target":100,"point_id":317.0,"queue_index":107.0,"rand":0.48606259366341853,"stable_idx":317.0}},{"type":"Feature","geometry":{"type":"Point","coordinates":[-75.87647915752228,38.47205664455778]},"id":"00000000000000000303","properties":{"Acres":74.7076324904,"Confidence":"High","County":"Dorchester","Digitized_":"USGS","Imagery_In":"NAIP - Maryland, 2011","Relate_Ite":"Maryland\\Dorchester","Shape_Area":302269.234855,"Shape_Leng":1991.76566485,"State":"MD","assigned_to":"maddie","global_rank":771.0,"lat":38.47205664455778,"lon":-75.87647915752228,"n_reserve":20,"n_target":100,"point_id":270.0,"queue_index":110.0,"rand":0.4988258066055449,"stable_idx":270.0}},{"type":"Feature","geometry":{"type":"Point","coordinates":[-75.90346033451448,38.64329975106386]},"id":"0000000000000000030a","properties":{"Acres":15.082325962,"Confidence":"High","County":"Dorchester","Digitized_":"USGS","Imagery_In":"NAIP - Maryland, 2011","Relate_Ite":"Maryland\\Dorchester","Shape_Area":60991.8836978,"Shape_Leng":881.851464469,"State":"MD","assigned_to":"maddie","global_rank":778.0,"lat":38.64329975106386,"lon":-75.90346033451448,"n_reserve":20,"n_target":100,"point_id":635.0,"queue_index":111.0,"rand":0.503975948014973,"stable_idx":635.0}},{"type":"Feature","geometry":{"type":"Point","coordinates":[-75.88849642025659,38.63371254287047]},"id":"00000000000000000318","properties":{"Acres":103.895154234,"Confidence":"High","County":"Dorchester","Digitized_":"USGS","Imagery_In":"NAIP - Maryland, 2011","Relate_Ite":"Maryland\\Dorchester","Shape_Area":420300.445257,"Shape_Leng":2298.46449535,"State":"MD","assigned_to":"maddie","global_rank":792.0,"lat":38.63371254287047,"lon":-75.88849642025659,"n_reserve":20,"n_target":100,"point_id":601.0,"queue_index":113.0,"rand":0.511507857673355,"stable_idx":601.0}},{"type":"Feature","geometry":{"type":"Point","coordinates":[-75.84675323132055,38.642815003964245]},"id":"0000000000000000031f","properties":{"Acres":46.9877044616,"Confidence":"High","County":"Dorchester","Digitized_":"USGS","Imagery_In":"NAIP - Maryland, 2011","Relate_Ite":"Maryland\\Dorchester","Shape_Area":190078.97828,"Shape_Leng":1554.86586906,"State":"MD","assigned_to":"maddie","global_rank":799.0,"lat":38.642815003964245,"lon":-75.84675323132055,"n_reserve":20,"n_target":100,"point_id":633.0,"queue_index":114.0,"rand":0.5211169979806343,"stable_idx":633.0}},{"type":"Feature","geometry":{"type":"Point","coordinates":[-75.75520811362202,38.61707512436764]},"id":"00000000000000000002","properties":{"Acres":31.5226432703,"Confidence":"High","County":"Dorchester","Digitized_":"USGS","Imagery_In":"NAIP - Maryland, 2011","Relate_Ite":"Maryland\\Dorchester","Shape_Area":127485.39323,"Shape_Leng":1265.93368309,"State":"MD","assigned_to":"mara","global_rank":2.0,"lat":38.61707512436764,"lon":-75.75520811362202,"n_reserve":20,"n_target":100,"point_id":562.0,"queue_index":0.0,"rand":0.0034323769223232325,"stable_idx":562.0}},{"type":"Feature","geometry":{"type":"Point","coordinates":[-75.90893291093602,38.631043061116486]},"id":"00000000000000000009","properties":{"Acres":48.8408323828,"Confidence":"High","County":"Dorchester","Digitized_":"USGS","Imagery_In":"NAIP - Maryland, 2011","Relate_Ite":"Maryland\\Dorchester","Shape_Area":197551.778607,"Shape_Leng":1575.91279887,"State":"MD","assigned_to":"mara","global_rank":9.0,"lat":38.631043061116486,"lon":-75.90893291093602,"n_reserve":20,"n_target":100,"point_id":598.0,"queue_index":1.0,"rand":0.0071588076653220645,"stable_idx":598.0}},{"type":"Feature","geometry":{"type":"Point","coordinates":[-75.90430935014436,38.66234167376678]},"id":"00000000000000000010","properties":{"Acres":44.6435091272,"Confidence":"High","County":"Dorchester","Digitized_":"USGS","Imagery_In":"NAIP - Maryland, 2011","Relate_Ite":"Maryland\\Dorchester","Shape_Area":180574.94676,"Shape_Leng":1976.17045784,"State":"MD","assigned_to":"mara","global_rank":16.0,"lat":38.66234167376678,"lon":-75.90430935014436,"n_reserve":20,"n_target":100,"point_id":691.0,"queue_index":2.0,"rand":0.01024354011002937,"stable_idx":691.0}},{"type":"Feature","geometry":{"type":"Point","coordinates":[-75.88376709897067,38.66582808364362]},"id":"00000000000000000017","properties":{"Acres":19.9052818003,"Confidence":"High","County":"Dorchester","Digitized_":"USGS","Imagery_In":"NAIP - Maryland, 2011","Relate_Ite":"Maryland\\Dorchester","Shape_Area":80533.2882926,"Shape_Leng":1238.3503913,"State":"MD","assigned_to":"mara","global_rank":23.0,"lat":38.66582808364362,"lon":-75.88376709897067,"n_reserve":20,"n_target":100,"point_id":698.0,"queue_index":3.0,"rand":0.014359592687168465,"stable_idx":698.0}},{"type":"Feature","geometry":{"type":"Point","coordinates":[-75.89943092029185,38.640625851807556]},"id":"0000000000000000002c","properties":{"Acres":52.7214788704,"Confidence":"High","County":"Dorchester","Digitized_":"USGS","Imagery_In":"NAIP - Maryland, 2011","Relate_Ite":"Maryland\\Dorchester","Shape_Area":213298.990601,"Shape_Leng":1854.32652407,"State":"MD","assigned_to":"mara","global_rank":44.0,"lat":38.640625851807556,"lon":-75.89943092029185,"n_reserve":20,"n_target":100,"point_id":622.0,"queue_index":6.0,"rand":0.02712988567331376,"stable_idx":622.0}},{"type":"Feature","geometry":{"type":"Point","coordinates":[-75.81276991873051,38.57188170780972]},"id":"00000000000000000048","properties":{"Acres":67.5101154947,"Confidence":"High","County":"Dorchester","Digitized_":"USGS","Imagery_In":"NAIP - Maryland, 2011","Relate_Ite":"Maryland\\Dorchester","Shape_Area":273116.434813,"Shape_Leng":1865.13498239,"State":"MD","assigned_to":"mara","global_rank":72.0,"lat":38.57188170780972,"lon":-75.81276991873051,"n_reserve":20,"n_target":100,"point_id":406.0,"queue_index":10.0,"rand":0.04881238486177919,"stable_idx":406.0}},{"type":"Feature","geometry":{"type":"Point","coordinates":[-75.7465539070755,38.60188312639354]},"id":"00000000000000000064","properties":{"Acres":209.319707796,"Confidence":"High","County":"Dorchester","Digitized_":"USGS","Imagery_In":"NAIP - Maryland, 2011","Relate_Ite":"Maryland\\Dorchester","Shape_Area":846891.509151,"Shape_Leng":3266.86519646,"State":"MD","assigned_to":"mara","global_rank":100.0,"lat":38.60188312639354,"lon":-75.7465539070755,"n_reserve":20,"n_target":100,"point_id":514.0,"queue_index":14.0,"rand":0.06272539022402612,"stable_idx":514.0}},{"type":"Feature","geometry":{"type":"Point","coordinates":[-75.72056120333079,38.59134580664496]},"id":"0000000000000000006b","properties":{"Acres":21.9352534571,"Confidence":"High","County":"Dorchester","Digitized_":"USGS","Imagery_In":"NAIP - Maryland, 2011","Relate_Ite":"Maryland\\Dorchester","Shape_Area":88708.3223976,"Shape_Leng":1321.47645378,"State":"MD","assigned_to":"mara","global_rank":107.0,"lat":38.59134580664496,"lon":-75.72056120333079,"n_reserve":20,"n_target":100,"point_id":478.0,"queue_index":15.0,"rand":0.0681987169700593,"stable_idx":478.0}},{"type":"Feature","geometry":{"type":"Point","coordinates":[-75.86666278276695,38.67844318891332]},"id":"00000000000000000072","properties":{"Acres":26.8392257935,"Confidence":"High","County":"Dorchester","Digitized_":"USGS","Imagery_In":"NAIP - Maryland, 2011","Relate_Ite":"Maryland\\Dorchester","Shape_Area":108538.545494,"Shape_Leng":1168.08579961,"State":"MD","assigned_to":"mara","global_rank":114.0,"lat":38.67844318891332,"lon":-75.86666278276695,"n_reserve":20,"n_target":100,"point_id":722.0,"queue_index":16.0,"rand":0.0729895624902096,"stable_idx":722.0}},{"type":"Feature","geometry":{"type":"Point","coordinates":[-75.75851055291636,38.639523452315544]},"id":"0000000000000000008e","properties":{"Acres":64.6081155001,"Confidence":"High","County":"Dorchester","Digitized_":"USGS","Imagery_In":"NAIP - Maryland, 2011","Relate_Ite":"Maryland\\Dorchester","Shape_Area":261343.497213,"Shape_Leng":1812.47078019,"State":"MD","assigned_to":"mara","global_rank":142.0,"lat":38.639523452315544,"lon":-75.75851055291636,"n_reserve":20,"n_target":100,"point_id":617.0,"queue_index":20.0,"rand":0.09203220630278242,"stable_idx":617.0}},{"type":"Feature","geometry":{"type":"Point","coordinates":[-75.91546466382798,38.500860572847856]},"id":"0000000000000000009c","properties":{"Acres":203.944738465,"Confidence":"High","County":"Dorchester","Digitized_":"USGS","Imagery_In":"NAIP - Maryland, 2011","Relate_Ite":"Maryland\\Dorchester","Shape_Area":825123.35944,"Shape_Leng":3220.27340102,"State":"MD","assigned_to":"mara","global_rank":156.0,"lat":38.500860572847856,"lon":-75.91546466382798,"n_reserve":20,"n_target":100,"point_id":292.0,"queue_index":22.0,"rand":0.09996272160118758,"stable_idx":292.0}},{"type":"Feature","geometry":{"type":"Point","coordinates":[-75.77787495907178,38.58480699509937]},"id":"000000000000000000a3","properties":{"Acres":25.5847019385,"Confidence":"High","County":"Dorchester","Digitized_":"USGS","Imagery_In":"NAIP - Maryland, 2011","Relate_Ite":"Maryland\\Dorchester","Shape_Area":103485.402135,"Shape_Leng":1341.37393171,"State":"MD","assigned_to":"mara","global_rank":163.0,"lat":38.58480699509937,"lon":-75.77787495907178,"n_reserve":20,"n_target":100,"point_id":451.0,"queue_index":23.0,"rand":0.10402782961062895,"stable_idx":451.0}},{"type":"Feature","geometry":{"type":"Point","coordinates":[-75.89822843162537,38.513721445154516]},"id":"000000000000000000b8","properties":{"Acres":54.9531551738,"Confidence":"High","County":"Dorchester","Digitized_":"USGS","Imagery_In":"NAIP - Maryland, 2011","Relate_Ite":"Maryland\\Dorchester","Shape_Area":222277.788979,"Shape_Leng":1671.5086953,"State":"MD","assigned_to":"mara","global_rank":184.0,"lat":38.513721445154516,"lon":-75.89822843162537,"n_reserve":20,"n_target":100,"point_id":306.0,"queue_index":26.0,"rand":0.12237612947294119,"stable_idx":306.0}},{"type":"Feature","geometry":{"type":"Point","coordinates":[-75.76880056711187,38.576087503854474]},"id":"000000000000000000c6","properties":{"Acres":99.4238037196,"Confidence":"High","County":"Dorchester","Digitized_":"USGS","Imagery_In":"NAIP - Maryland, 2011","Relate_Ite":"Maryland\\Dorchester","Shape_Area":402210.013181,"Shape_Leng":2248.51565112,"State":"MD","assigned_to":"mara","global_rank":198.0,"lat":38.576087503854474,"lon":-75.76880056711187,"n_reserve":20,"n_target":100,"point_id":418.0,"queue_index":28.0,"rand":0.12913346025265637,"stable_idx":418.0}},{"type":"Feature","geometry":{"type":"Point","coordinates":[-75.8329595230692,38.52058331375626]},"id":"000000000000000000cd","properties":{"Acres":23.1214151568,"Confidence":"High","County":"Dorchester","Digitized_":"USGS","Imagery_In":"NAIP - Maryland, 2011","Relate_Ite":"Maryland\\Dorchester","Shape_Area":93513.2782831,"Shape_Leng":1093.20695016,"State":"MD","assigned_to":"mara","global_rank":205.0,"lat":38.52058331375626,"lon":-75.8329595230692,"n_reserve":20,"n_target":100,"point_id":318.0,"queue_index":29.0,"rand":0.13189016573587886,"stable_idx":318.0}},{"type":"Feature","geometry":{"type":"Point","coordinates":[-75.84319872278465,38.66571777687281]},"id":"000000000000000000d4","properties":{"Acres":57.1364881891,"Confidence":"High","County":"Dorchester","Digitized_":"USGS","Imagery_In":"NAIP - Maryland, 2011","Relate_Ite":"Maryland\\Dorchester","Shape_Area":231143.881029,"Shape_Leng":1937.19173591,"State":"MD","assigned_to":"mara","global_rank":212.0,"lat":38.66571777687281,"lon":-75.84319872278465,"n_reserve":20,"n_target":100,"point_id":697.0,"queue_index":30.0,"rand":0.1394549847181582,"stable_idx":697.0}},{"type":"Feature","geometry":{"type":"Point","coordinates":[-75.74585754285918,38.57843457550052]},"id":"000000000000000000e2","properties":{"Acres":47.7174522377,"Confidence":"High","County":"Dorchester","Digitized_":"USGS","Imagery_In":"NAIP - Maryland, 2011","Relate_Ite":"Maryland\\Dorchester","Shape_Area":193045.574028,"Shape_Leng":1585.82329312,"State":"MD","assigned_to":"mara","global_rank":226.0,"lat":38.57843457550052,"lon":-75.74585754285918,"n_reserve":20,"n_target":100,"point_id":430.0,"queue_index":32.0,"rand":0.1498234821198534,"stable_idx":430.0}},{"type":"Feature","geometry":{"type":"Point","coordinates":[-75.8280217089734,38.59921337339914]},"id":"000000000000000000fe","properties":{"Acres":24.250924311,"Confidence":"High","County":"Dorchester","Digitized_":"USGS","Imagery_In":"NAIP - Maryland, 2011","Relate_Ite":"Maryland\\Dorchester","Shape_Area":98082.1231062,"Shape_Leng":1118.480799,"State":"MD","assigned_to":"mara","global_rank":254.0,"lat":38.59921337339914,"lon":-75.8280217089734,"n_reserve":20,"n_target":100,"point_id":505.0,"queue_index":36.0,"rand":0.16869250289971127,"stable_idx":505.0}},{"type":"Feature","geometry":{"type":"Point","coordinates":[-75.88091305579412,38.572321862870034]},"id":"00000000000000000105","properties":{"Acres":36.2450653746,"Confidence":"High","County":"Dorchester","Digitized_":"USGS","Imagery_In":"NAIP - Maryland, 2011","Relate_Ite":"Maryland\\Dorchester","Shape_Area":146615.714131,"Shape_Leng":1367.28619074,"State":"MD","assigned_to":"mara","global_rank":261.0,"lat":38.572321862870034,"lon":-75.88091305579412,"n_reserve":20,"n_target":100,"point_id":409.0,"queue_index":37.0,"rand":0.17401365587118,"stable_idx":409.0}},{"type":"Feature","geometry":{"type":"Point","coordinates":[-75.84507119336565,38.67206486059714]},"id":"0000000000000000010c","properties":{"Acres":34.6568825763,"Confidence":"High","County":"Dorchester","Digitized_":"USGS","Imagery_In":"NAIP - Maryland, 2011","Relate_Ite":"Maryland\\Dorchester","Shape_Area":140184.454019,"Shape_Leng":1331.06121563,"State":"MD","assigned_to":"mara","global_rank":268.0,"lat":38.67206486059714,"lon":-75.84507119336565,"n_reserve":20,"n_target":100,"point_id":708.0,"queue_index":38.0,"rand":0.17897691039293684,"stable_idx":708.0}},{"type":"Feature","geometry":{"type":"Point","coordinates":[-75.88582660465353,38.642187552531176]},"id":"00000000000000000136","properties":{"Acres":70.9228677883,"Confidence":"High","County":"Dorchester","Digitized_":"USGS","Imagery_In":"NAIP - Maryland, 2011","Relate_Ite":"Maryland\\Dorchester","Shape_Area":286891.637897,"Shape_Leng":1898.99459452,"State":"MD","assigned_to":"mara","global_rank":310.0,"lat":38.642187552531176,"lon":-75.88582660465353,"n_reserve":20,"n_target":100,"point_id":627.0,"queue_index":44.0,"rand":0.20867852413817878,"stable_idx":627.0}},{"type":"Feature","geometry":{"type":"Point","coordinates":[-75.81748633332224,38.63831373961593]},"id":"0000000000000000016e","properties":{"Acres":32.2087871703,"Confidence":"High","County":"Dorchester","Digitized_":"USGS","Imagery_In":"NAIP - Maryland, 2011","Relate_Ite":"Maryland\\Dorchester","Shape_Area":130260.585384,"Shape_Leng":1279.62698641,"State":"MD","assigned_to":"mara","global_rank":366.0,"lat":38.63831373961593,"lon":-75.81748633332224,"n_reserve":20,"n_target":100,"point_id":613.0,"queue_index":52.0,"rand":0.24268441419119458,"stable_idx":613.0}},{"type":"Feature","geometry":{"type":"Point","coordinates":[-75.88357144226002,38.684951773982114]},"id":"00000000000000000191","properties":{"Acres":47.4612764103,"Confidence":"High","County":"Dorchester","Digitized_":"USGS","Imagery_In":"NAIP - Maryland, 2011","Relate_Ite":"Maryland\\Dorchester","Shape_Area":191996.645364,"Shape_Leng":1827.65901708,"State":"MD","assigned_to":"mara","global_rank":401.0,"lat":38.684951773982114,"lon":-75.88357144226002,"n_reserve":20,"n_target":100,"point_id":739.0,"queue_index":57.0,"rand":0.2643808550920257,"stable_idx":739.0}},{"type":"Feature","geometry":{"type":"Point","coordinates":[-75.95480943701914,38.587997297067815]},"id":"000000000000000001a6","properties":{"Acres":4.4177121735,"Confidence":"High","County":"Dorchester","Digitized_":"USGS","Imagery_In":"NAIP - Maryland, 2011","Relate_Ite":"Maryland\\Dorchester","Shape_Area":17848.1495805,"Shape_Leng":473.809583594,"State":"MD","assigned_to":"mara","global_rank":422.0,"lat":38.587997297067815,"lon":-75.95480943701914,"n_reserve":20,"n_target":100,"point_id":467.0,"queue_index":60.0,"rand":0.2783107819599464,"stable_idx":467.0}},{"type":"Feature","geometry":{"type":"Point","coordinates":[-75.88552408334205,38.58887122554701]},"id":"000000000000000001ad","properties":{"Acres":133.924474483,"Confidence":"High","County":"Dorchester","Digitized_":"USGS","Imagery_In":"NAIP - Maryland, 2011","Relate_Ite":"Maryland\\Dorchester","Shape_Area":541895.258636,"Shape_Leng":2776.74886103,"State":"MD","assigned_to":"mara","global_rank":429.0,"lat":38.58887122554701,"lon":-75.88552408334205,"n_reserve":20,"n_target":100,"point_id":469.0,"queue_index":61.0,"rand":0.2829897239408361,"stable_idx":469.0}},{"type":"Feature","geometry":{"type":"Point","coordinates":[-75.74254636784127,38.58226791131873]},"id":"000000000000000001bb","properties":{"Acres":39.6104687987,"Confidence":"High","County":"Dorchester","Digitized_":"USGS","Imagery_In":"NAIP - Maryland, 2011","Relate_Ite":"Maryland\\Dorchester","Shape_Area":160219.235363,"Shape_Leng":1744.91573638,"State":"MD","assigned_to":"mara","global_rank":443.0,"lat":38.58226791131873,"lon":-75.74254636784127,"n_reserve":20,"n_target":100,"point_id":443.0,"queue_index":63.0,"rand":0.288727066095114,"stable_idx":443.0}},{"type":"Feature","geometry":{"type":"Point","coordinates":[-75.86553823981755,38.675235859114125]},"id":"000000000000000001d0","properties":{"Acres":22.6797661508,"Confidence":"High","County":"Dorchester","Digitized_":"USGS","Imagery_In":"NAIP - Maryland, 2011","Relate_Ite":"Maryland\\Dorchester","Shape_Area":91711.3605705,"Shape_Leng":1073.74446901,"State":"MD","assigned_to":"mara","global_rank":464.0,"lat":38.675235859114125,"lon":-75.86553823981755,"n_reserve":20,"n_target":100,"point_id":713.0,"queue_index":66.0,"rand":0.3010473570860839,"stable_idx":713.0}},{"type":"Feature","geometry":{"type":"Point","coordinates":[-75.73691142034293,38.58253319071535]},"id":"00000000000000000201","properties":{"Acres":53.2877815422,"Confidence":"High","County":"Dorchester","Digitized_":"USGS","Imagery_In":"NAIP - Maryland, 2011","Relate_Ite":"Maryland\\Dorchester","Shape_Area":215541.712217,"Shape_Leng":1646.00169187,"State":"MD","assigned_to":"mara","global_rank":513.0,"lat":38.58253319071535,"lon":-75.73691142034293,"n_reserve":20,"n_target":100,"point_id":445.0,"queue_index":73.0,"rand":0.3316036483140782,"stable_idx":445.0}},{"type":"Feature","geometry":{"type":"Point","coordinates":[-75.75605575461283,38.6504060591522]},"id":"00000000000000000208","properties":{"Acres":62.5286457905,"Confidence":"High","County":"Dorchester","Digitized_":"USGS","Imagery_In":"NAIP - Maryland, 2011","Relate_Ite":"Maryland\\Dorchester","Shape_Area":252935.984473,"Shape_Leng":2290.08171807,"State":"MD","assigned_to":"mara","global_rank":520.0,"lat":38.6504060591522,"lon":-75.75605575461283,"n_reserve":20,"n_target":100,"point_id":657.0,"queue_index":74.0,"rand":0.33376658078959986,"stable_idx":657.0}},{"type":"Feature","geometry":{"type":"Point","coordinates":[-75.71727574241523,38.603737517950414]},"id":"0000000000000000022b","properties":{"Acres":41.7428491122,"Confidence":"High","County":"Dorchester","Digitized_":"USGS","Imagery_In":"NAIP - Maryland, 2011","Relate_Ite":"Maryland\\Dorchester","Shape_Area":168843.311386,"Shape_Leng":1830.05849115,"State":"MD","assigned_to":"mara","global_rank":555.0,"lat":38.603737517950414,"lon":-75.71727574241523,"n_reserve":20,"n_target":100,"point_id":517.0,"queue_index":79.0,"rand":0.35843928608352105,"stable_idx":517.0}},{"type":"Feature","geometry":{"type":"Point","coordinates":[-75.729966999439,38.6359344611398]},"id":"00000000000000000240","properties":{"Acres":72.8028436376,"Confidence":"High","County":"Dorchester","Digitized_":"USGS","Imagery_In":"NAIP - Maryland, 2011","Relate_Ite":"Maryland\\Dorchester","Shape_Area":294498.277945,"Shape_Leng":1923.97048602,"State":"MD","assigned_to":"mara","global_rank":576.0,"lat":38.6359344611398,"lon":-75.729966999439,"n_reserve":20,"n_target":100,"point_id":606.0,"queue_index":82.0,"rand":0.3729425868944334,"stable_idx":606.0}},{"type":"Feature","geometry":{"type":"Point","coordinates":[-75.77938696446137,38.6014504393391]},"id":"0000000000000000024e","properties":{"Acres":19.148129325,"Confidence":"High","County":"Dorchester","Digitized_":"USGS","Imagery_In":"NAIP - Maryland, 2011","Relate_Ite":"Maryland\\Dorchester","Shape_Area":77432.7631684,"Shape_Leng":1229.75866314,"State":"MD","assigned_to":"mara","global_rank":590.0,"lat":38.6014504393391,"lon":-75.77938696446137,"n_reserve":20,"n_target":100,"point_id":513.0,"queue_index":84.0,"rand":0.3788047273924412,"stable_idx":513.0}},{"type":"Feature","geometry":{"type":"Point","coordinates":[-75.90989180815703,38.48039002797042]},"id":"0000000000000000025c","properties":{"Acres":52.9659282974,"Confidence":"High","County":"Dorchester","Digitized_":"USGS","Imagery_In":"NAIP - Maryland, 2011","Relate_Ite":"Maryland\\Dorchester","Shape_Area":214240.391297,"Shape_Leng":1641.0303938,"State":"MD","assigned_to":"mara","global_rank":604.0,"lat":38.48039002797042,"lon":-75.90989180815703,"n_reserve":20,"n_target":100,"point_id":276.0,"queue_index":86.0,"rand":0.3864733925884195,"stable_idx":276.0}},{"type":"Feature","geometry":{"type":"Point","coordinates":[-75.90178657251539,38.48455558981455]},"id":"00000000000000000286","properties":{"Acres":60.4364958022,"Confidence":"High","County":"Dorchester","Digitized_":"USGS","Imagery_In":"NAIP - Maryland, 2011","Relate_Ite":"Maryland\\Dorchester","Shape_Area":244472.051249,"Shape_Leng":2279.75790185,"State":"MD","assigned_to":"mara","global_rank":646.0,"lat":38.48455558981455,"lon":-75.90178657251539,"n_reserve":20,"n_target":100,"point_id":281.0,"queue_index":92.0,"rand":0.414855506851042,"stable_idx":281.0}},{"type":"Feature","geometry":{"type":"Point","coordinates":[-75.8766616112647,38.61423785827173]},"id":"0000000000000000028d","properties":{"Acres":52.3079847158,"Confidence":"High","County":"Dorchester","Digitized_":"USGS","Imagery_In":"NAIP - Maryland, 2011","Relate_Ite":"Maryland\\Dorchester","Shape_Area":211612.224718,"Shape_Leng":2105.00039959,"State":"MD","assigned_to":"mara","global_rank":653.0,"lat":38.61423785827173,"lon":-75.8766616112647,"n_reserve":20,"n_target":100,"point_id":552.0,"queue_index":93.0,"rand":0.41805135338461996,"stable_idx":552.0}},{"type":"Feature","geometry":{"type":"Point","coordinates":[-75.77795487274223,38.61729258428696]},"id":"00000000000000000294","properties":{"Acres":18.8979933664,"Confidence":"High","County":"Dorchester","Digitized_":"USGS","Imagery_In":"NAIP - Maryland, 2011","Relate_Ite":"Maryland\\Dorchester","Shape_Area":76423.8023568,"Shape_Leng":1212.85233981,"State":"MD","assigned_to":"mara","global_rank":660.0,"lat":38.61729258428696,"lon":-75.77795487274223,"n_reserve":20,"n_target":100,"point_id":564.0,"queue_index":94.0,"rand":0.4213369185673842,"stable_idx":564.0}},{"type":"Feature","geometry":{"type":"Point","coordinates":[-75.8476038643959,38.628519494480166]},"id":"000000000000000002b7","properties":{"Acres":31.9185397917,"Confidence":"High","County":"Dorchester","Digitized_":"USGS","Imagery_In":"NAIP - Maryland, 2011","Relate_Ite":"Maryland\\Dorchester","Shape_Area":129088.336864,"Shape_Leng":1273.98736672,"State":"MD","assigned_to":"mara","global_rank":695.0,"lat":38.628519494480166,"lon":-75.8476038643959,"n_reserve":20,"n_target":100,"point_id":588.0,"queue_index":99.0,"rand":0.4426793759889318,"stable_idx":588.0}},{"type":"Feature","geometry":{"type":"Point","coordinates":[-75.76562062593304,38.63964470774711]},"id":"000000000000000002be","properties":{"Acres":71.1189469953,"Confidence":"High","County":"Dorchester","Digitized_":"USGS","Imagery_In":"NAIP - Maryland, 2011","Relate_Ite":"Maryland\\Dorchester","Shape_Area":287716.073405,"Shape_Leng":1914.40450319,"State":"MD","assigned_to":"mara","global_rank":702.0,"lat":38.63964470774711,"lon":-75.76562062593304,"n_reserve":20,"n_target":100,"point_id":618.0,"queue_index":100.0,"rand":0.44665624248565705,"stable_idx":618.0}},{"type":"Feature","geometry":{"type":"Point","coordinates":[-75.71820701628707,38.63378868913716]},"id":"000000000000000002c5","properties":{"Acres":25.1773549925,"Confidence":"High","County":"Dorchester","Digitized_":"USGS","Imagery_In":"NAIP - Maryland, 2011","Relate_Ite":"Maryland\\Dorchester","Shape_Area":101817.482254,"Shape_Leng":1131.45614483,"State":"MD","assigned_to":"mara","global_rank":709.0,"lat":38.63378868913716,"lon":-75.71820701628707,"n_reserve":20,"n_target":100,"point_id":602.0,"queue_index":101.0,"rand":0.4535015248370514,"stable_idx":602.0}},{"type":"Feature","geometry":{"type":"Point","coordinates":[-75.82287907381877,38.519222683682756]},"id":"000000000000000002e8","properties":{"Acres":8.41770434394,"Confidence":"High","County":"Dorchester","Digitized_":"USGS","Imagery_In":"NAIP - Maryland, 2011","Relate_Ite":"Maryland\\Dorchester","Shape_Area":34035.0799669,"Shape_Leng":773.587776133,"State":"MD","assigned_to":"mara","global_rank":744.0,"lat":38.519222683682756,"lon":-75.82287907381877,"n_reserve":20,"n_target":100,"point_id":315.0,"queue_index":106.0,"rand":0.4810786636713156,"stable_idx":315.0}},{"type":"Feature","geometry":{"type":"Point","coordinates":[-75.88775305164936,38.52867964293523]},"id":"000000000000000002f6","properties":{"Acres":76.4375759837,"Confidence":"High","County":"Dorchester","Digitized_":"USGS","Imagery_In":"NAIP - Maryland, 2011","Relate_Ite":"Maryland\\Dorchester","Shape_Area":309246.719361,"Shape_Leng":2440.1163187,"State":"MD","assigned_to":"mara","global_rank":758.0,"lat":38.52867964293523,"lon":-75.88775305164936,"n_reserve":20,"n_target":100,"point_id":341.0,"queue_index":108.0,"rand":0.49107878822119266,"stable_idx":341.0}},{"type":"Feature","geometry":{"type":"Point","coordinates":[-75.9082067826161,38.61851599444571]},"id":"00000000000000000304","properties":{"Acres":133.187737312,"Confidence":"High","County":"Dorchester","Digitized_":"USGS","Imagery_In":"NAIP - Maryland, 2011","Relate_Ite":"Maryland\\Dorchester","Shape_Area":538823.459529,"Shape_Leng":2602.38771543,"State":"MD","assigned_to":"mara","global_rank":772.0,"lat":38.61851599444571,"lon":-75.9082067826161,"n_reserve":20,"n_target":100,"point_id":567.0,"queue_index":110.0,"rand":0.49894146280995855,"stable_idx":567.0}},{"type":"Feature","geometry":{"type":"Point","coordinates":[-75.83099480785242,38.66425120741442]},"id":"00000000000000000327","properties":{"Acres":17.1767176285,"Confidence":"High","County":"Dorchester","Digitized_":"USGS","Imagery_In":"NAIP - Maryland, 2011","Relate_Ite":"Maryland\\Dorchester","Shape_Area":69452.2022595,"Shape_Leng":934.451348892,"State":"MD","assigned_to":"mara","global_rank":807.0,"lat":38.66425120741442,"lon":-75.83099480785242,"n_reserve":20,"n_target":100,"point_id":695.0,"queue_index":115.0,"rand":0.5261204662774713,"stable_idx":695.0}},{"type":"Feature","geometry":{"type":"Point","coordinates":[-75.95231469151554,38.522506518309385]},"id":"0000000000000000000a","properties":{"Acres":116.023627,"Confidence":"High","County":"Dorchester","Digitized_":"USGS","Imagery_In":"NAIP - Maryland, 2011","Relate_Ite":"Maryland\\Dorchester","Shape_Area":469371.087945,"Shape_Leng":2428.85011608,"State":"MD","assigned_to":"mike","global_rank":10.0,"lat":38.522506518309385,"lon":-75.95231469151554,"n_reserve":20,"n_target":100,"point_id":326.0,"queue_index":1.0,"rand":0.007438101973222699,"stable_idx":326.0}},{"type":"Feature","geometry":{"type":"Point","coordinates":[-75.90465448809628,38.672518471423345]},"id":"0000000000000000003b","properties":{"Acres":145.346849742,"Confidence":"High","County":"Dorchester","Digitized_":"USGS","Imagery_In":"NAIP - Maryland, 2011","Relate_Ite":"Maryland\\Dorchester","Shape_Area":588043.627321,"Shape_Leng":2722.88755371,"State":"MD","assigned_to":"mike","global_rank":59.0,"lat":38.672518471423345,"lon":-75.90465448809628,"n_reserve":20,"n_target":100,"point_id":710.0,"queue_index":8.0,"rand":0.04056478383830853,"stable_idx":710.0}},{"type":"Feature","geometry":{"type":"Point","coordinates":[-75.8960488916272,38.495583679307]},"id":"00000000000000000057","properties":{"Acres":50.4196802097,"Confidence":"High","County":"Dorchester","Digitized_":"USGS","Imagery_In":"NAIP - Maryland, 2011","Relate_Ite":"Maryland\\Dorchester","Shape_Area":203938.161547,"Shape_Leng":1601.1031076,"State":"MD","assigned_to":"mike","global_rank":87.0,"lat":38.495583679307,"lon":-75.8960488916272,"n_reserve":20,"n_target":100,"point_id":288.0,"queue_index":12.0,"rand":0.05513402958028668,"stable_idx":288.0}},{"type":"Feature","geometry":{"type":"Point","coordinates":[-75.88925481996671,38.472868673860575]},"id":"0000000000000000009d","properties":{"Acres":40.5936691656,"Confidence":"High","County":"Dorchester","Digitized_":"USGS","Imagery_In":"NAIP - Maryland, 2011","Relate_Ite":"Maryland\\Dorchester","Shape_Area":164188.079465,"Shape_Leng":1839.5627383,"State":"MD","assigned_to":"mike","global_rank":157.0,"lat":38.472868673860575,"lon":-75.88925481996671,"n_reserve":20,"n_target":100,"point_id":271.0,"queue_index":22.0,"rand":0.10020897385544802,"stable_idx":271.0}},{"type":"Feature","geometry":{"type":"Point","coordinates":[-75.844632680353,38.63631560914136]},"id":"000000000000000000a4","properties":{"Acres":75.4266424125,"Confidence":"High","County":"Dorchester","Digitized_":"USGS","Imagery_In":"NAIP - Maryland, 2011","Relate_Ite":"Maryland\\Dorchester","Shape_Area":305114.024164,"Shape_Leng":1958.31990901,"State":"MD","assigned_to":"mike","global_rank":164.0,"lat":38.63631560914136,"lon":-75.844632680353,"n_reserve":20,"n_target":100,"point_id":609.0,"queue_index":23.0,"rand":0.10474242742903628,"stable_idx":609.0}},{"type":"Feature","geometry":{"type":"Point","coordinates":[-75.96586702341398,38.59338447824196]},"id":"000000000000000000b9","properties":{"Acres":67.9908587324,"Confidence":"Low","County":"Dorchester","Digitized_":"USGS","Imagery_In":"NAIP - Maryland, 2011","Relate_Ite":"Maryland\\Dorchester","Shape_Area":275149.243326,"Shape_Leng":2383.79452462,"State":"MD","assigned_to":"mike","global_rank":185.0,"lat":38.59338447824196,"lon":-75.96586702341398,"n_reserve":20,"n_target":100,"point_id":487.0,"queue_index":26.0,"rand":0.12241871047261599,"stable_idx":487.0}},{"type":"Feature","geometry":{"type":"Point","coordinates":[-75.75230867549385,38.62771026328117]},"id":"000000000000000000d5","properties":{"Acres":119.614225103,"Confidence":"High","County":"Dorchester","Digitized_":"USGS","Imagery_In":"NAIP - Maryland, 2011","Relate_Ite":"Maryland\\Dorchester","Shape_Area":483932.305874,"Shape_Leng":2493.0419367,"State":"MD","assigned_to":"mike","global_rank":213.0,"lat":38.62771026328117,"lon":-75.75230867549385,"n_reserve":20,"n_target":100,"point_id":585.0,"queue_index":30.0,"rand":0.14138702398029102,"stable_idx":585.0}},{"type":"Feature","geometry":{"type":"Point","coordinates":[-75.7538536090198,38.61135200960915]},"id":"000000000000000000ea","properties":{"Acres":21.3868097414,"Confidence":"High","County":"Dorchester","Digitized_":"USGS","Imagery_In":"NAIP - Maryland, 2011","Relate_Ite":"Maryland\\Dorchester","Shape_Area":86482.802526,"Shape_Leng":1042.71354092,"State":"MD","assigned_to":"mike","global_rank":234.0,"lat":38.61135200960915,"lon":-75.7538536090198,"n_reserve":20,"n_target":100,"point_id":541.0,"queue_index":33.0,"rand":0.15312022749069532,"stable_idx":541.0}},{"type":"Feature","geometry":{"type":"Point","coordinates":[-75.8543064959212,38.57536647138969]},"id":"0000000000000000010d","properties":{"Acres":34.4382804121,"Confidence":"High","County":"Dorchester","Digitized_":"USGS","Imagery_In":"NAIP - Maryland, 2011","Relate_Ite":"Maryland\\Dorchester","Shape_Area":139281.298983,"Shape_Leng":1323.23373127,"State":"MD","assigned_to":"mike","global_rank":269.0,"lat":38.57536647138969,"lon":-75.8543064959212,"n_reserve":20,"n_target":100,"point_id":417.0,"queue_index":38.0,"rand":0.17911565902814375,"stable_idx":417.0}},{"type":"Feature","geometry":{"type":"Point","coordinates":[-75.90516156344266,38.682211227835246]},"id":"00000000000000000122","properties":{"Acres":51.7261150303,"Confidence":"High","County":"Dorchester","Digitized_":"USGS","Imagery_In":"NAIP - Maryland, 2011","Relate_Ite":"Maryland\\Dorchester","Shape_Area":209254.678239,"Shape_Leng":1638.32523091,"State":"MD","assigned_to":"mike","global_rank":290.0,"lat":38.682211227835246,"lon":-75.90516156344266,"n_reserve":20,"n_target":100,"point_id":731.0,"queue_index":41.0,"rand":0.19173359908694365,"stable_idx":731.0}},{"type":"Feature","geometry":{"type":"Point","coordinates":[-75.8404568094417,38.59280682111316]},"id":"00000000000000000168","properties":{"Acres":46.2298845366,"Confidence":"High","County":"Dorchester","Digitized_":"USGS","Imagery_In":"NAIP - Maryland, 2011","Relate_Ite":"Maryland\\Dorchester","Shape_Area":186994.315416,"Shape_Leng":1948.30818799,"State":"MD","assigned_to":"mike","global_rank":360.0,"lat":38.59280682111316,"lon":-75.8404568094417,"n_reserve":20,"n_target":100,"point_id":483.0,"queue_index":51.0,"rand":0.23455958272606658,"stable_idx":483.0}},{"type":"Feature","geometry":{"type":"Point","coordinates":[-75.7723414231789,38.64254646300482]},"id":"00000000000000000199","properties":{"Acres":84.3477636314,"Confidence":"High","County":"Dorchester","Digitized_":"USGS","Imagery_In":"NAIP - Maryland, 2011","Relate_Ite":"Maryland\\Dorchester","Shape_Area":341239.545834,"Shape_Leng":2709.11016478,"State":"MD","assigned_to":"mike","global_rank":409.0,"lat":38.64254646300482,"lon":-75.7723414231789,"n_reserve":20,"n_target":100,"point_id":630.0,"queue_index":58.0,"rand":0.2683521777112172,"stable_idx":630.0}},{"type":"Feature","geometry":{"type":"Point","coordinates":[-75.87228928260153,38.581202808915634]},"id":"000000000000000001b5","properties":{"Acres":55.7220837504,"Confidence":"High","County":"Dorchester","Digitized_":"USGS","Imagery_In":"NAIP - Maryland, 2011","Relate_Ite":"Maryland\\Dorchester","Shape_Area":225392.325866,"Shape_Leng":1683.40826704,"State":"MD","assigned_to":"mike","global_rank":437.0,"lat":38.581202808915634,"lon":-75.87228928260153,"n_reserve":20,"n_target":100,"point_id":441.0,"queue_index":62.0,"rand":0.2857350507590448,"stable_idx":441.0}},{"type":"Feature","geometry":{"type":"Point","coordinates":[-75.72499572796002,38.60142173533058]},"id":"000000000000000001d8","properties":{"Acres":58.8140280305,"Confidence":"High","County":"Dorchester","Digitized_":"USGS","Imagery_In":"NAIP - Maryland, 2011","Relate_Ite":"Maryland\\Dorchester","Shape_Area":237899.240158,"Shape_Leng":1729.26105623,"State":"MD","assigned_to":"mike","global_rank":472.0,"lat":38.60142173533058,"lon":-75.72499572796002,"n_reserve":20,"n_target":100,"point_id":511.0,"queue_index":67.0,"rand":0.305576556311558,"stable_idx":511.0}},{"type":"Feature","geometry":{"type":"Point","coordinates":[-75.84626511158744,38.65104947665557]},"id":"000000000000000001df","properties":{"Acres":144.363388995,"Confidence":"High","County":"Dorchester","Digitized_":"USGS","Imagery_In":"NAIP - Maryland, 2011","Relate_Ite":"Maryland\\Dorchester","Shape_Area":584123.697035,"Shape_Leng":3009.36030646,"State":"MD","assigned_to":"mike","global_rank":479.0,"lat":38.65104947665557,"lon":-75.84626511158744,"n_reserve":20,"n_target":100,"point_id":658.0,"queue_index":68.0,"rand":0.3118888766900567,"stable_idx":658.0}},{"type":"Feature","geometry":{"type":"Point","coordinates":[-75.90140116378821,38.679246712596346]},"id":"000000000000000001ed","properties":{"Acres":37.5828339942,"Confidence":"High","County":"Dorchester","Digitized_":"USGS","Imagery_In":"NAIP - Maryland, 2011","Relate_Ite":"Maryland\\Dorchester","Shape_Area":152035.709067,"Shape_Leng":1392.4601658,"State":"MD","assigned_to":"mike","global_rank":493.0,"lat":38.679246712596346,"lon":-75.90140116378821,"n_reserve":20,"n_target":100,"point_id":724.0,"queue_index":70.0,"rand":0.31940094058484836,"stable_idx":724.0}},{"type":"Feature","geometry":{"type":"Point","coordinates":[-75.88619855215353,38.66018047309022]},"id":"000000000000000001f4","properties":{"Acres":32.728945173,"Confidence":"High","County":"Dorchester","Digitized_":"USGS","Imagery_In":"NAIP - Maryland, 2011","Relate_Ite":"Maryland\\Dorchester","Shape_Area":132379.342091,"Shape_Leng":1296.52783682,"State":"MD","assigned_to":"mike","global_rank":500.0,"lat":38.66018047309022,"lon":-75.88619855215353,"n_reserve":20,"n_target":100,"point_id":685.0,"queue_index":71.0,"rand":0.3250193753395305,"stable_idx":685.0}},{"type":"Feature","geometry":{"type":"Point","coordinates":[-75.74832214826812,38.657057866907046]},"id":"000000000000000001fb","properties":{"Acres":13.3069807266,"Confidence":"High","County":"Dorchester","Digitized_":"USGS","Imagery_In":"NAIP - Maryland, 2011","Relate_Ite":"Maryland\\Dorchester","Shape_Area":53814.8659194,"Shape_Leng":957.045965868,"State":"MD","assigned_to":"mike","global_rank":507.0,"lat":38.657057866907046,"lon":-75.74832214826812,"n_reserve":20,"n_target":100,"point_id":677.0,"queue_index":72.0,"rand":0.32956721008521095,"stable_idx":677.0}},{"type":"Feature","geometry":{"type":"Point","coordinates":[-75.70843180902102,38.57869074577973]},"id":"00000000000000000209","properties":{"Acres":11.0611760717,"Confidence":"High","County":"Dorchester","Digitized_":"USGS","Imagery_In":"NAIP - Maryland, 2011","Relate_Ite":"Maryland\\Dorchester","Shape_Area":44714.9286594,"Shape_Leng":749.813236175,"State":"MD","assigned_to":"mike","global_rank":521.0,"lat":38.57869074577973,"lon":-75.70843180902102,"n_reserve":20,"n_target":100,"point_id":432.0,"queue_index":74.0,"rand":0.3337769138110672,"stable_idx":432.0}},{"type":"Feature","geometry":{"type":"Point","coordinates":[-75.74863712786285,38.61761866982672]},"id":"0000000000000000024f","properties":{"Acres":100.818799641,"Confidence":"High","County":"Dorchester","Digitized_":"USGS","Imagery_In":"NAIP - Maryland, 2011","Relate_Ite":"Maryland\\Dorchester","Shape_Area":407900.760036,"Shape_Leng":2702.35780303,"State":"MD","assigned_to":"mike","global_rank":591.0,"lat":38.61761866982672,"lon":-75.74863712786285,"n_reserve":20,"n_target":100,"point_id":566.0,"queue_index":84.0,"rand":0.37899904569652576,"stable_idx":566.0}},{"type":"Feature","geometry":{"type":"Point","coordinates":[-75.84042377078495,38.671023258844826]},"id":"00000000000000000280","properties":{"Acres":57.0487725649,"Confidence":"High","County":"Dorchester","Digitized_":"USGS","Imagery_In":"NAIP - Maryland, 2011","Relate_Ite":"Maryland\\Dorchester","Shape_Area":230757.446046,"Shape_Leng":1703.0842828,"State":"MD","assigned_to":"mike","global_rank":640.0,"lat":38.671023258844826,"lon":-75.84042377078495,"n_reserve":20,"n_target":100,"point_id":706.0,"queue_index":91.0,"rand":0.41089303588169757,"stable_idx":706.0}},{"type":"Feature","geometry":{"type":"Point","coordinates":[-75.73634435751252,38.640229111433335]},"id":"00000000000000000295","properties":{"Acres":72.3780701559,"Confidence":"High","County":"Dorchester","Digitized_":"USGS","Imagery_In":"NAIP - Maryland, 2011","Relate_Ite":"Maryland\\Dorchester","Shape_Area":292778.695476,"Shape_Leng":1918.3356767,"State":"MD","assigned_to":"mike","global_rank":661.0,"lat":38.640229111433335,"lon":-75.73634435751252,"n_reserve":20,"n_target":100,"point_id":620.0,"queue_index":94.0,"rand":0.4216041921038729,"stable_idx":620.0}},{"type":"Feature","geometry":{"type":"Point","coordinates":[-75.89515276947323,38.66545369095088]},"id":"000000000000000002b1","properties":{"Acres":101.356380018,"Confidence":"High","County":"Dorchester","Digitized_":"USGS","Imagery_In":"NAIP - Maryland, 2011","Relate_Ite":"Maryland\\Dorchester","Shape_Area":410029.509762,"Shape_Leng":2270.30813907,"State":"MD","assigned_to":"mike","global_rank":689.0,"lat":38.66545369095088,"lon":-75.89515276947323,"n_reserve":20,"n_target":100,"point_id":696.0,"queue_index":98.0,"rand":0.43931457639385874,"stable_idx":696.0}},{"type":"Feature","geometry":{"type":"Point","coordinates":[-75.88885683817666,38.504145085705375]},"id":"000000000000000002b8","properties":{"Acres":9.36748947756,"Confidence":"High","County":"Dorchester","Digitized_":"USGS","Imagery_In":"NAIP - Maryland, 2011","Relate_Ite":"Maryland\\Dorchester","Shape_Area":37864.69835,"Shape_Leng":690.056902701,"State":"MD","assigned_to":"mike","global_rank":696.0,"lat":38.504145085705375,"lon":-75.88885683817666,"n_reserve":20,"n_target":100,"point_id":294.0,"queue_index":99.0,"rand":0.44396409241132595,"stable_idx":294.0}},{"type":"Feature","geometry":{"type":"Point","coordinates":[-75.75355237899242,38.60811939777304]},"id":"000000000000000002bf","properties":{"Acres":41.8628217715,"Confidence":"High","County":"Dorchester","Digitized_":"USGS","Imagery_In":"NAIP - Maryland, 2011","Relate_Ite":"Maryland\\Dorchester","Shape_Area":169319.954615,"Shape_Leng":1458.92856898,"State":"MD","assigned_to":"mike","global_rank":703.0,"lat":38.60811939777304,"lon":-75.75355237899242,"n_reserve":20,"n_target":100,"point_id":531.0,"queue_index":100.0,"rand":0.44939029085652105,"stable_idx":531.0}},{"type":"Feature","geometry":{"type":"Point","coordinates":[-75.79588026426154,38.57175385764657]},"id":"000000000000000002cd","properties":{"Acres":75.4572402315,"Confidence":"High","County":"Dorchester","Digitized_":"USGS","Imagery_In":"NAIP - Maryland, 2011","Relate_Ite":"Maryland\\Dorchester","Shape_Area":305238.203241,"Shape_Leng":1958.73891741,"State":"MD","assigned_to":"mike","global_rank":717.0,"lat":38.57175385764657,"lon":-75.79588026426154,"n_reserve":20,"n_target":100,"point_id":404.0,"queue_index":102.0,"rand":0.45875132775630434,"stable_idx":404.0}},{"type":"Feature","geometry":{"type":"Point","coordinates":[-75.7334710286717,38.651081069500904]},"id":"000000000000000002db","properties":{"Acres":135.33575495,"Confidence":"High","County":"Dorchester","Digitized_":"USGS","Imagery_In":"NAIP - Maryland, 2011","Relate_Ite":"Maryland\\Dorchester","Shape_Area":547515.931823,"Shape_Leng":2623.3348548,"State":"MD","assigned_to":"mike","global_rank":731.0,"lat":38.651081069500904,"lon":-75.7334710286717,"n_reserve":20,"n_target":100,"point_id":659.0,"queue_index":104.0,"rand":0.47111696774397005,"stable_idx":659.0}},{"type":"Feature","geometry":{"type":"Point","coordinates":[-75.9396472081878,38.59328946976535]},"id":"000000000000000002e9","properties":{"Acres":13.0762737595,"Confidence":"High","County":"Dorchester","Digitized_":"USGS","Imagery_In":"NAIP - Maryland, 2011","Relate_Ite":"Maryland\\Dorchester","Shape_Area":52880.2438746,"Shape_Leng":959.144435591,"State":"MD","assigned_to":"mike","global_rank":745.0,"lat":38.59328946976535,"lon":-75.9396472081878,"n_reserve":20,"n_target":100,"point_id":486.0,"queue_index":106.0,"rand":0.48273175393276857,"stable_idx":486.0}},{"type":"Feature","geometry":{"type":"Point","coordinates":[-75.74168582602024,38.586169123649256]},"id":"000000000000000002f0","properties":{"Acres":43.477566257,"Confidence":"High","County":"Dorchester","Digitized_":"USGS","Imagery_In":"NAIP - Maryland, 2011","Relate_Ite":"Maryland\\Dorchester","Shape_Area":175861.610579,"Shape_Leng":1510.25384616,"State":"MD","assigned_to":"mike","global_rank":752.0,"lat":38.586169123649256,"lon":-75.74168582602024,"n_reserve":20,"n_target":100,"point_id":462.0,"queue_index":107.0,"rand":0.4872219152088041,"stable_idx":462.0}},{"type":"Feature","geometry":{"type":"Point","coordinates":[-75.83832411424856,38.64119493364752]},"id":"000000000000000002f7","properties":{"Acres":158.528610443,"Confidence":"High","County":"Dorchester","Digitized_":"USGS","Imagery_In":"NAIP - Maryland, 2011","Relate_Ite":"Maryland\\Dorchester","Shape_Area":641447.044932,"Shape_Leng":3361.44140624,"State":"MD","assigned_to":"mike","global_rank":759.0,"lat":38.64119493364752,"lon":-75.83832411424856,"n_reserve":20,"n_target":100,"point_id":624.0,"queue_index":108.0,"rand":0.4915758917455929,"stable_idx":624.0}},{"type":"Feature","geometry":{"type":"Point","coordinates":[-75.78341025247782,38.56133823330259]},"id":"0000000000000000032f","properties":{"Acres":33.246186174,"Confidence":"High","County":"Dorchester","Digitized_":"USGS","Imagery_In":"NAIP - Maryland, 2011","Relate_Ite":"Maryland\\Dorchester","Shape_Area":134458.023594,"Shape_Leng":1300.09167366,"State":"MD","assigned_to":"mike","global_rank":815.0,"lat":38.56133823330259,"lon":-75.78341025247782,"n_reserve":20,"n_target":100,"point_id":380.0,"queue_index":116.0,"rand":0.5349165390789237,"stable_idx":380.0}},{"type":"Feature","geometry":{"type":"Point","coordinates":[-75.78404722936274,38.559459052239646]},"id":"0000000000000000000b","properties":{"Acres":43.7665167581,"Confidence":"High","County":"Dorchester","Digitized_":"USGS","Imagery_In":"NAIP - Maryland, 2011","Relate_Ite":"Maryland\\Dorchester","Shape_Area":177048.782181,"Shape_Leng":1709.53782735,"State":"MD","assigned_to":"sienna","global_rank":11.0,"lat":38.559459052239646,"lon":-75.78404722936274,"n_reserve":20,"n_target":100,"point_id":375.0,"queue_index":1.0,"rand":0.007647436246197348,"stable_idx":375.0}},{"type":"Feature","geometry":{"type":"Point","coordinates":[-75.78733467655171,38.56092055545176]},"id":"0000000000000000003c","properties":{"Acres":15.6773733053,"Confidence":"High","County":"Dorchester","Digitized_":"USGS","Imagery_In":"NAIP - Maryland, 2011","Relate_Ite":"Maryland\\Dorchester","Shape_Area":63396.9810984,"Shape_Leng":896.870528285,"State":"MD","assigned_to":"sienna","global_rank":60.0,"lat":38.56092055545176,"lon":-75.78733467655171,"n_reserve":20,"n_target":100,"point_id":378.0,"queue_index":8.0,"rand":0.04089242792994341,"stable_idx":378.0}},{"type":"Feature","geometry":{"type":"Point","coordinates":[-75.7132679593998,38.60583509990465]},"id":"00000000000000000051","properties":{"Acres":14.6517115365,"Confidence":"High","County":"Dorchester","Digitized_":"USGS","Imagery_In":"NAIP - Maryland, 2011","Relate_Ite":"Maryland\\Dorchester","Shape_Area":59237.4195176,"Shape_Leng":863.000853825,"State":"MD","assigned_to":"sienna","global_rank":81.0,"lat":38.60583509990465,"lon":-75.7132679593998,"n_reserve":20,"n_target":100,"point_id":523.0,"queue_index":11.0,"rand":0.05282012962418148,"stable_idx":523.0}},{"type":"Feature","geometry":{"type":"Point","coordinates":[-75.83704238215309,38.523802600614204]},"id":"0000000000000000006d","properties":{"Acres":76.8676332492,"Confidence":"High","County":"Dorchester","Digitized_":"USGS","Imagery_In":"NAIP - Maryland, 2011","Relate_Ite":"Maryland\\Dorchester","Shape_Area":310960.081259,"Shape_Leng":1982.90338098,"State":"MD","assigned_to":"sienna","global_rank":109.0,"lat":38.523802600614204,"lon":-75.83704238215309,"n_reserve":20,"n_target":100,"point_id":330.0,"queue_index":15.0,"rand":0.06927091866499746,"stable_idx":330.0}},{"type":"Feature","geometry":{"type":"Point","coordinates":[-75.92718235631706,38.65919709160705]},"id":"000000000000000000c1","properties":{"Acres":55.252438898,"Confidence":"Low","County":"Dorchester","Digitized_":"USGS","Imagery_In":"NAIP - Maryland, 2011","Relate_Ite":"Maryland\\Dorchester","Shape_Area":223598.687207,"Shape_Leng":2238.2291111,"State":"MD","assigned_to":"sienna","global_rank":193.0,"lat":38.65919709160705,"lon":-75.92718235631706,"n_reserve":20,"n_target":100,"point_id":683.0,"queue_index":27.0,"rand":0.1264526599229927,"stable_idx":683.0}},{"type":"Feature","geometry":{"type":"Point","coordinates":[-75.90034277418698,38.625496181951576]},"id":"000000000000000000cf","properties":{"Acres":15.1621667922,"Confidence":"High","County":"Dorchester","Digitized_":"USGS","Imagery_In":"NAIP - Maryland, 2011","Relate_Ite":"Maryland\\Dorchester","Shape_Area":61302.9493665,"Shape_Leng":877.915273737,"State":"MD","assigned_to":"sienna","global_rank":207.0,"lat":38.625496181951576,"lon":-75.90034277418698,"n_reserve":20,"n_target":100,"point_id":581.0,"queue_index":29.0,"rand":0.13571097788062336,"stable_idx":581.0}},{"type":"Feature","geometry":{"type":"Point","coordinates":[-75.90105389561853,38.60068718325326]},"id":"000000000000000000dd","properties":{"Acres":67.2185183145,"Confidence":"High","County":"Dorchester","Digitized_":"USGS","Imagery_In":"NAIP - Maryland, 2011","Relate_Ite":"Maryland\\Dorchester","Shape_Area":271906.70594,"Shape_Leng":1848.82615615,"State":"MD","assigned_to":"sienna","global_rank":221.0,"lat":38.60068718325326,"lon":-75.90105389561853,"n_reserve":20,"n_target":100,"point_id":509.0,"queue_index":31.0,"rand":0.14589485012860348,"stable_idx":509.0}},{"type":"Feature","geometry":{"type":"Point","coordinates":[-75.78363072803178,38.54742447389845]},"id":"000000000000000000e4","properties":{"Acres":17.4589413527,"Confidence":"High","County":"Dorchester","Digitized_":"USGS","Imagery_In":"NAIP - Maryland, 2011","Relate_Ite":"Maryland\\Dorchester","Shape_Area":70609.9062373,"Shape_Leng":957.021953599,"State":"MD","assigned_to":"sienna","global_rank":228.0,"lat":38.54742447389845,"lon":-75.78363072803178,"n_reserve":20,"n_target":100,"point_id":366.0,"queue_index":32.0,"rand":0.150160624174274,"stable_idx":366.0}},{"type":"Feature","geometry":{"type":"Point","coordinates":[-75.8944403464357,38.620808589938214]},"id":"000000000000000000f9","properties":{"Acres":12.913361875,"Confidence":"High","County":"Dorchester","Digitized_":"USGS","Imagery_In":"NAIP - Maryland, 2011","Relate_Ite":"Maryland\\Dorchester","Shape_Area":52207.6209824,"Shape_Leng":810.226372922,"State":"MD","assigned_to":"sienna","global_rank":249.0,"lat":38.620808589938214,"lon":-75.8944403464357,"n_reserve":20,"n_target":100,"point_id":573.0,"queue_index":35.0,"rand":0.1641506063391115,"stable_idx":573.0}},{"type":"Feature","geometry":{"type":"Point","coordinates":[-75.89859963415897,38.64630859825846]},"id":"00000000000000000154","properties":{"Acres":131.257542551,"Confidence":"High","County":"Dorchester","Digitized_":"USGS","Imagery_In":"NAIP - Maryland, 2011","Relate_Ite":"Maryland\\Dorchester","Shape_Area":531056.49084,"Shape_Leng":2607.32081063,"State":"MD","assigned_to":"sienna","global_rank":340.0,"lat":38.64630859825846,"lon":-75.89859963415897,"n_reserve":20,"n_target":100,"point_id":642.0,"queue_index":48.0,"rand":0.22501258661960188,"stable_idx":642.0}},{"type":"Feature","geometry":{"type":"Point","coordinates":[-75.82662674425661,38.601048971277294]},"id":"0000000000000000017e","properties":{"Acres":1.12639392641,"Confidence":"High","County":"Dorchester","Digitized_":"USGS","Imagery_In":"NAIP - Maryland, 2011","Relate_Ite":"Maryland\\Dorchester","Shape_Area":4544.25774586,"Shape_Leng":239.631698519,"State":"MD","assigned_to":"sienna","global_rank":382.0,"lat":38.601048971277294,"lon":-75.82662674425661,"n_reserve":20,"n_target":100,"point_id":510.0,"queue_index":54.0,"rand":0.2522506357377401,"stable_idx":510.0}},{"type":"Feature","geometry":{"type":"Point","coordinates":[-75.82934785014861,38.59522947535205]},"id":"0000000000000000018c","properties":{"Acres":11.5636181823,"Confidence":"High","County":"Dorchester","Digitized_":"USGS","Imagery_In":"NAIP - Maryland, 2011","Relate_Ite":"Maryland\\Dorchester","Shape_Area":46749.188041,"Shape_Leng":766.89535667,"State":"MD","assigned_to":"sienna","global_rank":396.0,"lat":38.59522947535205,"lon":-75.82934785014861,"n_reserve":20,"n_target":100,"point_id":494.0,"queue_index":56.0,"rand":0.2611426908388921,"stable_idx":494.0}},{"type":"Feature","geometry":{"type":"Point","coordinates":[-75.80532821527896,38.52867477650853]},"id":"00000000000000000193","properties":{"Acres":11.0717464721,"Confidence":"High","County":"Dorchester","Digitized_":"USGS","Imagery_In":"NAIP - Maryland, 2011","Relate_Ite":"Maryland\\Dorchester","Shape_Area":44757.1603089,"Shape_Leng":750.178892321,"State":"MD","assigned_to":"sienna","global_rank":403.0,"lat":38.52867477650853,"lon":-75.80532821527896,"n_reserve":20,"n_target":100,"point_id":340.0,"queue_index":57.0,"rand":0.26498115152841306,"stable_idx":340.0}},{"type":"Feature","geometry":{"type":"Point","coordinates":[-75.72883705399215,38.58012333334452]},"id":"0000000000000000019a","properties":{"Acres":125.745606939,"Confidence":"High","County":"Dorchester","Digitized_":"USGS","Imagery_In":"NAIP - Maryland, 2011","Relate_Ite":"Maryland\\Dorchester","Shape_Area":508814.914735,"Shape_Leng":2674.01290771,"State":"MD","assigned_to":"sienna","global_rank":410.0,"lat":38.58012333334452,"lon":-75.72883705399215,"n_reserve":20,"n_target":100,"point_id":433.0,"queue_index":58.0,"rand":0.26872754186173375,"stable_idx":433.0}},{"type":"Feature","geometry":{"type":"Point","coordinates":[-75.89826619551704,38.628545851622576]},"id":"000000000000000001a1","properties":{"Acres":49.25263928,"Confidence":"High","County":"Dorchester","Digitized_":"USGS","Imagery_In":"NAIP - Maryland, 2011","Relate_Ite":"Maryland\\Dorchester","Shape_Area":199230.356495,"Shape_Leng":1588.03322987,"State":"MD","assigned_to":"sienna","global_rank":417.0,"lat":38.628545851622576,"lon":-75.89826619551704,"n_reserve":20,"n_target":100,"point_id":589.0,"queue_index":59.0,"rand":0.2758797413825893,"stable_idx":589.0}},{"type":"Feature","geometry":{"type":"Point","coordinates":[-75.88872664000456,38.68156848499542]},"id":"000000000000000001cb","properties":{"Acres":58.8152730892,"Confidence":"High","County":"Dorchester","Digitized_":"USGS","Imagery_In":"NAIP - Maryland, 2011","Relate_Ite":"Maryland\\Dorchester","Shape_Area":237904.358217,"Shape_Leng":1729.2805058,"State":"MD","assigned_to":"sienna","global_rank":459.0,"lat":38.68156848499542,"lon":-75.88872664000456,"n_reserve":20,"n_target":100,"point_id":728.0,"queue_index":65.0,"rand":0.29819208238836925,"stable_idx":728.0}},{"type":"Feature","geometry":{"type":"Point","coordinates":[-75.82121724341,38.501215473424814]},"id":"000000000000000001e0","properties":{"Acres":47.15834668,"Confidence":"High","County":"Dorchester","Digitized_":"USGS","Imagery_In":"NAIP - Maryland, 2011","Relate_Ite":"Maryland\\Dorchester","Shape_Area":190774.369672,"Shape_Leng":1966.40636735,"State":"MD","assigned_to":"sienna","global_rank":480.0,"lat":38.501215473424814,"lon":-75.82121724341,"n_reserve":20,"n_target":100,"point_id":293.0,"queue_index":68.0,"rand":0.3120506449910334,"stable_idx":293.0}},{"type":"Feature","geometry":{"type":"Point","coordinates":[-75.77340918018666,38.61554811984506]},"id":"0000000000000000021f","properties":{"Acres":61.2008008246,"Confidence":"High","County":"Dorchester","Digitized_":"USGS","Imagery_In":"NAIP - Maryland, 2011","Relate_Ite":"Maryland\\Dorchester","Shape_Area":247586.754437,"Shape_Leng":1775.68927724,"State":"MD","assigned_to":"sienna","global_rank":543.0,"lat":38.61554811984506,"lon":-75.77340918018666,"n_reserve":20,"n_target":100,"point_id":557.0,"queue_index":77.0,"rand":0.35074988477143365,"stable_idx":557.0}},{"type":"Feature","geometry":{"type":"Point","coordinates":[-75.86356443924515,38.64853536530281]},"id":"0000000000000000022d","properties":{"Acres":56.9353531929,"Confidence":"High","County":"Dorchester","Digitized_":"USGS","Imagery_In":"NAIP - Maryland, 2011","Relate_Ite":"Maryland\\Dorchester","Shape_Area":230333.339812,"Shape_Leng":1720.38066691,"State":"MD","assigned_to":"sienna","global_rank":557.0,"lat":38.64853536530281,"lon":-75.86356443924515,"n_reserve":20,"n_target":100,"point_id":651.0,"queue_index":79.0,"rand":0.35939772064419073,"stable_idx":651.0}},{"type":"Feature","geometry":{"type":"Point","coordinates":[-75.71539520936571,38.620290929317825]},"id":"00000000000000000234","properties":{"Acres":70.2654844419,"Confidence":"High","County":"Dorchester","Digitized_":"USGS","Imagery_In":"NAIP - Maryland, 2011","Relate_Ite":"Maryland\\Dorchester","Shape_Area":284294.733309,"Shape_Leng":1925.74396359,"State":"MD","assigned_to":"sienna","global_rank":564.0,"lat":38.620290929317825,"lon":-75.71539520936571,"n_reserve":20,"n_target":100,"point_id":571.0,"queue_index":80.0,"rand":0.3627173944520956,"stable_idx":571.0}},{"type":"Feature","geometry":{"type":"Point","coordinates":[-75.78103845839627,38.594273238214036]},"id":"00000000000000000249","properties":{"Acres":32.3324080192,"Confidence":"High","County":"Dorchester","Digitized_":"USGS","Imagery_In":"NAIP - Maryland, 2011","Relate_Ite":"Maryland\\Dorchester","Shape_Area":130788.300007,"Shape_Leng":1542.38616662,"State":"MD","assigned_to":"sienna","global_rank":585.0,"lat":38.594273238214036,"lon":-75.78103845839627,"n_reserve":20,"n_target":100,"point_id":489.0,"queue_index":83.0,"rand":0.37572495213363255,"stable_idx":489.0}},{"type":"Feature","geometry":{"type":"Point","coordinates":[-75.76264663885449,38.649988469779146]},"id":"00000000000000000250","properties":{"Acres":46.4547403118,"Confidence":"High","County":"Dorchester","Digitized_":"USGS","Imagery_In":"NAIP - Maryland, 2011","Relate_Ite":"Maryland\\Dorchester","Shape_Area":187926.502421,"Shape_Leng":1551.96196986,"State":"MD","assigned_to":"sienna","global_rank":592.0,"lat":38.649988469779146,"lon":-75.76264663885449,"n_reserve":20,"n_target":100,"point_id":654.0,"queue_index":84.0,"rand":0.37918064127733564,"stable_idx":654.0}},{"type":"Feature","geometry":{"type":"Point","coordinates":[-75.88252586386274,38.61437433462742]},"id":"00000000000000000265","properties":{"Acres":78.9030587873,"Confidence":"High","County":"Dorchester","Digitized_":"USGS","Imagery_In":"NAIP - Maryland, 2011","Relate_Ite":"Maryland\\Dorchester","Shape_Area":319196.229009,"Shape_Leng":2008.51854597,"State":"MD","assigned_to":"sienna","global_rank":613.0,"lat":38.61437433462742,"lon":-75.88252586386274,"n_reserve":20,"n_target":100,"point_id":553.0,"queue_index":87.0,"rand":0.3920378487277735,"stable_idx":553.0}},{"type":"Feature","geometry":{"type":"Point","coordinates":[-75.72106031152298,38.58564314853064]},"id":"0000000000000000029d","properties":{"Acres":106.479277884,"Confidence":"High","County":"Dorchester","Digitized_":"USGS","Imagery_In":"NAIP - Maryland, 2011","Relate_Ite":"Maryland\\Dorchester","Shape_Area":430783.349593,"Shape_Leng":2994.27862117,"State":"MD","assigned_to":"sienna","global_rank":669.0,"lat":38.58564314853064,"lon":-75.72106031152298,"n_reserve":20,"n_target":100,"point_id":460.0,"queue_index":95.0,"rand":0.42667512074488223,"stable_idx":460.0}},{"type":"Feature","geometry":{"type":"Point","coordinates":[-75.79243100488515,38.56483881122063]},"id":"000000000000000002b2","properties":{"Acres":12.0977864331,"Confidence":"High","County":"Dorchester","Digitized_":"USGS","Imagery_In":"NAIP - Maryland, 2011","Relate_Ite":"Maryland\\Dorchester","Shape_Area":48941.0584371,"Shape_Leng":953.70812131,"State":"MD","assigned_to":"sienna","global_rank":690.0,"lat":38.56483881122063,"lon":-75.79243100488515,"n_reserve":20,"n_target":100,"point_id":386.0,"queue_index":98.0,"rand":0.4398614531102242,"stable_idx":386.0}},{"type":"Feature","geometry":{"type":"Point","coordinates":[-75.8159299307818,38.6781597108198]},"id":"000000000000000002c7","properties":{"Acres":8.85781979982,"Confidence":"High","County":"Dorchester","Digitized_":"USGS","Imagery_In":"NAIP - Maryland, 2011","Relate_Ite":"Maryland\\Dorchester","Shape_Area":35804.3795336,"Shape_Leng":671.139441242,"State":"MD","assigned_to":"sienna","global_rank":711.0,"lat":38.6781597108198,"lon":-75.8159299307818,"n_reserve":20,"n_target":100,"point_id":721.0,"queue_index":101.0,"rand":0.4547143876570613,"stable_idx":721.0}},{"type":"Feature","geometry":{"type":"Point","coordinates":[-75.72893453595314,38.608287174546085]},"id":"000000000000000002ce","properties":{"Acres":21.7557157958,"Confidence":"High","County":"Dorchester","Digitized_":"USGS","Imagery_In":"NAIP - Maryland, 2011","Relate_Ite":"Maryland\\Dorchester","Shape_Area":87984.2292402,"Shape_Leng":1302.17445134,"State":"MD","assigned_to":"sienna","global_rank":718.0,"lat":38.608287174546085,"lon":-75.72893453595314,"n_reserve":20,"n_target":100,"point_id":533.0,"queue_index":102.0,"rand":0.45904496503222814,"stable_idx":533.0}},{"type":"Feature","geometry":{"type":"Point","coordinates":[-75.87110032772883,38.616401281979314]},"id":"0000000000000000030d","properties":{"Acres":36.9999545762,"Confidence":"High","County":"Dorchester","Digitized_":"USGS","Imagery_In":"NAIP - Maryland, 2011","Relate_Ite":"Maryland\\Dorchester","Shape_Area":149656.341118,"Shape_Leng":1669.39087352,"State":"MD","assigned_to":"sienna","global_rank":781.0,"lat":38.616401281979314,"lon":-75.87110032772883,"n_reserve":20,"n_target":100,"point_id":559.0,"queue_index":111.0,"rand":0.5070607311654619,"stable_idx":559.0}},{"type":"Feature","geometry":{"type":"Point","coordinates":[-75.94365058080474,38.5951185338058]},"id":"00000000000000000330","properties":{"Acres":39.6838560035,"Confidence":"High","County":"Dorchester","Digitized_":"USGS","Imagery_In":"NAIP - Maryland, 2011","Relate_Ite":"Maryland\\Dorchester","Shape_Area":160502.596666,"Shape_Leng":1420.42954366,"State":"MD","assigned_to":"sienna","global_rank":816.0,"lat":38.5951185338058,"lon":-75.94365058080474,"n_reserve":20,"n_target":100,"point_id":493.0,"queue_index":116.0,"rand":0.5368556709156326,"stable_idx":493.0}},{"type":"Feature","geometry":{"type":"Point","coordinates":[-75.83270786829209,38.65111928038586]},"id":"00000000000000000021","properties":{"Acres":104.977155907,"Confidence":"High","County":"Dorchester","Digitized_":"USGS","Imagery_In":"NAIP - Maryland, 2011","Relate_Ite":"Maryland\\Dorchester","Shape_Area":424678.437752,"Shape_Leng":2310.35260026,"State":"MD","assigned_to":"taryn","global_rank":33.0,"lat":38.65111928038586,"lon":-75.83270786829209,"n_reserve":20,"n_target":100,"point_id":660.0,"queue_index":4.0,"rand":0.019624623182499912,"stable_idx":660.0}},{"type":"Feature","geometry":{"type":"Point","coordinates":[-75.87040966279642,38.644281272765475]},"id":"00000000000000000052","properties":{"Acres":68.1001583013,"Confidence":"High","County":"Dorchester","Digitized_":"USGS","Imagery_In":"NAIP - Maryland, 2011","Relate_Ite":"Maryland\\Dorchester","Shape_Area":275471.40208,"Shape_Leng":1860.77209046,"State":"MD","assigned_to":"taryn","global_rank":82.0,"lat":38.644281272765475,"lon":-75.87040966279642,"n_reserve":20,"n_target":100,"point_id":637.0,"queue_index":11.0,"rand":0.05311665125382903,"stable_idx":637.0}},{"type":"Feature","geometry":{"type":"Point","coordinates":[-75.80092968443476,38.52043604879377]},"id":"00000000000000000060","properties":{"Acres":68.5262306492,"Confidence":"High","County":"Dorchester","Digitized_":"USGS","Imagery_In":"NAIP - Maryland, 2011","Relate_Ite":"Maryland\\Dorchester","Shape_Area":277194.675027,"Shape_Leng":1866.62520771,"State":"MD","assigned_to":"taryn","global_rank":96.0,"lat":38.52043604879377,"lon":-75.80092968443476,"n_reserve":20,"n_target":100,"point_id":316.0,"queue_index":13.0,"rand":0.060974231181761374,"stable_idx":316.0}},{"type":"Feature","geometry":{"type":"Point","coordinates":[-75.8582025341374,38.64152294310788]},"id":"000000000000000000bb","properties":{"Acres":70.8914590243,"Confidence":"High","County":"Dorchester","Digitized_":"USGS","Imagery_In":"NAIP - Maryland, 2011","Relate_Ite":"Maryland\\Dorchester","Shape_Area":286784.517667,"Shape_Leng":1909.19563106,"State":"MD","assigned_to":"taryn","global_rank":187.0,"lat":38.64152294310788,"lon":-75.8582025341374,"n_reserve":20,"n_target":100,"point_id":626.0,"queue_index":26.0,"rand":0.1231514924157342,"stable_idx":626.0}},{"type":"Feature","geometry":{"type":"Point","coordinates":[-75.79466473912017,38.56122287254897]},"id":"000000000000000000c2","properties":{"Acres":9.52264225946,"Confidence":"High","County":"Dorchester","Digitized_":"USGS","Imagery_In":"NAIP - Maryland, 2011","Relate_Ite":"Maryland\\Dorchester","Shape_Area":38507.0622209,"Shape_Leng":710.099364624,"State":"MD","assigned_to":"taryn","global_rank":194.0,"lat":38.56122287254897,"lon":-75.79466473912017,"n_reserve":20,"n_target":100,"point_id":379.0,"queue_index":27.0,"rand":0.12702419132599485,"stable_idx":379.0}},{"type":"Feature","geometry":{"type":"Point","coordinates":[-75.8300172960072,38.607586090567274]},"id":"000000000000000000c9","properties":{"Acres":88.7364718111,"Confidence":"High","County":"Dorchester","Digitized_":"USGS","Imagery_In":"NAIP - Maryland, 2011","Relate_Ite":"Maryland\\Dorchester","Shape_Area":359058.630527,"Shape_Leng":2236.48181487,"State":"MD","assigned_to":"taryn","global_rank":201.0,"lat":38.607586090567274,"lon":-75.8300172960072,"n_reserve":20,"n_target":100,"point_id":528.0,"queue_index":28.0,"rand":0.13068125133646302,"stable_idx":528.0}},{"type":"Feature","geometry":{"type":"Point","coordinates":[-75.86366762394454,38.60889810182305]},"id":"000000000000000000d7","properties":{"Acres":77.0722610045,"Confidence":"High","County":"Dorchester","Digitized_":"USGS","Imagery_In":"NAIP - Maryland, 2011","Relate_Ite":"Maryland\\Dorchester","Shape_Area":311771.426703,"Shape_Leng":1979.57207698,"State":"MD","assigned_to":"taryn","global_rank":215.0,"lat":38.60889810182305,"lon":-75.86366762394454,"n_reserve":20,"n_target":100,"point_id":534.0,"queue_index":30.0,"rand":0.14295797769963436,"stable_idx":534.0}},{"type":"Feature","geometry":{"type":"Point","coordinates":[-75.86135632217922,38.538869899325675]},"id":"00000000000000000116","properties":{"Acres":63.3524128088,"Confidence":"High","County":"Dorchester","Digitized_":"USGS","Imagery_In":"NAIP - Maryland, 2011","Relate_Ite":"Maryland\\Dorchester","Shape_Area":256264.148025,"Shape_Leng":1794.81191077,"State":"MD","assigned_to":"taryn","global_rank":278.0,"lat":38.538869899325675,"lon":-75.86135632217922,"n_reserve":20,"n_target":100,"point_id":360.0,"queue_index":39.0,"rand":0.18269669235053831,"stable_idx":360.0}},{"type":"Feature","geometry":{"type":"Point","coordinates":[-75.9138238290883,38.641253023182266]},"id":"0000000000000000011d","properties":{"Acres":232.223397882,"Confidence":"High","County":"Dorchester","Digitized_":"USGS","Imagery_In":"NAIP - Maryland, 2011","Relate_Ite":"Maryland\\Dorchester","Shape_Area":939552.919565,"Shape_Leng":3436.37832228,"State":"MD","assigned_to":"taryn","global_rank":285.0,"lat":38.641253023182266,"lon":-75.9138238290883,"n_reserve":20,"n_target":100,"point_id":625.0,"queue_index":40.0,"rand":0.18594950182702374,"stable_idx":625.0}},{"type":"Feature","geometry":{"type":"Point","coordinates":[-75.93787789775644,38.60144947052113]},"id":"00000000000000000140","properties":{"Acres":111.699214518,"Confidence":"High","County":"Dorchester","Digitized_":"USGS","Imagery_In":"NAIP - Maryland, 2011","Relate_Ite":"Maryland\\Dorchester","Shape_Area":451894.383446,"Shape_Leng":2970.14261698,"State":"MD","assigned_to":"taryn","global_rank":320.0,"lat":38.60144947052113,"lon":-75.93787789775644,"n_reserve":20,"n_target":100,"point_id":512.0,"queue_index":45.0,"rand":0.21438668852666842,"stable_idx":512.0}},{"type":"Feature","geometry":{"type":"Point","coordinates":[-75.81554110217513,38.646638968831354]},"id":"0000000000000000014e","properties":{"Acres":3.1660286196,"Confidence":"High","County":"Dorchester","Digitized_":"USGS","Imagery_In":"NAIP - Maryland, 2011","Relate_Ite":"Maryland\\Dorchester","Shape_Area":12787.9015061,"Shape_Leng":401.160858347,"State":"MD","assigned_to":"taryn","global_rank":334.0,"lat":38.646638968831354,"lon":-75.81554110217513,"n_reserve":20,"n_target":100,"point_id":643.0,"queue_index":47.0,"rand":0.22249022173119204,"stable_idx":643.0}},{"type":"Feature","geometry":{"type":"Point","coordinates":[-75.91609838598009,38.60547381767879]},"id":"00000000000000000155","properties":{"Acres":53.8480865499,"Confidence":"High","County":"Dorchester","Digitized_":"USGS","Imagery_In":"NAIP - Maryland, 2011","Relate_Ite":"Maryland\\Dorchester","Shape_Area":217828.875646,"Shape_Leng":1668.19851583,"State":"MD","assigned_to":"taryn","global_rank":341.0,"lat":38.60547381767879,"lon":-75.91609838598009,"n_reserve":20,"n_target":100,"point_id":521.0,"queue_index":48.0,"rand":0.22530651273332714,"stable_idx":521.0}},{"type":"Feature","geometry":{"type":"Point","coordinates":[-75.78654589215743,38.5646704954324]},"id":"0000000000000000015c","properties":{"Acres":68.270799099,"Confidence":"High","County":"Dorchester","Digitized_":"USGS","Imagery_In":"NAIP - Maryland, 2011","Relate_Ite":"Maryland\\Dorchester","Shape_Area":276163.155288,"Shape_Leng":1863.23619166,"State":"MD","assigned_to":"taryn","global_rank":348.0,"lat":38.5646704954324,"lon":-75.78654589215743,"n_reserve":20,"n_target":100,"point_id":385.0,"queue_index":49.0,"rand":0.22772966203873712,"stable_idx":385.0}},{"type":"Feature","geometry":{"type":"Point","coordinates":[-75.71563264823708,38.60815291678926]},"id":"00000000000000000163","properties":{"Acres":16.7610194703,"Confidence":"High","County":"Dorchester","Digitized_":"USGS","Imagery_In":"NAIP - Maryland, 2011","Relate_Ite":"Maryland\\Dorchester","Shape_Area":67780.5245457,"Shape_Leng":1150.98982109,"State":"MD","assigned_to":"taryn","global_rank":355.0,"lat":38.60815291678926,"lon":-75.71563264823708,"n_reserve":20,"n_target":100,"point_id":532.0,"queue_index":50.0,"rand":0.23214244314232158,"stable_idx":532.0}},{"type":"Feature","geometry":{"type":"Point","coordinates":[-75.89284486260692,38.63945625713435]},"id":"000000000000000001a9","properties":{"Acres":35.7110964436,"Confidence":"High","County":"Dorchester","Digitized_":"USGS","Imagery_In":"NAIP - Maryland, 2011","Relate_Ite":"Maryland\\Dorchester","Shape_Area":144480.325261,"Shape_Leng":1842.15285255,"State":"MD","assigned_to":"taryn","global_rank":425.0,"lat":38.63945625713435,"lon":-75.89284486260692,"n_reserve":20,"n_target":100,"point_id":616.0,"queue_index":60.0,"rand":0.28083845286833764,"stable_idx":616.0}},{"type":"Feature","geometry":{"type":"Point","coordinates":[-75.73618790300739,38.57829348980644]},"id":"000000000000000001fd","properties":{"Acres":50.3976469113,"Confidence":"High","County":"Dorchester","Digitized_":"USGS","Imagery_In":"NAIP - Maryland, 2011","Relate_Ite":"Maryland\\Dorchester","Shape_Area":203878.342509,"Shape_Leng":1886.56810726,"State":"MD","assigned_to":"taryn","global_rank":509.0,"lat":38.57829348980644,"lon":-75.73618790300739,"n_reserve":20,"n_target":100,"point_id":428.0,"queue_index":72.0,"rand":0.3301900985911167,"stable_idx":428.0}},{"type":"Feature","geometry":{"type":"Point","coordinates":[-75.9142063999117,38.6511773117733]},"id":"00000000000000000204","properties":{"Acres":82.2766753815,"Confidence":"High","County":"Dorchester","Digitized_":"USGS","Imagery_In":"NAIP - Maryland, 2011","Relate_Ite":"Maryland\\Dorchester","Shape_Area":332850.423423,"Shape_Leng":2511.11534475,"State":"MD","assigned_to":"taryn","global_rank":516.0,"lat":38.6511773117733,"lon":-75.9142063999117,"n_reserve":20,"n_target":100,"point_id":661.0,"queue_index":73.0,"rand":0.33240634536931024,"stable_idx":661.0}},{"type":"Feature","geometry":{"type":"Point","coordinates":[-75.85577164389481,38.66230141083633]},"id":"0000000000000000020b","properties":{"Acres":123.509450038,"Confidence":"High","County":"Dorchester","Digitized_":"USGS","Imagery_In":"NAIP - Maryland, 2011","Relate_Ite":"Maryland\\Dorchester","Shape_Area":499759.377981,"Shape_Leng":3167.04117329,"State":"MD","assigned_to":"taryn","global_rank":523.0,"lat":38.66230141083633,"lon":-75.85577164389481,"n_reserve":20,"n_target":100,"point_id":690.0,"queue_index":74.0,"rand":0.3361301515007,"stable_idx":690.0}},{"type":"Feature","geometry":{"type":"Point","coordinates":[-75.86950826114084,38.59862854060221]},"id":"00000000000000000219","properties":{"Acres":163.160271426,"Confidence":"High","County":"Dorchester","Digitized_":"USGS","Imagery_In":"NAIP - Maryland, 2011","Relate_Ite":"Maryland\\Dorchester","Shape_Area":660150.874204,"Shape_Leng":3321.68265316,"State":"MD","assigned_to":"taryn","global_rank":537.0,"lat":38.59862854060221,"lon":-75.86950826114084,"n_reserve":20,"n_target":100,"point_id":504.0,"queue_index":76.0,"rand":0.34789674844188956,"stable_idx":504.0}},{"type":"Feature","geometry":{"type":"Point","coordinates":[-75.72629547507783,38.64713675337419]},"id":"00000000000000000227","properties":{"Acres":29.1785795456,"Confidence":"High","County":"Dorchester","Digitized_":"USGS","Imagery_In":"NAIP - Maryland, 2011","Relate_Ite":"Maryland\\Dorchester","Shape_Area":118028.54715,"Shape_Leng":1409.32877373,"State":"MD","assigned_to":"taryn","global_rank":551.0,"lat":38.64713675337419,"lon":-75.72629547507783,"n_reserve":20,"n_target":100,"point_id":646.0,"queue_index":78.0,"rand":0.3556027350026021,"stable_idx":646.0}},{"type":"Feature","geometry":{"type":"Point","coordinates":[-75.74930144362122,38.64991968095706]},"id":"00000000000000000235","properties":{"Acres":74.1211419016,"Confidence":"High","County":"Dorchester","Digitized_":"USGS","Imagery_In":"NAIP - Maryland, 2011","Relate_Ite":"Maryland\\Dorchester","Shape_Area":299838.85201,"Shape_Leng":2453.47252192,"State":"MD","assigned_to":"taryn","global_rank":565.0,"lat":38.64991968095706,"lon":-75.74930144362122,"n_reserve":20,"n_target":100,"point_id":653.0,"queue_index":80.0,"rand":0.36301795057537767,"stable_idx":653.0}},{"type":"Feature","geometry":{"type":"Point","coordinates":[-75.72150446712592,38.57174693188808]},"id":"0000000000000000023c","properties":{"Acres":23.9670963936,"Confidence":"High","County":"Dorchester","Digitized_":"USGS","Imagery_In":"NAIP - Maryland, 2011","Relate_Ite":"Maryland\\Dorchester","Shape_Area":96949.1960581,"Shape_Leng":1397.58933209,"State":"MD","assigned_to":"taryn","global_rank":572.0,"lat":38.57174693188808,"lon":-75.72150446712592,"n_reserve":20,"n_target":100,"point_id":403.0,"queue_index":81.0,"rand":0.36830804577760323,"stable_idx":403.0}},{"type":"Feature","geometry":{"type":"Point","coordinates":[-75.85646594954488,38.529003788091245]},"id":"00000000000000000243","properties":{"Acres":116.358462179,"Confidence":"High","County":"Dorchester","Digitized_":"USGS","Imagery_In":"NAIP - Maryland, 2011","Relate_Ite":"Maryland\\Dorchester","Shape_Area":470728.422614,"Shape_Leng":2432.41474703,"State":"MD","assigned_to":"taryn","global_rank":579.0,"lat":38.529003788091245,"lon":-75.85646594954488,"n_reserve":20,"n_target":100,"point_id":342.0,"queue_index":82.0,"rand":0.3742876986351851,"stable_idx":342.0}},{"type":"Feature","geometry":{"type":"Point","coordinates":[-75.85513116102238,38.609839453345366]},"id":"00000000000000000251","properties":{"Acres":95.5994670815,"Confidence":"High","County":"Dorchester","Digitized_":"USGS","Imagery_In":"NAIP - Maryland, 2011","Relate_Ite":"Maryland\\Dorchester","Shape_Area":386735.156215,"Shape_Leng":2204.7361023,"State":"MD","assigned_to":"taryn","global_rank":593.0,"lat":38.609839453345366,"lon":-75.85513116102238,"n_reserve":20,"n_target":100,"point_id":540.0,"queue_index":84.0,"rand":0.3795500045115564,"stable_idx":540.0}},{"type":"Feature","geometry":{"type":"Point","coordinates":[-75.87355776086714,38.65014470337658]},"id":"0000000000000000025f","properties":{"Acres":33.1009704886,"Confidence":"High","County":"Dorchester","Digitized_":"USGS","Imagery_In":"NAIP - Maryland, 2011","Relate_Ite":"Maryland\\Dorchester","Shape_Area":133870.769809,"Shape_Leng":1297.24987143,"State":"MD","assigned_to":"taryn","global_rank":607.0,"lat":38.65014470337658,"lon":-75.87355776086714,"n_reserve":20,"n_target":100,"point_id":656.0,"queue_index":86.0,"rand":0.3890164209128866,"stable_idx":656.0}},{"type":"Feature","geometry":{"type":"Point","coordinates":[-75.77821330712936,38.61462110898244]},"id":"00000000000000000274","properties":{"Acres":6.81874618333,"Confidence":"High","County":"Dorchester","Digitized_":"USGS","Imagery_In":"NAIP - Maryland, 2011","Relate_Ite":"Maryland\\Dorchester","Shape_Area":27557.1867997,"Shape_Leng":588.684494997,"State":"MD","assigned_to":"taryn","global_rank":628.0,"lat":38.61462110898244,"lon":-75.77821330712936,"n_reserve":20,"n_target":100,"point_id":555.0,"queue_index":89.0,"rand":0.403371847539325,"stable_idx":555.0}},{"type":"Feature","geometry":{"type":"Point","coordinates":[-75.88183328583014,38.51644885376555]},"id":"00000000000000000290","properties":{"Acres":18.7055377663,"Confidence":"High","County":"Dorchester","Digitized_":"USGS","Imagery_In":"NAIP - Maryland, 2011","Relate_Ite":"Maryland\\Dorchester","Shape_Area":75636.121988,"Shape_Leng":975.146246954,"State":"MD","assigned_to":"taryn","global_rank":656.0,"lat":38.51644885376555,"lon":-75.88183328583014,"n_reserve":20,"n_target":100,"point_id":309.0,"queue_index":93.0,"rand":0.4192989482598334,"stable_idx":309.0}},{"type":"Feature","geometry":{"type":"Point","coordinates":[-75.84897827397224,38.59202440170701]},"id":"00000000000000000297","properties":{"Acres":160.544259169,"Confidence":"High","County":"Dorchester","Digitized_":"USGS","Imagery_In":"NAIP - Maryland, 2011","Relate_Ite":"Maryland\\Dorchester","Shape_Area":649515.299293,"Shape_Leng":2857.19283043,"State":"MD","assigned_to":"taryn","global_rank":663.0,"lat":38.59202440170701,"lon":-75.84897827397224,"n_reserve":20,"n_target":100,"point_id":480.0,"queue_index":94.0,"rand":0.4231036396199318,"stable_idx":480.0}},{"type":"Feature","geometry":{"type":"Point","coordinates":[-75.80595699957072,38.58075122717801]},"id":"000000000000000002ac","properties":{"Acres":23.4458441028,"Confidence":"High","County":"Dorchester","Digitized_":"USGS","Imagery_In":"NAIP - Maryland, 2011","Relate_Ite":"Maryland\\Dorchester","Shape_Area":94839.1900323,"Shape_Leng":1133.54400566,"State":"MD","assigned_to":"taryn","global_rank":684.0,"lat":38.58075122717801,"lon":-75.80595699957072,"n_reserve":20,"n_target":100,"point_id":436.0,"queue_index":97.0,"rand":0.4371607605080581,"stable_idx":436.0}},{"type":"Feature","geometry":{"type":"Point","coordinates":[-75.79063452577499,38.549819696872206]},"id":"000000000000000002c8","properties":{"Acres":9.1159542937,"Confidence":"High","County":"Dorchester","Digitized_":"USGS","Imagery_In":"NAIP - Maryland, 2011","Relate_Ite":"Maryland\\Dorchester","Shape_Area":36864.8100634,"Shape_Leng":794.415594281,"State":"MD","assigned_to":"taryn","global_rank":712.0,"lat":38.549819696872206,"lon":-75.79063452577499,"n_reserve":20,"n_target":100,"point_id":368.0,"queue_index":101.0,"rand":0.4547459456744839,"stable_idx":368.0}},{"type":"Feature","geometry":{"type":"Point","coordinates":[-75.89486315027986,38.50961045398224]},"id":"000000000000000002d6","properties":{"Acres":83.0807521017,"Confidence":"High","County":"Dorchester","Digitized_":"USGS","Imagery_In":"NAIP - Maryland, 2011","Relate_Ite":"Maryland\\Dorchester","Shape_Area":336083.250379,"Shape_Leng":2055.31469118,"State":"MD","assigned_to":"taryn","global_rank":726.0,"lat":38.50961045398224,"lon":-75.89486315027986,"n_reserve":20,"n_target":100,"point_id":302.0,"queue_index":103.0,"rand":0.4673719998700264,"stable_idx":302.0}},{"type":"Feature","geometry":{"type":"Point","coordinates":[-75.94525871539476,38.55379123669656]},"id":"000000000000000002f9","properties":{"Acres":118.499605026,"Confidence":"High","County":"Dorchester","Digitized_":"USGS","Imagery_In":"NAIP - Maryland, 2011","Relate_Ite":"Maryland\\Dorchester","Shape_Area":479390.610464,"Shape_Leng":2454.66480707,"State":"MD","assigned_to":"taryn","global_rank":761.0,"lat":38.55379123669656,"lon":-75.94525871539476,"n_reserve":20,"n_target":100,"point_id":371.0,"queue_index":108.0,"rand":0.493552866742646,"stable_idx":371.0}},{"type":"Feature","geometry":{"type":"Point","coordinates":[-75.8757801582399,38.59322524105654]},"id":"00000000000000000300","properties":{"Acres":52.4274390083,"Confidence":"High","County":"Dorchester","Digitized_":"USGS","Imagery_In":"NAIP - Maryland, 2011","Relate_Ite":"Maryland\\Dorchester","Shape_Area":212064.137083,"Shape_Leng":1633.00708946,"State":"MD","assigned_to":"taryn","global_rank":768.0,"lat":38.59322524105654,"lon":-75.8757801582399,"n_reserve":20,"n_target":100,"point_id":485.0,"queue_index":109.0,"rand":0.4973715180307663,"stable_idx":485.0}},{"type":"Feature","geometry":{"type":"Point","coordinates":[-75.92326082624004,38.61701367380581]},"id":"00000000000000000338","properties":{"Acres":104.852366541,"Confidence":"High","County":"Dorchester","Digitized_":"USGS","Imagery_In":"NAIP - Maryland, 2011","Relate_Ite":"Maryland\\Dorchester","Shape_Area":424182.228059,"Shape_Leng":2974.0953841,"State":"MD","assigned_to":"taryn","global_rank":824.0,"lat":38.61701367380581,"lon":-75.92326082624004,"n_reserve":20,"n_target":100,"point_id":561.0,"queue_index":117.0,"rand":0.5397023448948712,"stable_idx":561.0}},{"type":"Feature","geometry":{"type":"Point","coordinates":[-75.87609064353278,38.621188440620934]},"id":"0000000000000000000d","properties":{"Acres":91.4563006714,"Confidence":"High","County":"Dorchester","Digitized_":"USGS","Imagery_In":"NAIP - Maryland, 2011","Relate_Ite":"Maryland\\Dorchester","Shape_Area":370054.054365,"Shape_Leng":2209.95042978,"State":"MD","assigned_to":"tien","global_rank":13.0,"lat":38.621188440620934,"lon":-75.87609064353278,"n_reserve":20,"n_target":100,"point_id":574.0,"queue_index":1.0,"rand":0.009472484553680216,"stable_idx":574.0}},{"type":"Feature","geometry":{"type":"Point","coordinates":[-75.72960435034021,38.64292695430978]},"id":"00000000000000000014","properties":{"Acres":76.3867023617,"Confidence":"High","County":"Dorchester","Digitized_":"USGS","Imagery_In":"NAIP - Maryland, 2011","Relate_Ite":"Maryland\\Dorchester","Shape_Area":309036.76039,"Shape_Leng":2296.87784457,"State":"MD","assigned_to":"tien","global_rank":20.0,"lat":38.64292695430978,"lon":-75.72960435034021,"n_reserve":20,"n_target":100,"point_id":634.0,"queue_index":2.0,"rand":0.012367518793643284,"stable_idx":634.0}},{"type":"Feature","geometry":{"type":"Point","coordinates":[-75.72320695701245,38.569319989340975]},"id":"00000000000000000030","properties":{"Acres":33.5382292961,"Confidence":"High","County":"Dorchester","Digitized_":"USGS","Imagery_In":"NAIP - Maryland, 2011","Relate_Ite":"Maryland\\Dorchester","Shape_Area":135664.153183,"Shape_Leng":1551.90260788,"State":"MD","assigned_to":"tien","global_rank":48.0,"lat":38.569319989340975,"lon":-75.72320695701245,"n_reserve":20,"n_target":100,"point_id":395.0,"queue_index":6.0,"rand":0.030590155362346994,"stable_idx":395.0}},{"type":"Feature","geometry":{"type":"Point","coordinates":[-75.82748719263198,38.52161918598148]},"id":"00000000000000000037","properties":{"Acres":46.5261616946,"Confidence":"High","County":"Dorchester","Digitized_":"USGS","Imagery_In":"NAIP - Maryland, 2011","Relate_Ite":"Maryland\\Dorchester","Shape_Area":188190.440003,"Shape_Leng":1989.39771834,"State":"MD","assigned_to":"tien","global_rank":55.0,"lat":38.52161918598148,"lon":-75.82748719263198,"n_reserve":20,"n_target":100,"point_id":321.0,"queue_index":7.0,"rand":0.03703993945225692,"stable_idx":321.0}},{"type":"Feature","geometry":{"type":"Point","coordinates":[-75.87971520382165,38.658003725070515]},"id":"00000000000000000045","properties":{"Acres":25.8319115591,"Confidence":"High","County":"Dorchester","Digitized_":"USGS","Imagery_In":"NAIP - Maryland, 2011","Relate_Ite":"Maryland\\Dorchester","Shape_Area":104485.373457,"Shape_Leng":1456.39971092,"State":"MD","assigned_to":"tien","global_rank":69.0,"lat":38.658003725070515,"lon":-75.87971520382165,"n_reserve":20,"n_target":100,"point_id":679.0,"queue_index":9.0,"rand":0.045939568414658294,"stable_idx":679.0}},{"type":"Feature","geometry":{"type":"Point","coordinates":[-75.92272231058486,38.61186286089249]},"id":"0000000000000000004c","properties":{"Acres":53.2491453024,"Confidence":"High","County":"Dorchester","Digitized_":"USGS","Imagery_In":"NAIP - Maryland, 2011","Relate_Ite":"Maryland\\Dorchester","Shape_Area":215386.484843,"Shape_Leng":1645.45359075,"State":"MD","assigned_to":"tien","global_rank":76.0,"lat":38.61186286089249,"lon":-75.92272231058486,"n_reserve":20,"n_target":100,"point_id":546.0,"queue_index":10.0,"rand":0.04992983913377158,"stable_idx":546.0}},{"type":"Feature","geometry":{"type":"Point","coordinates":[-75.86023689967956,38.57212733704047]},"id":"0000000000000000005a","properties":{"Acres":111.178499905,"Confidence":"High","County":"Dorchester","Digitized_":"USGS","Imagery_In":"NAIP - Maryland, 2011","Relate_Ite":"Maryland\\Dorchester","Shape_Area":449798.225379,"Shape_Leng":2405.94961676,"State":"MD","assigned_to":"tien","global_rank":90.0,"lat":38.57212733704047,"lon":-75.86023689967956,"n_reserve":20,"n_target":100,"point_id":407.0,"queue_index":12.0,"rand":0.058985302518574034,"stable_idx":407.0}},{"type":"Feature","geometry":{"type":"Point","coordinates":[-75.93027220784164,38.61460958332288]},"id":"00000000000000000084","properties":{"Acres":88.5780083066,"Confidence":"High","County":"Dorchester","Digitized_":"USGS","Imagery_In":"NAIP - Maryland, 2011","Relate_Ite":"Maryland\\Dorchester","Shape_Area":358326.12809,"Shape_Leng":2122.27397333,"State":"MD","assigned_to":"tien","global_rank":132.0,"lat":38.61460958332288,"lon":-75.93027220784164,"n_reserve":20,"n_target":100,"point_id":554.0,"queue_index":18.0,"rand":0.08328040444055707,"stable_idx":554.0}},{"type":"Feature","geometry":{"type":"Point","coordinates":[-75.76506242986484,38.611496721873166]},"id":"000000000000000000ae","properties":{"Acres":61.6777243086,"Confidence":"High","County":"Dorchester","Digitized_":"USGS","Imagery_In":"NAIP - Maryland, 2011","Relate_Ite":"Maryland\\Dorchester","Shape_Area":249505.16496,"Shape_Leng":2174.50973116,"State":"MD","assigned_to":"tien","global_rank":174.0,"lat":38.611496721873166,"lon":-75.76506242986484,"n_reserve":20,"n_target":100,"point_id":543.0,"queue_index":24.0,"rand":0.11406002018446482,"stable_idx":543.0}},{"type":"Feature","geometry":{"type":"Point","coordinates":[-75.81565031720406,38.574299962771505]},"id":"000000000000000000ca","properties":{"Acres":16.2709959495,"Confidence":"High","County":"Dorchester","Digitized_":"USGS","Imagery_In":"NAIP - Maryland, 2011","Relate_Ite":"Maryland\\Dorchester","Shape_Area":65808.8559555,"Shape_Leng":1022.21180643,"State":"MD","assigned_to":"tien","global_rank":202.0,"lat":38.574299962771505,"lon":-75.81565031720406,"n_reserve":20,"n_target":100,"point_id":412.0,"queue_index":28.0,"rand":0.1306841842356391,"stable_idx":412.0}},{"type":"Feature","geometry":{"type":"Point","coordinates":[-75.86624916833753,38.52719871073691]},"id":"000000000000000000d8","properties":{"Acres":198.482977191,"Confidence":"High","County":"Dorchester","Digitized_":"USGS","Imagery_In":"NAIP - Maryland, 2011","Relate_Ite":"Maryland\\Dorchester","Shape_Area":803026.348866,"Shape_Leng":3176.91261828,"State":"MD","assigned_to":"tien","global_rank":216.0,"lat":38.52719871073691,"lon":-75.86624916833753,"n_reserve":20,"n_target":100,"point_id":337.0,"queue_index":30.0,"rand":0.1434576729334851,"stable_idx":337.0}},{"type":"Feature","geometry":{"type":"Point","coordinates":[-75.74900644724545,38.6598491065155]},"id":"00000000000000000109","properties":{"Acres":10.5190524491,"Confidence":"High","County":"Dorchester","Digitized_":"USGS","Imagery_In":"NAIP - Maryland, 2011","Relate_Ite":"Maryland\\Dorchester","Shape_Area":42522.5146839,"Shape_Leng":731.207769303,"State":"MD","assigned_to":"tien","global_rank":265.0,"lat":38.6598491065155,"lon":-75.74900644724545,"n_reserve":20,"n_target":100,"point_id":684.0,"queue_index":37.0,"rand":0.17691338961118808,"stable_idx":684.0}},{"type":"Feature","geometry":{"type":"Point","coordinates":[-75.9083081061555,38.68388199375052]},"id":"0000000000000000011e","properties":{"Acres":47.7049695686,"Confidence":"High","County":"Dorchester","Digitized_":"USGS","Imagery_In":"NAIP - Maryland, 2011","Relate_Ite":"Maryland\\Dorchester","Shape_Area":192956.030626,"Shape_Leng":1557.43820248,"State":"MD","assigned_to":"tien","global_rank":286.0,"lat":38.68388199375052,"lon":-75.9083081061555,"n_reserve":20,"n_target":100,"point_id":736.0,"queue_index":40.0,"rand":0.1862587980025242,"stable_idx":736.0}},{"type":"Feature","geometry":{"type":"Point","coordinates":[-75.88514045641091,38.58316738994372]},"id":"0000000000000000018e","properties":{"Acres":27.3376418865,"Confidence":"High","County":"Dorchester","Digitized_":"USGS","Imagery_In":"NAIP - Maryland, 2011","Relate_Ite":"Maryland\\Dorchester","Shape_Area":110570.969434,"Shape_Leng":1190.45750902,"State":"MD","assigned_to":"tien","global_rank":398.0,"lat":38.58316738994372,"lon":-75.88514045641091,"n_reserve":20,"n_target":100,"point_id":448.0,"queue_index":56.0,"rand":0.26261912442125135,"stable_idx":448.0}},{"type":"Feature","geometry":{"type":"Point","coordinates":[-75.86884454668116,38.653723309640945]},"id":"000000000000000001d4","properties":{"Acres":72.673113855,"Confidence":"High","County":"Dorchester","Digitized_":"USGS","Imagery_In":"NAIP - Maryland, 2011","Relate_Ite":"Maryland\\Dorchester","Shape_Area":294019.080907,"Shape_Leng":1939.02402475,"State":"MD","assigned_to":"tien","global_rank":468.0,"lat":38.653723309640945,"lon":-75.86884454668116,"n_reserve":20,"n_target":100,"point_id":664.0,"queue_index":66.0,"rand":0.30287559678989295,"stable_idx":664.0}},{"type":"Feature","geometry":{"type":"Point","coordinates":[-75.77912479013213,38.64999760446923]},"id":"000000000000000001e9","properties":{"Acres":45.0797735064,"Confidence":"High","County":"Dorchester","Digitized_":"USGS","Imagery_In":"NAIP - Maryland, 2011","Relate_Ite":"Maryland\\Dorchester","Shape_Area":182337.246309,"Shape_Leng":1981.30641563,"State":"MD","assigned_to":"tien","global_rank":489.0,"lat":38.64999760446923,"lon":-75.77912479013213,"n_reserve":20,"n_target":100,"point_id":655.0,"queue_index":69.0,"rand":0.31556927641636756,"stable_idx":655.0}},{"type":"Feature","geometry":{"type":"Point","coordinates":[-75.78879169398286,38.6006848309608]},"id":"000000000000000001f0","properties":{"Acres":58.2904345903,"Confidence":"High","County":"Dorchester","Digitized_":"USGS","Imagery_In":"NAIP - Maryland, 2011","Relate_Ite":"Maryland\\Dorchester","Shape_Area":235781.853023,"Shape_Leng":1721.53312364,"State":"MD","assigned_to":"tien","global_rank":496.0,"lat":38.6006848309608,"lon":-75.78879169398286,"n_reserve":20,"n_target":100,"point_id":508.0,"queue_index":70.0,"rand":0.3213962130776723,"stable_idx":508.0}},{"type":"Feature","geometry":{"type":"Point","coordinates":[-75.74569533251635,38.66282459066775]},"id":"00000000000000000205","properties":{"Acres":4.39608538386,"Confidence":"High","County":"Dorchester","Digitized_":"USGS","Imagery_In":"NAIP - Maryland, 2011","Relate_Ite":"Maryland\\Dorchester","Shape_Area":17760.1731405,"Shape_Leng":472.655750303,"State":"MD","assigned_to":"tien","global_rank":517.0,"lat":38.66282459066775,"lon":-75.74569533251635,"n_reserve":20,"n_target":100,"point_id":692.0,"queue_index":73.0,"rand":0.3325141162125006,"stable_idx":692.0}},{"type":"Feature","geometry":{"type":"Point","coordinates":[-75.8284490688881,38.666191534595164]},"id":"0000000000000000022f","properties":{"Acres":10.2297169135,"Confidence":"High","County":"Dorchester","Digitized_":"USGS","Imagery_In":"NAIP - Maryland, 2011","Relate_Ite":"Maryland\\Dorchester","Shape_Area":41352.9264826,"Shape_Leng":721.204261487,"State":"MD","assigned_to":"tien","global_rank":559.0,"lat":38.666191534595164,"lon":-75.8284490688881,"n_reserve":20,"n_target":100,"point_id":701.0,"queue_index":79.0,"rand":0.36000094765329915,"stable_idx":701.0}},{"type":"Feature","geometry":{"type":"Point","coordinates":[-75.8229279506935,38.508293615188215]},"id":"0000000000000000027c","properties":{"Acres":45.1200601335,"Confidence":"High","County":"Dorchester","Digitized_":"USGS","Imagery_In":"NAIP - Maryland, 2011","Relate_Ite":"Maryland\\Dorchester","Shape_Area":182525.176448,"Shape_Leng":1753.84596327,"State":"MD","assigned_to":"tien","global_rank":636.0,"lat":38.508293615188215,"lon":-75.8229279506935,"n_reserve":20,"n_target":100,"point_id":299.0,"queue_index":90.0,"rand":0.40763282864753614,"stable_idx":299.0}},{"type":"Feature","geometry":{"type":"Point","coordinates":[-75.89258452328603,38.630739367539526]},"id":"000000000000000002ad","properties":{"Acres":12.308204047,"Confidence":"High","County":"Dorchester","Digitized_":"USGS","Imagery_In":"NAIP - Maryland, 2011","Relate_Ite":"Maryland\\Dorchester","Shape_Area":49759.8491324,"Shape_Leng":791.137362855,"State":"MD","assigned_to":"tien","global_rank":685.0,"lat":38.630739367539526,"lon":-75.89258452328603,"n_reserve":20,"n_target":100,"point_id":597.0,"queue_index":97.0,"rand":0.43766801450074344,"stable_idx":597.0}},{"type":"Feature","geometry":{"type":"Point","coordinates":[-75.83540087816735,38.59504684906468]},"id":"000000000000000002b4","properties":{"Acres":103.335781997,"Confidence":"High","County":"Dorchester","Digitized_":"USGS","Imagery_In":"NAIP - Maryland, 2011","Relate_Ite":"Maryland\\Dorchester","Shape_Area":418141.435291,"Shape_Leng":2398.86044134,"State":"MD","assigned_to":"tien","global_rank":692.0,"lat":38.59504684906468,"lon":-75.83540087816735,"n_reserve":20,"n_target":100,"point_id":492.0,"queue_index":98.0,"rand":0.4415462781362762,"stable_idx":492.0}},{"type":"Feature","geometry":{"type":"Point","coordinates":[-75.75058416208678,38.564483868037684]},"id":"000000000000000002c2","properties":{"Acres":226.279398376,"Confidence":"High","County":"Dorchester","Digitized_":"USGS","Imagery_In":"NAIP - Maryland, 2011","Relate_Ite":"Maryland\\Dorchester","Shape_Area":915552.582992,"Shape_Leng":3410.38559173,"State":"MD","assigned_to":"tien","global_rank":706.0,"lat":38.564483868037684,"lon":-75.75058416208678,"n_reserve":20,"n_target":100,"point_id":384.0,"queue_index":100.0,"rand":0.45127293878068675,"stable_idx":384.0}},{"type":"Feature","geometry":{"type":"Point","coordinates":[-75.75920004122447,38.62873229605467]},"id":"00000000000000000324","properties":{"Acres":56.2948908234,"Confidence":"High","County":"Dorchester","Digitized_":"USGS","Imagery_In":"NAIP - Maryland, 2011","Relate_Ite":"Maryland\\Dorchester","Shape_Area":227708.314647,"Shape_Leng":1691.86543693,"State":"MD","assigned_to":"tien","global_rank":804.0,"lat":38.62873229605467,"lon":-75.75920004122447,"n_reserve":20,"n_target":100,"point_id":590.0,"queue_index":114.0,"rand":0.5239067354256771,"stable_idx":590.0}},{"type":"Feature","geometry":{"type":"Point","coordinates":[-75.80905347045552,38.529945459241674]},"id":"0000000000000000032b","properties":{"Acres":29.3933541439,"Confidence":"High","County":"Dorchester","Digitized_":"USGS","Imagery_In":"NAIP - Maryland, 2011","Relate_Ite":"Maryland\\Dorchester","Shape_Area":118871.506591,"Shape_Leng":1222.43239385,"State":"MD","assigned_to":"tien","global_rank":811.0,"lat":38.529945459241674,"lon":-75.80905347045552,"n_reserve":20,"n_target":100,"point_id":344.0,"queue_index":115.0,"rand":0.5311953783512631,"stable_idx":344.0}},{"type":"Feature","geometry":{"type":"Point","coordinates":[-75.88212185548427,38.52650148921864]},"id":"00000000000000000332","properties":{"Acres":73.9480901169,"Confidence":"High","County":"Dorchester","Digitized_":"USGS","Imagery_In":"NAIP - Maryland, 2011","Relate_Ite":"Maryland\\Dorchester","Shape_Area":299149.788583,"Shape_Leng":1950.57582059,"State":"MD","assigned_to":"tien","global_rank":818.0,"lat":38.52650148921864,"lon":-75.88212185548427,"n_reserve":20,"n_target":100,"point_id":334.0,"queue_index":116.0,"rand":0.5378458873418026,"stable_idx":334.0}},{"type":"Feature","geometry":{"type":"Point","coordinates":[-75.76463919910213,38.56493361109206]},"id":"00000000000000000339","properties":{"Acres":21.9177077794,"Confidence":"High","County":"Dorchester","Digitized_":"USGS","Imagery_In":"NAIP - Maryland, 2011","Relate_Ite":"Maryland\\Dorchester","Shape_Area":88651.5630297,"Shape_Leng":1230.64645314,"State":"MD","assigned_to":"tien","global_rank":825.0,"lat":38.56493361109206,"lon":-75.76463919910213,"n_reserve":20,"n_target":100,"point_id":387.0,"queue_index":117.0,"rand":0.5433637924370073,"stable_idx":387.0}},{"type":"Feature","geometry":{"type":"Point","coordinates":[-75.8335646874932,38.52316023288166]},"id":"00000000000000000340","properties":{"Acres":58.1253770556,"Confidence":"High","County":"Dorchester","Digitized_":"USGS","Imagery_In":"NAIP - Maryland, 2011","Relate_Ite":"Maryland\\Dorchester","Shape_Area":235114.047473,"Shape_Leng":1719.14555376,"State":"MD","assigned_to":"tien","global_rank":832.0,"lat":38.52316023288166,"lon":-75.8335646874932,"n_reserve":20,"n_target":100,"point_id":327.0,"queue_index":118.0,"rand":0.5464994759826566,"stable_idx":327.0}},{"type":"Feature","geometry":{"type":"Point","coordinates":[-75.84620749743861,39.276249993610094]},"id":"00000000000000000007","properties":{"Acres":53.6179320517,"Confidence":"High","County":"Kent","Digitized_":"USGS","Imagery_In":"NAIP - Maryland, 2011","Relate_Ite":"Maryland\\Kent","Shape_Area":216876.647993,"Shape_Leng":1651.07477345,"State":"MD","assigned_to":"ayush","global_rank":7.0,"lat":39.276249993610094,"lon":-75.84620749743861,"n_reserve":20,"n_target":100,"point_id":1466.0,"queue_index":1.0,"rand":0.005893020858775078,"stable_idx":1466.0}},{"type":"Feature","geometry":{"type":"Point","coordinates":[-75.80378307250707,39.32072803807886]},"id":"0000000000000000003f","properties":{"Acres":46.1877751604,"Confidence":"High","County":"Kent","Digitized_":"USGS","Imagery_In":"NAIP - Maryland, 2011","Relate_Ite":"Maryland\\Kent","Shape_Area":186845.099233,"Shape_Leng":1878.42458069,"State":"MD","assigned_to":"ayush","global_rank":63.0,"lat":39.32072803807886,"lon":-75.80378307250707,"n_reserve":20,"n_target":100,"point_id":1510.0,"queue_index":9.0,"rand":0.04306237950824099,"stable_idx":1510.0}},{"type":"Feature","geometry":{"type":"Point","coordinates":[-75.90304092466548,39.34964856690793]},"id":"000000000000000000e7","properties":{"Acres":36.6967185132,"Confidence":"High","County":"Kent","Digitized_":"USGS","Imagery_In":"NAIP - Maryland, 2011","Relate_Ite":"Maryland\\Kent","Shape_Area":148441.0813,"Shape_Leng":1655.66262982,"State":"MD","assigned_to":"ayush","global_rank":231.0,"lat":39.34964856690793,"lon":-75.90304092466548,"n_reserve":20,"n_target":100,"point_id":1529.0,"queue_index":33.0,"rand":0.15150600274954906,"stable_idx":1529.0}},{"type":"Feature","geometry":{"type":"Point","coordinates":[-76.01288873195752,39.294495477606105]},"id":"000000000000000001c7","properties":{"Acres":86.0043426777,"Confidence":"High","County":"Kent","Digitized_":"USGS","Imagery_In":"NAIP - Maryland, 2011","Relate_Ite":"Maryland\\Kent","Shape_Area":347932.439231,"Shape_Leng":2103.65262322,"State":"MD","assigned_to":"ayush","global_rank":455.0,"lat":39.294495477606105,"lon":-76.01288873195752,"n_reserve":20,"n_target":100,"point_id":1482.0,"queue_index":65.0,"rand":0.29572524969526404,"stable_idx":1482.0}},{"type":"Feature","geometry":{"type":"Point","coordinates":[-75.89599005641938,39.29371948655194]},"id":"00000000000000000214","properties":{"Acres":70.8153596798,"Confidence":"High","County":"Kent","Digitized_":"USGS","Imagery_In":"NAIP - Maryland, 2011","Relate_Ite":"Maryland\\Kent","Shape_Area":286455.934473,"Shape_Leng":1897.49688282,"State":"MD","assigned_to":"ayush","global_rank":532.0,"lat":39.29371948655194,"lon":-75.89599005641938,"n_reserve":20,"n_target":100,"point_id":1480.0,"queue_index":76.0,"rand":0.34409334082523335,"stable_idx":1480.0}},{"type":"Feature","geometry":{"type":"Point","coordinates":[-75.83005097081089,39.26762712664597]},"id":"00000000000000000237","properties":{"Acres":47.6891106377,"Confidence":"High","County":"Kent","Digitized_":"USGS","Imagery_In":"NAIP - Maryland, 2011","Relate_Ite":"Maryland\\Kent","Shape_Area":192941.0041,"Shape_Leng":1785.06343962,"State":"MD","assigned_to":"ayush","global_rank":567.0,"lat":39.26762712664597,"lon":-75.83005097081089,"n_reserve":20,"n_target":100,"point_id":1461.0,"queue_index":81.0,"rand":0.3645643300822644,"stable_idx":1461.0}},{"type":"Feature","geometry":{"type":"Point","coordinates":[-75.80115563618548,39.35612023120924]},"id":"0000000000000000024c","properties":{"Acres":64.1204276775,"Confidence":"High","County":"Kent","Digitized_":"USGS","Imagery_In":"NAIP - Maryland, 2011","Relate_Ite":"Maryland\\Kent","Shape_Area":259369.615089,"Shape_Leng":1805.57949404,"State":"MD","assigned_to":"ayush","global_rank":588.0,"lat":39.35612023120924,"lon":-75.80115563618548,"n_reserve":20,"n_target":100,"point_id":1532.0,"queue_index":84.0,"rand":0.37753432023646727,"stable_idx":1532.0}},{"type":"Feature","geometry":{"type":"Point","coordinates":[-75.83502232961003,39.27217217301205]},"id":"00000000000000000253","properties":{"Acres":26.4165771871,"Confidence":"High","County":"Kent","Digitized_":"USGS","Imagery_In":"NAIP - Maryland, 2011","Relate_Ite":"Maryland\\Kent","Shape_Area":106849.929838,"Shape_Leng":1294.74585272,"State":"MD","assigned_to":"ayush","global_rank":595.0,"lat":39.27217217301205,"lon":-75.83502232961003,"n_reserve":20,"n_target":100,"point_id":1463.0,"queue_index":85.0,"rand":0.38008698721761114,"stable_idx":1463.0}},{"type":"Feature","geometry":{"type":"Point","coordinates":[-75.94462746456998,39.28884350027183]},"id":"00000000000000000292","properties":{"Acres":63.2363680171,"Confidence":"High","County":"Kent","Digitized_":"USGS","Imagery_In":"NAIP - Maryland, 2011","Relate_Ite":"Maryland\\Kent","Shape_Area":255825.616793,"Shape_Leng":1811.60896494,"State":"MD","assigned_to":"ayush","global_rank":658.0,"lat":39.28884350027183,"lon":-75.94462746456998,"n_reserve":20,"n_target":100,"point_id":1477.0,"queue_index":94.0,"rand":0.4194407537730038,"stable_idx":1477.0}},{"type":"Feature","geometry":{"type":"Point","coordinates":[-76.14834649409282,39.27769769869235]},"id":"000000000000000002c3","properties":{"Acres":17.179592864,"Confidence":"High","County":"Kent","Digitized_":"USGS","Imagery_In":"NAIP - Maryland, 2011","Relate_Ite":"Maryland\\Kent","Shape_Area":69463.5531209,"Shape_Leng":934.523484054,"State":"MD","assigned_to":"ayush","global_rank":707.0,"lat":39.27769769869235,"lon":-76.14834649409282,"n_reserve":20,"n_target":100,"point_id":1467.0,"queue_index":101.0,"rand":0.45253054747778054,"stable_idx":1467.0}},{"type":"Feature","geometry":{"type":"Point","coordinates":[-76.12685180234311,39.26780782810404]},"id":"000000000000000002f4","properties":{"Acres":127.203690495,"Confidence":"High","County":"Kent","Digitized_":"USGS","Imagery_In":"NAIP - Maryland, 2011","Relate_Ite":"Maryland\\Kent","Shape_Area":514650.38198,"Shape_Leng":2555.20852204,"State":"MD","assigned_to":"ayush","global_rank":756.0,"lat":39.26780782810404,"lon":-76.12685180234311,"n_reserve":20,"n_target":100,"point_id":1462.0,"queue_index":108.0,"rand":0.4895340768421983,"stable_idx":1462.0}},{"type":"Feature","geometry":{"type":"Point","coordinates":[-75.90785589984372,39.34797806602575]},"id":"0000000000000000031e","properties":{"Acres":45.0620138115,"Confidence":"High","County":"Kent","Digitized_":"USGS","Imagery_In":"NAIP - Maryland, 2011","Relate_Ite":"Maryland\\Kent","Shape_Area":182261.75824,"Shape_Leng":1513.62938201,"State":"MD","assigned_to":"ayush","global_rank":798.0,"lat":39.34797806602575,"lon":-75.90785589984372,"n_reserve":20,"n_target":100,"point_id":1528.0,"queue_index":114.0,"rand":0.5183265714284998,"stable_idx":1528.0}},{"type":"Feature","geometry":{"type":"Point","coordinates":[-75.84813168632152,39.34046894041599]},"id":"00000000000000000078","properties":{"Acres":56.0188283922,"Confidence":"High","County":"Kent","Digitized_":"USGS","Imagery_In":"NAIP - Maryland, 2011","Relate_Ite":"Maryland\\Kent","Shape_Area":226591.405044,"Shape_Leng":1687.65146221,"State":"MD","assigned_to":"maddie","global_rank":120.0,"lat":39.34046894041599,"lon":-75.84813168632152,"n_reserve":20,"n_target":100,"point_id":1524.0,"queue_index":17.0,"rand":0.07470030373111458,"stable_idx":1524.0}},{"type":"Feature","geometry":{"type":"Point","coordinates":[-75.80556082697292,39.311749691053286]},"id":"000000000000000000b7","properties":{"Acres":26.3050306238,"Confidence":"High","County":"Kent","Digitized_":"USGS","Imagery_In":"NAIP - Maryland, 2011","Relate_Ite":"Maryland\\Kent","Shape_Area":106378.290928,"Shape_Leng":1156.47867673,"State":"MD","assigned_to":"maddie","global_rank":183.0,"lat":39.311749691053286,"lon":-75.80556082697292,"n_reserve":20,"n_target":100,"point_id":1503.0,"queue_index":26.0,"rand":0.11708589895655241,"stable_idx":1503.0}},{"type":"Feature","geometry":{"type":"Point","coordinates":[-75.85940705918907,39.320746414828385]},"id":"000000000000000000e8","properties":{"Acres":115.11111183,"Confidence":"High","County":"Kent","Digitized_":"USGS","Imagery_In":"NAIP - Maryland, 2011","Relate_Ite":"Maryland\\Kent","Shape_Area":465725.010187,"Shape_Leng":2807.84015925,"State":"MD","assigned_to":"maddie","global_rank":232.0,"lat":39.320746414828385,"lon":-75.85940705918907,"n_reserve":20,"n_target":100,"point_id":1511.0,"queue_index":33.0,"rand":0.15205565521278708,"stable_idx":1511.0}},{"type":"Feature","geometry":{"type":"Point","coordinates":[-75.81809785235649,39.31635403243303]},"id":"00000000000000000223","properties":{"Acres":36.6114519203,"Confidence":"High","County":"Kent","Digitized_":"USGS","Imagery_In":"NAIP - Maryland, 2011","Relate_Ite":"Maryland\\Kent","Shape_Area":148079.912866,"Shape_Leng":1755.29445127,"State":"MD","assigned_to":"maddie","global_rank":547.0,"lat":39.31635403243303,"lon":-75.81809785235649,"n_reserve":20,"n_target":100,"point_id":1507.0,"queue_index":78.0,"rand":0.35466145055733056,"stable_idx":1507.0}},{"type":"Feature","geometry":{"type":"Point","coordinates":[-75.83551115164583,39.34758260940014]},"id":"00000000000000000269","properties":{"Acres":20.2786686178,"Confidence":"High","County":"Kent","Digitized_":"USGS","Imagery_In":"NAIP - Maryland, 2011","Relate_Ite":"Maryland\\Kent","Shape_Area":81998.677501,"Shape_Leng":1015.3121345,"State":"MD","assigned_to":"maddie","global_rank":617.0,"lat":39.34758260940014,"lon":-75.83551115164583,"n_reserve":20,"n_target":100,"point_id":1527.0,"queue_index":88.0,"rand":0.3945127327360862,"stable_idx":1527.0}},{"type":"Feature","geometry":{"type":"Point","coordinates":[-75.83801113910309,39.29905653188213]},"id":"000000000000000002cb","properties":{"Acres":11.794793737,"Confidence":"High","County":"Kent","Digitized_":"USGS","Imagery_In":"NAIP - Maryland, 2011","Relate_Ite":"Maryland\\Kent","Shape_Area":47689.0912031,"Shape_Leng":965.078974977,"State":"MD","assigned_to":"maddie","global_rank":715.0,"lat":39.29905653188213,"lon":-75.83801113910309,"n_reserve":20,"n_target":100,"point_id":1490.0,"queue_index":102.0,"rand":0.45564703863940625,"stable_idx":1490.0}},{"type":"Feature","geometry":{"type":"Point","coordinates":[-76.13909093334208,39.26440352275429]},"id":"0000000000000000033b","properties":{"Acres":12.3471926318,"Confidence":"High","County":"Kent","Digitized_":"USGS","Imagery_In":"NAIP - Maryland, 2011","Relate_Ite":"Maryland\\Kent","Shape_Area":49929.8000793,"Shape_Leng":877.857418279,"State":"MD","assigned_to":"maddie","global_rank":827.0,"lat":39.26440352275429,"lon":-76.13909093334208,"n_reserve":20,"n_target":100,"point_id":1456.0,"queue_index":118.0,"rand":0.544153256119867,"stable_idx":1456.0}},{"type":"Feature","geometry":{"type":"Point","coordinates":[-76.03285228504224,39.25430824646396]},"id":"00000000000000000342","properties":{"Acres":45.578008635,"Confidence":"High","County":"Kent","Digitized_":"USGS","Imagery_In":"NAIP - Maryland, 2011","Relate_Ite":"Maryland\\Kent","Shape_Area":184367.506234,"Shape_Leng":1541.0587889,"State":"MD","assigned_to":"maddie","global_rank":834.0,"lat":39.25430824646396,"lon":-76.03285228504224,"n_reserve":20,"n_target":100,"point_id":1450.0,"queue_index":119.0,"rand":0.5476994121986049,"stable_idx":1450.0}},{"type":"Feature","geometry":{"type":"Point","coordinates":[-75.81294752681069,39.29380680259166]},"id":"00000000000000000095","properties":{"Acres":43.9909832518,"Confidence":"High","County":"Kent","Digitized_":"USGS","Imagery_In":"NAIP - Maryland, 2011","Relate_Ite":"Maryland\\Kent","Shape_Area":177955.984316,"Shape_Leng":1778.55011559,"State":"MD","assigned_to":"mara","global_rank":149.0,"lat":39.29380680259166,"lon":-75.81294752681069,"n_reserve":20,"n_target":100,"point_id":1481.0,"queue_index":21.0,"rand":0.09827222267097013,"stable_idx":1481.0}},{"type":"Feature","geometry":{"type":"Point","coordinates":[-75.81753518023599,39.3269098330298]},"id":"00000000000000000247","properties":{"Acres":66.6938896078,"Confidence":"High","County":"Kent","Digitized_":"USGS","Imagery_In":"NAIP - Maryland, 2011","Relate_Ite":"Maryland\\Kent","Shape_Area":269790.205381,"Shape_Leng":2356.40975219,"State":"MD","assigned_to":"mara","global_rank":583.0,"lat":39.3269098330298,"lon":-75.81753518023599,"n_reserve":20,"n_target":100,"point_id":1519.0,"queue_index":83.0,"rand":0.3756683356106355,"stable_idx":1519.0}},{"type":"Feature","geometry":{"type":"Point","coordinates":[-76.02384028523088,39.29610727527126]},"id":"00000000000000000271","properties":{"Acres":67.7610654312,"Confidence":"High","County":"Kent","Digitized_":"USGS","Imagery_In":"NAIP - Maryland, 2011","Relate_Ite":"Maryland\\Kent","Shape_Area":274116.159363,"Shape_Leng":2282.97927697,"State":"MD","assigned_to":"mara","global_rank":625.0,"lat":39.29610727527126,"lon":-76.02384028523088,"n_reserve":20,"n_target":100,"point_id":1484.0,"queue_index":89.0,"rand":0.40171764866646764,"stable_idx":1484.0}},{"type":"Feature","geometry":{"type":"Point","coordinates":[-76.1214568121251,39.26568038284445]},"id":"0000000000000000027f","properties":{"Acres":13.3174527563,"Confidence":"High","County":"Kent","Digitized_":"USGS","Imagery_In":"NAIP - Maryland, 2011","Relate_Ite":"Maryland\\Kent","Shape_Area":53856.4313763,"Shape_Leng":947.647954586,"State":"MD","assigned_to":"mara","global_rank":639.0,"lat":39.26568038284445,"lon":-76.1214568121251,"n_reserve":20,"n_target":100,"point_id":1457.0,"queue_index":91.0,"rand":0.4092284412519219,"stable_idx":1457.0}},{"type":"Feature","geometry":{"type":"Point","coordinates":[-75.99488368669817,39.28264086371351]},"id":"0000000000000000002d","properties":{"Acres":48.8211033772,"Confidence":"High","County":"Kent","Digitized_":"USGS","Imagery_In":"NAIP - Maryland, 2011","Relate_Ite":"Maryland\\Kent","Shape_Area":197492.667492,"Shape_Leng":1616.86810319,"State":"MD","assigned_to":"mike","global_rank":45.0,"lat":39.28264086371351,"lon":-75.99488368669817,"n_reserve":20,"n_target":100,"point_id":1472.0,"queue_index":6.0,"rand":0.027819645688009653,"stable_idx":1472.0}},{"type":"Feature","geometry":{"type":"Point","coordinates":[-75.92530847967089,39.29722981746603]},"id":"00000000000000000050","properties":{"Acres":131.326925099,"Confidence":"High","County":"Kent","Digitized_":"USGS","Imagery_In":"NAIP - Maryland, 2011","Relate_Ite":"Maryland\\Kent","Shape_Area":531339.499658,"Shape_Leng":2602.40752709,"State":"MD","assigned_to":"mike","global_rank":80.0,"lat":39.29722981746603,"lon":-75.92530847967089,"n_reserve":20,"n_target":100,"point_id":1487.0,"queue_index":11.0,"rand":0.05262875560844782,"stable_idx":1487.0}},{"type":"Feature","geometry":{"type":"Point","coordinates":[-75.80664574261719,39.32353896210439]},"id":"00000000000000000129","properties":{"Acres":24.3765016918,"Confidence":"High","County":"Kent","Digitized_":"USGS","Imagery_In":"NAIP - Maryland, 2011","Relate_Ite":"Maryland\\Kent","Shape_Area":98597.4067146,"Shape_Leng":1297.85976907,"State":"MD","assigned_to":"mike","global_rank":297.0,"lat":39.32353896210439,"lon":-75.80664574261719,"n_reserve":20,"n_target":100,"point_id":1515.0,"queue_index":42.0,"rand":0.19713225625763398,"stable_idx":1515.0}},{"type":"Feature","geometry":{"type":"Point","coordinates":[-75.94042654264828,39.28935030125419]},"id":"000000000000000001c3","properties":{"Acres":59.8345241884,"Confidence":"High","County":"Kent","Digitized_":"USGS","Imagery_In":"NAIP - Maryland, 2011","Relate_Ite":"Maryland\\Kent","Shape_Area":242081.414239,"Shape_Leng":1781.59125612,"State":"MD","assigned_to":"mike","global_rank":451.0,"lat":39.28935030125419,"lon":-75.94042654264828,"n_reserve":20,"n_target":100,"point_id":1478.0,"queue_index":64.0,"rand":0.29381348484320824,"stable_idx":1478.0}},{"type":"Feature","geometry":{"type":"Point","coordinates":[-75.9505545727282,39.338914796863264]},"id":"0000000000000000023a","properties":{"Acres":58.2297425561,"Confidence":"High","County":"Kent","Digitized_":"USGS","Imagery_In":"NAIP - Maryland, 2011","Relate_Ite":"Maryland\\Kent","Shape_Area":235546.371928,"Shape_Leng":2169.45565685,"State":"MD","assigned_to":"mike","global_rank":570.0,"lat":39.338914796863264,"lon":-75.9505545727282,"n_reserve":20,"n_target":100,"point_id":1522.0,"queue_index":81.0,"rand":0.3662811852423601,"stable_idx":1522.0}},{"type":"Feature","geometry":{"type":"Point","coordinates":[-75.91014120678196,39.31211199102305]},"id":"00000000000000000287","properties":{"Acres":57.7536650252,"Confidence":"High","County":"Kent","Digitized_":"USGS","Imagery_In":"NAIP - Maryland, 2011","Relate_Ite":"Maryland\\Kent","Shape_Area":233624.107685,"Shape_Leng":2111.07667124,"State":"MD","assigned_to":"mike","global_rank":647.0,"lat":39.31211199102305,"lon":-75.91014120678196,"n_reserve":20,"n_target":100,"point_id":1504.0,"queue_index":92.0,"rand":0.4148881464772104,"stable_idx":1504.0}},{"type":"Feature","geometry":{"type":"Point","coordinates":[-75.7869773168909,39.301123224952505]},"id":"000000000000000002c6","properties":{"Acres":14.0649107004,"Confidence":"High","County":"Kent","Digitized_":"USGS","Imagery_In":"NAIP - Maryland, 2011","Relate_Ite":"Maryland\\Kent","Shape_Area":56883.1779781,"Shape_Leng":987.627664343,"State":"MD","assigned_to":"mike","global_rank":710.0,"lat":39.301123224952505,"lon":-75.7869773168909,"n_reserve":20,"n_target":100,"point_id":1493.0,"queue_index":101.0,"rand":0.454470107273543,"stable_idx":1493.0}},{"type":"Feature","geometry":{"type":"Point","coordinates":[-76.12246832228547,39.259915187285536]},"id":"00000000000000000004","properties":{"Acres":15.9434047878,"Confidence":"High","County":"Kent","Digitized_":"USGS","Imagery_In":"NAIP - Maryland, 2011","Relate_Ite":"Maryland\\Kent","Shape_Area":64478.9612019,"Shape_Leng":1019.37230136,"State":"MD","assigned_to":"sienna","global_rank":4.0,"lat":39.259915187285536,"lon":-76.12246832228547,"n_reserve":20,"n_target":100,"point_id":1451.0,"queue_index":0.0,"rand":0.00515890627339155,"stable_idx":1451.0}},{"type":"Feature","geometry":{"type":"Point","coordinates":[-75.82299694039374,39.299350134326644]},"id":"0000000000000000002e","properties":{"Acres":35.50878299,"Confidence":"High","County":"Kent","Digitized_":"USGS","Imagery_In":"NAIP - Maryland, 2011","Relate_Ite":"Maryland\\Kent","Shape_Area":143637.331149,"Shape_Leng":1538.35038981,"State":"MD","assigned_to":"sienna","global_rank":46.0,"lat":39.299350134326644,"lon":-75.82299694039374,"n_reserve":20,"n_target":100,"point_id":1492.0,"queue_index":6.0,"rand":0.028227799890082617,"stable_idx":1492.0}},{"type":"Feature","geometry":{"type":"Point","coordinates":[-76.02752532148442,39.25108268800191]},"id":"000000000000000000c8","properties":{"Acres":44.5873591583,"Confidence":"High","County":"Kent","Digitized_":"USGS","Imagery_In":"NAIP - Maryland, 2011","Relate_Ite":"Maryland\\Kent","Shape_Area":180368.358228,"Shape_Leng":1674.04834817,"State":"MD","assigned_to":"sienna","global_rank":200.0,"lat":39.25108268800191,"lon":-76.02752532148442,"n_reserve":20,"n_target":100,"point_id":1446.0,"queue_index":28.0,"rand":0.1298159984873336,"stable_idx":1446.0}},{"type":"Feature","geometry":{"type":"Point","coordinates":[-76.11877803805737,39.26236750238778]},"id":"00000000000000000115","properties":{"Acres":10.071552468,"Confidence":"High","County":"Kent","Digitized_":"USGS","Imagery_In":"NAIP - Maryland, 2011","Relate_Ite":"Maryland\\Kent","Shape_Area":40733.841257,"Shape_Leng":807.345342782,"State":"MD","assigned_to":"sienna","global_rank":277.0,"lat":39.26236750238778,"lon":-76.11877803805737,"n_reserve":20,"n_target":100,"point_id":1455.0,"queue_index":39.0,"rand":0.18159919278257686,"stable_idx":1455.0}},{"type":"Feature","geometry":{"type":"Point","coordinates":[-75.81333014722945,39.296406208378066]},"id":"00000000000000000169","properties":{"Acres":50.2417670805,"Confidence":"High","County":"Kent","Digitized_":"USGS","Imagery_In":"NAIP - Maryland, 2011","Relate_Ite":"Maryland\\Kent","Shape_Area":203247.995593,"Shape_Leng":1953.03217483,"State":"MD","assigned_to":"sienna","global_rank":361.0,"lat":39.296406208378066,"lon":-75.81333014722945,"n_reserve":20,"n_target":100,"point_id":1486.0,"queue_index":51.0,"rand":0.23657806557406824,"stable_idx":1486.0}},{"type":"Feature","geometry":{"type":"Point","coordinates":[-75.78467550320634,39.37658177296966]},"id":"000000000000000002ab","properties":{"Acres":75.7000776372,"Confidence":"High","County":"Kent","Digitized_":"USGS","Imagery_In":"NAIP - Maryland, 2011","Relate_Ite":"Maryland\\Kent","Shape_Area":306250.599183,"Shape_Leng":1998.67284977,"State":"MD","assigned_to":"sienna","global_rank":683.0,"lat":39.37658177296966,"lon":-75.78467550320634,"n_reserve":20,"n_target":100,"point_id":1534.0,"queue_index":97.0,"rand":0.4368834865605171,"stable_idx":1534.0}},{"type":"Feature","geometry":{"type":"Point","coordinates":[-75.82832397923754,39.272475585622495]},"id":"00000000000000000345","properties":{"Acres":55.6189703477,"Confidence":"High","County":"Kent","Digitized_":"USGS","Imagery_In":"NAIP - Maryland, 2011","Relate_Ite":"Maryland\\Kent","Shape_Area":224991.378098,"Shape_Leng":2065.1029161,"State":"MD","assigned_to":"sienna","global_rank":837.0,"lat":39.272475585622495,"lon":-75.82832397923754,"n_reserve":20,"n_target":100,"point_id":1464.0,"queue_index":119.0,"rand":0.5500908261291679,"stable_idx":1464.0}},{"type":"Feature","geometry":{"type":"Point","coordinates":[-75.80296814751343,39.31556993498607]},"id":"0000000000000000004b","properties":{"Acres":43.2302003194,"Confidence":"High","County":"Kent","Digitized_":"USGS","Imagery_In":"NAIP - Maryland, 2011","Relate_Ite":"Maryland\\Kent","Shape_Area":174866.588598,"Shape_Leng":1832.85425899,"State":"MD","assigned_to":"taryn","global_rank":75.0,"lat":39.31556993498607,"lon":-75.80296814751343,"n_reserve":20,"n_target":100,"point_id":1505.0,"queue_index":10.0,"rand":0.04983359385054764,"stable_idx":1505.0}},{"type":"Feature","geometry":{"type":"Point","coordinates":[-75.91603825529447,39.29863915596384]},"id":"000000000000000000de","properties":{"Acres":128.15469061,"Confidence":"High","County":"Kent","Digitized_":"USGS","Imagery_In":"NAIP - Maryland, 2011","Relate_Ite":"Maryland\\Kent","Shape_Area":518458.419237,"Shape_Leng":2552.7252892,"State":"MD","assigned_to":"taryn","global_rank":222.0,"lat":39.29863915596384,"lon":-75.91603825529447,"n_reserve":20,"n_target":100,"point_id":1489.0,"queue_index":31.0,"rand":0.14707339073860792,"stable_idx":1489.0}},{"type":"Feature","geometry":{"type":"Point","coordinates":[-75.908692431036,39.35558817500663]},"id":"000000000000000000f3","properties":{"Acres":60.5869422562,"Confidence":"High","County":"Kent","Digitized_":"USGS","Imagery_In":"NAIP - Maryland, 2011","Relate_Ite":"Maryland\\Kent","Shape_Area":245105.818823,"Shape_Leng":2028.03145224,"State":"MD","assigned_to":"taryn","global_rank":243.0,"lat":39.35558817500663,"lon":-75.908692431036,"n_reserve":20,"n_target":100,"point_id":1531.0,"queue_index":34.0,"rand":0.16209683677130815,"stable_idx":1531.0}},{"type":"Feature","geometry":{"type":"Point","coordinates":[-76.05998799839176,39.16278277127035]},"id":"0000000000000000027b","properties":{"Acres":59.7479888931,"Confidence":"High","County":"Kent","Digitized_":"USGS","Imagery_In":"NAIP - Maryland, 2011","Relate_Ite":"Maryland\\Kent","Shape_Area":241679.332413,"Shape_Leng":1742.97764776,"State":"MD","assigned_to":"taryn","global_rank":635.0,"lat":39.16278277127035,"lon":-76.05998799839176,"n_reserve":20,"n_target":100,"point_id":1362.0,"queue_index":90.0,"rand":0.40738143985436603,"stable_idx":1362.0}},{"type":"Feature","geometry":{"type":"Point","coordinates":[-75.81708870163263,39.301880953440126]},"id":"000000000000000002a5","properties":{"Acres":51.3211632506,"Confidence":"High","County":"Kent","Digitized_":"USGS","Imagery_In":"NAIP - Maryland, 2011","Relate_Ite":"Maryland\\Kent","Shape_Area":207583.494614,"Shape_Leng":1615.32260285,"State":"MD","assigned_to":"taryn","global_rank":677.0,"lat":39.301880953440126,"lon":-75.81708870163263,"n_reserve":20,"n_target":100,"point_id":1495.0,"queue_index":96.0,"rand":0.4320283173657298,"stable_idx":1495.0}},{"type":"Feature","geometry":{"type":"Point","coordinates":[-75.83282595495108,39.34519329060459]},"id":"00000000000000000346","properties":{"Acres":40.3300628189,"Confidence":"High","County":"Kent","Digitized_":"USGS","Imagery_In":"NAIP - Maryland, 2011","Relate_Ite":"Maryland\\Kent","Shape_Area":163116.94849,"Shape_Leng":1431.93537253,"State":"MD","assigned_to":"taryn","global_rank":838.0,"lat":39.34519329060459,"lon":-75.83282595495108,"n_reserve":20,"n_target":100,"point_id":1525.0,"queue_index":119.0,"rand":0.5502199223842986,"stable_idx":1525.0}},{"type":"Feature","geometry":{"type":"Point","coordinates":[-75.8010018080101,39.31822588476187]},"id":"00000000000000000117","properties":{"Acres":27.6525261865,"Confidence":"High","County":"Kent","Digitized_":"USGS","Imagery_In":"NAIP - Maryland, 2011","Relate_Ite":"Maryland\\Kent","Shape_Area":111851.898258,"Shape_Leng":1420.24126928,"State":"MD","assigned_to":"tien","global_rank":279.0,"lat":39.31822588476187,"lon":-75.8010018080101,"n_reserve":20,"n_target":100,"point_id":1508.0,"queue_index":39.0,"rand":0.18358264636475685,"stable_idx":1508.0}},{"type":"Feature","geometry":{"type":"Point","coordinates":[-76.14377278093522,39.280426768975786]},"id":"0000000000000000015d","properties":{"Acres":3.22704652509,"Confidence":"High","County":"Kent","Digitized_":"USGS","Imagery_In":"NAIP - Maryland, 2011","Relate_Ite":"Maryland\\Kent","Shape_Area":13034.8373994,"Shape_Leng":405.150058902,"State":"MD","assigned_to":"tien","global_rank":349.0,"lat":39.280426768975786,"lon":-76.14377278093522,"n_reserve":20,"n_target":100,"point_id":1469.0,"queue_index":49.0,"rand":0.22892938085252768,"stable_idx":1469.0}},{"type":"Feature","geometry":{"type":"Point","coordinates":[-75.8182453299996,39.32955315132326]},"id":"0000000000000000029f","properties":{"Acres":68.8436241944,"Confidence":"High","County":"Kent","Digitized_":"USGS","Imagery_In":"NAIP - Maryland, 2011","Relate_Ite":"Maryland\\Kent","Shape_Area":278500.737869,"Shape_Leng":2364.90972991,"State":"MD","assigned_to":"tien","global_rank":671.0,"lat":39.32955315132326,"lon":-75.8182453299996,"n_reserve":20,"n_target":100,"point_id":1521.0,"queue_index":95.0,"rand":0.4287290111496943,"stable_idx":1521.0}},{"type":"Feature","geometry":{"type":"Point","coordinates":[-75.81127672446951,39.310276769751404]},"id":"000000000000000002bb","properties":{"Acres":27.2461104729,"Confidence":"High","County":"Kent","Digitized_":"USGS","Imagery_In":"NAIP - Maryland, 2011","Relate_Ite":"Maryland\\Kent","Shape_Area":110189.563793,"Shape_Leng":1177.18715228,"State":"MD","assigned_to":"tien","global_rank":699.0,"lat":39.310276769751404,"lon":-75.81127672446951,"n_reserve":20,"n_target":100,"point_id":1501.0,"queue_index":99.0,"rand":0.44455375258978325,"stable_idx":1501.0}},{"type":"Feature","geometry":{"type":"Point","coordinates":[-76.05334412917682,39.16748171005222]},"id":"00000000000000000316","properties":{"Acres":89.7569256483,"Confidence":"High","County":"Kent","Digitized_":"USGS","Imagery_In":"NAIP - Maryland, 2011","Relate_Ite":"Maryland\\Kent","Shape_Area":363094.289407,"Shape_Leng":2136.30217167,"State":"MD","assigned_to":"tien","global_rank":790.0,"lat":39.16748171005222,"lon":-76.05334412917682,"n_reserve":20,"n_target":100,"point_id":1366.0,"queue_index":112.0,"rand":0.5107251606770373,"stable_idx":1366.0}},{"type":"Feature","geometry":{"type":"Point","coordinates":[-75.86553891275022,39.16196505471812]},"id":"00000000000000000000","properties":{"Acres":56.9722105571,"Confidence":"High","County":"Queen Anne's","Digitized_":"USGS","Imagery_In":"NAIP - Maryland, 2011","Relate_Ite":"Maryland\\Queen Anne's","Shape_Area":230506.668586,"Shape_Leng":1940.48193973,"State":"MD","assigned_to":"ayush","global_rank":0.0,"lat":39.16196505471812,"lon":-75.86553891275022,"n_reserve":20,"n_target":100,"point_id":1360.0,"queue_index":0.0,"rand":2.976089954043193E-5,"stable_idx":1360.0}},{"type":"Feature","geometry":{"type":"Point","coordinates":[-75.95294469139336,39.09698702921534]},"id":"00000000000000000054","properties":{"Acres":25.9655185887,"Confidence":"High","County":"Queen Anne's","Digitized_":"USGS","Imagery_In":"NAIP - Maryland, 2011","Relate_Ite":"Maryland\\Queen Anne's","Shape_Area":105078.725662,"Shape_Leng":1364.06684837,"State":"MD","assigned_to":"ayush","global_rank":84.0,"lat":39.09698702921534,"lon":-75.95294469139336,"n_reserve":20,"n_target":100,"point_id":1326.0,"queue_index":12.0,"rand":0.0533281401767115,"stable_idx":1326.0}},{"type":"Feature","geometry":{"type":"Point","coordinates":[-75.86083258293696,39.12837058949374]},"id":"00000000000000000126","properties":{"Acres":139.997709143,"Confidence":"High","County":"Queen Anne's","Digitized_":"USGS","Imagery_In":"NAIP - Maryland, 2011","Relate_Ite":"Maryland\\Queen Anne's","Shape_Area":566375.618897,"Shape_Leng":2668.04101028,"State":"MD","assigned_to":"ayush","global_rank":294.0,"lat":39.12837058949374,"lon":-75.86083258293696,"n_reserve":20,"n_target":100,"point_id":1340.0,"queue_index":42.0,"rand":0.1947619381416078,"stable_idx":1340.0}},{"type":"Feature","geometry":{"type":"Point","coordinates":[-75.9686940316297,39.08405644149727]},"id":"00000000000000000173","properties":{"Acres":37.2736371406,"Confidence":"High","County":"Queen Anne's","Digitized_":"USGS","Imagery_In":"NAIP - Maryland, 2011","Relate_Ite":"Maryland\\Queen Anne's","Shape_Area":150841.057849,"Shape_Leng":1768.54413687,"State":"MD","assigned_to":"ayush","global_rank":371.0,"lat":39.08405644149727,"lon":-75.9686940316297,"n_reserve":20,"n_target":100,"point_id":1320.0,"queue_index":53.0,"rand":0.24653069277668782,"stable_idx":1320.0}},{"type":"Feature","geometry":{"type":"Point","coordinates":[-75.99514724501309,39.120532959238055]},"id":"00000000000000000188","properties":{"Acres":69.9507721567,"Confidence":"High","County":"Queen Anne's","Digitized_":"USGS","Imagery_In":"NAIP - Maryland, 2011","Relate_Ite":"Maryland\\Queen Anne's","Shape_Area":282968.515218,"Shape_Leng":1973.3814485,"State":"MD","assigned_to":"ayush","global_rank":392.0,"lat":39.120532959238055,"lon":-75.99514724501309,"n_reserve":20,"n_target":100,"point_id":1334.0,"queue_index":56.0,"rand":0.2588960897233519,"stable_idx":1334.0}},{"type":"Feature","geometry":{"type":"Point","coordinates":[-75.76764474211508,39.19325455842694]},"id":"000000000000000001ab","properties":{"Acres":106.797998396,"Confidence":"High","County":"Queen Anne's","Digitized_":"USGS","Imagery_In":"NAIP - Maryland, 2011","Relate_Ite":"Maryland\\Queen Anne's","Shape_Area":432087.568391,"Shape_Leng":2669.85944257,"State":"MD","assigned_to":"ayush","global_rank":427.0,"lat":39.19325455842694,"lon":-75.76764474211508,"n_reserve":20,"n_target":100,"point_id":1382.0,"queue_index":61.0,"rand":0.2824863965790697,"stable_idx":1382.0}},{"type":"Feature","geometry":{"type":"Point","coordinates":[-75.99541198267029,39.133870517588136]},"id":"000000000000000001d5","properties":{"Acres":14.8315268216,"Confidence":"High","County":"Queen Anne's","Digitized_":"USGS","Imagery_In":"NAIP - Maryland, 2011","Relate_Ite":"Maryland\\Queen Anne's","Shape_Area":59975.4612487,"Shape_Leng":1061.80600367,"State":"MD","assigned_to":"ayush","global_rank":469.0,"lat":39.133870517588136,"lon":-75.99541198267029,"n_reserve":20,"n_target":100,"point_id":1342.0,"queue_index":67.0,"rand":0.30290165436851735,"stable_idx":1342.0}},{"type":"Feature","geometry":{"type":"Point","coordinates":[-75.98079862143919,39.18915869907006]},"id":"000000000000000001dc","properties":{"Acres":177.288434713,"Confidence":"High","County":"Queen Anne's","Digitized_":"USGS","Imagery_In":"NAIP - Maryland, 2011","Relate_Ite":"Maryland\\Queen Anne's","Shape_Area":717267.527588,"Shape_Leng":3002.49999051,"State":"MD","assigned_to":"ayush","global_rank":476.0,"lat":39.18915869907006,"lon":-75.98079862143919,"n_reserve":20,"n_target":100,"point_id":1378.0,"queue_index":68.0,"rand":0.30904234998279356,"stable_idx":1378.0}},{"type":"Feature","geometry":{"type":"Point","coordinates":[-75.98635460559633,39.12331372264947]},"id":"000000000000000001f8","properties":{"Acres":101.249360916,"Confidence":"High","County":"Queen Anne's","Digitized_":"USGS","Imagery_In":"NAIP - Maryland, 2011","Relate_Ite":"Maryland\\Queen Anne's","Shape_Area":409594.630883,"Shape_Leng":2269.00213411,"State":"MD","assigned_to":"ayush","global_rank":504.0,"lat":39.12331372264947,"lon":-75.98635460559633,"n_reserve":20,"n_target":100,"point_id":1336.0,"queue_index":72.0,"rand":0.3283071774440729,"stable_idx":1336.0}},{"type":"Feature","geometry":{"type":"Point","coordinates":[-75.97148608399827,39.07947901270453]},"id":"00000000000000000268","properties":{"Acres":78.8203611161,"Confidence":"High","County":"Queen Anne's","Digitized_":"USGS","Imagery_In":"NAIP - Maryland, 2011","Relate_Ite":"Maryland\\Queen Anne's","Shape_Area":318974.684598,"Shape_Leng":2002.29491634,"State":"MD","assigned_to":"ayush","global_rank":616.0,"lat":39.07947901270453,"lon":-75.97148608399827,"n_reserve":20,"n_target":100,"point_id":1312.0,"queue_index":88.0,"rand":0.39409536289685454,"stable_idx":1312.0}},{"type":"Feature","geometry":{"type":"Point","coordinates":[-75.86478696232349,39.12334657090882]},"id":"000000000000000002e6","properties":{"Acres":42.8269918522,"Confidence":"High","County":"Queen Anne's","Digitized_":"USGS","Imagery_In":"NAIP - Maryland, 2011","Relate_Ite":"Maryland\\Queen Anne's","Shape_Area":173220.542576,"Shape_Leng":1475.65429956,"State":"MD","assigned_to":"ayush","global_rank":742.0,"lat":39.12334657090882,"lon":-75.86478696232349,"n_reserve":20,"n_target":100,"point_id":1337.0,"queue_index":106.0,"rand":0.47894623145102266,"stable_idx":1337.0}},{"type":"Feature","geometry":{"type":"Point","coordinates":[-76.03502393970179,39.04876901057185]},"id":"000000000000000002ed","properties":{"Acres":6.63965950225,"Confidence":"High","County":"Queen Anne's","Digitized_":"USGS","Imagery_In":"NAIP - Maryland, 2011","Relate_Ite":"Maryland\\Queen Anne's","Shape_Area":26869.7486992,"Shape_Leng":706.860579793,"State":"MD","assigned_to":"ayush","global_rank":749.0,"lat":39.04876901057185,"lon":-76.03502393970179,"n_reserve":20,"n_target":100,"point_id":1294.0,"queue_index":107.0,"rand":0.4859236191153301,"stable_idx":1294.0}},{"type":"Feature","geometry":{"type":"Point","coordinates":[-75.85377553751252,39.21239736109256]},"id":"00000000000000000317","properties":{"Acres":146.180904205,"Confidence":"High","County":"Queen Anne's","Digitized_":"USGS","Imagery_In":"NAIP - Maryland, 2011","Relate_Ite":"Maryland\\Queen Anne's","Shape_Area":591468.651298,"Shape_Leng":2830.64535475,"State":"MD","assigned_to":"ayush","global_rank":791.0,"lat":39.21239736109256,"lon":-75.85377553751252,"n_reserve":20,"n_target":100,"point_id":1405.0,"queue_index":113.0,"rand":0.5113919950815975,"stable_idx":1405.0}},{"type":"Feature","geometry":{"type":"Point","coordinates":[-75.9694352077664,39.18957124022031]},"id":"00000000000000000325","properties":{"Acres":214.183736223,"Confidence":"High","County":"Queen Anne's","Digitized_":"USGS","Imagery_In":"NAIP - Maryland, 2011","Relate_Ite":"Maryland\\Queen Anne's","Shape_Area":866557.448993,"Shape_Leng":3300.15825032,"State":"MD","assigned_to":"ayush","global_rank":805.0,"lat":39.18957124022031,"lon":-75.9694352077664,"n_reserve":20,"n_target":100,"point_id":1379.0,"queue_index":115.0,"rand":0.5241178665903987,"stable_idx":1379.0}},{"type":"Feature","geometry":{"type":"Point","coordinates":[-76.04036612271709,39.20868292868788]},"id":"0000000000000000033a","properties":{"Acres":18.3671699444,"Confidence":"High","County":"Queen Anne's","Digitized_":"USGS","Imagery_In":"NAIP - Maryland, 2011","Relate_Ite":"Maryland\\Queen Anne's","Shape_Area":74273.6628762,"Shape_Leng":996.233263064,"State":"MD","assigned_to":"ayush","global_rank":826.0,"lat":39.20868292868788,"lon":-76.04036612271709,"n_reserve":20,"n_target":100,"point_id":1400.0,"queue_index":118.0,"rand":0.5441386653037529,"stable_idx":1400.0}},{"type":"Feature","geometry":{"type":"Point","coordinates":[-75.91971945813951,39.09323692994254]},"id":"00000000000000000001","properties":{"Acres":22.8912877451,"Confidence":"High","County":"Queen Anne's","Digitized_":"USGS","Imagery_In":"NAIP - Maryland, 2011","Relate_Ite":"Maryland\\Queen Anne's","Shape_Area":92637.7548283,"Shape_Leng":1079.14937113,"State":"MD","assigned_to":"maddie","global_rank":1.0,"lat":39.09323692994254,"lon":-75.91971945813951,"n_reserve":20,"n_target":100,"point_id":1323.0,"queue_index":0.0,"rand":0.0016949697265561392,"stable_idx":1323.0}},{"type":"Feature","geometry":{"type":"Point","coordinates":[-75.98981880666534,39.18089827915509]},"id":"000000000000000000e1","properties":{"Acres":41.1784311097,"Confidence":"High","County":"Queen Anne's","Digitized_":"USGS","Imagery_In":"NAIP - Maryland, 2011","Relate_Ite":"Maryland\\Queen Anne's","Shape_Area":166549.428112,"Shape_Leng":1446.93704988,"State":"MD","assigned_to":"maddie","global_rank":225.0,"lat":39.18089827915509,"lon":-75.98981880666534,"n_reserve":20,"n_target":100,"point_id":1371.0,"queue_index":32.0,"rand":0.1495115910346707,"stable_idx":1371.0}},{"type":"Feature","geometry":{"type":"Point","coordinates":[-75.99566846023386,39.21974524650483]},"id":"00000000000000000120","properties":{"Acres":137.820272024,"Confidence":"High","County":"Queen Anne's","Digitized_":"USGS","Imagery_In":"NAIP - Maryland, 2011","Relate_Ite":"Maryland\\Queen Anne's","Shape_Area":557583.57798,"Shape_Leng":2649.7366312,"State":"MD","assigned_to":"maddie","global_rank":288.0,"lat":39.21974524650483,"lon":-75.99566846023386,"n_reserve":20,"n_target":100,"point_id":1415.0,"queue_index":41.0,"rand":0.18652671038649848,"stable_idx":1415.0}},{"type":"Feature","geometry":{"type":"Point","coordinates":[-75.9675001399796,39.2014493970415]},"id":"0000000000000000012e","properties":{"Acres":36.1338219779,"Confidence":"High","County":"Queen Anne's","Digitized_":"USGS","Imagery_In":"NAIP - Maryland, 2011","Relate_Ite":"Maryland\\Queen Anne's","Shape_Area":146160.825081,"Shape_Leng":1739.88887486,"State":"MD","assigned_to":"maddie","global_rank":302.0,"lat":39.2014493970415,"lon":-75.9675001399796,"n_reserve":20,"n_target":100,"point_id":1391.0,"queue_index":43.0,"rand":0.20236737907305613,"stable_idx":1391.0}},{"type":"Feature","geometry":{"type":"Point","coordinates":[-75.888009053854,39.05808769287509]},"id":"00000000000000000174","properties":{"Acres":39.043616598,"Confidence":"High","County":"Queen Anne's","Digitized_":"USGS","Imagery_In":"NAIP - Maryland, 2011","Relate_Ite":"Maryland\\Queen Anne's","Shape_Area":158003.910583,"Shape_Leng":1682.60687742,"State":"MD","assigned_to":"maddie","global_rank":372.0,"lat":39.05808769287509,"lon":-75.888009053854,"n_reserve":20,"n_target":100,"point_id":1301.0,"queue_index":53.0,"rand":0.24701383818705203,"stable_idx":1301.0}},{"type":"Feature","geometry":{"type":"Point","coordinates":[-75.87954638023498,39.24015586464772]},"id":"0000000000000000019e","properties":{"Acres":45.8845264132,"Confidence":"High","County":"Queen Anne's","Digitized_":"USGS","Imagery_In":"NAIP - Maryland, 2011","Relate_Ite":"Maryland\\Queen Anne's","Shape_Area":185647.100893,"Shape_Leng":1776.77996399,"State":"MD","assigned_to":"maddie","global_rank":414.0,"lat":39.24015586464772,"lon":-75.87954638023498,"n_reserve":20,"n_target":100,"point_id":1439.0,"queue_index":59.0,"rand":0.2747647062867561,"stable_idx":1439.0}},{"type":"Feature","geometry":{"type":"Point","coordinates":[-75.92446787768014,39.08472624779653]},"id":"000000000000000001e4","properties":{"Acres":28.447154254,"Confidence":"High","County":"Queen Anne's","Digitized_":"USGS","Imagery_In":"NAIP - Maryland, 2011","Relate_Ite":"Maryland\\Queen Anne's","Shape_Area":115121.548892,"Shape_Leng":1577.73677775,"State":"MD","assigned_to":"maddie","global_rank":484.0,"lat":39.08472624779653,"lon":-75.92446787768014,"n_reserve":20,"n_target":100,"point_id":1321.0,"queue_index":69.0,"rand":0.31310656580342466,"stable_idx":1321.0}},{"type":"Feature","geometry":{"type":"Point","coordinates":[-75.7720341776091,39.231710361307506]},"id":"000000000000000001f2","properties":{"Acres":141.41055932,"Confidence":"High","County":"Queen Anne's","Digitized_":"USGS","Imagery_In":"NAIP - Maryland, 2011","Relate_Ite":"Maryland\\Queen Anne's","Shape_Area":572123.177798,"Shape_Leng":3472.61163531,"State":"MD","assigned_to":"maddie","global_rank":498.0,"lat":39.231710361307506,"lon":-75.7720341776091,"n_reserve":20,"n_target":100,"point_id":1431.0,"queue_index":71.0,"rand":0.32221737806683093,"stable_idx":1431.0}},{"type":"Feature","geometry":{"type":"Point","coordinates":[-76.06020486322701,39.018037605793296]},"id":"00000000000000000200","properties":{"Acres":16.2645199355,"Confidence":"High","County":"Queen Anne's","Digitized_":"USGS","Imagery_In":"NAIP - Maryland, 2011","Relate_Ite":"Maryland\\Queen Anne's","Shape_Area":65820.176958,"Shape_Leng":909.668933637,"State":"MD","assigned_to":"maddie","global_rank":512.0,"lat":39.018037605793296,"lon":-76.06020486322701,"n_reserve":20,"n_target":100,"point_id":1241.0,"queue_index":73.0,"rand":0.33132571104499364,"stable_idx":1241.0}},{"type":"Feature","geometry":{"type":"Point","coordinates":[-75.83714530766052,39.15591356540376]},"id":"00000000000000000215","properties":{"Acres":37.4849905893,"Confidence":"High","County":"Queen Anne's","Digitized_":"USGS","Imagery_In":"NAIP - Maryland, 2011","Relate_Ite":"Maryland\\Queen Anne's","Shape_Area":151613.352405,"Shape_Leng":1798.08424777,"State":"MD","assigned_to":"maddie","global_rank":533.0,"lat":39.15591356540376,"lon":-75.83714530766052,"n_reserve":20,"n_target":100,"point_id":1354.0,"queue_index":76.0,"rand":0.34450868754859465,"stable_idx":1354.0}},{"type":"Feature","geometry":{"type":"Point","coordinates":[-75.99937905790598,39.20136893838361]},"id":"0000000000000000028c","properties":{"Acres":79.5498754183,"Confidence":"High","County":"Queen Anne's","Digitized_":"USGS","Imagery_In":"NAIP - Maryland, 2011","Relate_Ite":"Maryland\\Queen Anne's","Shape_Area":321802.103336,"Shape_Leng":2063.46150407,"State":"MD","assigned_to":"maddie","global_rank":652.0,"lat":39.20136893838361,"lon":-75.99937905790598,"n_reserve":20,"n_target":100,"point_id":1390.0,"queue_index":93.0,"rand":0.4172885015121597,"stable_idx":1390.0}},{"type":"Feature","geometry":{"type":"Point","coordinates":[-76.00362790481006,39.05695263830429]},"id":"0000000000000000029a","properties":{"Acres":63.7584577475,"Confidence":"High","County":"Queen Anne's","Digitized_":"USGS","Imagery_In":"NAIP - Maryland, 2011","Relate_Ite":"Maryland\\Queen Anne's","Shape_Area":258021.324218,"Shape_Leng":2016.62532623,"State":"MD","assigned_to":"maddie","global_rank":666.0,"lat":39.05695263830429,"lon":-76.00362790481006,"n_reserve":20,"n_target":100,"point_id":1300.0,"queue_index":95.0,"rand":0.42622668581409995,"stable_idx":1300.0}},{"type":"Feature","geometry":{"type":"Point","coordinates":[-75.99269634633593,39.175079381581554]},"id":"000000000000000002a1","properties":{"Acres":37.5081387577,"Confidence":"High","County":"Queen Anne's","Digitized_":"USGS","Imagery_In":"NAIP - Maryland, 2011","Relate_Ite":"Maryland\\Queen Anne's","Shape_Area":151726.801105,"Shape_Leng":1615.35270768,"State":"MD","assigned_to":"maddie","global_rank":673.0,"lat":39.175079381581554,"lon":-75.99269634633593,"n_reserve":20,"n_target":100,"point_id":1370.0,"queue_index":96.0,"rand":0.4290468780591644,"stable_idx":1370.0}},{"type":"Feature","geometry":{"type":"Point","coordinates":[-75.98144638896183,39.21655127728029]},"id":"000000000000000002d9","properties":{"Acres":94.2363586421,"Confidence":"High","County":"Queen Anne's","Digitized_":"USGS","Imagery_In":"NAIP - Maryland, 2011","Relate_Ite":"Maryland\\Queen Anne's","Shape_Area":381220.498966,"Shape_Leng":2188.98113074,"State":"MD","assigned_to":"maddie","global_rank":729.0,"lat":39.21655127728029,"lon":-75.98144638896183,"n_reserve":20,"n_target":100,"point_id":1410.0,"queue_index":104.0,"rand":0.47059982011174006,"stable_idx":1410.0}},{"type":"Feature","geometry":{"type":"Point","coordinates":[-75.98513558854097,39.10919359744113]},"id":"00000000000000000311","properties":{"Acres":50.6138218267,"Confidence":"High","County":"Queen Anne's","Digitized_":"USGS","Imagery_In":"NAIP - Maryland, 2011","Relate_Ite":"Maryland\\Queen Anne's","Shape_Area":204826.869922,"Shape_Leng":1604.55405781,"State":"MD","assigned_to":"maddie","global_rank":785.0,"lat":39.10919359744113,"lon":-75.98513558854097,"n_reserve":20,"n_target":100,"point_id":1332.0,"queue_index":112.0,"rand":0.5089244724012757,"stable_idx":1332.0}},{"type":"Feature","geometry":{"type":"Point","coordinates":[-75.77624020886412,39.14620293682382]},"id":"00000000000000000033","properties":{"Acres":5.37961320757,"Confidence":"Low","County":"Queen Anne's","Digitized_":"USGS","Imagery_In":"NAIP - Maryland, 2011","Relate_Ite":"Maryland\\Queen Anne's","Shape_Area":21737.4013838,"Shape_Leng":522.865440256,"State":"MD","assigned_to":"mara","global_rank":51.0,"lat":39.14620293682382,"lon":-75.77624020886412,"n_reserve":20,"n_target":100,"point_id":1348.0,"queue_index":7.0,"rand":0.03407595048284617,"stable_idx":1348.0}},{"type":"Feature","geometry":{"type":"Point","coordinates":[-75.98115174801343,39.1080944502363]},"id":"0000000000000000004f","properties":{"Acres":97.4805533806,"Confidence":"High","County":"Queen Anne's","Digitized_":"USGS","Imagery_In":"NAIP - Maryland, 2011","Relate_Ite":"Maryland\\Queen Anne's","Shape_Area":394489.803508,"Shape_Leng":2897.78108425,"State":"MD","assigned_to":"mara","global_rank":79.0,"lat":39.1080944502363,"lon":-75.98115174801343,"n_reserve":20,"n_target":100,"point_id":1331.0,"queue_index":11.0,"rand":0.05095354885886594,"stable_idx":1331.0}},{"type":"Feature","geometry":{"type":"Point","coordinates":[-75.99851955410756,39.21200609599324]},"id":"00000000000000000080","properties":{"Acres":166.029242377,"Confidence":"High","County":"Queen Anne's","Digitized_":"USGS","Imagery_In":"NAIP - Maryland, 2011","Relate_Ite":"Maryland\\Queen Anne's","Shape_Area":671733.12831,"Shape_Leng":2915.96503813,"State":"MD","assigned_to":"mara","global_rank":128.0,"lat":39.21200609599324,"lon":-75.99851955410756,"n_reserve":20,"n_target":100,"point_id":1404.0,"queue_index":18.0,"rand":0.07923220828433786,"stable_idx":1404.0}},{"type":"Feature","geometry":{"type":"Point","coordinates":[-75.97410534279602,39.227388762842786]},"id":"0000000000000000011a","properties":{"Acres":29.7811304352,"Confidence":"High","County":"Queen Anne's","Digitized_":"USGS","Imagery_In":"NAIP - Maryland, 2011","Relate_Ite":"Maryland\\Queen Anne's","Shape_Area":120519.958968,"Shape_Leng":1431.23872319,"State":"MD","assigned_to":"mara","global_rank":282.0,"lat":39.227388762842786,"lon":-75.97410534279602,"n_reserve":20,"n_target":100,"point_id":1425.0,"queue_index":40.0,"rand":0.18438284815036998,"stable_idx":1425.0}},{"type":"Feature","geometry":{"type":"Point","coordinates":[-76.02953206089707,39.05065283472461]},"id":"00000000000000000144","properties":{"Acres":6.9039398981,"Confidence":"High","County":"Queen Anne's","Digitized_":"USGS","Imagery_In":"NAIP - Maryland, 2011","Relate_Ite":"Maryland\\Queen Anne's","Shape_Area":27939.2535164,"Shape_Leng":715.276596861,"State":"MD","assigned_to":"mara","global_rank":324.0,"lat":39.05065283472461,"lon":-76.02953206089707,"n_reserve":20,"n_target":100,"point_id":1295.0,"queue_index":46.0,"rand":0.2170240768443683,"stable_idx":1295.0}},{"type":"Feature","geometry":{"type":"Point","coordinates":[-76.10753519353977,38.99731033325576]},"id":"00000000000000000159","properties":{"Acres":85.575688328,"Confidence":"High","County":"Queen Anne's","Digitized_":"USGS","Imagery_In":"NAIP - Maryland, 2011","Relate_Ite":"Maryland\\Queen Anne's","Shape_Area":346312.523911,"Shape_Leng":2086.32501829,"State":"MD","assigned_to":"mara","global_rank":345.0,"lat":38.99731033325576,"lon":-76.10753519353977,"n_reserve":20,"n_target":100,"point_id":1209.0,"queue_index":49.0,"rand":0.22602074011881657,"stable_idx":1209.0}},{"type":"Feature","geometry":{"type":"Point","coordinates":[-75.97134134139492,39.20159510317341]},"id":"00000000000000000175","properties":{"Acres":48.5302708226,"Confidence":"High","County":"Queen Anne's","Digitized_":"USGS","Imagery_In":"NAIP - Maryland, 2011","Relate_Ite":"Maryland\\Queen Anne's","Shape_Area":196303.208545,"Shape_Leng":1978.8278727,"State":"MD","assigned_to":"mara","global_rank":373.0,"lat":39.20159510317341,"lon":-75.97134134139492,"n_reserve":20,"n_target":100,"point_id":1392.0,"queue_index":53.0,"rand":0.24838863061912897,"stable_idx":1392.0}},{"type":"Feature","geometry":{"type":"Point","coordinates":[-76.02032289000091,39.017170765338086]},"id":"00000000000000000183","properties":{"Acres":81.5638211792,"Confidence":"High","County":"Queen Anne's","Digitized_":"USGS","Imagery_In":"NAIP - Maryland, 2011","Relate_Ite":"Maryland\\Queen Anne's","Shape_Area":330077.073575,"Shape_Leng":2036.83997788,"State":"MD","assigned_to":"mara","global_rank":387.0,"lat":39.017170765338086,"lon":-76.02032289000091,"n_reserve":20,"n_target":100,"point_id":1240.0,"queue_index":55.0,"rand":0.2575495070779882,"stable_idx":1240.0}},{"type":"Feature","geometry":{"type":"Point","coordinates":[-75.86010665335634,39.08228230910489]},"id":"0000000000000000019f","properties":{"Acres":75.3984137761,"Confidence":"High","County":"Queen Anne's","Digitized_":"USGS","Imagery_In":"NAIP - Maryland, 2011","Relate_Ite":"Maryland\\Queen Anne's","Shape_Area":305126.555028,"Shape_Leng":2059.35057161,"State":"MD","assigned_to":"mara","global_rank":415.0,"lat":39.08228230910489,"lon":-75.86010665335634,"n_reserve":20,"n_target":100,"point_id":1316.0,"queue_index":59.0,"rand":0.2748404031701245,"stable_idx":1316.0}},{"type":"Feature","geometry":{"type":"Point","coordinates":[-75.81517609480964,39.23386755614765]},"id":"000000000000000001f3","properties":{"Acres":56.0704537928,"Confidence":"High","County":"Queen Anne's","Digitized_":"USGS","Imagery_In":"NAIP - Maryland, 2011","Relate_Ite":"Maryland\\Queen Anne's","Shape_Area":226798.554576,"Shape_Leng":1688.41022947,"State":"MD","assigned_to":"mara","global_rank":499.0,"lat":39.23386755614765,"lon":-75.81517609480964,"n_reserve":20,"n_target":100,"point_id":1435.0,"queue_index":71.0,"rand":0.322957851940168,"stable_idx":1435.0}},{"type":"Feature","geometry":{"type":"Point","coordinates":[-75.96090944073613,39.00188843336194]},"id":"00000000000000000224","properties":{"Acres":27.598630015,"Confidence":"High","County":"Queen Anne's","Digitized_":"USGS","Imagery_In":"NAIP - Maryland, 2011","Relate_Ite":"Maryland\\Queen Anne's","Shape_Area":111687.693126,"Shape_Leng":1386.50558062,"State":"MD","assigned_to":"mara","global_rank":548.0,"lat":39.00188843336194,"lon":-75.96090944073613,"n_reserve":20,"n_target":100,"point_id":1219.0,"queue_index":78.0,"rand":0.35475805606961297,"stable_idx":1219.0}},{"type":"Feature","geometry":{"type":"Point","coordinates":[-75.89196488262797,39.04400764994297]},"id":"000000000000000002b0","properties":{"Acres":89.6844838541,"Confidence":"High","County":"Queen Anne's","Digitized_":"USGS","Imagery_In":"NAIP - Maryland, 2011","Relate_Ite":"Maryland\\Queen Anne's","Shape_Area":362940.229475,"Shape_Leng":2741.18871155,"State":"MD","assigned_to":"mara","global_rank":688.0,"lat":39.04400764994297,"lon":-75.89196488262797,"n_reserve":20,"n_target":100,"point_id":1285.0,"queue_index":98.0,"rand":0.439158377045511,"stable_idx":1285.0}},{"type":"Feature","geometry":{"type":"Point","coordinates":[-75.97943471149699,39.234105857402376]},"id":"000000000000000002fd","properties":{"Acres":24.1184636416,"Confidence":"High","County":"Queen Anne's","Digitized_":"USGS","Imagery_In":"NAIP - Maryland, 2011","Relate_Ite":"Maryland\\Queen Anne's","Shape_Area":97603.959487,"Shape_Leng":1290.20680562,"State":"MD","assigned_to":"mara","global_rank":765.0,"lat":39.234105857402376,"lon":-75.97943471149699,"n_reserve":20,"n_target":100,"point_id":1436.0,"queue_index":109.0,"rand":0.49463085024352027,"stable_idx":1436.0}},{"type":"Feature","geometry":{"type":"Point","coordinates":[-75.93874212238119,38.985695897254075]},"id":"00000000000000000312","properties":{"Acres":40.7409285,"Confidence":"High","County":"Queen Anne's","Digitized_":"USGS","Imagery_In":"NAIP - Maryland, 2011","Relate_Ite":"Maryland\\Queen Anne's","Shape_Area":164872.688155,"Shape_Leng":1685.40235957,"State":"MD","assigned_to":"mara","global_rank":786.0,"lat":38.985695897254075,"lon":-75.93874212238119,"n_reserve":20,"n_target":100,"point_id":1189.0,"queue_index":112.0,"rand":0.5091905763392968,"stable_idx":1189.0}},{"type":"Feature","geometry":{"type":"Point","coordinates":[-75.88036053240423,39.06130434276599]},"id":"0000000000000000032e","properties":{"Acres":62.1543238546,"Confidence":"High","County":"Queen Anne's","Digitized_":"USGS","Imagery_In":"NAIP - Maryland, 2011","Relate_Ite":"Maryland\\Queen Anne's","Shape_Area":251529.624671,"Shape_Leng":1784.88706026,"State":"MD","assigned_to":"mara","global_rank":814.0,"lat":39.06130434276599,"lon":-75.88036053240423,"n_reserve":20,"n_target":100,"point_id":1303.0,"queue_index":116.0,"rand":0.5348316101066071,"stable_idx":1303.0}},{"type":"Feature","geometry":{"type":"Point","coordinates":[-75.99575339652118,39.03978118896521]},"id":"00000000000000000011","properties":{"Acres":53.9408169785,"Confidence":"High","County":"Queen Anne's","Digitized_":"USGS","Imagery_In":"NAIP - Maryland, 2011","Relate_Ite":"Maryland\\Queen Anne's","Shape_Area":218290.741619,"Shape_Leng":2055.44202004,"State":"MD","assigned_to":"mike","global_rank":17.0,"lat":39.03978118896521,"lon":-75.99575339652118,"n_reserve":20,"n_target":100,"point_id":1278.0,"queue_index":2.0,"rand":0.010657174203265618,"stable_idx":1278.0}},{"type":"Feature","geometry":{"type":"Point","coordinates":[-75.92700590582683,39.00797041545293]},"id":"00000000000000000049","properties":{"Acres":81.3648206276,"Confidence":"High","County":"Queen Anne's","Digitized_":"USGS","Imagery_In":"NAIP - Maryland, 2011","Relate_Ite":"Maryland\\Queen Anne's","Shape_Area":329271.746915,"Shape_Leng":2596.21542809,"State":"MD","assigned_to":"mike","global_rank":73.0,"lat":39.00797041545293,"lon":-75.92700590582683,"n_reserve":20,"n_target":100,"point_id":1232.0,"queue_index":10.0,"rand":0.04908135218074694,"stable_idx":1232.0}},{"type":"Feature","geometry":{"type":"Point","coordinates":[-75.84347431010755,39.21961255874076]},"id":"0000000000000000006c","properties":{"Acres":28.0178573736,"Confidence":"High","County":"Queen Anne's","Digitized_":"USGS","Imagery_In":"NAIP - Maryland, 2011","Relate_Ite":"Maryland\\Queen Anne's","Shape_Area":113336.308944,"Shape_Leng":1314.35002488,"State":"MD","assigned_to":"mike","global_rank":108.0,"lat":39.21961255874076,"lon":-75.84347431010755,"n_reserve":20,"n_target":100,"point_id":1414.0,"queue_index":15.0,"rand":0.06867100888403943,"stable_idx":1414.0}},{"type":"Feature","geometry":{"type":"Point","coordinates":[-75.94501991839817,38.973208443667176]},"id":"00000000000000000081","properties":{"Acres":73.3710963934,"Confidence":"High","County":"Queen Anne's","Digitized_":"USGS","Imagery_In":"NAIP - Maryland, 2011","Relate_Ite":"Maryland\\Queen Anne's","Shape_Area":296922.292658,"Shape_Leng":1931.84733301,"State":"MD","assigned_to":"mike","global_rank":129.0,"lat":38.973208443667176,"lon":-75.94501991839817,"n_reserve":20,"n_target":100,"point_id":1168.0,"queue_index":18.0,"rand":0.08028304809628306,"stable_idx":1168.0}},{"type":"Feature","geometry":{"type":"Point","coordinates":[-75.96603515375612,38.972762013694776]},"id":"000000000000000000ab","properties":{"Acres":42.0282487113,"Confidence":"High","County":"Queen Anne's","Digitized_":"USGS","Imagery_In":"NAIP - Maryland, 2011","Relate_Ite":"Maryland\\Queen Anne's","Shape_Area":170082.288219,"Shape_Leng":1793.86425573,"State":"MD","assigned_to":"mike","global_rank":171.0,"lat":38.972762013694776,"lon":-75.96603515375612,"n_reserve":20,"n_target":100,"point_id":1167.0,"queue_index":24.0,"rand":0.11228368616351758,"stable_idx":1167.0}},{"type":"Feature","geometry":{"type":"Point","coordinates":[-75.81090110337767,39.240224032529234]},"id":"000000000000000000c0","properties":{"Acres":66.4711380806,"Confidence":"High","County":"Queen Anne's","Digitized_":"USGS","Imagery_In":"NAIP - Maryland, 2011","Relate_Ite":"Maryland\\Queen Anne's","Shape_Area":268939.732536,"Shape_Leng":2398.16199177,"State":"MD","assigned_to":"mike","global_rank":192.0,"lat":39.240224032529234,"lon":-75.81090110337767,"n_reserve":20,"n_target":100,"point_id":1440.0,"queue_index":27.0,"rand":0.12627145765945702,"stable_idx":1440.0}},{"type":"Feature","geometry":{"type":"Point","coordinates":[-75.9942244135842,39.1914447484409]},"id":"000000000000000000c7","properties":{"Acres":95.938148805,"Confidence":"High","County":"Queen Anne's","Digitized_":"USGS","Imagery_In":"NAIP - Maryland, 2011","Relate_Ite":"Maryland\\Queen Anne's","Shape_Area":388105.943275,"Shape_Leng":2208.78088355,"State":"MD","assigned_to":"mike","global_rank":199.0,"lat":39.1914447484409,"lon":-75.9942244135842,"n_reserve":20,"n_target":100,"point_id":1380.0,"queue_index":28.0,"rand":0.12937636830128973,"stable_idx":1380.0}},{"type":"Feature","geometry":{"type":"Point","coordinates":[-76.0153562991698,39.2068221983738]},"id":"000000000000000000ff","properties":{"Acres":63.6336161933,"Confidence":"High","County":"Queen Anne's","Digitized_":"USGS","Imagery_In":"NAIP - Maryland, 2011","Relate_Ite":"Maryland\\Queen Anne's","Shape_Area":257429.243888,"Shape_Leng":2112.71040304,"State":"MD","assigned_to":"mike","global_rank":255.0,"lat":39.2068221983738,"lon":-76.0153562991698,"n_reserve":20,"n_target":100,"point_id":1397.0,"queue_index":36.0,"rand":0.16903660223316863,"stable_idx":1397.0}},{"type":"Feature","geometry":{"type":"Point","coordinates":[-76.0319739897402,39.0507770440176]},"id":"00000000000000000106","properties":{"Acres":8.27289404243,"Confidence":"High","County":"Queen Anne's","Digitized_":"USGS","Imagery_In":"NAIP - Maryland, 2011","Relate_Ite":"Maryland\\Queen Anne's","Shape_Area":33479.2143872,"Shape_Leng":648.82926228,"State":"MD","assigned_to":"mike","global_rank":262.0,"lat":39.0507770440176,"lon":-76.0319739897402,"n_reserve":20,"n_target":100,"point_id":1296.0,"queue_index":37.0,"rand":0.1745661364311466,"stable_idx":1296.0}},{"type":"Feature","geometry":{"type":"Point","coordinates":[-76.07238812747877,38.95497600810462]},"id":"00000000000000000153","properties":{"Acres":14.3940068496,"Confidence":"High","County":"Queen Anne's","Digitized_":"USGS","Imagery_In":"NAIP - Maryland, 2011","Relate_Ite":"Maryland\\Queen Anne's","Shape_Area":58250.4790636,"Shape_Leng":1003.91379997,"State":"MD","assigned_to":"mike","global_rank":339.0,"lat":38.95497600810462,"lon":-76.07238812747877,"n_reserve":20,"n_target":100,"point_id":1146.0,"queue_index":48.0,"rand":0.22494750422407472,"stable_idx":1146.0}},{"type":"Feature","geometry":{"type":"Point","coordinates":[-75.93923385651406,39.09971220610228]},"id":"00000000000000000192","properties":{"Acres":50.9602227888,"Confidence":"High","County":"Queen Anne's","Digitized_":"USGS","Imagery_In":"NAIP - Maryland, 2011","Relate_Ite":"Maryland\\Queen Anne's","Shape_Area":206228.70488,"Shape_Leng":1610.03547853,"State":"MD","assigned_to":"mike","global_rank":402.0,"lat":39.09971220610228,"lon":-75.93923385651406,"n_reserve":20,"n_target":100,"point_id":1329.0,"queue_index":57.0,"rand":0.26495012770382265,"stable_idx":1329.0}},{"type":"Feature","geometry":{"type":"Point","coordinates":[-75.97149124203032,39.11685427580243]},"id":"00000000000000000202","properties":{"Acres":181.604667377,"Confidence":"High","County":"Queen Anne's","Digitized_":"USGS","Imagery_In":"NAIP - Maryland, 2011","Relate_Ite":"Maryland\\Queen Anne's","Shape_Area":734783.136767,"Shape_Leng":3175.40820349,"State":"MD","assigned_to":"mike","global_rank":514.0,"lat":39.11685427580243,"lon":-75.97149124203032,"n_reserve":20,"n_target":100,"point_id":1333.0,"queue_index":73.0,"rand":0.33201514942117905,"stable_idx":1333.0}},{"type":"Feature","geometry":{"type":"Point","coordinates":[-75.85837873898792,39.153606811807684]},"id":"00000000000000000225","properties":{"Acres":106.413360311,"Confidence":"High","County":"Queen Anne's","Digitized_":"USGS","Imagery_In":"NAIP - Maryland, 2011","Relate_Ite":"Maryland\\Queen Anne's","Shape_Area":430488.927938,"Shape_Leng":2326.136753,"State":"MD","assigned_to":"mike","global_rank":549.0,"lat":39.153606811807684,"lon":-75.85837873898792,"n_reserve":20,"n_target":100,"point_id":1352.0,"queue_index":78.0,"rand":0.35518890502976164,"stable_idx":1352.0}},{"type":"Feature","geometry":{"type":"Point","coordinates":[-75.9182325310462,39.09823321485791]},"id":"000000000000000002fe","properties":{"Acres":91.056502442,"Confidence":"High","County":"Queen Anne's","Digitized_":"USGS","Imagery_In":"NAIP - Maryland, 2011","Relate_Ite":"Maryland\\Queen Anne's","Shape_Area":368492.591709,"Shape_Leng":2152.09256244,"State":"MD","assigned_to":"mike","global_rank":766.0,"lat":39.09823321485791,"lon":-75.9182325310462,"n_reserve":20,"n_target":100,"point_id":1327.0,"queue_index":109.0,"rand":0.49473465151252694,"stable_idx":1327.0}},{"type":"Feature","geometry":{"type":"Point","coordinates":[-76.0961147489771,39.041324816082735]},"id":"00000000000000000336","properties":{"Acres":24.6793830364,"Confidence":"High","County":"Queen Anne's","Digitized_":"USGS","Imagery_In":"NAIP - Maryland, 2011","Relate_Ite":"Maryland\\Queen Anne's","Shape_Area":99873.9197416,"Shape_Leng":1120.49997198,"State":"MD","assigned_to":"mike","global_rank":822.0,"lat":39.041324816082735,"lon":-76.0961147489771,"n_reserve":20,"n_target":100,"point_id":1279.0,"queue_index":117.0,"rand":0.5390310534427211,"stable_idx":1279.0}},{"type":"Feature","geometry":{"type":"Point","coordinates":[-76.083520186009,38.96598427297543]},"id":"00000000000000000344","properties":{"Acres":15.5344569399,"Confidence":"High","County":"Queen Anne's","Digitized_":"USGS","Imagery_In":"NAIP - Maryland, 2011","Relate_Ite":"Maryland\\Queen Anne's","Shape_Area":62865.7168351,"Shape_Leng":1015.23252538,"State":"MD","assigned_to":"mike","global_rank":836.0,"lat":38.96598427297543,"lon":-76.083520186009,"n_reserve":20,"n_target":100,"point_id":1153.0,"queue_index":119.0,"rand":0.5494649221973454,"stable_idx":1153.0}},{"type":"Feature","geometry":{"type":"Point","coordinates":[-76.12906229253835,39.031276082481895]},"id":"00000000000000000058","properties":{"Acres":60.5802245088,"Confidence":"High","County":"Queen Anne's","Digitized_":"USGS","Imagery_In":"NAIP - Maryland, 2011","Relate_Ite":"Maryland\\Queen Anne's","Shape_Area":245159.470624,"Shape_Leng":2270.79965345,"State":"MD","assigned_to":"sienna","global_rank":88.0,"lat":39.031276082481895,"lon":-76.12906229253835,"n_reserve":20,"n_target":100,"point_id":1259.0,"queue_index":12.0,"rand":0.05622193590080604,"stable_idx":1259.0}},{"type":"Feature","geometry":{"type":"Point","coordinates":[-75.92802349031977,39.087514233236426]},"id":"00000000000000000066","properties":{"Acres":22.2472397851,"Confidence":"High","County":"Queen Anne's","Digitized_":"USGS","Imagery_In":"NAIP - Maryland, 2011","Relate_Ite":"Maryland\\Queen Anne's","Shape_Area":90031.385205,"Shape_Leng":1063.86451648,"State":"MD","assigned_to":"sienna","global_rank":102.0,"lat":39.087514233236426,"lon":-75.92802349031977,"n_reserve":20,"n_target":100,"point_id":1322.0,"queue_index":14.0,"rand":0.06422551676713151,"stable_idx":1322.0}},{"type":"Feature","geometry":{"type":"Point","coordinates":[-76.0149642086738,39.2191093999676]},"id":"00000000000000000082","properties":{"Acres":29.9543836632,"Confidence":"High","County":"Queen Anne's","Digitized_":"USGS","Imagery_In":"NAIP - Maryland, 2011","Relate_Ite":"Maryland\\Queen Anne's","Shape_Area":121163.109384,"Shape_Leng":1404.42740818,"State":"MD","assigned_to":"sienna","global_rank":130.0,"lat":39.2191093999676,"lon":-76.0149642086738,"n_reserve":20,"n_target":100,"point_id":1413.0,"queue_index":18.0,"rand":0.08123730567086906,"stable_idx":1413.0}},{"type":"Feature","geometry":{"type":"Point","coordinates":[-75.86507767809815,39.07944768169284]},"id":"0000000000000000009e","properties":{"Acres":63.5521688983,"Confidence":"High","County":"Queen Anne's","Digitized_":"USGS","Imagery_In":"NAIP - Maryland, 2011","Relate_Ite":"Maryland\\Queen Anne's","Shape_Area":257186.502863,"Shape_Leng":2060.64677368,"State":"MD","assigned_to":"sienna","global_rank":158.0,"lat":39.07944768169284,"lon":-75.86507767809815,"n_reserve":20,"n_target":100,"point_id":1311.0,"queue_index":22.0,"rand":0.10073026513781369,"stable_idx":1311.0}},{"type":"Feature","geometry":{"type":"Point","coordinates":[-76.02904193444246,39.04684206600922]},"id":"000000000000000000a5","properties":{"Acres":8.19019772897,"Confidence":"High","County":"Queen Anne's","Digitized_":"USGS","Imagery_In":"NAIP - Maryland, 2011","Relate_Ite":"Maryland\\Queen Anne's","Shape_Area":33144.5542802,"Shape_Leng":740.282487657,"State":"MD","assigned_to":"sienna","global_rank":165.0,"lat":39.04684206600922,"lon":-76.02904193444246,"n_reserve":20,"n_target":100,"point_id":1291.0,"queue_index":23.0,"rand":0.10518760075477107,"stable_idx":1291.0}},{"type":"Feature","geometry":{"type":"Point","coordinates":[-75.83668615532045,39.15227483709159]},"id":"000000000000000000b3","properties":{"Acres":29.3643471005,"Confidence":"High","County":"Queen Anne's","Digitized_":"USGS","Imagery_In":"NAIP - Maryland, 2011","Relate_Ite":"Maryland\\Queen Anne's","Shape_Area":118775.906177,"Shape_Leng":1420.96426554,"State":"MD","assigned_to":"sienna","global_rank":179.0,"lat":39.15227483709159,"lon":-75.83668615532045,"n_reserve":20,"n_target":100,"point_id":1350.0,"queue_index":25.0,"rand":0.11533138829309675,"stable_idx":1350.0}},{"type":"Feature","geometry":{"type":"Point","coordinates":[-76.02701715047088,39.04440168423284]},"id":"00000000000000000131","properties":{"Acres":26.0016495847,"Confidence":"High","County":"Queen Anne's","Digitized_":"USGS","Imagery_In":"NAIP - Maryland, 2011","Relate_Ite":"Maryland\\Queen Anne's","Shape_Area":105224.942614,"Shape_Leng":1448.02653898,"State":"MD","assigned_to":"sienna","global_rank":305.0,"lat":39.04440168423284,"lon":-76.02701715047088,"n_reserve":20,"n_target":100,"point_id":1286.0,"queue_index":43.0,"rand":0.2051882333316305,"stable_idx":1286.0}},{"type":"Feature","geometry":{"type":"Point","coordinates":[-75.94496898866586,39.00664854739133]},"id":"00000000000000000146","properties":{"Acres":49.5464270348,"Confidence":"High","County":"Queen Anne's","Digitized_":"USGS","Imagery_In":"NAIP - Maryland, 2011","Relate_Ite":"Maryland\\Queen Anne's","Shape_Area":200507.276452,"Shape_Leng":1893.9812736,"State":"MD","assigned_to":"sienna","global_rank":326.0,"lat":39.00664854739133,"lon":-75.94496898866586,"n_reserve":20,"n_target":100,"point_id":1228.0,"queue_index":46.0,"rand":0.21735948524069393,"stable_idx":1228.0}},{"type":"Feature","geometry":{"type":"Point","coordinates":[-75.87390700210005,39.2062805931403]},"id":"0000000000000000014d","properties":{"Acres":59.9097032531,"Confidence":"High","County":"Queen Anne's","Digitized_":"USGS","Imagery_In":"NAIP - Maryland, 2011","Relate_Ite":"Maryland\\Queen Anne's","Shape_Area":242333.298154,"Shape_Leng":1745.28086033,"State":"MD","assigned_to":"sienna","global_rank":333.0,"lat":39.2062805931403,"lon":-75.87390700210005,"n_reserve":20,"n_target":100,"point_id":1396.0,"queue_index":47.0,"rand":0.2220742636209333,"stable_idx":1396.0}},{"type":"Feature","geometry":{"type":"Point","coordinates":[-76.06083974822631,38.99485518324437]},"id":"00000000000000000177","properties":{"Acres":77.0896849861,"Confidence":"High","County":"Queen Anne's","Digitized_":"USGS","Imagery_In":"NAIP - Maryland, 2011","Relate_Ite":"Maryland\\Queen Anne's","Shape_Area":311970.886787,"Shape_Leng":1980.1937852,"State":"MD","assigned_to":"sienna","global_rank":375.0,"lat":38.99485518324437,"lon":-76.06083974822631,"n_reserve":20,"n_target":100,"point_id":1202.0,"queue_index":53.0,"rand":0.24941697281375075,"stable_idx":1202.0}},{"type":"Feature","geometry":{"type":"Point","coordinates":[-76.05530038736363,39.01871126692833]},"id":"000000000000000001af","properties":{"Acres":18.0146635566,"Confidence":"High","County":"Queen Anne's","Digitized_":"USGS","Imagery_In":"NAIP - Maryland, 2011","Relate_Ite":"Maryland\\Queen Anne's","Shape_Area":72902.7569113,"Shape_Leng":957.351274682,"State":"MD","assigned_to":"sienna","global_rank":431.0,"lat":39.01871126692833,"lon":-76.05530038736363,"n_reserve":20,"n_target":100,"point_id":1242.0,"queue_index":61.0,"rand":0.2833103954849986,"stable_idx":1242.0}},{"type":"Feature","geometry":{"type":"Point","coordinates":[-76.03766408418674,38.99829811343485]},"id":"000000000000000001c4","properties":{"Acres":267.018313163,"Confidence":"High","County":"Queen Anne's","Digitized_":"USGS","Imagery_In":"NAIP - Maryland, 2011","Relate_Ite":"Maryland\\Queen Anne's","Shape_Area":1080584.77552,"Shape_Leng":3685.18069235,"State":"MD","assigned_to":"sienna","global_rank":452.0,"lat":38.99829811343485,"lon":-76.03766408418674,"n_reserve":20,"n_target":100,"point_id":1211.0,"queue_index":64.0,"rand":0.293961414389049,"stable_idx":1211.0}},{"type":"Feature","geometry":{"type":"Point","coordinates":[-75.89052889672705,39.0345362132636]},"id":"00000000000000000203","properties":{"Acres":85.5930095769,"Confidence":"High","County":"Queen Anne's","Digitized_":"USGS","Imagery_In":"NAIP - Maryland, 2011","Relate_Ite":"Maryland\\Queen Anne's","Shape_Area":346382.620519,"Shape_Leng":2515.13222231,"State":"MD","assigned_to":"sienna","global_rank":515.0,"lat":39.0345362132636,"lon":-75.89052889672705,"n_reserve":20,"n_target":100,"point_id":1262.0,"queue_index":73.0,"rand":0.3322274291858016,"stable_idx":1262.0}},{"type":"Feature","geometry":{"type":"Point","coordinates":[-75.8897527175536,39.212880168729704]},"id":"00000000000000000226","properties":{"Acres":27.8809270981,"Confidence":"High","County":"Queen Anne's","Digitized_":"USGS","Imagery_In":"NAIP - Maryland, 2011","Relate_Ite":"Maryland\\Queen Anne's","Shape_Area":112800.052645,"Shape_Leng":1422.24503162,"State":"MD","assigned_to":"sienna","global_rank":550.0,"lat":39.212880168729704,"lon":-75.8897527175536,"n_reserve":20,"n_target":100,"point_id":1407.0,"queue_index":78.0,"rand":0.35525901567139917,"stable_idx":1407.0}},{"type":"Feature","geometry":{"type":"Point","coordinates":[-75.84140342566467,39.156463022627996]},"id":"0000000000000000023b","properties":{"Acres":19.6285101514,"Confidence":"High","County":"Queen Anne's","Digitized_":"USGS","Imagery_In":"NAIP - Maryland, 2011","Relate_Ite":"Maryland\\Queen Anne's","Shape_Area":79382.8953392,"Shape_Leng":1209.17576229,"State":"MD","assigned_to":"sienna","global_rank":571.0,"lat":39.156463022627996,"lon":-75.84140342566467,"n_reserve":20,"n_target":100,"point_id":1355.0,"queue_index":81.0,"rand":0.36820071424615153,"stable_idx":1355.0}},{"type":"Feature","geometry":{"type":"Point","coordinates":[-76.06081933451469,38.99814129865423]},"id":"0000000000000000028f","properties":{"Acres":70.6917947939,"Confidence":"High","County":"Queen Anne's","Digitized_":"USGS","Imagery_In":"NAIP - Maryland, 2011","Relate_Ite":"Maryland\\Queen Anne's","Shape_Area":286079.543773,"Shape_Leng":2570.647435,"State":"MD","assigned_to":"sienna","global_rank":655.0,"lat":38.99814129865423,"lon":-76.06081933451469,"n_reserve":20,"n_target":100,"point_id":1210.0,"queue_index":93.0,"rand":0.41847061869647717,"stable_idx":1210.0}},{"type":"Feature","geometry":{"type":"Point","coordinates":[-75.94750646107732,39.09943538302419]},"id":"000000000000000002a4","properties":{"Acres":102.482671896,"Confidence":"High","County":"Queen Anne's","Digitized_":"USGS","Imagery_In":"NAIP - Maryland, 2011","Relate_Ite":"Maryland\\Queen Anne's","Shape_Area":414732.658949,"Shape_Leng":2817.60133832,"State":"MD","assigned_to":"sienna","global_rank":676.0,"lat":39.09943538302419,"lon":-75.94750646107732,"n_reserve":20,"n_target":100,"point_id":1328.0,"queue_index":96.0,"rand":0.4316453481959569,"stable_idx":1328.0}},{"type":"Feature","geometry":{"type":"Point","coordinates":[-75.94609013582159,39.01215015269349]},"id":"000000000000000002c0","properties":{"Acres":87.8441903994,"Confidence":"High","County":"Queen Anne's","Digitized_":"USGS","Imagery_In":"NAIP - Maryland, 2011","Relate_Ite":"Maryland\\Queen Anne's","Shape_Area":355492.826088,"Shape_Leng":2446.08486048,"State":"MD","assigned_to":"sienna","global_rank":704.0,"lat":39.01215015269349,"lon":-75.94609013582159,"n_reserve":20,"n_target":100,"point_id":1237.0,"queue_index":100.0,"rand":0.4497586273165809,"stable_idx":1237.0}},{"type":"Feature","geometry":{"type":"Point","coordinates":[-76.09878898772432,39.005388827488765]},"id":"0000000000000000031b","properties":{"Acres":31.3243051616,"Confidence":"High","County":"Queen Anne's","Digitized_":"USGS","Imagery_In":"NAIP - Maryland, 2011","Relate_Ite":"Maryland\\Queen Anne's","Shape_Area":126764.96552,"Shape_Leng":1425.04084077,"State":"MD","assigned_to":"sienna","global_rank":795.0,"lat":39.005388827488765,"lon":-76.09878898772432,"n_reserve":20,"n_target":100,"point_id":1227.0,"queue_index":113.0,"rand":0.5168027725571923,"stable_idx":1227.0}},{"type":"Feature","geometry":{"type":"Point","coordinates":[-75.80835438903829,39.23306458250661]},"id":"00000000000000000322","properties":{"Acres":86.2437260904,"Confidence":"High","County":"Queen Anne's","Digitized_":"USGS","Imagery_In":"NAIP - Maryland, 2011","Relate_Ite":"Maryland\\Queen Anne's","Shape_Area":348917.26376,"Shape_Leng":2141.4364169,"State":"MD","assigned_to":"sienna","global_rank":802.0,"lat":39.23306458250661,"lon":-75.80835438903829,"n_reserve":20,"n_target":100,"point_id":1434.0,"queue_index":114.0,"rand":0.5219183170559797,"stable_idx":1434.0}},{"type":"Feature","geometry":{"type":"Point","coordinates":[-75.82777648731444,39.23028327730175]},"id":"0000000000000000002f","properties":{"Acres":72.9481593276,"Confidence":"High","County":"Queen Anne's","Digitized_":"USGS","Imagery_In":"NAIP - Maryland, 2011","Relate_Ite":"Maryland\\Queen Anne's","Shape_Area":295105.368979,"Shape_Leng":1939.91453563,"State":"MD","assigned_to":"taryn","global_rank":47.0,"lat":39.23028327730175,"lon":-75.82777648731444,"n_reserve":20,"n_target":100,"point_id":1429.0,"queue_index":6.0,"rand":0.029379261618170283,"stable_idx":1429.0}},{"type":"Feature","geometry":{"type":"Point","coordinates":[-75.95264776748125,39.20998457502588]},"id":"0000000000000000007c","properties":{"Acres":175.665452957,"Confidence":"High","County":"Queen Anne's","Digitized_":"USGS","Imagery_In":"NAIP - Maryland, 2011","Relate_Ite":"Maryland\\Queen Anne's","Shape_Area":710746.469971,"Shape_Leng":3764.21385212,"State":"MD","assigned_to":"taryn","global_rank":124.0,"lat":39.20998457502588,"lon":-75.95264776748125,"n_reserve":20,"n_target":100,"point_id":1401.0,"queue_index":17.0,"rand":0.07740105448510193,"stable_idx":1401.0}},{"type":"Feature","geometry":{"type":"Point","coordinates":[-75.97622516743166,39.18144142158163]},"id":"0000000000000000008a","properties":{"Acres":79.1604763168,"Confidence":"High","County":"Queen Anne's","Digitized_":"USGS","Imagery_In":"NAIP - Maryland, 2011","Relate_Ite":"Maryland\\Queen Anne's","Shape_Area":320220.790513,"Shape_Leng":2006.20332885,"State":"MD","assigned_to":"taryn","global_rank":138.0,"lat":39.18144142158163,"lon":-75.97622516743166,"n_reserve":20,"n_target":100,"point_id":1373.0,"queue_index":19.0,"rand":0.08992811822400748,"stable_idx":1373.0}},{"type":"Feature","geometry":{"type":"Point","coordinates":[-75.88974057006382,39.05389901433155]},"id":"00000000000000000091","properties":{"Acres":60.1485800851,"Confidence":"High","County":"Queen Anne's","Digitized_":"USGS","Imagery_In":"NAIP - Maryland, 2011","Relate_Ite":"Maryland\\Queen Anne's","Shape_Area":243412.667616,"Shape_Leng":2073.57356756,"State":"MD","assigned_to":"taryn","global_rank":145.0,"lat":39.05389901433155,"lon":-75.88974057006382,"n_reserve":20,"n_target":100,"point_id":1297.0,"queue_index":20.0,"rand":0.09616262227453753,"stable_idx":1297.0}},{"type":"Feature","geometry":{"type":"Point","coordinates":[-75.9630107543044,39.083001189172286]},"id":"000000000000000000a6","properties":{"Acres":24.2227206845,"Confidence":"High","County":"Queen Anne's","Digitized_":"USGS","Imagery_In":"NAIP - Maryland, 2011","Relate_Ite":"Maryland\\Queen Anne's","Shape_Area":98025.8727702,"Shape_Leng":1110.08481368,"State":"MD","assigned_to":"taryn","global_rank":166.0,"lat":39.083001189172286,"lon":-75.9630107543044,"n_reserve":20,"n_target":100,"point_id":1317.0,"queue_index":23.0,"rand":0.10703876618207131,"stable_idx":1317.0}},{"type":"Feature","geometry":{"type":"Point","coordinates":[-75.9580099657316,39.18289904956752]},"id":"00000000000000000132","properties":{"Acres":84.0739266205,"Confidence":"High","County":"Queen Anne's","Digitized_":"USGS","Imagery_In":"NAIP - Maryland, 2011","Relate_Ite":"Maryland\\Queen Anne's","Shape_Area":340139.288275,"Shape_Leng":2403.28121497,"State":"MD","assigned_to":"taryn","global_rank":306.0,"lat":39.18289904956752,"lon":-75.9580099657316,"n_reserve":20,"n_target":100,"point_id":1375.0,"queue_index":43.0,"rand":0.20524339019421223,"stable_idx":1375.0}},{"type":"Feature","geometry":{"type":"Point","coordinates":[-75.91106470596495,39.093255241878346]},"id":"0000000000000000016a","properties":{"Acres":40.904040684,"Confidence":"High","County":"Queen Anne's","Digitized_":"USGS","Imagery_In":"NAIP - Maryland, 2011","Relate_Ite":"Maryland\\Queen Anne's","Shape_Area":165532.779745,"Shape_Leng":1442.47849029,"State":"MD","assigned_to":"taryn","global_rank":362.0,"lat":39.093255241878346,"lon":-75.91106470596495,"n_reserve":20,"n_target":100,"point_id":1324.0,"queue_index":51.0,"rand":0.23819339686416374,"stable_idx":1324.0}},{"type":"Feature","geometry":{"type":"Point","coordinates":[-75.88402316944234,39.03592539127457]},"id":"00000000000000000171","properties":{"Acres":26.5252686312,"Confidence":"High","County":"Queen Anne's","Digitized_":"USGS","Imagery_In":"NAIP - Maryland, 2011","Relate_Ite":"Maryland\\Queen Anne's","Shape_Area":107343.953716,"Shape_Leng":1327.21062889,"State":"MD","assigned_to":"taryn","global_rank":369.0,"lat":39.03592539127457,"lon":-75.88402316944234,"n_reserve":20,"n_target":100,"point_id":1265.0,"queue_index":52.0,"rand":0.24590259215719146,"stable_idx":1265.0}},{"type":"Feature","geometry":{"type":"Point","coordinates":[-75.89104301451381,39.21000987808439]},"id":"0000000000000000018d","properties":{"Acres":26.9940207763,"Confidence":"High","County":"Queen Anne's","Digitized_":"USGS","Imagery_In":"NAIP - Maryland, 2011","Relate_Ite":"Maryland\\Queen Anne's","Shape_Area":109205.82971,"Shape_Leng":1336.70310967,"State":"MD","assigned_to":"taryn","global_rank":397.0,"lat":39.21000987808439,"lon":-75.89104301451381,"n_reserve":20,"n_target":100,"point_id":1402.0,"queue_index":56.0,"rand":0.2622081377206109,"stable_idx":1402.0}},{"type":"Feature","geometry":{"type":"Point","coordinates":[-76.00903022504147,39.218689469738436]},"id":"000000000000000001a2","properties":{"Acres":111.863018317,"Confidence":"High","County":"Queen Anne's","Digitized_":"USGS","Imagery_In":"NAIP - Maryland, 2011","Relate_Ite":"Maryland\\Queen Anne's","Shape_Area":452546.182471,"Shape_Leng":3082.02145228,"State":"MD","assigned_to":"taryn","global_rank":418.0,"lat":39.218689469738436,"lon":-76.00903022504147,"n_reserve":20,"n_target":100,"point_id":1412.0,"queue_index":59.0,"rand":0.27624369610267574,"stable_idx":1412.0}},{"type":"Feature","geometry":{"type":"Point","coordinates":[-75.98940055488949,39.13107357593261]},"id":"000000000000000001be","properties":{"Acres":75.9851541044,"Confidence":"High","County":"Queen Anne's","Digitized_":"USGS","Imagery_In":"NAIP - Maryland, 2011","Relate_Ite":"Maryland\\Queen Anne's","Shape_Area":307408.865665,"Shape_Leng":2302.87624477,"State":"MD","assigned_to":"taryn","global_rank":446.0,"lat":39.13107357593261,"lon":-75.98940055488949,"n_reserve":20,"n_target":100,"point_id":1341.0,"queue_index":63.0,"rand":0.2900666878643057,"stable_idx":1341.0}},{"type":"Feature","geometry":{"type":"Point","coordinates":[-76.04004810225645,38.95379118560937]},"id":"000000000000000001c5","properties":{"Acres":33.755151292,"Confidence":"High","County":"Queen Anne's","Digitized_":"USGS","Imagery_In":"NAIP - Maryland, 2011","Relate_Ite":"Maryland\\Queen Anne's","Shape_Area":136602.250796,"Shape_Leng":1310.39594163,"State":"MD","assigned_to":"taryn","global_rank":453.0,"lat":38.95379118560937,"lon":-76.04004810225645,"n_reserve":20,"n_target":100,"point_id":1144.0,"queue_index":64.0,"rand":0.2942427417500729,"stable_idx":1144.0}},{"type":"Feature","geometry":{"type":"Point","coordinates":[-75.840723788736,39.22117099633543]},"id":"0000000000000000022e","properties":{"Acres":5.25957740833,"Confidence":"High","County":"Queen Anne's","Digitized_":"USGS","Imagery_In":"NAIP - Maryland, 2011","Relate_Ite":"Maryland\\Queen Anne's","Shape_Area":21262.4667505,"Shape_Leng":595.339746402,"State":"MD","assigned_to":"taryn","global_rank":558.0,"lat":39.22117099633543,"lon":-75.840723788736,"n_reserve":20,"n_target":100,"point_id":1417.0,"queue_index":79.0,"rand":0.3596819018300784,"stable_idx":1417.0}},{"type":"Feature","geometry":{"type":"Point","coordinates":[-75.91788038746027,39.22881157415894]},"id":"00000000000000000258","properties":{"Acres":16.86473399,"Confidence":"High","County":"Queen Anne's","Digitized_":"USGS","Imagery_In":"NAIP - Maryland, 2011","Relate_Ite":"Maryland\\Queen Anne's","Shape_Area":68210.4791542,"Shape_Leng":947.774538715,"State":"MD","assigned_to":"taryn","global_rank":600.0,"lat":39.22881157415894,"lon":-75.91788038746027,"n_reserve":20,"n_target":100,"point_id":1428.0,"queue_index":85.0,"rand":0.38234841632228966,"stable_idx":1428.0}},{"type":"Feature","geometry":{"type":"Point","coordinates":[-75.76081906123783,39.21308559001813]},"id":"0000000000000000026d","properties":{"Acres":140.986531785,"Confidence":"High","County":"Queen Anne's","Digitized_":"USGS","Imagery_In":"NAIP - Maryland, 2011","Relate_Ite":"Maryland\\Queen Anne's","Shape_Area":570376.179,"Shape_Leng":2677.43965593,"State":"MD","assigned_to":"taryn","global_rank":621.0,"lat":39.21308559001813,"lon":-75.76081906123783,"n_reserve":20,"n_target":100,"point_id":1408.0,"queue_index":88.0,"rand":0.3998809851059959,"stable_idx":1408.0}},{"type":"Feature","geometry":{"type":"Point","coordinates":[-75.92979960467576,39.08180686037965]},"id":"00000000000000000289","properties":{"Acres":47.5513748054,"Confidence":"High","County":"Queen Anne's","Digitized_":"USGS","Imagery_In":"NAIP - Maryland, 2011","Relate_Ite":"Maryland\\Queen Anne's","Shape_Area":192433.586525,"Shape_Leng":1793.10654756,"State":"MD","assigned_to":"taryn","global_rank":649.0,"lat":39.08180686037965,"lon":-75.92979960467576,"n_reserve":20,"n_target":100,"point_id":1315.0,"queue_index":92.0,"rand":0.41606437056018575,"stable_idx":1315.0}},{"type":"Feature","geometry":{"type":"Point","coordinates":[-76.01546096706642,39.0224985841188]},"id":"0000000000000000029e","properties":{"Acres":11.0450562455,"Confidence":"High","County":"Queen Anne's","Digitized_":"USGS","Imagery_In":"NAIP - Maryland, 2011","Relate_Ite":"Maryland\\Queen Anne's","Shape_Area":44697.7568027,"Shape_Leng":846.932057667,"State":"MD","assigned_to":"taryn","global_rank":670.0,"lat":39.0224985841188,"lon":-76.01546096706642,"n_reserve":20,"n_target":100,"point_id":1248.0,"queue_index":95.0,"rand":0.42682435918829487,"stable_idx":1248.0}},{"type":"Feature","geometry":{"type":"Point","coordinates":[-75.96386045009311,38.98312662273762]},"id":"000000000000000002ba","properties":{"Acres":264.689164778,"Confidence":"High","County":"Queen Anne's","Digitized_":"USGS","Imagery_In":"NAIP - Maryland, 2011","Relate_Ite":"Maryland\\Queen Anne's","Shape_Area":1071159.04642,"Shape_Leng":3669.07537072,"State":"MD","assigned_to":"taryn","global_rank":698.0,"lat":38.98312662273762,"lon":-75.96386045009311,"n_reserve":20,"n_target":100,"point_id":1179.0,"queue_index":99.0,"rand":0.4445183919452421,"stable_idx":1179.0}},{"type":"Feature","geometry":{"type":"Point","coordinates":[-75.8385862221813,39.18186123450357]},"id":"000000000000000002c1","properties":{"Acres":20.8104490277,"Confidence":"High","County":"Queen Anne's","Digitized_":"USGS","Imagery_In":"NAIP - Maryland, 2011","Relate_Ite":"Maryland\\Queen Anne's","Shape_Area":84180.594202,"Shape_Leng":1188.22036573,"State":"MD","assigned_to":"taryn","global_rank":705.0,"lat":39.18186123450357,"lon":-75.8385862221813,"n_reserve":20,"n_target":100,"point_id":1374.0,"queue_index":100.0,"rand":0.4503001520639486,"stable_idx":1374.0}},{"type":"Feature","geometry":{"type":"Point","coordinates":[-75.89525288137268,39.162691186165986]},"id":"000000000000000002dd","properties":{"Acres":10.6712445569,"Confidence":"High","County":"Queen Anne's","Digitized_":"USGS","Imagery_In":"NAIP - Maryland, 2011","Relate_Ite":"Maryland\\Queen Anne's","Shape_Area":43138.5260617,"Shape_Leng":736.525850884,"State":"MD","assigned_to":"taryn","global_rank":733.0,"lat":39.162691186165986,"lon":-75.89525288137268,"n_reserve":20,"n_target":100,"point_id":1361.0,"queue_index":104.0,"rand":0.472256213501398,"stable_idx":1361.0}},{"type":"Feature","geometry":{"type":"Point","coordinates":[-76.03208035791613,39.044495325265494]},"id":"000000000000000002eb","properties":{"Acres":27.633942791,"Confidence":"High","County":"Queen Anne's","Digitized_":"USGS","Imagery_In":"NAIP - Maryland, 2011","Relate_Ite":"Maryland\\Queen Anne's","Shape_Area":111830.598861,"Shape_Leng":1426.14843841,"State":"MD","assigned_to":"taryn","global_rank":747.0,"lat":39.044495325265494,"lon":-76.03208035791613,"n_reserve":20,"n_target":100,"point_id":1287.0,"queue_index":106.0,"rand":0.4853835261019235,"stable_idx":1287.0}},{"type":"Feature","geometry":{"type":"Point","coordinates":[-76.06100429155933,38.94980294707849]},"id":"000000000000000002f2","properties":{"Acres":50.313692673,"Confidence":"High","County":"Queen Anne's","Digitized_":"USGS","Imagery_In":"NAIP - Maryland, 2011","Relate_Ite":"Maryland\\Queen Anne's","Shape_Area":203612.290329,"Shape_Leng":1865.57483006,"State":"MD","assigned_to":"taryn","global_rank":754.0,"lat":38.94980294707849,"lon":-76.06100429155933,"n_reserve":20,"n_target":100,"point_id":1140.0,"queue_index":107.0,"rand":0.4877404910536587,"stable_idx":1140.0}},{"type":"Feature","geometry":{"type":"Point","coordinates":[-76.0493456241235,39.00797010154727]},"id":"0000000000000000033f","properties":{"Acres":73.7378209439,"Confidence":"High","County":"Queen Anne's","Digitized_":"USGS","Imagery_In":"NAIP - Maryland, 2011","Relate_Ite":"Maryland\\Queen Anne's","Shape_Area":298406.374261,"Shape_Leng":2489.87326235,"State":"MD","assigned_to":"taryn","global_rank":831.0,"lat":39.00797010154727,"lon":-76.0493456241235,"n_reserve":20,"n_target":100,"point_id":1231.0,"queue_index":118.0,"rand":0.5459277104043762,"stable_idx":1231.0}},{"type":"Feature","geometry":{"type":"Point","coordinates":[-75.95494989134151,39.23209610934333]},"id":"00000000000000000053","properties":{"Acres":49.8740672157,"Confidence":"High","County":"Queen Anne's","Digitized_":"USGS","Imagery_In":"NAIP - Maryland, 2011","Relate_Ite":"Maryland\\Queen Anne's","Shape_Area":201759.166023,"Shape_Leng":1842.23848867,"State":"MD","assigned_to":"tien","global_rank":83.0,"lat":39.23209610934333,"lon":-75.95494989134151,"n_reserve":20,"n_target":100,"point_id":1432.0,"queue_index":11.0,"rand":0.05316519789105556,"stable_idx":1432.0}},{"type":"Feature","geometry":{"type":"Point","coordinates":[-75.9568185440975,39.13906311060825]},"id":"00000000000000000068","properties":{"Acres":27.6321636263,"Confidence":"High","County":"Queen Anne's","Digitized_":"USGS","Imagery_In":"NAIP - Maryland, 2011","Relate_Ite":"Maryland\\Queen Anne's","Shape_Area":111770.069713,"Shape_Leng":1403.76615891,"State":"MD","assigned_to":"tien","global_rank":104.0,"lat":39.13906311060825,"lon":-75.9568185440975,"n_reserve":20,"n_target":100,"point_id":1344.0,"queue_index":14.0,"rand":0.06674316769670152,"stable_idx":1344.0}},{"type":"Feature","geometry":{"type":"Point","coordinates":[-76.0513078612681,39.01892801848756]},"id":"00000000000000000099","properties":{"Acres":16.5100628933,"Confidence":"High","County":"Queen Anne's","Digitized_":"USGS","Imagery_In":"NAIP - Maryland, 2011","Relate_Ite":"Maryland\\Queen Anne's","Shape_Area":66813.8540537,"Shape_Leng":1055.05718221,"State":"MD","assigned_to":"tien","global_rank":153.0,"lat":39.01892801848756,"lon":-76.0513078612681,"n_reserve":20,"n_target":100,"point_id":1243.0,"queue_index":21.0,"rand":0.09945545945669643,"stable_idx":1243.0}},{"type":"Feature","geometry":{"type":"Point","coordinates":[-76.11875174620296,39.024848513881004]},"id":"000000000000000000bc","properties":{"Acres":68.4102247498,"Confidence":"High","County":"Queen Anne's","Digitized_":"USGS","Imagery_In":"NAIP - Maryland, 2011","Relate_Ite":"Maryland\\Queen Anne's","Shape_Area":276846.357387,"Shape_Leng":1865.40159238,"State":"MD","assigned_to":"tien","global_rank":188.0,"lat":39.024848513881004,"lon":-76.11875174620296,"n_reserve":20,"n_target":100,"point_id":1250.0,"queue_index":26.0,"rand":0.12356331305337565,"stable_idx":1250.0}},{"type":"Feature","geometry":{"type":"Point","coordinates":[-75.86094919930707,39.21254086836073]},"id":"00000000000000000141","properties":{"Acres":38.6294728126,"Confidence":"High","County":"Queen Anne's","Digitized_":"USGS","Imagery_In":"NAIP - Maryland, 2011","Relate_Ite":"Maryland\\Queen Anne's","Shape_Area":156261.887755,"Shape_Leng":1630.10356475,"State":"MD","assigned_to":"tien","global_rank":321.0,"lat":39.21254086836073,"lon":-75.86094919930707,"n_reserve":20,"n_target":100,"point_id":1406.0,"queue_index":45.0,"rand":0.21440554415778146,"stable_idx":1406.0}},{"type":"Feature","geometry":{"type":"Point","coordinates":[-75.82889349828237,39.22487300834151]},"id":"00000000000000000148","properties":{"Acres":32.378471086,"Confidence":"High","County":"Queen Anne's","Digitized_":"USGS","Imagery_In":"NAIP - Maryland, 2011","Relate_Ite":"Maryland\\Queen Anne's","Shape_Area":130987.490871,"Shape_Leng":1513.74352514,"State":"MD","assigned_to":"tien","global_rank":328.0,"lat":39.22487300834151,"lon":-75.82889349828237,"n_reserve":20,"n_target":100,"point_id":1421.0,"queue_index":46.0,"rand":0.22003313246504308,"stable_idx":1421.0}},{"type":"Feature","geometry":{"type":"Point","coordinates":[-75.94270392534116,39.078917238930906]},"id":"00000000000000000195","properties":{"Acres":26.2325012163,"Confidence":"High","County":"Queen Anne's","Digitized_":"USGS","Imagery_In":"NAIP - Maryland, 2011","Relate_Ite":"Maryland\\Queen Anne's","Shape_Area":106159.166023,"Shape_Leng":1155.21073566,"State":"MD","assigned_to":"tien","global_rank":405.0,"lat":39.078917238930906,"lon":-75.94270392534116,"n_reserve":20,"n_target":100,"point_id":1310.0,"queue_index":57.0,"rand":0.26634138821076403,"stable_idx":1310.0}},{"type":"Feature","geometry":{"type":"Point","coordinates":[-76.05592855929932,39.009178437319484]},"id":"000000000000000001aa","properties":{"Acres":97.3972087471,"Confidence":"High","County":"Queen Anne's","Digitized_":"USGS","Imagery_In":"NAIP - Maryland, 2011","Relate_Ite":"Maryland\\Queen Anne's","Shape_Area":394152.519742,"Shape_Leng":2225.7556105,"State":"MD","assigned_to":"tien","global_rank":426.0,"lat":39.009178437319484,"lon":-76.05592855929932,"n_reserve":20,"n_target":100,"point_id":1233.0,"queue_index":60.0,"rand":0.2816193001195155,"stable_idx":1233.0}},{"type":"Feature","geometry":{"type":"Point","coordinates":[-75.99429899125387,39.05403012210427]},"id":"000000000000000001f7","properties":{"Acres":147.741528644,"Confidence":"High","County":"Queen Anne's","Digitized_":"USGS","Imagery_In":"NAIP - Maryland, 2011","Relate_Ite":"Maryland\\Queen Anne's","Shape_Area":597888.754048,"Shape_Leng":2741.24711431,"State":"MD","assigned_to":"tien","global_rank":503.0,"lat":39.05403012210427,"lon":-75.99429899125387,"n_reserve":20,"n_target":100,"point_id":1298.0,"queue_index":71.0,"rand":0.3278547349814771,"stable_idx":1298.0}},{"type":"Feature","geometry":{"type":"Point","coordinates":[-75.90008878030034,39.155415685809146]},"id":"00000000000000000213","properties":{"Acres":68.4445433225,"Confidence":"High","County":"Queen Anne's","Digitized_":"USGS","Imagery_In":"NAIP - Maryland, 2011","Relate_Ite":"Maryland\\Queen Anne's","Shape_Area":276897.66582,"Shape_Leng":2161.92665015,"State":"MD","assigned_to":"tien","global_rank":531.0,"lat":39.155415685809146,"lon":-75.90008878030034,"n_reserve":20,"n_target":100,"point_id":1353.0,"queue_index":75.0,"rand":0.3412823146616878,"stable_idx":1353.0}},{"type":"Feature","geometry":{"type":"Point","coordinates":[-75.86218212313074,39.06943266124838]},"id":"0000000000000000021a","properties":{"Acres":97.0270016733,"Confidence":"High","County":"Queen Anne's","Digitized_":"USGS","Imagery_In":"NAIP - Maryland, 2011","Relate_Ite":"Maryland\\Queen Anne's","Shape_Area":392654.344868,"Shape_Leng":2221.52153146,"State":"MD","assigned_to":"tien","global_rank":538.0,"lat":39.06943266124838,"lon":-75.86218212313074,"n_reserve":20,"n_target":100,"point_id":1308.0,"queue_index":76.0,"rand":0.3479568753833422,"stable_idx":1308.0}},{"type":"Feature","geometry":{"type":"Point","coordinates":[-75.86275332221044,39.10582089749845]},"id":"0000000000000000028a","properties":{"Acres":51.9639269049,"Confidence":"High","County":"Queen Anne's","Digitized_":"USGS","Imagery_In":"NAIP - Maryland, 2011","Relate_Ite":"Maryland\\Queen Anne's","Shape_Area":210290.551328,"Shape_Leng":1625.81000283,"State":"MD","assigned_to":"tien","global_rank":650.0,"lat":39.10582089749845,"lon":-75.86275332221044,"n_reserve":20,"n_target":100,"point_id":1330.0,"queue_index":92.0,"rand":0.4162326452326054,"stable_idx":1330.0}},{"type":"Feature","geometry":{"type":"Point","coordinates":[-75.90064196191169,39.20818436859108]},"id":"000000000000000002a6","properties":{"Acres":105.343307352,"Confidence":"High","County":"Queen Anne's","Digitized_":"USGS","Imagery_In":"NAIP - Maryland, 2011","Relate_Ite":"Maryland\\Queen Anne's","Shape_Area":426180.429583,"Shape_Leng":2406.64724138,"State":"MD","assigned_to":"tien","global_rank":678.0,"lat":39.20818436859108,"lon":-75.90064196191169,"n_reserve":20,"n_target":100,"point_id":1399.0,"queue_index":96.0,"rand":0.43301007924413104,"stable_idx":1399.0}},{"type":"Feature","geometry":{"type":"Point","coordinates":[-75.87539015776417,39.06592929295436]},"id":"000000000000000002c9","properties":{"Acres":90.1706254371,"Confidence":"High","County":"Queen Anne's","Digitized_":"USGS","Imagery_In":"NAIP - Maryland, 2011","Relate_Ite":"Maryland\\Queen Anne's","Shape_Area":364907.574661,"Shape_Leng":2141.60143085,"State":"MD","assigned_to":"tien","global_rank":713.0,"lat":39.06592929295436,"lon":-75.87539015776417,"n_reserve":20,"n_target":100,"point_id":1307.0,"queue_index":101.0,"rand":0.45519017396301154,"stable_idx":1307.0}},{"type":"Feature","geometry":{"type":"Point","coordinates":[-75.77200678864841,39.20421353880923]},"id":"000000000000000002ec","properties":{"Acres":100.518519762,"Confidence":"High","County":"Queen Anne's","Digitized_":"USGS","Imagery_In":"NAIP - Maryland, 2011","Relate_Ite":"Maryland\\Queen Anne's","Shape_Area":406674.217712,"Shape_Leng":2681.94132127,"State":"MD","assigned_to":"tien","global_rank":748.0,"lat":39.20421353880923,"lon":-75.77200678864841,"n_reserve":20,"n_target":100,"point_id":1393.0,"queue_index":106.0,"rand":0.48546464323305316,"stable_idx":1393.0}},{"type":"Feature","geometry":{"type":"Point","coordinates":[-75.82576592381457,39.23585781413848]},"id":"00000000000000000308","properties":{"Acres":73.753984268,"Confidence":"High","County":"Queen Anne's","Digitized_":"USGS","Imagery_In":"NAIP - Maryland, 2011","Relate_Ite":"Maryland\\Queen Anne's","Shape_Area":298344.535121,"Shape_Leng":1936.46869305,"State":"MD","assigned_to":"tien","global_rank":776.0,"lat":39.23585781413848,"lon":-75.82576592381457,"n_reserve":20,"n_target":100,"point_id":1438.0,"queue_index":110.0,"rand":0.5034155575886735,"stable_idx":1438.0}},{"type":"Feature","geometry":{"type":"Point","coordinates":[-75.66450581327399,38.031962986909534]},"id":"00000000000000000162","properties":{"Acres":87.0083118509,"Confidence":"High","County":"Somerset","Digitized_":"USGS","Imagery_In":"NAIP - Maryland, 2011","Relate_Ite":"Maryland\\Somerset","Shape_Area":352110.145616,"Shape_Leng":2103.72539472,"State":"MD","assigned_to":"sienna","global_rank":354.0,"lat":38.031962986909534,"lon":-75.66450581327399,"n_reserve":20,"n_target":100,"point_id":19.0,"queue_index":50.0,"rand":0.23137821763263122,"stable_idx":19.0}},{"type":"Feature","geometry":{"type":"Point","coordinates":[-75.56200830894406,38.11682270755874]},"id":"000000000000000001bd","properties":{"Acres":37.1676452627,"Confidence":"High","County":"Somerset","Digitized_":"USGS","Imagery_In":"NAIP - Maryland, 2011","Relate_Ite":"Maryland\\Somerset","Shape_Area":150412.123937,"Shape_Leng":1786.24703525,"State":"MD","assigned_to":"sienna","global_rank":445.0,"lat":38.11682270755874,"lon":-75.56200830894406,"n_reserve":20,"n_target":100,"point_id":36.0,"queue_index":63.0,"rand":0.29001636910253514,"stable_idx":36.0}},{"type":"Feature","geometry":{"type":"Point","coordinates":[-76.01954274985329,38.920824566029005]},"id":"0000000000000000011f","properties":{"Acres":92.6267245219,"Confidence":"High","County":"Talbot","Digitized_":"USGS","Imagery_In":"NAIP - Maryland, 2011","Relate_Ite":"Maryland\\Talbot","Shape_Area":374705.489197,"Shape_Leng":2170.16849759,"State":"MD","assigned_to":"ayush","global_rank":287.0,"lat":38.920824566029005,"lon":-76.01954274985329,"n_reserve":20,"n_target":100,"point_id":1092.0,"queue_index":41.0,"rand":0.18650941687435274,"stable_idx":1092.0}},{"type":"Feature","geometry":{"type":"Point","coordinates":[-75.9685903549299,38.854270994318654]},"id":"0000000000000000012d","properties":{"Acres":13.47969383,"Confidence":"Low","County":"Talbot","Digitized_":"USGS","Imagery_In":"NAIP - Maryland, 2011","Relate_Ite":"Maryland\\Talbot","Shape_Area":54550.3855477,"Shape_Leng":1078.59561676,"State":"MD","assigned_to":"ayush","global_rank":301.0,"lat":38.854270994318654,"lon":-75.9685903549299,"n_reserve":20,"n_target":100,"point_id":1006.0,"queue_index":43.0,"rand":0.201528797027261,"stable_idx":1006.0}},{"type":"Feature","geometry":{"type":"Point","coordinates":[-75.97619307207238,38.859582183450954]},"id":"0000000000000000013b","properties":{"Acres":14.7640757415,"Confidence":"High","County":"Talbot","Digitized_":"USGS","Imagery_In":"NAIP - Maryland, 2011","Relate_Ite":"Maryland\\Talbot","Shape_Area":59711.1406363,"Shape_Leng":1122.45403697,"State":"MD","assigned_to":"ayush","global_rank":315.0,"lat":38.859582183450954,"lon":-75.97619307207238,"n_reserve":20,"n_target":100,"point_id":1015.0,"queue_index":45.0,"rand":0.21063108508834383,"stable_idx":1015.0}},{"type":"Feature","geometry":{"type":"Point","coordinates":[-76.01447977556131,38.91410260105824]},"id":"00000000000000000142","properties":{"Acres":5.43510528142,"Confidence":"High","County":"Talbot","Digitized_":"USGS","Imagery_In":"NAIP - Maryland, 2011","Relate_Ite":"Maryland\\Talbot","Shape_Area":21971.1555451,"Shape_Leng":606.78488374,"State":"MD","assigned_to":"ayush","global_rank":322.0,"lat":38.91410260105824,"lon":-76.01447977556131,"n_reserve":20,"n_target":100,"point_id":1079.0,"queue_index":46.0,"rand":0.2148753494283443,"stable_idx":1079.0}},{"type":"Feature","geometry":{"type":"Point","coordinates":[-75.93776036495842,38.849772364731486]},"id":"00000000000000000165","properties":{"Acres":160.645664623,"Confidence":"High","County":"Talbot","Digitized_":"USGS","Imagery_In":"NAIP - Maryland, 2011","Relate_Ite":"Maryland\\Talbot","Shape_Area":649924.587359,"Shape_Leng":2858.05795473,"State":"MD","assigned_to":"ayush","global_rank":357.0,"lat":38.849772364731486,"lon":-75.93776036495842,"n_reserve":20,"n_target":100,"point_id":998.0,"queue_index":51.0,"rand":0.23284753436553218,"stable_idx":998.0}},{"type":"Feature","geometry":{"type":"Point","coordinates":[-76.0485053178982,38.92123624179027]},"id":"00000000000000000222","properties":{"Acres":49.4808982863,"Confidence":"High","County":"Talbot","Digitized_":"USGS","Imagery_In":"NAIP - Maryland, 2011","Relate_Ite":"Maryland\\Talbot","Shape_Area":200168.704031,"Shape_Leng":1883.1998533,"State":"MD","assigned_to":"ayush","global_rank":546.0,"lat":38.92123624179027,"lon":-76.0485053178982,"n_reserve":20,"n_target":100,"point_id":1093.0,"queue_index":78.0,"rand":0.3536795472882742,"stable_idx":1093.0}},{"type":"Feature","geometry":{"type":"Point","coordinates":[-75.9882729156097,38.855554540909445]},"id":"0000000000000000002b","properties":{"Acres":16.2181553973,"Confidence":"High","County":"Talbot","Digitized_":"USGS","Imagery_In":"NAIP - Maryland, 2011","Relate_Ite":"Maryland\\Talbot","Shape_Area":65574.2849745,"Shape_Leng":907.983735275,"State":"MD","assigned_to":"maddie","global_rank":43.0,"lat":38.855554540909445,"lon":-75.9882729156097,"n_reserve":20,"n_target":100,"point_id":1011.0,"queue_index":6.0,"rand":0.026110667806370502,"stable_idx":1011.0}},{"type":"Feature","geometry":{"type":"Point","coordinates":[-75.97151267720831,38.91420784328713]},"id":"00000000000000000032","properties":{"Acres":116.847051756,"Confidence":"High","County":"Talbot","Digitized_":"USGS","Imagery_In":"NAIP - Maryland, 2011","Relate_Ite":"Maryland\\Talbot","Shape_Area":472712.866918,"Shape_Leng":3138.55368902,"State":"MD","assigned_to":"maddie","global_rank":50.0,"lat":38.91420784328713,"lon":-75.97151267720831,"n_reserve":20,"n_target":100,"point_id":1080.0,"queue_index":7.0,"rand":0.033586279059292234,"stable_idx":1080.0}},{"type":"Feature","geometry":{"type":"Point","coordinates":[-75.99411247060931,38.83180778576374]},"id":"0000000000000000017b","properties":{"Acres":17.0554649295,"Confidence":"Low","County":"Talbot","Digitized_":"USGS","Imagery_In":"NAIP - Maryland, 2011","Relate_Ite":"Maryland\\Talbot","Shape_Area":69021.017787,"Shape_Leng":1124.3369889,"State":"MD","assigned_to":"maddie","global_rank":379.0,"lat":38.83180778576374,"lon":-75.99411247060931,"n_reserve":20,"n_target":100,"point_id":989.0,"queue_index":54.0,"rand":0.2511030233179333,"stable_idx":989.0}},{"type":"Feature","geometry":{"type":"Point","coordinates":[-75.98612156139478,38.868507439379556]},"id":"000000000000000001ac","properties":{"Acres":35.5639081333,"Confidence":"High","County":"Talbot","Digitized_":"USGS","Imagery_In":"NAIP - Maryland, 2011","Relate_Ite":"Maryland\\Talbot","Shape_Area":143836.465934,"Shape_Leng":1344.71486397,"State":"MD","assigned_to":"maddie","global_rank":428.0,"lat":38.868507439379556,"lon":-75.98612156139478,"n_reserve":20,"n_target":100,"point_id":1021.0,"queue_index":61.0,"rand":0.282795315184318,"stable_idx":1021.0}},{"type":"Feature","geometry":{"type":"Point","coordinates":[-76.0120646463057,38.642389137989035]},"id":"000000000000000001b3","properties":{"Acres":17.8309518243,"Confidence":"High","County":"Talbot","Digitized_":"USGS","Imagery_In":"NAIP - Maryland, 2011","Relate_Ite":"Maryland\\Talbot","Shape_Area":72097.1414131,"Shape_Leng":952.054709074,"State":"MD","assigned_to":"maddie","global_rank":435.0,"lat":38.642389137989035,"lon":-76.0120646463057,"n_reserve":20,"n_target":100,"point_id":628.0,"queue_index":62.0,"rand":0.2842291328629646,"stable_idx":628.0}},{"type":"Feature","geometry":{"type":"Point","coordinates":[-76.0179180971718,38.904384017770056]},"id":"000000000000000001cf","properties":{"Acres":49.6006678241,"Confidence":"High","County":"Talbot","Digitized_":"USGS","Imagery_In":"NAIP - Maryland, 2011","Relate_Ite":"Maryland\\Talbot","Shape_Area":200655.366393,"Shape_Leng":1605.70639785,"State":"MD","assigned_to":"maddie","global_rank":463.0,"lat":38.904384017770056,"lon":-76.0179180971718,"n_reserve":20,"n_target":100,"point_id":1064.0,"queue_index":66.0,"rand":0.3005453349489251,"stable_idx":1064.0}},{"type":"Feature","geometry":{"type":"Point","coordinates":[-75.94579131932778,38.851546879691575]},"id":"0000000000000000020e","properties":{"Acres":32.0456404198,"Confidence":"High","County":"Talbot","Digitized_":"USGS","Imagery_In":"NAIP - Maryland, 2011","Relate_Ite":"Maryland\\Talbot","Shape_Area":129627.307043,"Shape_Leng":1288.78807228,"State":"MD","assigned_to":"maddie","global_rank":526.0,"lat":38.851546879691575,"lon":-75.94579131932778,"n_reserve":20,"n_target":100,"point_id":1002.0,"queue_index":75.0,"rand":0.3373917450679972,"stable_idx":1002.0}},{"type":"Feature","geometry":{"type":"Point","coordinates":[-75.96482684120343,38.80669827351673]},"id":"00000000000000000041","properties":{"Acres":79.4222549905,"Confidence":"Low","County":"Talbot","Digitized_":"USGS","Imagery_In":"NAIP - Maryland, 2011","Relate_Ite":"Maryland\\Talbot","Shape_Area":321410.46269,"Shape_Leng":3152.19283286,"State":"MD","assigned_to":"mara","global_rank":65.0,"lat":38.80669827351673,"lon":-75.96482684120343,"n_reserve":20,"n_target":100,"point_id":973.0,"queue_index":9.0,"rand":0.04455101480587964,"stable_idx":973.0}},{"type":"Feature","geometry":{"type":"Point","coordinates":[-75.93240774365253,38.85497859768527]},"id":"000000000000000000aa","properties":{"Acres":58.3345238064,"Confidence":"High","County":"Talbot","Digitized_":"USGS","Imagery_In":"NAIP - Maryland, 2011","Relate_Ite":"Maryland\\Talbot","Shape_Area":235961.69008,"Shape_Leng":1722.23279794,"State":"MD","assigned_to":"mara","global_rank":170.0,"lat":38.85497859768527,"lon":-75.93240774365253,"n_reserve":20,"n_target":100,"point_id":1008.0,"queue_index":24.0,"rand":0.11053340867412675,"stable_idx":1008.0}},{"type":"Feature","geometry":{"type":"Point","coordinates":[-75.95238160087723,38.86634891003222]},"id":"000000000000000000db","properties":{"Acres":177.480929584,"Confidence":"High","County":"Talbot","Digitized_":"USGS","Imagery_In":"NAIP - Maryland, 2011","Relate_Ite":"Maryland\\Talbot","Shape_Area":718124.39879,"Shape_Leng":3462.55088343,"State":"MD","assigned_to":"mara","global_rank":219.0,"lat":38.86634891003222,"lon":-75.95238160087723,"n_reserve":20,"n_target":100,"point_id":1019.0,"queue_index":31.0,"rand":0.14514026272269176,"stable_idx":1019.0}},{"type":"Feature","geometry":{"type":"Point","coordinates":[-76.00856103147794,38.89575954762942]},"id":"00000000000000000128","properties":{"Acres":13.3650602239,"Confidence":"High","County":"Talbot","Digitized_":"USGS","Imagery_In":"NAIP - Maryland, 2011","Relate_Ite":"Maryland\\Talbot","Shape_Area":54034.0968703,"Shape_Leng":824.251003487,"State":"MD","assigned_to":"mara","global_rank":296.0,"lat":38.89575954762942,"lon":-76.00856103147794,"n_reserve":20,"n_target":100,"point_id":1050.0,"queue_index":42.0,"rand":0.19710048151249282,"stable_idx":1050.0}},{"type":"Feature","geometry":{"type":"Point","coordinates":[-75.94289398168924,38.85608152891082]},"id":"0000000000000000013d","properties":{"Acres":126.145256425,"Confidence":"High","County":"Talbot","Digitized_":"USGS","Imagery_In":"NAIP - Maryland, 2011","Relate_Ite":"Maryland\\Talbot","Shape_Area":510348.149123,"Shape_Leng":2542.69058699,"State":"MD","assigned_to":"mara","global_rank":317.0,"lat":38.85608152891082,"lon":-75.94289398168924,"n_reserve":20,"n_target":100,"point_id":1012.0,"queue_index":45.0,"rand":0.2125168331397772,"stable_idx":1012.0}},{"type":"Feature","geometry":{"type":"Point","coordinates":[-75.98813294592088,38.873298185647656]},"id":"000000000000000001ec","properties":{"Acres":38.4959756615,"Confidence":"High","County":"Talbot","Digitized_":"USGS","Imagery_In":"NAIP - Maryland, 2011","Relate_Ite":"Maryland\\Talbot","Shape_Area":155787.686342,"Shape_Leng":1399.38207359,"State":"MD","assigned_to":"mara","global_rank":492.0,"lat":38.873298185647656,"lon":-75.98813294592088,"n_reserve":20,"n_target":100,"point_id":1027.0,"queue_index":70.0,"rand":0.31786719145288267,"stable_idx":1027.0}},{"type":"Feature","geometry":{"type":"Point","coordinates":[-75.9824140877764,38.67656394775147]},"id":"00000000000000000320","properties":{"Acres":16.6227394648,"Confidence":"Low","County":"Talbot","Digitized_":"USGS","Imagery_In":"NAIP - Maryland, 2011","Relate_Ite":"Maryland\\Talbot","Shape_Area":67269.8399615,"Shape_Leng":1071.29074972,"State":"MD","assigned_to":"mara","global_rank":800.0,"lat":38.67656394775147,"lon":-75.9824140877764,"n_reserve":20,"n_target":100,"point_id":716.0,"queue_index":114.0,"rand":0.5214899410604482,"stable_idx":716.0}},{"type":"Feature","geometry":{"type":"Point","coordinates":[-75.97926165983718,38.86383760124482]},"id":"00000000000000000335","properties":{"Acres":56.3907025827,"Confidence":"High","County":"Talbot","Digitized_":"USGS","Imagery_In":"NAIP - Maryland, 2011","Relate_Ite":"Maryland\\Talbot","Shape_Area":228110.592338,"Shape_Leng":2136.68586821,"State":"MD","assigned_to":"mara","global_rank":821.0,"lat":38.86383760124482,"lon":-75.97926165983718,"n_reserve":20,"n_target":100,"point_id":1018.0,"queue_index":117.0,"rand":0.5385387637277321,"stable_idx":1018.0}},{"type":"Feature","geometry":{"type":"Point","coordinates":[-75.98109797925092,38.85187281184199]},"id":"0000000000000000005e","properties":{"Acres":105.825579027,"Confidence":"Low","County":"Talbot","Digitized_":"USGS","Imagery_In":"NAIP - Maryland, 2011","Relate_Ite":"Maryland\\Talbot","Shape_Area":428260.924139,"Shape_Leng":4030.26080611,"State":"MD","assigned_to":"mike","global_rank":94.0,"lat":38.85187281184199,"lon":-75.98109797925092,"n_reserve":20,"n_target":100,"point_id":1003.0,"queue_index":13.0,"rand":0.06027467413456933,"stable_idx":1003.0}},{"type":"Feature","geometry":{"type":"Point","coordinates":[-75.98404147892818,38.878412828134444]},"id":"000000000000000000dc","properties":{"Acres":55.5438541817,"Confidence":"High","County":"Talbot","Digitized_":"USGS","Imagery_In":"NAIP - Maryland, 2011","Relate_Ite":"Maryland\\Talbot","Shape_Area":224778.00302,"Shape_Leng":1927.02596636,"State":"MD","assigned_to":"mike","global_rank":220.0,"lat":38.878412828134444,"lon":-75.98404147892818,"n_reserve":20,"n_target":100,"point_id":1038.0,"queue_index":31.0,"rand":0.1457291209977074,"stable_idx":1038.0}},{"type":"Feature","geometry":{"type":"Point","coordinates":[-76.04505784273185,38.92442630138677]},"id":"0000000000000000017d","properties":{"Acres":44.1928887899,"Confidence":"High","County":"Talbot","Digitized_":"USGS","Imagery_In":"NAIP - Maryland, 2011","Relate_Ite":"Maryland\\Talbot","Shape_Area":178842.275824,"Shape_Leng":1731.46191597,"State":"MD","assigned_to":"mike","global_rank":381.0,"lat":38.92442630138677,"lon":-76.04505784273185,"n_reserve":20,"n_target":100,"point_id":1100.0,"queue_index":54.0,"rand":0.25224627865583515,"stable_idx":1100.0}},{"type":"Feature","geometry":{"type":"Point","coordinates":[-75.9916039833686,38.653246339298974]},"id":"000000000000000002aa","properties":{"Acres":38.9822590043,"Confidence":"High","County":"Talbot","Digitized_":"USGS","Imagery_In":"NAIP - Maryland, 2011","Relate_Ite":"Maryland\\Talbot","Shape_Area":157713.208186,"Shape_Leng":1627.22067511,"State":"MD","assigned_to":"mike","global_rank":682.0,"lat":38.653246339298974,"lon":-75.9916039833686,"n_reserve":20,"n_target":100,"point_id":663.0,"queue_index":97.0,"rand":0.4363782281017631,"stable_idx":663.0}},{"type":"Feature","geometry":{"type":"Point","coordinates":[-76.03931913951648,38.9266994387265]},"id":"00000000000000000313","properties":{"Acres":100.638613524,"Confidence":"High","County":"Talbot","Digitized_":"USGS","Imagery_In":"NAIP - Maryland, 2011","Relate_Ite":"Maryland\\Talbot","Shape_Area":407270.019479,"Shape_Leng":2906.88203979,"State":"MD","assigned_to":"mike","global_rank":787.0,"lat":38.9266994387265,"lon":-76.03931913951648,"n_reserve":20,"n_target":100,"point_id":1107.0,"queue_index":112.0,"rand":0.5092573263515194,"stable_idx":1107.0}},{"type":"Feature","geometry":{"type":"Point","coordinates":[-76.00348147634384,38.879592284475855]},"id":"00000000000000000035","properties":{"Acres":27.7713598932,"Confidence":"High","County":"Talbot","Digitized_":"USGS","Imagery_In":"NAIP - Maryland, 2011","Relate_Ite":"Maryland\\Talbot","Shape_Area":112316.415185,"Shape_Leng":1507.78822642,"State":"MD","assigned_to":"sienna","global_rank":53.0,"lat":38.879592284475855,"lon":-76.00348147634384,"n_reserve":20,"n_target":100,"point_id":1039.0,"queue_index":7.0,"rand":0.035475400307067306,"stable_idx":1039.0}},{"type":"Feature","geometry":{"type":"Point","coordinates":[-75.94813140712736,38.828493498357005]},"id":"000000000000000001d2","properties":{"Acres":200.875924576,"Confidence":"High","County":"Talbot","Digitized_":"USGS","Imagery_In":"NAIP - Maryland, 2011","Relate_Ite":"Maryland\\Talbot","Shape_Area":812916.025474,"Shape_Leng":4152.07031545,"State":"MD","assigned_to":"sienna","global_rank":466.0,"lat":38.828493498357005,"lon":-75.94813140712736,"n_reserve":20,"n_target":100,"point_id":986.0,"queue_index":66.0,"rand":0.30211572783898444,"stable_idx":986.0}},{"type":"Feature","geometry":{"type":"Point","coordinates":[-75.98654250675298,38.67784998589818]},"id":"00000000000000000013","properties":{"Acres":17.1854978401,"Confidence":"Low","County":"Talbot","Digitized_":"USGS","Imagery_In":"NAIP - Maryland, 2011","Relate_Ite":"Maryland\\Talbot","Shape_Area":69547.2423066,"Shape_Leng":1121.1881515,"State":"MD","assigned_to":"taryn","global_rank":19.0,"lat":38.67784998589818,"lon":-75.98654250675298,"n_reserve":20,"n_target":100,"point_id":720.0,"queue_index":2.0,"rand":0.012291738551252207,"stable_idx":720.0}},{"type":"Feature","geometry":{"type":"Point","coordinates":[-75.9739570321068,38.86222772590314]},"id":"0000000000000000006e","properties":{"Acres":18.8692574192,"Confidence":"High","County":"Talbot","Digitized_":"USGS","Imagery_In":"NAIP - Maryland, 2011","Relate_Ite":"Maryland\\Talbot","Shape_Area":76298.7260786,"Shape_Leng":979.416590299,"State":"MD","assigned_to":"taryn","global_rank":110.0,"lat":38.86222772590314,"lon":-75.9739570321068,"n_reserve":20,"n_target":100,"point_id":1017.0,"queue_index":15.0,"rand":0.0693048759479814,"stable_idx":1017.0}},{"type":"Feature","geometry":{"type":"Point","coordinates":[-76.03522763764046,38.92845333730945]},"id":"00000000000000000124","properties":{"Acres":22.4412511846,"Confidence":"High","County":"Talbot","Digitized_":"USGS","Imagery_In":"NAIP - Maryland, 2011","Relate_Ite":"Maryland\\Talbot","Shape_Area":90816.5214834,"Shape_Leng":1307.8357171,"State":"MD","assigned_to":"taryn","global_rank":292.0,"lat":38.92845333730945,"lon":-76.03522763764046,"n_reserve":20,"n_target":100,"point_id":1109.0,"queue_index":41.0,"rand":0.1938100171360485,"stable_idx":1109.0}},{"type":"Feature","geometry":{"type":"Point","coordinates":[-75.98570430795077,38.80099046541904]},"id":"0000000000000000017f","properties":{"Acres":149.863661393,"Confidence":"Low","County":"Talbot","Digitized_":"USGS","Imagery_In":"NAIP - Maryland, 2011","Relate_Ite":"Maryland\\Talbot","Shape_Area":606476.720594,"Shape_Leng":5206.85761257,"State":"MD","assigned_to":"taryn","global_rank":383.0,"lat":38.80099046541904,"lon":-75.98570430795077,"n_reserve":20,"n_target":100,"point_id":970.0,"queue_index":54.0,"rand":0.2546163717871144,"stable_idx":970.0}},{"type":"Feature","geometry":{"type":"Point","coordinates":[-75.95723267234642,38.85063966125314]},"id":"0000000000000000019b","properties":{"Acres":67.6667201358,"Confidence":"High","County":"Talbot","Digitized_":"USGS","Imagery_In":"NAIP - Maryland, 2011","Relate_Ite":"Maryland\\Talbot","Shape_Area":273770.757446,"Shape_Leng":2194.96214953,"State":"MD","assigned_to":"taryn","global_rank":411.0,"lat":38.85063966125314,"lon":-75.95723267234642,"n_reserve":20,"n_target":100,"point_id":1000.0,"queue_index":58.0,"rand":0.27187318904734137,"stable_idx":1000.0}},{"type":"Feature","geometry":{"type":"Point","coordinates":[-76.0253985846362,38.90900912711408]},"id":"000000000000000001b0","properties":{"Acres":168.257621056,"Confidence":"High","County":"Talbot","Digitized_":"USGS","Imagery_In":"NAIP - Maryland, 2011","Relate_Ite":"Maryland\\Talbot","Shape_Area":680755.933368,"Shape_Leng":3557.80837801,"State":"MD","assigned_to":"taryn","global_rank":432.0,"lat":38.90900912711408,"lon":-76.0253985846362,"n_reserve":20,"n_target":100,"point_id":1072.0,"queue_index":61.0,"rand":0.2834079878391107,"stable_idx":1072.0}},{"type":"Feature","geometry":{"type":"Point","coordinates":[-76.00104694675866,38.883059803290095]},"id":"000000000000000001cc","properties":{"Acres":12.8214026519,"Confidence":"High","County":"Talbot","Digitized_":"USGS","Imagery_In":"NAIP - Maryland, 2011","Relate_Ite":"Maryland\\Talbot","Shape_Area":51834.1187284,"Shape_Leng":807.293282234,"State":"MD","assigned_to":"taryn","global_rank":460.0,"lat":38.883059803290095,"lon":-76.00104694675866,"n_reserve":20,"n_target":100,"point_id":1042.0,"queue_index":65.0,"rand":0.29970485594280305,"stable_idx":1042.0}},{"type":"Feature","geometry":{"type":"Point","coordinates":[-75.95336952227576,38.854657640459294]},"id":"00000000000000000220","properties":{"Acres":35.934664952,"Confidence":"High","County":"Talbot","Digitized_":"USGS","Imagery_In":"NAIP - Maryland, 2011","Relate_Ite":"Maryland\\Talbot","Shape_Area":145379.667257,"Shape_Leng":1523.02247191,"State":"MD","assigned_to":"taryn","global_rank":544.0,"lat":38.854657640459294,"lon":-75.95336952227576,"n_reserve":20,"n_target":100,"point_id":1007.0,"queue_index":77.0,"rand":0.35305422206846926,"stable_idx":1007.0}},{"type":"Feature","geometry":{"type":"Point","coordinates":[-76.03353296684712,38.90694421708775]},"id":"000000000000000001db","properties":{"Acres":112.939505296,"Confidence":"High","County":"Talbot","Digitized_":"USGS","Imagery_In":"NAIP - Maryland, 2011","Relate_Ite":"Maryland\\Talbot","Shape_Area":456950.388386,"Shape_Leng":2938.94513972,"State":"MD","assigned_to":"tien","global_rank":475.0,"lat":38.90694421708775,"lon":-76.03353296684712,"n_reserve":20,"n_target":100,"point_id":1067.0,"queue_index":67.0,"rand":0.3086895816073779,"stable_idx":1067.0}},{"type":"Feature","geometry":{"type":"Point","coordinates":[-76.01497477524855,38.917147681550794]},"id":"00000000000000000244","properties":{"Acres":32.5139513592,"Confidence":"High","County":"Talbot","Digitized_":"USGS","Imagery_In":"NAIP - Maryland, 2011","Relate_Ite":"Maryland\\Talbot","Shape_Area":131497.746929,"Shape_Leng":1285.8056004,"State":"MD","assigned_to":"tien","global_rank":580.0,"lat":38.917147681550794,"lon":-76.01497477524855,"n_reserve":20,"n_target":100,"point_id":1086.0,"queue_index":82.0,"rand":0.37430981515904393,"stable_idx":1086.0}},{"type":"Feature","geometry":{"type":"Point","coordinates":[-75.99217395438743,38.8846293506668]},"id":"00000000000000000252","properties":{"Acres":59.9754625698,"Confidence":"High","County":"Talbot","Digitized_":"USGS","Imagery_In":"NAIP - Maryland, 2011","Relate_Ite":"Maryland\\Talbot","Shape_Area":242603.019903,"Shape_Leng":1746.59811512,"State":"MD","assigned_to":"tien","global_rank":594.0,"lat":38.8846293506668,"lon":-75.99217395438743,"n_reserve":20,"n_target":100,"point_id":1045.0,"queue_index":84.0,"rand":0.3798509354820194,"stable_idx":1045.0}},{"type":"Feature","geometry":{"type":"Point","coordinates":[-75.97342401574606,38.84834378838724]},"id":"000000000000000002d0","properties":{"Acres":39.374235281,"Confidence":"Low","County":"Talbot","Digitized_":"USGS","Imagery_In":"NAIP - Maryland, 2011","Relate_Ite":"Maryland\\Talbot","Shape_Area":159341.876925,"Shape_Leng":2341.17396362,"State":"MD","assigned_to":"tien","global_rank":720.0,"lat":38.84834378838724,"lon":-75.97342401574606,"n_reserve":20,"n_target":100,"point_id":996.0,"queue_index":102.0,"rand":0.4596609179219735,"stable_idx":996.0}},{"type":"Feature","geometry":{"type":"Point","coordinates":[-75.9828221603377,38.82000331901919]},"id":"00000000000000000347","properties":{"Acres":6.43077110948,"Confidence":"Low","County":"Talbot","Digitized_":"USGS","Imagery_In":"NAIP - Maryland, 2011","Relate_Ite":"Maryland\\Talbot","Shape_Area":25988.9974204,"Shape_Leng":571.819947209,"State":"MD","assigned_to":"tien","global_rank":839.0,"lat":38.82000331901919,"lon":-75.9828221603377,"n_reserve":20,"n_target":100,"point_id":983.0,"queue_index":119.0,"rand":0.552048857885908,"stable_idx":983.0}},{"type":"Feature","geometry":{"type":"Point","coordinates":[-75.57792765287549,38.315460291602015]},"id":"0000000000000000000e","properties":{"Acres":90.743313876,"Confidence":"High","County":"Wicomico","Digitized_":"USGS","Imagery_In":"NAIP - Maryland, 2011","Relate_Ite":"Maryland\\Wicomico","Shape_Area":367085.08733,"Shape_Leng":2147.98340414,"State":"MD","assigned_to":"ayush","global_rank":14.0,"lat":38.315460291602015,"lon":-75.57792765287549,"n_reserve":20,"n_target":100,"point_id":75.0,"queue_index":2.0,"rand":0.009926726045238254,"stable_idx":75.0}},{"type":"Feature","geometry":{"type":"Point","coordinates":[-75.38309989943704,38.33088011595635]},"id":"00000000000000000038","properties":{"Acres":54.4373839435,"Confidence":"High","County":"Wicomico","Digitized_":"USGS","Imagery_In":"NAIP - Maryland, 2011","Relate_Ite":"Maryland\\Wicomico","Shape_Area":220191.282857,"Shape_Leng":1663.64421442,"State":"MD","assigned_to":"ayush","global_rank":56.0,"lat":38.33088011595635,"lon":-75.38309989943704,"n_reserve":20,"n_target":100,"point_id":79.0,"queue_index":8.0,"rand":0.038449395496067296,"stable_idx":79.0}},{"type":"Feature","geometry":{"type":"Point","coordinates":[-75.3845341449841,38.39210440033097]},"id":"00000000000000000085","properties":{"Acres":50.6803675348,"Confidence":"High","County":"Wicomico","Digitized_":"USGS","Imagery_In":"NAIP - Maryland, 2011","Relate_Ite":"Maryland\\Wicomico","Shape_Area":205036.075104,"Shape_Leng":1841.19446872,"State":"MD","assigned_to":"ayush","global_rank":133.0,"lat":38.39210440033097,"lon":-75.3845341449841,"n_reserve":20,"n_target":100,"point_id":126.0,"queue_index":19.0,"rand":0.08491694721973975,"stable_idx":126.0}},{"type":"Feature","geometry":{"type":"Point","coordinates":[-75.60335480450264,38.45315351725262]},"id":"000000000000000000d9","properties":{"Acres":158.245305787,"Confidence":"High","County":"Wicomico","Digitized_":"USGS","Imagery_In":"NAIP - Maryland, 2011","Relate_Ite":"Maryland\\Wicomico","Shape_Area":640305.555628,"Shape_Leng":3977.49559522,"State":"MD","assigned_to":"ayush","global_rank":217.0,"lat":38.45315351725262,"lon":-75.60335480450264,"n_reserve":20,"n_target":100,"point_id":261.0,"queue_index":31.0,"rand":0.14407720465245122,"stable_idx":261.0}},{"type":"Feature","geometry":{"type":"Point","coordinates":[-75.66938292369997,38.363438356432304]},"id":"000000000000000000ee","properties":{"Acres":46.4290549663,"Confidence":"High","County":"Wicomico","Digitized_":"USGS","Imagery_In":"NAIP - Maryland, 2011","Relate_Ite":"Maryland\\Wicomico","Shape_Area":187792.497129,"Shape_Leng":1536.44393688,"State":"MD","assigned_to":"ayush","global_rank":238.0,"lat":38.363438356432304,"lon":-75.66938292369997,"n_reserve":20,"n_target":100,"point_id":93.0,"queue_index":34.0,"rand":0.1586927335622862,"stable_idx":93.0}},{"type":"Feature","geometry":{"type":"Point","coordinates":[-75.71646223895627,38.53103410133187]},"id":"00000000000000000118","properties":{"Acres":31.565054457,"Confidence":"High","County":"Wicomico","Digitized_":"USGS","Imagery_In":"NAIP - Maryland, 2011","Relate_Ite":"Maryland\\Wicomico","Shape_Area":127682.565007,"Shape_Leng":1570.80932526,"State":"MD","assigned_to":"ayush","global_rank":280.0,"lat":38.53103410133187,"lon":-75.71646223895627,"n_reserve":20,"n_target":100,"point_id":347.0,"queue_index":40.0,"rand":0.18399371017792743,"stable_idx":347.0}},{"type":"Feature","geometry":{"type":"Point","coordinates":[-75.5556559588966,38.40980878557335]},"id":"000000000000000001a4","properties":{"Acres":26.9225540137,"Confidence":"High","County":"Wicomico","Digitized_":"USGS","Imagery_In":"NAIP - Maryland, 2011","Relate_Ite":"Maryland\\Wicomico","Shape_Area":108897.855867,"Shape_Leng":1388.35919216,"State":"MD","assigned_to":"ayush","global_rank":420.0,"lat":38.40980878557335,"lon":-75.5556559588966,"n_reserve":20,"n_target":100,"point_id":146.0,"queue_index":60.0,"rand":0.27693200256445216,"stable_idx":146.0}},{"type":"Feature","geometry":{"type":"Point","coordinates":[-75.76726474631812,38.40897184322163]},"id":"000000000000000001b2","properties":{"Acres":32.1101632791,"Confidence":"High","County":"Wicomico","Digitized_":"USGS","Imagery_In":"NAIP - Maryland, 2011","Relate_Ite":"Maryland\\Wicomico","Shape_Area":129862.391904,"Shape_Leng":1277.6721383,"State":"MD","assigned_to":"ayush","global_rank":434.0,"lat":38.40897184322163,"lon":-75.76726474631812,"n_reserve":20,"n_target":100,"point_id":144.0,"queue_index":62.0,"rand":0.2838586249760128,"stable_idx":144.0}},{"type":"Feature","geometry":{"type":"Point","coordinates":[-75.66054881540514,38.37310971900941]},"id":"000000000000000001b9","properties":{"Acres":30.4679602716,"Confidence":"High","County":"Wicomico","Digitized_":"USGS","Imagery_In":"NAIP - Maryland, 2011","Relate_Ite":"Maryland\\Wicomico","Shape_Area":123299.460703,"Shape_Leng":1689.49766251,"State":"MD","assigned_to":"ayush","global_rank":441.0,"lat":38.37310971900941,"lon":-75.66054881540514,"n_reserve":20,"n_target":100,"point_id":103.0,"queue_index":63.0,"rand":0.28725073062993156,"stable_idx":103.0}},{"type":"Feature","geometry":{"type":"Point","coordinates":[-75.66071061343672,38.43727259474335]},"id":"000000000000000001f1","properties":{"Acres":70.0618642502,"Confidence":"High","County":"Wicomico","Digitized_":"USGS","Imagery_In":"NAIP - Maryland, 2011","Relate_Ite":"Maryland\\Wicomico","Shape_Area":283456.252216,"Shape_Leng":1930.87492975,"State":"MD","assigned_to":"ayush","global_rank":497.0,"lat":38.43727259474335,"lon":-75.66071061343672,"n_reserve":20,"n_target":100,"point_id":201.0,"queue_index":71.0,"rand":0.3219984706885326,"stable_idx":201.0}},{"type":"Feature","geometry":{"type":"Point","coordinates":[-75.65011520449184,38.44348377314341]},"id":"00000000000000000229","properties":{"Acres":78.6714534543,"Confidence":"High","County":"Wicomico","Digitized_":"USGS","Imagery_In":"NAIP - Maryland, 2011","Relate_Ite":"Maryland\\Wicomico","Shape_Area":318246.038195,"Shape_Leng":2071.37968548,"State":"MD","assigned_to":"ayush","global_rank":553.0,"lat":38.44348377314341,"lon":-75.65011520449184,"n_reserve":20,"n_target":100,"point_id":225.0,"queue_index":79.0,"rand":0.3562172752542224,"stable_idx":225.0}},{"type":"Feature","geometry":{"type":"Point","coordinates":[-75.62189542900329,38.45497767409714]},"id":"00000000000000000245","properties":{"Acres":34.6729138431,"Confidence":"High","County":"Wicomico","Digitized_":"USGS","Imagery_In":"NAIP - Maryland, 2011","Relate_Ite":"Maryland\\Wicomico","Shape_Area":140241.461742,"Shape_Leng":1670.00722537,"State":"MD","assigned_to":"ayush","global_rank":581.0,"lat":38.45497767409714,"lon":-75.62189542900329,"n_reserve":20,"n_target":100,"point_id":263.0,"queue_index":83.0,"rand":0.37505452249003546,"stable_idx":263.0}},{"type":"Feature","geometry":{"type":"Point","coordinates":[-75.38023065749285,38.34178067230921]},"id":"0000000000000000025a","properties":{"Acres":54.6664198888,"Confidence":"High","County":"Wicomico","Digitized_":"USGS","Imagery_In":"NAIP - Maryland, 2011","Relate_Ite":"Maryland\\Wicomico","Shape_Area":221143.452972,"Shape_Leng":1971.62674031,"State":"MD","assigned_to":"ayush","global_rank":602.0,"lat":38.34178067230921,"lon":-75.38023065749285,"n_reserve":20,"n_target":100,"point_id":84.0,"queue_index":86.0,"rand":0.38323720705161146,"stable_idx":84.0}},{"type":"Feature","geometry":{"type":"Point","coordinates":[-75.73759371684693,38.28848033682007]},"id":"0000000000000000026f","properties":{"Acres":16.9197832428,"Confidence":"High","County":"Wicomico","Digitized_":"USGS","Imagery_In":"NAIP - Maryland, 2011","Relate_Ite":"Maryland\\Wicomico","Shape_Area":68412.1169756,"Shape_Leng":927.413461222,"State":"MD","assigned_to":"ayush","global_rank":623.0,"lat":38.28848033682007,"lon":-75.73759371684693,"n_reserve":20,"n_target":100,"point_id":62.0,"queue_index":89.0,"rand":0.40034834809054,"stable_idx":62.0}},{"type":"Feature","geometry":{"type":"Point","coordinates":[-75.46154509182905,38.442348622933835]},"id":"00000000000000000284","properties":{"Acres":58.6729628617,"Confidence":"High","County":"Wicomico","Digitized_":"USGS","Imagery_In":"NAIP - Maryland, 2011","Relate_Ite":"Maryland\\Wicomico","Shape_Area":237369.887157,"Shape_Leng":2108.87029352,"State":"MD","assigned_to":"ayush","global_rank":644.0,"lat":38.442348622933835,"lon":-75.46154509182905,"n_reserve":20,"n_target":100,"point_id":218.0,"queue_index":92.0,"rand":0.4135331761941521,"stable_idx":218.0}},{"type":"Feature","geometry":{"type":"Point","coordinates":[-75.62675681477677,38.4552732563814]},"id":"0000000000000000028b","properties":{"Acres":47.6852075472,"Confidence":"High","County":"Wicomico","Digitized_":"USGS","Imagery_In":"NAIP - Maryland, 2011","Relate_Ite":"Maryland\\Wicomico","Shape_Area":192879.841465,"Shape_Leng":1975.46475857,"State":"MD","assigned_to":"ayush","global_rank":651.0,"lat":38.4552732563814,"lon":-75.62675681477677,"n_reserve":20,"n_target":100,"point_id":264.0,"queue_index":93.0,"rand":0.41654443085630644,"stable_idx":264.0}},{"type":"Feature","geometry":{"type":"Point","coordinates":[-75.69102964052249,38.44793137584354]},"id":"000000000000000002d1","properties":{"Acres":54.0803487711,"Confidence":"High","County":"Wicomico","Digitized_":"USGS","Imagery_In":"NAIP - Maryland, 2011","Relate_Ite":"Maryland\\Wicomico","Shape_Area":218779.301445,"Shape_Leng":1911.78644322,"State":"MD","assigned_to":"ayush","global_rank":721.0,"lat":38.44793137584354,"lon":-75.69102964052249,"n_reserve":20,"n_target":100,"point_id":245.0,"queue_index":103.0,"rand":0.46105437426876705,"stable_idx":245.0}},{"type":"Feature","geometry":{"type":"Point","coordinates":[-75.6697531107655,38.43789036217752]},"id":"000000000000000002d8","properties":{"Acres":61.2500158608,"Confidence":"High","County":"Wicomico","Digitized_":"USGS","Imagery_In":"NAIP - Maryland, 2011","Relate_Ite":"Maryland\\Wicomico","Shape_Area":247788.614518,"Shape_Leng":2114.6775476,"State":"MD","assigned_to":"ayush","global_rank":728.0,"lat":38.43789036217752,"lon":-75.6697531107655,"n_reserve":20,"n_target":100,"point_id":203.0,"queue_index":104.0,"rand":0.46811277036470766,"stable_idx":203.0}},{"type":"Feature","geometry":{"type":"Point","coordinates":[-75.37090306633816,38.449560657939486]},"id":"00000000000000000333","properties":{"Acres":29.7201475898,"Confidence":"High","County":"Wicomico","Digitized_":"USGS","Imagery_In":"NAIP - Maryland, 2011","Relate_Ite":"Maryland\\Wicomico","Shape_Area":120192.334792,"Shape_Leng":1229.18688856,"State":"MD","assigned_to":"ayush","global_rank":819.0,"lat":38.449560657939486,"lon":-75.37090306633816,"n_reserve":20,"n_target":100,"point_id":249.0,"queue_index":117.0,"rand":0.5380924140757354,"stable_idx":249.0}},{"type":"Feature","geometry":{"type":"Point","coordinates":[-75.62944231442577,38.422373549384126]},"id":"00000000000000000071","properties":{"Acres":13.0699090029,"Confidence":"High","County":"Wicomico","Digitized_":"USGS","Imagery_In":"NAIP - Maryland, 2011","Relate_Ite":"Maryland\\Wicomico","Shape_Area":52839.2428672,"Shape_Leng":815.071677743,"State":"MD","assigned_to":"maddie","global_rank":113.0,"lat":38.422373549384126,"lon":-75.62944231442577,"n_reserve":20,"n_target":100,"point_id":172.0,"queue_index":16.0,"rand":0.0725160934772261,"stable_idx":172.0}},{"type":"Feature","geometry":{"type":"Point","coordinates":[-75.64575210428495,38.43263047653392]},"id":"000000000000000000b0","properties":{"Acres":21.304921232,"Confidence":"High","County":"Wicomico","Digitized_":"USGS","Imagery_In":"NAIP - Maryland, 2011","Relate_Ite":"Maryland\\Wicomico","Shape_Area":86150.0047559,"Shape_Leng":1040.69123028,"State":"MD","assigned_to":"maddie","global_rank":176.0,"lat":38.43263047653392,"lon":-75.64575210428495,"n_reserve":20,"n_target":100,"point_id":189.0,"queue_index":25.0,"rand":0.11438981898942202,"stable_idx":189.0}},{"type":"Feature","geometry":{"type":"Point","coordinates":[-75.35223794352072,38.43158199104169]},"id":"000000000000000000ef","properties":{"Acres":27.9318330733,"Confidence":"High","County":"Wicomico","Digitized_":"USGS","Imagery_In":"NAIP - Maryland, 2011","Relate_Ite":"Maryland\\Wicomico","Shape_Area":112983.423604,"Shape_Leng":1359.35780874,"State":"MD","assigned_to":"maddie","global_rank":239.0,"lat":38.43158199104169,"lon":-75.35223794352072,"n_reserve":20,"n_target":100,"point_id":187.0,"queue_index":34.0,"rand":0.1591338795695031,"stable_idx":187.0}},{"type":"Feature","geometry":{"type":"Point","coordinates":[-75.71639702496954,38.45998477093072]},"id":"000000000000000000fd","properties":{"Acres":69.2515317739,"Confidence":"High","County":"Wicomico","Digitized_":"USGS","Imagery_In":"NAIP - Maryland, 2011","Relate_Ite":"Maryland\\Wicomico","Shape_Area":280129.869651,"Shape_Leng":1876.44555322,"State":"MD","assigned_to":"maddie","global_rank":253.0,"lat":38.45998477093072,"lon":-75.71639702496954,"n_reserve":20,"n_target":100,"point_id":266.0,"queue_index":36.0,"rand":0.16853149145219448,"stable_idx":266.0}},{"type":"Feature","geometry":{"type":"Point","coordinates":[-75.37269930383381,38.43502678754546]},"id":"00000000000000000127","properties":{"Acres":77.4408238277,"Confidence":"High","County":"Wicomico","Digitized_":"USGS","Imagery_In":"NAIP - Maryland, 2011","Relate_Ite":"Maryland\\Wicomico","Shape_Area":313283.329009,"Shape_Leng":2040.31623175,"State":"MD","assigned_to":"maddie","global_rank":295.0,"lat":38.43502678754546,"lon":-75.37269930383381,"n_reserve":20,"n_target":100,"point_id":196.0,"queue_index":42.0,"rand":0.19694742031207202,"stable_idx":196.0}},{"type":"Feature","geometry":{"type":"Point","coordinates":[-75.53480901951154,38.38459490184115]},"id":"00000000000000000135","properties":{"Acres":35.6793407239,"Confidence":"Low","County":"Wicomico","Digitized_":"USGS","Imagery_In":"NAIP - Maryland, 2011","Relate_Ite":"Maryland\\Wicomico","Shape_Area":144319.168531,"Shape_Leng":1353.30425869,"State":"MD","assigned_to":"maddie","global_rank":309.0,"lat":38.38459490184115,"lon":-75.53480901951154,"n_reserve":20,"n_target":100,"point_id":114.0,"queue_index":44.0,"rand":0.20828352498064095,"stable_idx":114.0}},{"type":"Feature","geometry":{"type":"Point","coordinates":[-75.55348378450151,38.338068779393964]},"id":"00000000000000000166","properties":{"Acres":10.6196633905,"Confidence":"High","County":"Wicomico","Digitized_":"USGS","Imagery_In":"NAIP - Maryland, 2011","Relate_Ite":"Maryland\\Wicomico","Shape_Area":42943.0291894,"Shape_Leng":852.132327423,"State":"MD","assigned_to":"maddie","global_rank":358.0,"lat":38.338068779393964,"lon":-75.55348378450151,"n_reserve":20,"n_target":100,"point_id":82.0,"queue_index":51.0,"rand":0.2336160938504389,"stable_idx":82.0}},{"type":"Feature","geometry":{"type":"Point","coordinates":[-75.72136149272717,38.44294019305407]},"id":"00000000000000000197","properties":{"Acres":48.5373272939,"Confidence":"High","County":"Wicomico","Digitized_":"USGS","Imagery_In":"NAIP - Maryland, 2011","Relate_Ite":"Maryland\\Wicomico","Shape_Area":196341.780474,"Shape_Leng":1876.76319332,"State":"MD","assigned_to":"maddie","global_rank":407.0,"lat":38.44294019305407,"lon":-75.72136149272717,"n_reserve":20,"n_target":100,"point_id":221.0,"queue_index":58.0,"rand":0.26710882820512083,"stable_idx":221.0}},{"type":"Feature","geometry":{"type":"Point","coordinates":[-75.67104342787245,38.36610050614212]},"id":"000000000000000001a5","properties":{"Acres":4.3701879247,"Confidence":"High","County":"Wicomico","Digitized_":"USGS","Imagery_In":"NAIP - Maryland, 2011","Relate_Ite":"Maryland\\Wicomico","Shape_Area":17665.6906582,"Shape_Leng":499.953810877,"State":"MD","assigned_to":"maddie","global_rank":421.0,"lat":38.36610050614212,"lon":-75.67104342787245,"n_reserve":20,"n_target":100,"point_id":95.0,"queue_index":60.0,"rand":0.2778639646785269,"stable_idx":95.0}},{"type":"Feature","geometry":{"type":"Point","coordinates":[-75.54531093038375,38.39944337698354]},"id":"000000000000000001c8","properties":{"Acres":5.73584223775,"Confidence":"High","County":"Wicomico","Digitized_":"USGS","Imagery_In":"NAIP - Maryland, 2011","Relate_Ite":"Maryland\\Wicomico","Shape_Area":23178.8115909,"Shape_Leng":540.056532277,"State":"MD","assigned_to":"maddie","global_rank":456.0,"lat":38.39944337698354,"lon":-75.54531093038375,"n_reserve":20,"n_target":100,"point_id":134.0,"queue_index":65.0,"rand":0.2959768434281187,"stable_idx":134.0}},{"type":"Feature","geometry":{"type":"Point","coordinates":[-75.6506322792149,38.4328580833043]},"id":"000000000000000001d6","properties":{"Acres":22.5102292651,"Confidence":"High","County":"Wicomico","Digitized_":"USGS","Imagery_In":"NAIP - Maryland, 2011","Relate_Ite":"Maryland\\Wicomico","Shape_Area":91026.2516245,"Shape_Leng":1069.73862504,"State":"MD","assigned_to":"maddie","global_rank":470.0,"lat":38.4328580833043,"lon":-75.6506322792149,"n_reserve":20,"n_target":100,"point_id":190.0,"queue_index":67.0,"rand":0.3041856066087246,"stable_idx":190.0}},{"type":"Feature","geometry":{"type":"Point","coordinates":[-75.70414648672353,38.50671499865915]},"id":"00000000000000000254","properties":{"Acres":48.044257187,"Confidence":"High","County":"Wicomico","Digitized_":"USGS","Imagery_In":"NAIP - Maryland, 2011","Relate_Ite":"Maryland\\Wicomico","Shape_Area":194353.685478,"Shape_Leng":1845.9403146,"State":"MD","assigned_to":"maddie","global_rank":596.0,"lat":38.50671499865915,"lon":-75.70414648672353,"n_reserve":20,"n_target":100,"point_id":297.0,"queue_index":85.0,"rand":0.38186700864255785,"stable_idx":297.0}},{"type":"Feature","geometry":{"type":"Point","coordinates":[-75.7240326408197,38.44923561037947]},"id":"00000000000000000270","properties":{"Acres":53.7295001712,"Confidence":"High","County":"Wicomico","Digitized_":"USGS","Imagery_In":"NAIP - Maryland, 2011","Relate_Ite":"Maryland\\Wicomico","Shape_Area":217344.710249,"Shape_Leng":1663.35253664,"State":"MD","assigned_to":"maddie","global_rank":624.0,"lat":38.44923561037947,"lon":-75.7240326408197,"n_reserve":20,"n_target":100,"point_id":248.0,"queue_index":89.0,"rand":0.401230982883623,"stable_idx":248.0}},{"type":"Feature","geometry":{"type":"Point","coordinates":[-75.71567545300834,38.48612627541299]},"id":"000000000000000002af","properties":{"Acres":32.0558227879,"Confidence":"High","County":"Wicomico","Digitized_":"USGS","Imagery_In":"NAIP - Maryland, 2011","Relate_Ite":"Maryland\\Wicomico","Shape_Area":129676.541722,"Shape_Leng":1442.90343111,"State":"MD","assigned_to":"maddie","global_rank":687.0,"lat":38.48612627541299,"lon":-75.71567545300834,"n_reserve":20,"n_target":100,"point_id":283.0,"queue_index":98.0,"rand":0.4388549366063389,"stable_idx":283.0}},{"type":"Feature","geometry":{"type":"Point","coordinates":[-75.54973796554266,38.33632231189001]},"id":"000000000000000002f5","properties":{"Acres":43.843321177,"Confidence":"High","County":"Wicomico","Digitized_":"USGS","Imagery_In":"NAIP - Maryland, 2011","Relate_Ite":"Maryland\\Wicomico","Shape_Area":177366.065626,"Shape_Leng":1678.43450735,"State":"MD","assigned_to":"maddie","global_rank":757.0,"lat":38.33632231189001,"lon":-75.54973796554266,"n_reserve":20,"n_target":100,"point_id":81.0,"queue_index":108.0,"rand":0.4906756307471418,"stable_idx":81.0}},{"type":"Feature","geometry":{"type":"Point","coordinates":[-75.70723416298078,38.42524725595014]},"id":"000000000000000002fc","properties":{"Acres":122.354373727,"Confidence":"High","County":"Wicomico","Digitized_":"USGS","Imagery_In":"NAIP - Maryland, 2011","Relate_Ite":"Maryland\\Wicomico","Shape_Area":495055.781696,"Shape_Leng":2579.44464607,"State":"MD","assigned_to":"maddie","global_rank":764.0,"lat":38.42524725595014,"lon":-75.70723416298078,"n_reserve":20,"n_target":100,"point_id":177.0,"queue_index":109.0,"rand":0.4946082208375002,"stable_idx":177.0}},{"type":"Feature","geometry":{"type":"Point","coordinates":[-75.62203561567213,38.44303447450777]},"id":"0000000000000000001e","properties":{"Acres":18.5090401929,"Confidence":"High","County":"Wicomico","Digitized_":"USGS","Imagery_In":"NAIP - Maryland, 2011","Relate_Ite":"Maryland\\Wicomico","Shape_Area":74841.8188955,"Shape_Leng":970.09791691,"State":"MD","assigned_to":"mara","global_rank":30.0,"lat":38.44303447450777,"lon":-75.62203561567213,"n_reserve":20,"n_target":100,"point_id":222.0,"queue_index":4.0,"rand":0.018169299902337732,"stable_idx":222.0}},{"type":"Feature","geometry":{"type":"Point","coordinates":[-75.63606754791626,38.44598673397434]},"id":"00000000000000000056","properties":{"Acres":95.5980357019,"Confidence":"High","County":"Wicomico","Digitized_":"USGS","Imagery_In":"NAIP - Maryland, 2011","Relate_Ite":"Maryland\\Wicomico","Shape_Area":386725.696075,"Shape_Leng":2204.68988595,"State":"MD","assigned_to":"mara","global_rank":86.0,"lat":38.44598673397434,"lon":-75.63606754791626,"n_reserve":20,"n_target":100,"point_id":235.0,"queue_index":12.0,"rand":0.055011857249478324,"stable_idx":235.0}},{"type":"Feature","geometry":{"type":"Point","coordinates":[-75.67339745227387,38.39709279471912]},"id":"00000000000000000087","properties":{"Acres":42.7698648968,"Confidence":"High","County":"Wicomico","Digitized_":"USGS","Imagery_In":"NAIP - Maryland, 2011","Relate_Ite":"Maryland\\Wicomico","Shape_Area":173013.637376,"Shape_Leng":1484.0774922,"State":"MD","assigned_to":"mara","global_rank":135.0,"lat":38.39709279471912,"lon":-75.67339745227387,"n_reserve":20,"n_target":100,"point_id":132.0,"queue_index":19.0,"rand":0.08601895013690986,"stable_idx":132.0}},{"type":"Feature","geometry":{"type":"Point","coordinates":[-75.79098310467586,38.44521090310125]},"id":"000000000000000000b1","properties":{"Acres":40.7930291631,"Confidence":"High","County":"Wicomico","Digitized_":"USGS","Imagery_In":"NAIP - Maryland, 2011","Relate_Ite":"Maryland\\Wicomico","Shape_Area":165015.764686,"Shape_Leng":1737.47646044,"State":"MD","assigned_to":"mara","global_rank":177.0,"lat":38.44521090310125,"lon":-75.79098310467586,"n_reserve":20,"n_target":100,"point_id":232.0,"queue_index":25.0,"rand":0.11439380941982791,"stable_idx":232.0}},{"type":"Feature","geometry":{"type":"Point","coordinates":[-75.68795703574344,38.3855134298489]},"id":"000000000000000000bf","properties":{"Acres":55.8563471102,"Confidence":"High","County":"Wicomico","Digitized_":"USGS","Imagery_In":"NAIP - Maryland, 2011","Relate_Ite":"Maryland\\Wicomico","Shape_Area":225934.042238,"Shape_Leng":1685.2205963,"State":"MD","assigned_to":"mara","global_rank":191.0,"lat":38.3855134298489,"lon":-75.68795703574344,"n_reserve":20,"n_target":100,"point_id":116.0,"queue_index":27.0,"rand":0.1255209352836275,"stable_idx":116.0}},{"type":"Feature","geometry":{"type":"Point","coordinates":[-75.69973135302594,38.47137859003356]},"id":"000000000000000000e9","properties":{"Acres":109.376552575,"Confidence":"High","County":"Wicomico","Digitized_":"USGS","Imagery_In":"NAIP - Maryland, 2011","Relate_Ite":"Maryland\\Wicomico","Shape_Area":442507.007463,"Shape_Leng":2379.44071085,"State":"MD","assigned_to":"mara","global_rank":233.0,"lat":38.47137859003356,"lon":-75.69973135302594,"n_reserve":20,"n_target":100,"point_id":269.0,"queue_index":33.0,"rand":0.15282631116406264,"stable_idx":269.0}},{"type":"Feature","geometry":{"type":"Point","coordinates":[-75.67064191972159,38.43316852334335]},"id":"000000000000000000f0","properties":{"Acres":67.4796530938,"Confidence":"High","County":"Wicomico","Digitized_":"USGS","Imagery_In":"NAIP - Maryland, 2011","Relate_Ite":"Maryland\\Wicomico","Shape_Area":272958.976177,"Shape_Leng":1852.26893257,"State":"MD","assigned_to":"mara","global_rank":240.0,"lat":38.43316852334335,"lon":-75.67064191972159,"n_reserve":20,"n_target":100,"point_id":192.0,"queue_index":34.0,"rand":0.16125114046559952,"stable_idx":192.0}},{"type":"Feature","geometry":{"type":"Point","coordinates":[-75.7788903079668,38.42300862882785]},"id":"000000000000000001b4","properties":{"Acres":82.6274396799,"Confidence":"High","County":"Wicomico","Digitized_":"USGS","Imagery_In":"NAIP - Maryland, 2011","Relate_Ite":"Maryland\\Wicomico","Shape_Area":334290.319966,"Shape_Leng":2347.69300705,"State":"MD","assigned_to":"mara","global_rank":436.0,"lat":38.42300862882785,"lon":-75.7788903079668,"n_reserve":20,"n_target":100,"point_id":174.0,"queue_index":62.0,"rand":0.2855883865531502,"stable_idx":174.0}},{"type":"Feature","geometry":{"type":"Point","coordinates":[-75.64586395344801,38.416241421325175]},"id":"000000000000000001c2","properties":{"Acres":21.1118625995,"Confidence":"High","County":"Wicomico","Digitized_":"USGS","Imagery_In":"NAIP - Maryland, 2011","Relate_Ite":"Maryland\\Wicomico","Shape_Area":85389.004036,"Shape_Leng":1204.10502881,"State":"MD","assigned_to":"mara","global_rank":450.0,"lat":38.416241421325175,"lon":-75.64586395344801,"n_reserve":20,"n_target":100,"point_id":159.0,"queue_index":64.0,"rand":0.2928174648847012,"stable_idx":159.0}},{"type":"Feature","geometry":{"type":"Point","coordinates":[-75.64313970307082,38.373237478788276]},"id":"000000000000000001d7","properties":{"Acres":118.941597724,"Confidence":"High","County":"Wicomico","Digitized_":"USGS","Imagery_In":"NAIP - Maryland, 2011","Relate_Ite":"Maryland\\Wicomico","Shape_Area":481200.156632,"Shape_Leng":2467.41856554,"State":"MD","assigned_to":"mara","global_rank":471.0,"lat":38.373237478788276,"lon":-75.64313970307082,"n_reserve":20,"n_target":100,"point_id":104.0,"queue_index":67.0,"rand":0.3043384838713029,"stable_idx":104.0}},{"type":"Feature","geometry":{"type":"Point","coordinates":[-75.53780308308565,38.34252947996422]},"id":"000000000000000001fa","properties":{"Acres":22.6211894198,"Confidence":"Low","County":"Wicomico","Digitized_":"USGS","Imagery_In":"NAIP - Maryland, 2011","Relate_Ite":"Maryland\\Wicomico","Shape_Area":91544.7056856,"Shape_Leng":1289.3346439,"State":"MD","assigned_to":"mara","global_rank":506.0,"lat":38.34252947996422,"lon":-75.53780308308565,"n_reserve":20,"n_target":100,"point_id":85.0,"queue_index":72.0,"rand":0.32860850007943787,"stable_idx":85.0}},{"type":"Feature","geometry":{"type":"Point","coordinates":[-75.64582991819233,38.43843271284711]},"id":"0000000000000000020f","properties":{"Acres":20.192957681,"Confidence":"High","County":"Wicomico","Digitized_":"USGS","Imagery_In":"NAIP - Maryland, 2011","Relate_Ite":"Maryland\\Wicomico","Shape_Area":81664.7244521,"Shape_Leng":1019.50078012,"State":"MD","assigned_to":"mara","global_rank":527.0,"lat":38.43843271284711,"lon":-75.64582991819233,"n_reserve":20,"n_target":100,"point_id":205.0,"queue_index":75.0,"rand":0.33914702311125944,"stable_idx":205.0}},{"type":"Feature","geometry":{"type":"Point","coordinates":[-75.78780753863784,38.421676170529786]},"id":"00000000000000000216","properties":{"Acres":22.69848149,"Confidence":"Low","County":"Wicomico","Digitized_":"USGS","Imagery_In":"NAIP - Maryland, 2011","Relate_Ite":"Maryland\\Wicomico","Shape_Area":91857.4955963,"Shape_Leng":1701.7743423,"State":"MD","assigned_to":"mara","global_rank":534.0,"lat":38.421676170529786,"lon":-75.78780753863784,"n_reserve":20,"n_target":100,"point_id":171.0,"queue_index":76.0,"rand":0.34480692789285305,"stable_idx":171.0}},{"type":"Feature","geometry":{"type":"Point","coordinates":[-75.62210956449412,38.446043972837465]},"id":"0000000000000000026a","properties":{"Acres":19.8091574819,"Confidence":"High","County":"Wicomico","Digitized_":"USGS","Imagery_In":"NAIP - Maryland, 2011","Relate_Ite":"Maryland\\Wicomico","Shape_Area":80101.2945027,"Shape_Leng":1003.53095311,"State":"MD","assigned_to":"mara","global_rank":618.0,"lat":38.446043972837465,"lon":-75.62210956449412,"n_reserve":20,"n_target":100,"point_id":237.0,"queue_index":88.0,"rand":0.3948975291932528,"stable_idx":237.0}},{"type":"Feature","geometry":{"type":"Point","coordinates":[-75.54872703044876,38.41255411179174]},"id":"000000000000000002a9","properties":{"Acres":32.3380173806,"Confidence":"High","County":"Wicomico","Digitized_":"USGS","Imagery_In":"NAIP - Maryland, 2011","Relate_Ite":"Maryland\\Wicomico","Shape_Area":130785.584223,"Shape_Leng":1282.2499784,"State":"MD","assigned_to":"mara","global_rank":681.0,"lat":38.41255411179174,"lon":-75.54872703044876,"n_reserve":20,"n_target":100,"point_id":151.0,"queue_index":97.0,"rand":0.43570071573931113,"stable_idx":151.0}},{"type":"Feature","geometry":{"type":"Point","coordinates":[-75.41385046403742,38.44275193060488]},"id":"000000000000000002d3","properties":{"Acres":40.0530268369,"Confidence":"High","County":"Wicomico","Digitized_":"USGS","Imagery_In":"NAIP - Maryland, 2011","Relate_Ite":"Maryland\\Wicomico","Shape_Area":162032.741943,"Shape_Leng":1737.04799609,"State":"MD","assigned_to":"mara","global_rank":723.0,"lat":38.44275193060488,"lon":-75.41385046403742,"n_reserve":20,"n_target":100,"point_id":220.0,"queue_index":103.0,"rand":0.46220252721426414,"stable_idx":220.0}},{"type":"Feature","geometry":{"type":"Point","coordinates":[-75.79985908503144,38.42529770771855]},"id":"0000000000000000030b","properties":{"Acres":34.9849947159,"Confidence":"High","County":"Wicomico","Digitized_":"USGS","Imagery_In":"NAIP - Maryland, 2011","Relate_Ite":"Maryland\\Wicomico","Shape_Area":141493.367791,"Shape_Leng":1333.6588569,"State":"MD","assigned_to":"mara","global_rank":779.0,"lat":38.42529770771855,"lon":-75.79985908503144,"n_reserve":20,"n_target":100,"point_id":178.0,"queue_index":111.0,"rand":0.5046095812427253,"stable_idx":178.0}},{"type":"Feature","geometry":{"type":"Point","coordinates":[-75.63635206635219,38.45118738697291]},"id":"00000000000000000042","properties":{"Acres":24.4870411193,"Confidence":"High","County":"Wicomico","Digitized_":"USGS","Imagery_In":"NAIP - Maryland, 2011","Relate_Ite":"Maryland\\Wicomico","Shape_Area":99028.2927852,"Shape_Leng":1447.7924681,"State":"MD","assigned_to":"mike","global_rank":66.0,"lat":38.45118738697291,"lon":-75.63635206635219,"n_reserve":20,"n_target":100,"point_id":257.0,"queue_index":9.0,"rand":0.0445665885017098,"stable_idx":257.0}},{"type":"Feature","geometry":{"type":"Point","coordinates":[-75.71213691729334,38.53318084404769]},"id":"00000000000000000065","properties":{"Acres":29.3777189521,"Confidence":"High","County":"Wicomico","Digitized_":"USGS","Imagery_In":"NAIP - Maryland, 2011","Relate_Ite":"Maryland\\Wicomico","Shape_Area":118848.063417,"Shape_Leng":1440.70056002,"State":"MD","assigned_to":"mike","global_rank":101.0,"lat":38.53318084404769,"lon":-75.71213691729334,"n_reserve":20,"n_target":100,"point_id":352.0,"queue_index":14.0,"rand":0.06350579254476219,"stable_idx":352.0}},{"type":"Feature","geometry":{"type":"Point","coordinates":[-75.3497604111604,38.42814272141934]},"id":"000000000000000000ce","properties":{"Acres":119.055492625,"Confidence":"High","County":"Wicomico","Digitized_":"USGS","Imagery_In":"NAIP - Maryland, 2011","Relate_Ite":"Maryland\\Wicomico","Shape_Area":481641.015932,"Shape_Leng":2460.4099168,"State":"MD","assigned_to":"mike","global_rank":206.0,"lat":38.42814272141934,"lon":-75.3497604111604,"n_reserve":20,"n_target":100,"point_id":181.0,"queue_index":29.0,"rand":0.135613172637852,"stable_idx":181.0}},{"type":"Feature","geometry":{"type":"Point","coordinates":[-75.68706024765055,38.45180755653251]},"id":"000000000000000000e3","properties":{"Acres":45.1574477089,"Confidence":"High","County":"Wicomico","Digitized_":"USGS","Imagery_In":"NAIP - Maryland, 2011","Relate_Ite":"Maryland\\Wicomico","Shape_Area":182701.680789,"Shape_Leng":1620.6344977,"State":"MD","assigned_to":"mike","global_rank":227.0,"lat":38.45180755653251,"lon":-75.68706024765055,"n_reserve":20,"n_target":100,"point_id":258.0,"queue_index":32.0,"rand":0.15006444794165097,"stable_idx":258.0}},{"type":"Feature","geometry":{"type":"Point","coordinates":[-75.66857303585361,38.38795937739434]},"id":"000000000000000000f1","properties":{"Acres":39.5388904452,"Confidence":"High","County":"Wicomico","Digitized_":"USGS","Imagery_In":"NAIP - Maryland, 2011","Relate_Ite":"Maryland\\Wicomico","Shape_Area":159915.443476,"Shape_Leng":1417.80319415,"State":"MD","assigned_to":"mike","global_rank":241.0,"lat":38.38795937739434,"lon":-75.66857303585361,"n_reserve":20,"n_target":100,"point_id":121.0,"queue_index":34.0,"rand":0.16162050260100358,"stable_idx":121.0}},{"type":"Feature","geometry":{"type":"Point","coordinates":[-75.59415387603048,38.44111401823969]},"id":"00000000000000000145","properties":{"Acres":65.8356213321,"Confidence":"High","County":"Wicomico","Digitized_":"USGS","Imagery_In":"NAIP - Maryland, 2011","Relate_Ite":"Maryland\\Wicomico","Shape_Area":266309.375257,"Shape_Leng":1829.58822758,"State":"MD","assigned_to":"mike","global_rank":325.0,"lat":38.44111401823969,"lon":-75.59415387603048,"n_reserve":20,"n_target":100,"point_id":213.0,"queue_index":46.0,"rand":0.2170566811704424,"stable_idx":213.0}},{"type":"Feature","geometry":{"type":"Point","coordinates":[-75.70097252302338,38.524414204393246]},"id":"00000000000000000184","properties":{"Acres":26.9337956518,"Confidence":"High","County":"Wicomico","Digitized_":"USGS","Imagery_In":"NAIP - Maryland, 2011","Relate_Ite":"Maryland\\Wicomico","Shape_Area":108921.59011,"Shape_Leng":1170.16281169,"State":"MD","assigned_to":"mike","global_rank":388.0,"lat":38.524414204393246,"lon":-75.70097252302338,"n_reserve":20,"n_target":100,"point_id":332.0,"queue_index":55.0,"rand":0.2580476728279961,"stable_idx":332.0}},{"type":"Feature","geometry":{"type":"Point","coordinates":[-75.33488986998573,38.374443753328]},"id":"000000000000000001a7","properties":{"Acres":38.5164298413,"Confidence":"High","County":"Wicomico","Digitized_":"USGS","Imagery_In":"NAIP - Maryland, 2011","Relate_Ite":"Maryland\\Wicomico","Shape_Area":155778.715154,"Shape_Leng":1399.34190701,"State":"MD","assigned_to":"mike","global_rank":423.0,"lat":38.374443753328,"lon":-75.33488986998573,"n_reserve":20,"n_target":100,"point_id":107.0,"queue_index":60.0,"rand":0.2788784106542398,"stable_idx":107.0}},{"type":"Feature","geometry":{"type":"Point","coordinates":[-75.59659708868912,38.42067194514977]},"id":"000000000000000001bc","properties":{"Acres":47.4972881951,"Confidence":"High","County":"Wicomico","Digitized_":"USGS","Imagery_In":"NAIP - Maryland, 2011","Relate_Ite":"Maryland\\Wicomico","Shape_Area":192113.754209,"Shape_Leng":1553.99808013,"State":"MD","assigned_to":"mike","global_rank":444.0,"lat":38.42067194514977,"lon":-75.59659708868912,"n_reserve":20,"n_target":100,"point_id":169.0,"queue_index":63.0,"rand":0.2888826353191216,"stable_idx":169.0}},{"type":"Feature","geometry":{"type":"Point","coordinates":[-75.42439832138302,38.434475144432604]},"id":"00000000000000000210","properties":{"Acres":44.100533825,"Confidence":"High","County":"Wicomico","Digitized_":"USGS","Imagery_In":"NAIP - Maryland, 2011","Relate_Ite":"Maryland\\Wicomico","Shape_Area":178371.3986,"Shape_Leng":1497.39585133,"State":"MD","assigned_to":"mike","global_rank":528.0,"lat":38.434475144432604,"lon":-75.42439832138302,"n_reserve":20,"n_target":100,"point_id":194.0,"queue_index":75.0,"rand":0.3400241744037432,"stable_idx":194.0}},{"type":"Feature","geometry":{"type":"Point","coordinates":[-75.69900421737381,38.507024799119414]},"id":"00000000000000000217","properties":{"Acres":3.94805414127,"Confidence":"High","County":"Wicomico","Digitized_":"USGS","Imagery_In":"NAIP - Maryland, 2011","Relate_Ite":"Maryland\\Wicomico","Shape_Area":15956.5268132,"Shape_Leng":514.519985214,"State":"MD","assigned_to":"mike","global_rank":535.0,"lat":38.507024799119414,"lon":-75.69900421737381,"n_reserve":20,"n_target":100,"point_id":298.0,"queue_index":76.0,"rand":0.34594479874813167,"stable_idx":298.0}},{"type":"Feature","geometry":{"type":"Point","coordinates":[-75.6747500707302,38.44380806687797]},"id":"0000000000000000021e","properties":{"Acres":20.3566857989,"Confidence":"High","County":"Wicomico","Digitized_":"USGS","Imagery_In":"NAIP - Maryland, 2011","Relate_Ite":"Maryland\\Wicomico","Shape_Area":82315.3533881,"Shape_Leng":1017.27938982,"State":"MD","assigned_to":"mike","global_rank":542.0,"lat":38.44380806687797,"lon":-75.6747500707302,"n_reserve":20,"n_target":100,"point_id":227.0,"queue_index":77.0,"rand":0.34996231048249926,"stable_idx":227.0}},{"type":"Feature","geometry":{"type":"Point","coordinates":[-75.63179580378561,38.427883718499835]},"id":"0000000000000000022c","properties":{"Acres":20.0230047696,"Confidence":"High","County":"Wicomico","Digitized_":"USGS","Imagery_In":"NAIP - Maryland, 2011","Relate_Ite":"Maryland\\Wicomico","Shape_Area":80970.2230349,"Shape_Leng":1275.60954586,"State":"MD","assigned_to":"mike","global_rank":556.0,"lat":38.427883718499835,"lon":-75.63179580378561,"n_reserve":20,"n_target":100,"point_id":180.0,"queue_index":79.0,"rand":0.35938686279484333,"stable_idx":180.0}},{"type":"Feature","geometry":{"type":"Point","coordinates":[-75.69163750066087,38.36619767474836]},"id":"00000000000000000233","properties":{"Acres":32.2138453009,"Confidence":"High","County":"Wicomico","Digitized_":"USGS","Imagery_In":"NAIP - Maryland, 2011","Relate_Ite":"Maryland\\Wicomico","Shape_Area":130282.620073,"Shape_Leng":1279.76782576,"State":"MD","assigned_to":"mike","global_rank":563.0,"lat":38.36619767474836,"lon":-75.69163750066087,"n_reserve":20,"n_target":100,"point_id":96.0,"queue_index":80.0,"rand":0.36261382287289456,"stable_idx":96.0}},{"type":"Feature","geometry":{"type":"Point","coordinates":[-75.68852821399302,38.38799727261958]},"id":"0000000000000000025d","properties":{"Acres":44.0317412616,"Confidence":"High","County":"Wicomico","Digitized_":"USGS","Imagery_In":"NAIP - Maryland, 2011","Relate_Ite":"Maryland\\Wicomico","Shape_Area":178097.64607,"Shape_Leng":2001.30066968,"State":"MD","assigned_to":"mike","global_rank":605.0,"lat":38.38799727261958,"lon":-75.68852821399302,"n_reserve":20,"n_target":100,"point_id":122.0,"queue_index":86.0,"rand":0.38696330973522797,"stable_idx":122.0}},{"type":"Feature","geometry":{"type":"Point","coordinates":[-75.7078075956389,38.294055007850936]},"id":"00000000000000000305","properties":{"Acres":2.06919905981,"Confidence":"High","County":"Wicomico","Digitized_":"USGS","Imagery_In":"NAIP - Maryland, 2011","Relate_Ite":"Maryland\\Wicomico","Shape_Area":8373.75150453,"Shape_Leng":388.217241888,"State":"MD","assigned_to":"mike","global_rank":773.0,"lat":38.294055007850936,"lon":-75.7078075956389,"n_reserve":20,"n_target":100,"point_id":69.0,"queue_index":110.0,"rand":0.4993667362103952,"stable_idx":69.0}},{"type":"Feature","geometry":{"type":"Point","coordinates":[-75.80429045085023,38.362998716596806]},"id":"00000000000000000019","properties":{"Acres":52.1721543445,"Confidence":"High","County":"Wicomico","Digitized_":"USGS","Imagery_In":"NAIP - Maryland, 2011","Relate_Ite":"Maryland\\Wicomico","Shape_Area":211059.665892,"Shape_Leng":1823.53782727,"State":"MD","assigned_to":"sienna","global_rank":25.0,"lat":38.362998716596806,"lon":-75.80429045085023,"n_reserve":20,"n_target":100,"point_id":92.0,"queue_index":3.0,"rand":0.01634079589919113,"stable_idx":92.0}},{"type":"Feature","geometry":{"type":"Point","coordinates":[-75.64675372963603,38.41317287074249]},"id":"00000000000000000074","properties":{"Acres":19.989371796,"Confidence":"High","County":"Wicomico","Digitized_":"USGS","Imagery_In":"NAIP - Maryland, 2011","Relate_Ite":"Maryland\\Wicomico","Shape_Area":80829.0706045,"Shape_Leng":1008.04595628,"State":"MD","assigned_to":"sienna","global_rank":116.0,"lat":38.41317287074249,"lon":-75.64675372963603,"n_reserve":20,"n_target":100,"point_id":156.0,"queue_index":16.0,"rand":0.07373184078969452,"stable_idx":156.0}},{"type":"Feature","geometry":{"type":"Point","coordinates":[-75.67231290429935,38.40225462726514]},"id":"00000000000000000097","properties":{"Acres":110.353311302,"Confidence":"High","County":"Wicomico","Digitized_":"USGS","Imagery_In":"NAIP - Maryland, 2011","Relate_Ite":"Maryland\\Wicomico","Shape_Area":446451.92375,"Shape_Leng":2377.87752078,"State":"MD","assigned_to":"sienna","global_rank":151.0,"lat":38.40225462726514,"lon":-75.67231290429935,"n_reserve":20,"n_target":100,"point_id":137.0,"queue_index":21.0,"rand":0.09839313467350763,"stable_idx":137.0}},{"type":"Feature","geometry":{"type":"Point","coordinates":[-75.66727292064262,38.39678840277245]},"id":"0000000000000000011c","properties":{"Acres":50.0097960236,"Confidence":"High","County":"Wicomico","Digitized_":"USGS","Imagery_In":"NAIP - Maryland, 2011","Relate_Ite":"Maryland\\Wicomico","Shape_Area":202297.608626,"Shape_Leng":1611.96433033,"State":"MD","assigned_to":"sienna","global_rank":284.0,"lat":38.39678840277245,"lon":-75.66727292064262,"n_reserve":20,"n_target":100,"point_id":130.0,"queue_index":40.0,"rand":0.185913946035849,"stable_idx":130.0}},{"type":"Feature","geometry":{"type":"Point","coordinates":[-75.38358146900752,38.40080482374945]},"id":"000000000000000001b6","properties":{"Acres":48.7510518167,"Confidence":"High","County":"Wicomico","Digitized_":"USGS","Imagery_In":"NAIP - Maryland, 2011","Relate_Ite":"Maryland\\Wicomico","Shape_Area":197194.891401,"Shape_Leng":2048.01154848,"State":"MD","assigned_to":"sienna","global_rank":438.0,"lat":38.40080482374945,"lon":-75.38358146900752,"n_reserve":20,"n_target":100,"point_id":135.0,"queue_index":62.0,"rand":0.286438604012879,"stable_idx":135.0}},{"type":"Feature","geometry":{"type":"Point","coordinates":[-75.71015620549123,38.522019124761]},"id":"000000000000000001e7","properties":{"Acres":19.4448223131,"Confidence":"High","County":"Wicomico","Digitized_":"USGS","Imagery_In":"NAIP - Maryland, 2011","Relate_Ite":"Maryland\\Wicomico","Shape_Area":78625.4119572,"Shape_Leng":994.213221483,"State":"MD","assigned_to":"sienna","global_rank":487.0,"lat":38.522019124761,"lon":-75.71015620549123,"n_reserve":20,"n_target":100,"point_id":324.0,"queue_index":69.0,"rand":0.3149774405719895,"stable_idx":324.0}},{"type":"Feature","geometry":{"type":"Point","coordinates":[-75.5973615545486,38.4257843281151]},"id":"00000000000000000218","properties":{"Acres":43.7678590965,"Confidence":"High","County":"Wicomico","Digitized_":"USGS","Imagery_In":"NAIP - Maryland, 2011","Relate_Ite":"Maryland\\Wicomico","Shape_Area":177027.177826,"Shape_Leng":1491.76333535,"State":"MD","assigned_to":"sienna","global_rank":536.0,"lat":38.4257843281151,"lon":-75.5973615545486,"n_reserve":20,"n_target":100,"point_id":179.0,"queue_index":76.0,"rand":0.3463504456595786,"stable_idx":179.0}},{"type":"Feature","geometry":{"type":"Point","coordinates":[-75.73610361927595,38.29074476652666]},"id":"00000000000000000296","properties":{"Acres":10.5118705591,"Confidence":"High","County":"Wicomico","Digitized_":"USGS","Imagery_In":"NAIP - Maryland, 2011","Relate_Ite":"Maryland\\Wicomico","Shape_Area":42502.0118848,"Shape_Leng":865.386016396,"State":"MD","assigned_to":"sienna","global_rank":662.0,"lat":38.29074476652666,"lon":-75.73610361927595,"n_reserve":20,"n_target":100,"point_id":67.0,"queue_index":94.0,"rand":0.42163117036766806,"stable_idx":67.0}},{"type":"Feature","geometry":{"type":"Point","coordinates":[-75.78957487923311,38.45005914762809]},"id":"000000000000000002b9","properties":{"Acres":70.5803857601,"Confidence":"High","County":"Wicomico","Digitized_":"USGS","Imagery_In":"NAIP - Maryland, 2011","Relate_Ite":"Maryland\\Wicomico","Shape_Area":285531.85474,"Shape_Leng":2246.75553767,"State":"MD","assigned_to":"sienna","global_rank":697.0,"lat":38.45005914762809,"lon":-75.78957487923311,"n_reserve":20,"n_target":100,"point_id":255.0,"queue_index":99.0,"rand":0.4442222985492069,"stable_idx":255.0}},{"type":"Feature","geometry":{"type":"Point","coordinates":[-75.60482761887187,38.44600233018446]},"id":"000000000000000002ea","properties":{"Acres":91.2157845087,"Confidence":"High","County":"Wicomico","Digitized_":"USGS","Imagery_In":"NAIP - Maryland, 2011","Relate_Ite":"Maryland\\Wicomico","Shape_Area":369026.0443,"Shape_Leng":2213.9631568,"State":"MD","assigned_to":"sienna","global_rank":746.0,"lat":38.44600233018446,"lon":-75.60482761887187,"n_reserve":20,"n_target":100,"point_id":236.0,"queue_index":106.0,"rand":0.48510028782646364,"stable_idx":236.0}},{"type":"Feature","geometry":{"type":"Point","coordinates":[-75.65133711501265,38.441146469839985]},"id":"00000000000000000337","properties":{"Acres":62.0141782251,"Confidence":"High","County":"Wicomico","Digitized_":"USGS","Imagery_In":"NAIP - Maryland, 2011","Relate_Ite":"Maryland\\Wicomico","Shape_Area":250859.20366,"Shape_Leng":2209.55046635,"State":"MD","assigned_to":"sienna","global_rank":823.0,"lat":38.441146469839985,"lon":-75.65133711501265,"n_reserve":20,"n_target":100,"point_id":214.0,"queue_index":117.0,"rand":0.5395181183095897,"stable_idx":214.0}},{"type":"Feature","geometry":{"type":"Point","coordinates":[-75.63717447217293,38.42490175488867]},"id":"00000000000000000005","properties":{"Acres":60.9305765088,"Confidence":"High","County":"Wicomico","Digitized_":"USGS","Imagery_In":"NAIP - Maryland, 2011","Relate_Ite":"Maryland\\Wicomico","Shape_Area":246485.709749,"Shape_Leng":1764.63528186,"State":"MD","assigned_to":"taryn","global_rank":5.0,"lat":38.42490175488867,"lon":-75.63717447217293,"n_reserve":20,"n_target":100,"point_id":176.0,"queue_index":0.0,"rand":0.005562131506390511,"stable_idx":176.0}},{"type":"Feature","geometry":{"type":"Point","coordinates":[-75.59049312543492,38.44378083645422]},"id":"00000000000000000075","properties":{"Acres":11.1937300586,"Confidence":"High","County":"Wicomico","Digitized_":"USGS","Imagery_In":"NAIP - Maryland, 2011","Relate_Ite":"Maryland\\Wicomico","Shape_Area":45252.2448276,"Shape_Leng":754.357533213,"State":"MD","assigned_to":"taryn","global_rank":117.0,"lat":38.44378083645422,"lon":-75.59049312543492,"n_reserve":20,"n_target":100,"point_id":226.0,"queue_index":16.0,"rand":0.07428568085114706,"stable_idx":226.0}},{"type":"Feature","geometry":{"type":"Point","coordinates":[-75.58698440221363,38.44732404532673]},"id":"00000000000000000083","properties":{"Acres":27.2163485176,"Confidence":"High","County":"Wicomico","Digitized_":"USGS","Imagery_In":"NAIP - Maryland, 2011","Relate_Ite":"Maryland\\Wicomico","Shape_Area":110088.733514,"Shape_Leng":1406.38491763,"State":"MD","assigned_to":"taryn","global_rank":131.0,"lat":38.44732404532673,"lon":-75.58698440221363,"n_reserve":20,"n_target":100,"point_id":241.0,"queue_index":18.0,"rand":0.08257927433887624,"stable_idx":241.0}},{"type":"Feature","geometry":{"type":"Point","coordinates":[-75.77161706311486,38.43864192462125]},"id":"000000000000000000b4","properties":{"Acres":21.9426422152,"Confidence":"High","County":"Wicomico","Digitized_":"USGS","Imagery_In":"NAIP - Maryland, 2011","Relate_Ite":"Maryland\\Wicomico","Shape_Area":88737.7691042,"Shape_Leng":1358.0395491,"State":"MD","assigned_to":"taryn","global_rank":180.0,"lat":38.43864192462125,"lon":-75.77161706311486,"n_reserve":20,"n_target":100,"point_id":206.0,"queue_index":25.0,"rand":0.11573466344416783,"stable_idx":206.0}},{"type":"Feature","geometry":{"type":"Point","coordinates":[-75.70741583086223,38.53567310060708]},"id":"0000000000000000012b","properties":{"Acres":50.3674922938,"Confidence":"High","County":"Wicomico","Digitized_":"USGS","Imagery_In":"NAIP - Maryland, 2011","Relate_Ite":"Maryland\\Wicomico","Shape_Area":203727.006294,"Shape_Leng":1600.27318733,"State":"MD","assigned_to":"taryn","global_rank":299.0,"lat":38.53567310060708,"lon":-75.70741583086223,"n_reserve":20,"n_target":100,"point_id":357.0,"queue_index":42.0,"rand":0.19976426219644428,"stable_idx":357.0}},{"type":"Feature","geometry":{"type":"Point","coordinates":[-75.66349973774184,38.41500964341064]},"id":"00000000000000000186","properties":{"Acres":15.1413518513,"Confidence":"High","County":"Wicomico","Digitized_":"USGS","Imagery_In":"NAIP - Maryland, 2011","Relate_Ite":"Maryland\\Wicomico","Shape_Area":61217.8930478,"Shape_Leng":877.300759723,"State":"MD","assigned_to":"taryn","global_rank":390.0,"lat":38.41500964341064,"lon":-75.66349973774184,"n_reserve":20,"n_target":100,"point_id":157.0,"queue_index":55.0,"rand":0.25845573175945646,"stable_idx":157.0}},{"type":"Feature","geometry":{"type":"Point","coordinates":[-75.64999966510983,38.37838212439336]},"id":"000000000000000001b7","properties":{"Acres":181.498547575,"Confidence":"High","County":"Wicomico","Digitized_":"USGS","Imagery_In":"NAIP - Maryland, 2011","Relate_Ite":"Maryland\\Wicomico","Shape_Area":734302.462461,"Shape_Leng":3037.93370821,"State":"MD","assigned_to":"taryn","global_rank":439.0,"lat":38.37838212439336,"lon":-75.64999966510983,"n_reserve":20,"n_target":100,"point_id":110.0,"queue_index":62.0,"rand":0.2864537522457751,"stable_idx":110.0}},{"type":"Feature","geometry":{"type":"Point","coordinates":[-75.73553259380932,38.3690679862261]},"id":"000000000000000001e8","properties":{"Acres":10.9148139273,"Confidence":"High","County":"Wicomico","Digitized_":"USGS","Imagery_In":"NAIP - Maryland, 2011","Relate_Ite":"Maryland\\Wicomico","Shape_Area":44122.9295062,"Shape_Leng":744.846652077,"State":"MD","assigned_to":"taryn","global_rank":488.0,"lat":38.3690679862261,"lon":-75.73553259380932,"n_reserve":20,"n_target":100,"point_id":97.0,"queue_index":69.0,"rand":0.31530387792581094,"stable_idx":97.0}},{"type":"Feature","geometry":{"type":"Point","coordinates":[-75.3506542333179,38.41289650227311]},"id":"00000000000000000212","properties":{"Acres":31.5125850422,"Confidence":"High","County":"Wicomico","Digitized_":"USGS","Imagery_In":"NAIP - Maryland, 2011","Relate_Ite":"Maryland\\Wicomico","Shape_Area":127452.930754,"Shape_Leng":1590.93507982,"State":"MD","assigned_to":"taryn","global_rank":530.0,"lat":38.41289650227311,"lon":-75.3506542333179,"n_reserve":20,"n_target":100,"point_id":153.0,"queue_index":75.0,"rand":0.34116045289893504,"stable_idx":153.0}},{"type":"Feature","geometry":{"type":"Point","coordinates":[-75.34546633684437,38.4085651560381]},"id":"0000000000000000024a","properties":{"Acres":72.5589361074,"Confidence":"High","County":"Wicomico","Digitized_":"USGS","Imagery_In":"NAIP - Maryland, 2011","Relate_Ite":"Maryland\\Wicomico","Shape_Area":293635.596589,"Shape_Leng":2296.56588061,"State":"MD","assigned_to":"taryn","global_rank":586.0,"lat":38.4085651560381,"lon":-75.34546633684437,"n_reserve":20,"n_target":100,"point_id":143.0,"queue_index":83.0,"rand":0.376282134754122,"stable_idx":143.0}},{"type":"Feature","geometry":{"type":"Point","coordinates":[-75.69906055501662,38.483015559059616]},"id":"00000000000000000315","properties":{"Acres":65.4031113389,"Confidence":"High","County":"Wicomico","Digitized_":"USGS","Imagery_In":"NAIP - Maryland, 2011","Relate_Ite":"Maryland\\Wicomico","Shape_Area":264572.251262,"Shape_Leng":1829.35412073,"State":"MD","assigned_to":"taryn","global_rank":789.0,"lat":38.483015559059616,"lon":-75.69906055501662,"n_reserve":20,"n_target":100,"point_id":280.0,"queue_index":112.0,"rand":0.5105293534484583,"stable_idx":280.0}},{"type":"Feature","geometry":{"type":"Point","coordinates":[-75.7199018195192,38.53092984329017]},"id":"0000000000000000031c","properties":{"Acres":47.0843325141,"Confidence":"High","County":"Wicomico","Digitized_":"USGS","Imagery_In":"NAIP - Maryland, 2011","Relate_Ite":"Maryland\\Wicomico","Shape_Area":190448.65058,"Shape_Leng":1977.94077563,"State":"MD","assigned_to":"taryn","global_rank":796.0,"lat":38.53092984329017,"lon":-75.7199018195192,"n_reserve":20,"n_target":100,"point_id":346.0,"queue_index":113.0,"rand":0.5176536366615561,"stable_idx":346.0}},{"type":"Feature","geometry":{"type":"Point","coordinates":[-75.54605936027801,38.412665854829285]},"id":"0000000000000000032a","properties":{"Acres":22.4831310024,"Confidence":"High","County":"Wicomico","Digitized_":"USGS","Imagery_In":"NAIP - Maryland, 2011","Relate_Ite":"Maryland\\Wicomico","Shape_Area":90939.7731209,"Shape_Leng":1081.0866179,"State":"MD","assigned_to":"taryn","global_rank":810.0,"lat":38.412665854829285,"lon":-75.54605936027801,"n_reserve":20,"n_target":100,"point_id":152.0,"queue_index":115.0,"rand":0.5277063555214635,"stable_idx":152.0}},{"type":"Feature","geometry":{"type":"Point","coordinates":[-75.6869613079618,38.365835293585924]},"id":"00000000000000000006","properties":{"Acres":30.9371362507,"Confidence":"High","County":"Wicomico","Digitized_":"USGS","Imagery_In":"NAIP - Maryland, 2011","Relate_Ite":"Maryland\\Wicomico","Shape_Area":125116.553856,"Shape_Leng":1254.12836096,"State":"MD","assigned_to":"tien","global_rank":6.0,"lat":38.365835293585924,"lon":-75.6869613079618,"n_reserve":20,"n_target":100,"point_id":94.0,"queue_index":0.0,"rand":0.0056612971542363555,"stable_idx":94.0}},{"type":"Feature","geometry":{"type":"Point","coordinates":[-75.67911574297952,38.44766251466909]},"id":"00000000000000000076","properties":{"Acres":74.7146366875,"Confidence":"High","County":"Wicomico","Digitized_":"USGS","Imagery_In":"NAIP - Maryland, 2011","Relate_Ite":"Maryland\\Wicomico","Shape_Area":302233.536607,"Shape_Leng":1949.09431085,"State":"MD","assigned_to":"tien","global_rank":118.0,"lat":38.44766251466909,"lon":-75.67911574297952,"n_reserve":20,"n_target":100,"point_id":242.0,"queue_index":16.0,"rand":0.07440274008227343,"stable_idx":242.0}},{"type":"Feature","geometry":{"type":"Point","coordinates":[-75.69955886038615,38.477002518868716]},"id":"00000000000000000092","properties":{"Acres":29.7777057728,"Confidence":"High","County":"Wicomico","Digitized_":"USGS","Imagery_In":"NAIP - Maryland, 2011","Relate_Ite":"Maryland\\Wicomico","Shape_Area":120448.498792,"Shape_Leng":1261.79180358,"State":"MD","assigned_to":"tien","global_rank":146.0,"lat":38.477002518868716,"lon":-75.69955886038615,"n_reserve":20,"n_target":100,"point_id":273.0,"queue_index":20.0,"rand":0.09625479268984072,"stable_idx":273.0}},{"type":"Feature","geometry":{"type":"Point","coordinates":[-75.67865401797509,38.37398179056303]},"id":"000000000000000000a0","properties":{"Acres":43.4926467124,"Confidence":"High","County":"Wicomico","Digitized_":"USGS","Imagery_In":"NAIP - Maryland, 2011","Relate_Ite":"Maryland\\Wicomico","Shape_Area":175912.65626,"Shape_Leng":1487.03908417,"State":"MD","assigned_to":"tien","global_rank":160.0,"lat":38.37398179056303,"lon":-75.67865401797509,"n_reserve":20,"n_target":100,"point_id":106.0,"queue_index":22.0,"rand":0.10112313093872138,"stable_idx":106.0}},{"type":"Feature","geometry":{"type":"Point","coordinates":[-75.67999829535546,38.38209970365944]},"id":"000000000000000000b5","properties":{"Acres":40.0906797971,"Confidence":"High","County":"Wicomico","Digitized_":"USGS","Imagery_In":"NAIP - Maryland, 2011","Relate_Ite":"Maryland\\Wicomico","Shape_Area":162159.855465,"Shape_Leng":1430.06695606,"State":"MD","assigned_to":"tien","global_rank":181.0,"lat":38.38209970365944,"lon":-75.67999829535546,"n_reserve":20,"n_target":100,"point_id":112.0,"queue_index":25.0,"rand":0.11653960150370335,"stable_idx":112.0}},{"type":"Feature","geometry":{"type":"Point","coordinates":[-75.66755478270936,38.440246703365624]},"id":"000000000000000000d1","properties":{"Acres":25.1268446804,"Confidence":"High","County":"Wicomico","Digitized_":"USGS","Imagery_In":"NAIP - Maryland, 2011","Relate_Ite":"Maryland\\Wicomico","Shape_Area":101651.026419,"Shape_Leng":1288.80186332,"State":"MD","assigned_to":"tien","global_rank":209.0,"lat":38.440246703365624,"lon":-75.66755478270936,"n_reserve":20,"n_target":100,"point_id":209.0,"queue_index":29.0,"rand":0.13744682075476156,"stable_idx":209.0}},{"type":"Feature","geometry":{"type":"Point","coordinates":[-75.73522841022421,38.465925976901914]},"id":"00000000000000000102","properties":{"Acres":58.0697528677,"Confidence":"High","County":"Wicomico","Digitized_":"USGS","Imagery_In":"NAIP - Maryland, 2011","Relate_Ite":"Maryland\\Wicomico","Shape_Area":234889.540956,"Shape_Leng":1718.29765539,"State":"MD","assigned_to":"tien","global_rank":258.0,"lat":38.465925976901914,"lon":-75.73522841022421,"n_reserve":20,"n_target":100,"point_id":268.0,"queue_index":36.0,"rand":0.170407183555094,"stable_idx":268.0}},{"type":"Feature","geometry":{"type":"Point","coordinates":[-75.72178137196582,38.28826774393203]},"id":"00000000000000000172","properties":{"Acres":42.0835311458,"Confidence":"High","County":"Wicomico","Digitized_":"USGS","Imagery_In":"NAIP - Maryland, 2011","Relate_Ite":"Maryland\\Wicomico","Shape_Area":170240.445468,"Shape_Leng":1757.74827879,"State":"MD","assigned_to":"tien","global_rank":370.0,"lat":38.28826774393203,"lon":-75.72178137196582,"n_reserve":20,"n_target":100,"point_id":61.0,"queue_index":52.0,"rand":0.24645692581930712,"stable_idx":61.0}},{"type":"Feature","geometry":{"type":"Point","coordinates":[-75.57631443689898,38.416914695466794]},"id":"00000000000000000187","properties":{"Acres":30.6518492846,"Confidence":"High","County":"Wicomico","Digitized_":"USGS","Imagery_In":"NAIP - Maryland, 2011","Relate_Ite":"Maryland\\Wicomico","Shape_Area":123981.030664,"Shape_Leng":1268.67690123,"State":"MD","assigned_to":"tien","global_rank":391.0,"lat":38.416914695466794,"lon":-75.57631443689898,"n_reserve":20,"n_target":100,"point_id":161.0,"queue_index":55.0,"rand":0.25850624131295674,"stable_idx":161.0}},{"type":"Feature","geometry":{"type":"Point","coordinates":[-75.43189922052578,38.42955923829862]},"id":"000000000000000001b1","properties":{"Acres":35.7077247534,"Confidence":"High","County":"Wicomico","Digitized_":"USGS","Imagery_In":"NAIP - Maryland, 2011","Relate_Ite":"Maryland\\Wicomico","Shape_Area":144430.227026,"Shape_Leng":1649.96016945,"State":"MD","assigned_to":"tien","global_rank":433.0,"lat":38.42955923829862,"lon":-75.43189922052578,"n_reserve":20,"n_target":100,"point_id":184.0,"queue_index":61.0,"rand":0.283823626949684,"stable_idx":184.0}},{"type":"Feature","geometry":{"type":"Point","coordinates":[-75.66196091893295,38.37186882558172]},"id":"000000000000000001e2","properties":{"Acres":25.0614196154,"Confidence":"High","County":"Wicomico","Digitized_":"USGS","Imagery_In":"NAIP - Maryland, 2011","Relate_Ite":"Maryland\\Wicomico","Shape_Area":101419.966925,"Shape_Leng":1866.38493923,"State":"MD","assigned_to":"tien","global_rank":482.0,"lat":38.37186882558172,"lon":-75.66196091893295,"n_reserve":20,"n_target":100,"point_id":99.0,"queue_index":68.0,"rand":0.3126811667717847,"stable_idx":99.0}},{"type":"Feature","geometry":{"type":"Point","coordinates":[-75.54446816115556,38.39738400277061]},"id":"000000000000000001fe","properties":{"Acres":21.9923282253,"Confidence":"High","County":"Wicomico","Digitized_":"USGS","Imagery_In":"NAIP - Maryland, 2011","Relate_Ite":"Maryland\\Wicomico","Shape_Area":88949.9516167,"Shape_Leng":1246.49418776,"State":"MD","assigned_to":"tien","global_rank":510.0,"lat":38.39738400277061,"lon":-75.54446816115556,"n_reserve":20,"n_target":100,"point_id":133.0,"queue_index":72.0,"rand":0.33035178340914073,"stable_idx":133.0}},{"type":"Feature","geometry":{"type":"Point","coordinates":[-75.42543897866346,38.44966647669989]},"id":"0000000000000000020c","properties":{"Acres":88.4264373065,"Confidence":"High","County":"Wicomico","Digitized_":"USGS","Imagery_In":"NAIP - Maryland, 2011","Relate_Ite":"Maryland\\Wicomico","Shape_Area":357742.360646,"Shape_Leng":2254.59497545,"State":"MD","assigned_to":"tien","global_rank":524.0,"lat":38.44966647669989,"lon":-75.42543897866346,"n_reserve":20,"n_target":100,"point_id":251.0,"queue_index":74.0,"rand":0.33635373858247675,"stable_idx":251.0}},{"type":"Feature","geometry":{"type":"Point","coordinates":[-75.53648132117496,38.43190488738101]},"id":"00000000000000000260","properties":{"Acres":63.4601086333,"Confidence":"High","County":"Wicomico","Digitized_":"USGS","Imagery_In":"NAIP - Maryland, 2011","Relate_Ite":"Maryland\\Wicomico","Shape_Area":256732.125336,"Shape_Leng":2118.21273133,"State":"MD","assigned_to":"tien","global_rank":608.0,"lat":38.43190488738101,"lon":-75.53648132117496,"n_reserve":20,"n_target":100,"point_id":188.0,"queue_index":86.0,"rand":0.3898575162122505,"stable_idx":188.0}},{"type":"Feature","geometry":{"type":"Point","coordinates":[-75.67404642108299,38.4239356910179]},"id":"00000000000000000275","properties":{"Acres":63.3336657625,"Confidence":"High","County":"Wicomico","Digitized_":"USGS","Imagery_In":"NAIP - Maryland, 2011","Relate_Ite":"Maryland\\Wicomico","Shape_Area":256188.182622,"Shape_Leng":1794.54288276,"State":"MD","assigned_to":"tien","global_rank":629.0,"lat":38.4239356910179,"lon":-75.67404642108299,"n_reserve":20,"n_target":100,"point_id":175.0,"queue_index":89.0,"rand":0.4035058969305211,"stable_idx":175.0}},{"type":"Feature","geometry":{"type":"Point","coordinates":[-75.79379612601262,38.45353900719182]},"id":"00000000000000000291","properties":{"Acres":103.254309268,"Confidence":"High","County":"Wicomico","Digitized_":"USGS","Imagery_In":"NAIP - Maryland, 2011","Relate_Ite":"Maryland\\Wicomico","Shape_Area":417707.813223,"Shape_Leng":2291.36208623,"State":"MD","assigned_to":"tien","global_rank":657.0,"lat":38.45353900719182,"lon":-75.79379612601262,"n_reserve":20,"n_target":100,"point_id":262.0,"queue_index":93.0,"rand":0.41939972859134755,"stable_idx":262.0}},{"type":"Feature","geometry":{"type":"Point","coordinates":[-75.72171178426092,38.29409825695864]},"id":"00000000000000000301","properties":{"Acres":18.5128231301,"Confidence":"High","County":"Wicomico","Digitized_":"USGS","Imagery_In":"NAIP - Maryland, 2011","Relate_Ite":"Maryland\\Wicomico","Shape_Area":74918.7371813,"Shape_Leng":1193.2812237,"State":"MD","assigned_to":"tien","global_rank":769.0,"lat":38.29409825695864,"lon":-75.72171178426092,"n_reserve":20,"n_target":100,"point_id":70.0,"queue_index":109.0,"rand":0.49839633730260746,"stable_idx":70.0}},{"type":"Feature","geometry":{"type":"Point","coordinates":[-75.62545281973215,38.44561395065759]},"id":"0000000000000000031d","properties":{"Acres":19.1376486719,"Confidence":"High","County":"Wicomico","Digitized_":"USGS","Imagery_In":"NAIP - Maryland, 2011","Relate_Ite":"Maryland\\Wicomico","Shape_Area":77399.0540235,"Shape_Leng":1240.01009536,"State":"MD","assigned_to":"tien","global_rank":797.0,"lat":38.44561395065759,"lon":-75.62545281973215,"n_reserve":20,"n_target":100,"point_id":234.0,"queue_index":113.0,"rand":0.517742348553553,"stable_idx":234.0}},{"type":"Feature","geometry":{"type":"Point","coordinates":[-75.38496441114894,38.04457151024081]},"id":"00000000000000000015","properties":{"Acres":74.5599435802,"Confidence":"High","County":"Worcester","Digitized_":"USGS","Imagery_In":"NAIP - Maryland, 2011","Relate_Ite":"Maryland\\Worcester","Shape_Area":301623.551927,"Shape_Leng":2423.23186976,"State":"MD","assigned_to":"ayush","global_rank":21.0,"lat":38.04457151024081,"lon":-75.38496441114894,"n_reserve":20,"n_target":100,"point_id":24.0,"queue_index":3.0,"rand":0.012645366029329974,"stable_idx":24.0}},{"type":"Feature","geometry":{"type":"Point","coordinates":[-75.45668284765092,38.012458617836515]},"id":"0000000000000000007e","properties":{"Acres":9.42001183994,"Confidence":"High","County":"Worcester","Digitized_":"USGS","Imagery_In":"NAIP - Maryland, 2011","Relate_Ite":"Maryland\\Worcester","Shape_Area":38089.5760504,"Shape_Leng":733.532221008,"State":"MD","assigned_to":"ayush","global_rank":126.0,"lat":38.012458617836515,"lon":-75.45668284765092,"n_reserve":20,"n_target":100,"point_id":5.0,"queue_index":18.0,"rand":0.0784697446815984,"stable_idx":5.0}},{"type":"Feature","geometry":{"type":"Point","coordinates":[-75.24123261510445,38.29502689494241]},"id":"0000000000000000008c","properties":{"Acres":295.750284874,"Confidence":"High","County":"Worcester","Digitized_":"USGS","Imagery_In":"NAIP - Maryland, 2011","Relate_Ite":"Maryland\\Worcester","Shape_Area":1196758.66086,"Shape_Leng":4069.75650098,"State":"MD","assigned_to":"ayush","global_rank":140.0,"lat":38.29502689494241,"lon":-75.24123261510445,"n_reserve":20,"n_target":100,"point_id":73.0,"queue_index":20.0,"rand":0.09056559824662513,"stable_idx":73.0}},{"type":"Feature","geometry":{"type":"Point","coordinates":[-75.24708501351473,38.349243995407896]},"id":"00000000000000000093","properties":{"Acres":73.3167609969,"Confidence":"High","County":"Worcester","Digitized_":"USGS","Imagery_In":"NAIP - Maryland, 2011","Relate_Ite":"Maryland\\Worcester","Shape_Area":296613.667346,"Shape_Leng":2251.25472508,"State":"MD","assigned_to":"ayush","global_rank":147.0,"lat":38.349243995407896,"lon":-75.24708501351473,"n_reserve":20,"n_target":100,"point_id":86.0,"queue_index":21.0,"rand":0.0966204155862832,"stable_idx":86.0}},{"type":"Feature","geometry":{"type":"Point","coordinates":[-75.23828777001775,38.39401047894367]},"id":"000000000000000000af","properties":{"Acres":113.122005982,"Confidence":"High","County":"Worcester","Digitized_":"USGS","Imagery_In":"NAIP - Maryland, 2011","Relate_Ite":"Maryland\\Worcester","Shape_Area":457679.043717,"Shape_Leng":2777.32560312,"State":"MD","assigned_to":"ayush","global_rank":175.0,"lat":38.39401047894367,"lon":-75.23828777001775,"n_reserve":20,"n_target":100,"point_id":128.0,"queue_index":25.0,"rand":0.11424552963375689,"stable_idx":128.0}},{"type":"Feature","geometry":{"type":"Point","coordinates":[-75.23547812365067,38.28950535488423]},"id":"000000000000000000cb","properties":{"Acres":55.0921084383,"Confidence":"High","County":"Worcester","Digitized_":"USGS","Imagery_In":"NAIP - Maryland, 2011","Relate_Ite":"Maryland\\Worcester","Shape_Area":222842.657021,"Shape_Leng":1673.65049989,"State":"MD","assigned_to":"ayush","global_rank":203.0,"lat":38.28950535488423,"lon":-75.23547812365067,"n_reserve":20,"n_target":100,"point_id":64.0,"queue_index":29.0,"rand":0.13084554944034565,"stable_idx":64.0}},{"type":"Feature","geometry":{"type":"Point","coordinates":[-75.4619544336071,38.01689308196716]},"id":"00000000000000000149","properties":{"Acres":16.5197628191,"Confidence":"High","County":"Worcester","Digitized_":"USGS","Imagery_In":"NAIP - Maryland, 2011","Relate_Ite":"Maryland\\Worcester","Shape_Area":66812.7353646,"Shape_Leng":1060.88194239,"State":"MD","assigned_to":"ayush","global_rank":329.0,"lat":38.01689308196716,"lon":-75.4619544336071,"n_reserve":20,"n_target":100,"point_id":11.0,"queue_index":47.0,"rand":0.2200830260407589,"stable_idx":11.0}},{"type":"Feature","geometry":{"type":"Point","coordinates":[-75.26388205173423,38.43581102553705]},"id":"0000000000000000015e","properties":{"Acres":25.1007031001,"Confidence":"High","County":"Worcester","Digitized_":"USGS","Imagery_In":"NAIP - Maryland, 2011","Relate_Ite":"Maryland\\Worcester","Shape_Area":101529.154454,"Shape_Leng":1322.94968004,"State":"MD","assigned_to":"ayush","global_rank":350.0,"lat":38.43581102553705,"lon":-75.26388205173423,"n_reserve":20,"n_target":100,"point_id":197.0,"queue_index":50.0,"rand":0.23031169003557928,"stable_idx":197.0}},{"type":"Feature","geometry":{"type":"Point","coordinates":[-75.27567079279838,38.44494872445055]},"id":"000000000000000001ce","properties":{"Acres":59.0474943865,"Confidence":"High","County":"Worcester","Digitized_":"USGS","Imagery_In":"NAIP - Maryland, 2011","Relate_Ite":"Maryland\\Worcester","Shape_Area":238878.224487,"Shape_Leng":2071.2526053,"State":"MD","assigned_to":"ayush","global_rank":462.0,"lat":38.44494872445055,"lon":-75.27567079279838,"n_reserve":20,"n_target":100,"point_id":230.0,"queue_index":66.0,"rand":0.30053019161081507,"stable_idx":230.0}},{"type":"Feature","geometry":{"type":"Point","coordinates":[-75.45488867559949,38.04624166814616]},"id":"00000000000000000016","properties":{"Acres":52.4488119479,"Confidence":"High","County":"Worcester","Digitized_":"USGS","Imagery_In":"NAIP - Maryland, 2011","Relate_Ite":"Maryland\\Worcester","Shape_Area":212147.822297,"Shape_Leng":1632.9884066,"State":"MD","assigned_to":"maddie","global_rank":22.0,"lat":38.04624166814616,"lon":-75.45488867559949,"n_reserve":20,"n_target":100,"point_id":26.0,"queue_index":3.0,"rand":0.014296381714739792,"stable_idx":26.0}},{"type":"Feature","geometry":{"type":"Point","coordinates":[-75.28969050875808,38.44531060374412]},"id":"0000000000000000007f","properties":{"Acres":22.3148262044,"Confidence":"High","County":"Worcester","Digitized_":"USGS","Imagery_In":"NAIP - Maryland, 2011","Relate_Ite":"Maryland\\Worcester","Shape_Area":90236.0267441,"Shape_Leng":1065.07334435,"State":"MD","assigned_to":"maddie","global_rank":127.0,"lat":38.44531060374412,"lon":-75.28969050875808,"n_reserve":20,"n_target":100,"point_id":233.0,"queue_index":18.0,"rand":0.07863920605036356,"stable_idx":233.0}},{"type":"Feature","geometry":{"type":"Point","coordinates":[-75.25399693910255,38.393673658546334]},"id":"000000000000000000cc","properties":{"Acres":281.452570772,"Confidence":"High","County":"Worcester","Digitized_":"USGS","Imagery_In":"NAIP - Maryland, 2011","Relate_Ite":"Maryland\\Worcester","Shape_Area":1138790.77992,"Shape_Leng":4280.87559179,"State":"MD","assigned_to":"maddie","global_rank":204.0,"lat":38.393673658546334,"lon":-75.25399693910255,"n_reserve":20,"n_target":100,"point_id":127.0,"queue_index":29.0,"rand":0.13129669077361128,"stable_idx":127.0}},{"type":"Feature","geometry":{"type":"Point","coordinates":[-75.24085483958237,38.388508552181165]},"id":"00000000000000000182","properties":{"Acres":136.770748262,"Confidence":"High","County":"Worcester","Digitized_":"USGS","Imagery_In":"NAIP - Maryland, 2011","Relate_Ite":"Maryland\\Worcester","Shape_Area":553318.278667,"Shape_Leng":2637.11007602,"State":"MD","assigned_to":"maddie","global_rank":386.0,"lat":38.388508552181165,"lon":-75.24085483958237,"n_reserve":20,"n_target":100,"point_id":123.0,"queue_index":55.0,"rand":0.25738282527536327,"stable_idx":123.0}},{"type":"Feature","geometry":{"type":"Point","coordinates":[-75.303794108488,38.44167168085771]},"id":"0000000000000000023f","properties":{"Acres":92.3382117264,"Confidence":"High","County":"Worcester","Digitized_":"USGS","Imagery_In":"NAIP - Maryland, 2011","Relate_Ite":"Maryland\\Worcester","Shape_Area":373538.927644,"Shape_Leng":2166.79041011,"State":"MD","assigned_to":"maddie","global_rank":575.0,"lat":38.44167168085771,"lon":-75.303794108488,"n_reserve":20,"n_target":100,"point_id":215.0,"queue_index":82.0,"rand":0.3720179199830569,"stable_idx":215.0}},{"type":"Feature","geometry":{"type":"Point","coordinates":[-75.52982408238626,38.104233846003225]},"id":"00000000000000000326","properties":{"Acres":139.533049991,"Confidence":"High","County":"Worcester","Digitized_":"USGS","Imagery_In":"NAIP - Maryland, 2011","Relate_Ite":"Maryland\\Worcester","Shape_Area":564496.293604,"Shape_Leng":2663.60368813,"State":"MD","assigned_to":"maddie","global_rank":806.0,"lat":38.104233846003225,"lon":-75.52982408238626,"n_reserve":20,"n_target":100,"point_id":34.0,"queue_index":115.0,"rand":0.5245317069568526,"stable_idx":34.0}},{"type":"Feature","geometry":{"type":"Point","coordinates":[-75.46889297631063,38.02390967900298]},"id":"00000000000000000334","properties":{"Acres":15.2212194675,"Confidence":"High","County":"Worcester","Digitized_":"USGS","Imagery_In":"NAIP - Maryland, 2011","Relate_Ite":"Maryland\\Worcester","Shape_Area":61543.4781266,"Shape_Leng":879.776292981,"State":"MD","assigned_to":"maddie","global_rank":820.0,"lat":38.02390967900298,"lon":-75.46889297631063,"n_reserve":20,"n_target":100,"point_id":15.0,"queue_index":117.0,"rand":0.5381333954201503,"stable_idx":15.0}},{"type":"Feature","geometry":{"type":"Point","coordinates":[-75.44049823193015,38.05378896086963]},"id":"00000000000000000025","properties":{"Acres":85.2737821471,"Confidence":"High","County":"Worcester","Digitized_":"USGS","Imagery_In":"NAIP - Maryland, 2011","Relate_Ite":"Maryland\\Worcester","Shape_Area":344955.248381,"Shape_Leng":2082.25055024,"State":"MD","assigned_to":"mara","global_rank":37.0,"lat":38.05378896086963,"lon":-75.44049823193015,"n_reserve":20,"n_target":100,"point_id":29.0,"queue_index":5.0,"rand":0.021975576119917517,"stable_idx":29.0}},{"type":"Feature","geometry":{"type":"Point","coordinates":[-75.25527680801106,38.23250284664627]},"id":"00000000000000000152","properties":{"Acres":35.8729017688,"Confidence":"High","County":"Worcester","Digitized_":"USGS","Imagery_In":"NAIP - Maryland, 2011","Relate_Ite":"Maryland\\Worcester","Shape_Area":145090.245649,"Shape_Leng":1387.68053371,"State":"MD","assigned_to":"mara","global_rank":338.0,"lat":38.23250284664627,"lon":-75.25527680801106,"n_reserve":20,"n_target":100,"point_id":50.0,"queue_index":48.0,"rand":0.22475975859106556,"stable_idx":50.0}},{"type":"Feature","geometry":{"type":"Point","coordinates":[-75.39485388078428,38.159164499608856]},"id":"000000000000000001c9","properties":{"Acres":39.6250060864,"Confidence":"High","County":"Worcester","Digitized_":"USGS","Imagery_In":"NAIP - Maryland, 2011","Relate_Ite":"Maryland\\Worcester","Shape_Area":160264.150966,"Shape_Leng":1419.34107814,"State":"MD","assigned_to":"mara","global_rank":457.0,"lat":38.159164499608856,"lon":-75.39485388078428,"n_reserve":20,"n_target":100,"point_id":40.0,"queue_index":65.0,"rand":0.29675708193519235,"stable_idx":40.0}},{"type":"Feature","geometry":{"type":"Point","coordinates":[-75.44536075474142,38.05020918218475]},"id":"000000000000000002cc","properties":{"Acres":40.5858481911,"Confidence":"High","County":"Worcester","Digitized_":"USGS","Imagery_In":"NAIP - Maryland, 2011","Relate_Ite":"Maryland\\Worcester","Shape_Area":164151.872857,"Shape_Leng":1436.4746234,"State":"MD","assigned_to":"mara","global_rank":716.0,"lat":38.05020918218475,"lon":-75.44536075474142,"n_reserve":20,"n_target":100,"point_id":28.0,"queue_index":102.0,"rand":0.45780635693096294,"stable_idx":28.0}},{"type":"Feature","geometry":{"type":"Point","coordinates":[-75.40598865880484,38.06121883518971]},"id":"000000000000000002e1","properties":{"Acres":57.955201856,"Confidence":"High","County":"Worcester","Digitized_":"USGS","Imagery_In":"NAIP - Maryland, 2011","Relate_Ite":"Maryland\\Worcester","Shape_Area":234455.60978,"Shape_Leng":2012.95106093,"State":"MD","assigned_to":"mara","global_rank":737.0,"lat":38.06121883518971,"lon":-75.40598865880484,"n_reserve":20,"n_target":100,"point_id":32.0,"queue_index":105.0,"rand":0.47681080905435647,"stable_idx":32.0}},{"type":"Feature","geometry":{"type":"Point","coordinates":[-75.44963718250884,38.04665192816072]},"id":"00000000000000000088","properties":{"Acres":60.3396329154,"Confidence":"High","County":"Worcester","Digitized_":"USGS","Imagery_In":"NAIP - Maryland, 2011","Relate_Ite":"Maryland\\Worcester","Shape_Area":244071.517757,"Shape_Leng":1751.52542836,"State":"MD","assigned_to":"mike","global_rank":136.0,"lat":38.04665192816072,"lon":-75.44963718250884,"n_reserve":20,"n_target":100,"point_id":27.0,"queue_index":19.0,"rand":0.08736384313864953,"stable_idx":27.0}},{"type":"Feature","geometry":{"type":"Point","coordinates":[-75.2203226082531,38.40264222587828]},"id":"0000000000000000016f","properties":{"Acres":49.4332501828,"Confidence":"High","County":"Worcester","Digitized_":"USGS","Imagery_In":"NAIP - Maryland, 2011","Relate_Ite":"Maryland\\Worcester","Shape_Area":199979.129125,"Shape_Leng":1833.35584368,"State":"MD","assigned_to":"mike","global_rank":367.0,"lat":38.40264222587828,"lon":-75.2203226082531,"n_reserve":20,"n_target":100,"point_id":138.0,"queue_index":52.0,"rand":0.24479188966442,"stable_idx":138.0}},{"type":"Feature","geometry":{"type":"Point","coordinates":[-75.34672985732685,38.26089646052814]},"id":"0000000000000000030c","properties":{"Acres":92.6070888163,"Confidence":"High","County":"Worcester","Digitized_":"USGS","Imagery_In":"NAIP - Maryland, 2011","Relate_Ite":"Maryland\\Worcester","Shape_Area":374658.886358,"Shape_Leng":2560.75952439,"State":"MD","assigned_to":"mike","global_rank":780.0,"lat":38.26089646052814,"lon":-75.34672985732685,"n_reserve":20,"n_target":100,"point_id":54.0,"queue_index":111.0,"rand":0.5059916531160782,"stable_idx":54.0}},{"type":"Feature","geometry":{"type":"Point","coordinates":[-75.23493359176906,38.294855898316385]},"id":"00000000000000000321","properties":{"Acres":44.181679589,"Confidence":"High","County":"Worcester","Digitized_":"USGS","Imagery_In":"NAIP - Maryland, 2011","Relate_Ite":"Maryland\\Worcester","Shape_Area":178700.927568,"Shape_Leng":1498.79844612,"State":"MD","assigned_to":"mike","global_rank":801.0,"lat":38.294855898316385,"lon":-75.23493359176906,"n_reserve":20,"n_target":100,"point_id":72.0,"queue_index":114.0,"rand":0.5216413762131282,"stable_idx":72.0}},{"type":"Feature","geometry":{"type":"Point","coordinates":[-75.5896125200395,38.00528293133283]},"id":"0000000000000000033d","properties":{"Acres":40.5326663434,"Confidence":"High","County":"Worcester","Digitized_":"USGS","Imagery_In":"NAIP - Maryland, 2011","Relate_Ite":"Maryland\\Worcester","Shape_Area":163946.853134,"Shape_Leng":1477.65646554,"State":"MD","assigned_to":"mike","global_rank":829.0,"lat":38.00528293133283,"lon":-75.5896125200395,"n_reserve":20,"n_target":100,"point_id":2.0,"queue_index":118.0,"rand":0.5447610177349429,"stable_idx":2.0}},{"type":"Feature","geometry":{"type":"Point","coordinates":[-75.4044574278996,38.07157430241439]},"id":"00000000000000000043","properties":{"Acres":43.7423371095,"Confidence":"High","County":"Worcester","Digitized_":"USGS","Imagery_In":"NAIP - Maryland, 2011","Relate_Ite":"Maryland\\Worcester","Shape_Area":176949.969276,"Shape_Leng":1771.47353195,"State":"MD","assigned_to":"sienna","global_rank":67.0,"lat":38.07157430241439,"lon":-75.4044574278996,"n_reserve":20,"n_target":100,"point_id":33.0,"queue_index":9.0,"rand":0.04485061383272271,"stable_idx":33.0}},{"type":"Feature","geometry":{"type":"Point","coordinates":[-75.60776476703631,38.0373514798517]},"id":"0000000000000000004a","properties":{"Acres":98.9931120702,"Confidence":"High","County":"Worcester","Digitized_":"USGS","Imagery_In":"NAIP - Maryland, 2011","Relate_Ite":"Maryland\\Worcester","Shape_Area":400465.072317,"Shape_Leng":2243.5221536,"State":"MD","assigned_to":"sienna","global_rank":74.0,"lat":38.0373514798517,"lon":-75.60776476703631,"n_reserve":20,"n_target":100,"point_id":23.0,"queue_index":10.0,"rand":0.04931998622828215,"stable_idx":23.0}},{"type":"Feature","geometry":{"type":"Point","coordinates":[-75.26353956843754,38.44509181802165]},"id":"0000000000000000005f","properties":{"Acres":82.9923143723,"Confidence":"High","County":"Worcester","Digitized_":"USGS","Imagery_In":"NAIP - Maryland, 2011","Relate_Ite":"Maryland\\Worcester","Shape_Area":335790.944617,"Shape_Leng":2611.37851962,"State":"MD","assigned_to":"sienna","global_rank":95.0,"lat":38.44509181802165,"lon":-75.26353956843754,"n_reserve":20,"n_target":100,"point_id":231.0,"queue_index":13.0,"rand":0.0604992644005421,"stable_idx":231.0}},{"type":"Feature","geometry":{"type":"Point","coordinates":[-75.40133686794374,38.19050491328628]},"id":"000000000000000000d6","properties":{"Acres":69.8677866919,"Confidence":"High","County":"Worcester","Digitized_":"USGS","Imagery_In":"NAIP - Maryland, 2011","Relate_Ite":"Maryland\\Worcester","Shape_Area":282626.333332,"Shape_Leng":2415.75218722,"State":"MD","assigned_to":"sienna","global_rank":214.0,"lat":38.19050491328628,"lon":-75.40133686794374,"n_reserve":20,"n_target":100,"point_id":46.0,"queue_index":30.0,"rand":0.14273898085236814,"stable_idx":46.0}},{"type":"Feature","geometry":{"type":"Point","coordinates":[-75.26217443444172,38.43805730126227]},"id":"000000000000000000eb","properties":{"Acres":25.0975263672,"Confidence":"High","County":"Worcester","Digitized_":"USGS","Imagery_In":"NAIP - Maryland, 2011","Relate_Ite":"Maryland\\Worcester","Shape_Area":101512.370076,"Shape_Leng":1332.57242046,"State":"MD","assigned_to":"sienna","global_rank":235.0,"lat":38.43805730126227,"lon":-75.26217443444172,"n_reserve":20,"n_target":100,"point_id":204.0,"queue_index":33.0,"rand":0.15567035267770568,"stable_idx":204.0}},{"type":"Feature","geometry":{"type":"Point","coordinates":[-75.29077395501304,38.43299012341496]},"id":"0000000000000000013f","properties":{"Acres":53.5542720626,"Confidence":"High","County":"Worcester","Digitized_":"USGS","Imagery_In":"NAIP - Maryland, 2011","Relate_Ite":"Maryland\\Worcester","Shape_Area":216618.231735,"Shape_Leng":1650.09794776,"State":"MD","assigned_to":"sienna","global_rank":319.0,"lat":38.43299012341496,"lon":-75.29077395501304,"n_reserve":20,"n_target":100,"point_id":191.0,"queue_index":45.0,"rand":0.21266394957679735,"stable_idx":191.0}},{"type":"Feature","geometry":{"type":"Point","coordinates":[-75.23722812183992,38.28484242038142]},"id":"0000000000000000025e","properties":{"Acres":24.0260516352,"Confidence":"High","County":"Worcester","Digitized_":"USGS","Imagery_In":"NAIP - Maryland, 2011","Relate_Ite":"Maryland\\Worcester","Shape_Area":97158.5870617,"Shape_Leng":1105.19193217,"State":"MD","assigned_to":"sienna","global_rank":606.0,"lat":38.28484242038142,"lon":-75.23722812183992,"n_reserve":20,"n_target":100,"point_id":59.0,"queue_index":86.0,"rand":0.38722185359886485,"stable_idx":59.0}},{"type":"Feature","geometry":{"type":"Point","coordinates":[-75.29539331062912,38.44015940360931]},"id":"000000000000000002d5","properties":{"Acres":117.611866159,"Confidence":"High","County":"Worcester","Digitized_":"USGS","Imagery_In":"NAIP - Maryland, 2011","Relate_Ite":"Maryland\\Worcester","Shape_Area":475799.588961,"Shape_Leng":2445.43631236,"State":"MD","assigned_to":"sienna","global_rank":725.0,"lat":38.44015940360931,"lon":-75.29539331062912,"n_reserve":20,"n_target":100,"point_id":208.0,"queue_index":103.0,"rand":0.46582459553713673,"stable_idx":208.0}},{"type":"Feature","geometry":{"type":"Point","coordinates":[-75.54795922219556,38.00278725018022]},"id":"000000000000000000ad","properties":{"Acres":31.4409134929,"Confidence":"High","County":"Worcester","Digitized_":"USGS","Imagery_In":"NAIP - Maryland, 2011","Relate_Ite":"Maryland\\Worcester","Shape_Area":127194.219893,"Shape_Leng":1287.97693085,"State":"MD","assigned_to":"taryn","global_rank":173.0,"lat":38.00278725018022,"lon":-75.54795922219556,"n_reserve":20,"n_target":100,"point_id":1.0,"queue_index":24.0,"rand":0.11375292093448963,"stable_idx":1.0}},{"type":"Feature","geometry":{"type":"Point","coordinates":[-75.30625801321364,38.42148728201863]},"id":"000000000000000000ec","properties":{"Acres":40.5606822522,"Confidence":"High","County":"Worcester","Digitized_":"USGS","Imagery_In":"NAIP - Maryland, 2011","Relate_Ite":"Maryland\\Worcester","Shape_Area":164057.834037,"Shape_Leng":1496.26956092,"State":"MD","assigned_to":"taryn","global_rank":236.0,"lat":38.42148728201863,"lon":-75.30625801321364,"n_reserve":20,"n_target":100,"point_id":170.0,"queue_index":33.0,"rand":0.15582895099124905,"stable_idx":170.0}},{"type":"Feature","geometry":{"type":"Point","coordinates":[-75.39977314620714,38.05639809200862]},"id":"00000000000000000266","properties":{"Acres":155.335075068,"Confidence":"High","County":"Worcester","Digitized_":"USGS","Imagery_In":"NAIP - Maryland, 2011","Relate_Ite":"Maryland\\Worcester","Shape_Area":628435.048425,"Shape_Leng":2810.39527204,"State":"MD","assigned_to":"taryn","global_rank":614.0,"lat":38.05639809200862,"lon":-75.39977314620714,"n_reserve":20,"n_target":100,"point_id":30.0,"queue_index":87.0,"rand":0.39250949121802303,"stable_idx":30.0}},{"type":"Feature","geometry":{"type":"Point","coordinates":[-75.43068604518014,38.01675742074496]},"id":"0000000000000000016b","properties":{"Acres":224.611102663,"Confidence":"High","County":"Worcester","Digitized_":"USGS","Imagery_In":"NAIP - Maryland, 2011","Relate_Ite":"Maryland\\Worcester","Shape_Area":908748.080066,"Shape_Leng":3379.52183159,"State":"MD","assigned_to":"tien","global_rank":363.0,"lat":38.01675742074496,"lon":-75.43068604518014,"n_reserve":20,"n_target":100,"point_id":10.0,"queue_index":51.0,"rand":0.2406610240392092,"stable_idx":10.0}},{"type":"Feature","geometry":{"type":"Point","coordinates":[-75.24754809757796,38.289372756417656]},"id":"00000000000000000179","properties":{"Acres":140.628880328,"Confidence":"High","County":"Worcester","Digitized_":"USGS","Imagery_In":"NAIP - Maryland, 2011","Relate_Ite":"Maryland\\Worcester","Shape_Area":569015.155945,"Shape_Leng":2966.54733618,"State":"MD","assigned_to":"tien","global_rank":377.0,"lat":38.289372756417656,"lon":-75.24754809757796,"n_reserve":20,"n_target":100,"point_id":63.0,"queue_index":53.0,"rand":0.25012076700472974,"stable_idx":63.0}},{"type":"Feature","geometry":{"type":"Point","coordinates":[-75.27627825975928,38.37700454333822]},"id":"00000000000000000180","properties":{"Acres":133.107591822,"Confidence":"High","County":"Worcester","Digitized_":"USGS","Imagery_In":"NAIP - Maryland, 2011","Relate_Ite":"Maryland\\Worcester","Shape_Area":538497.589958,"Shape_Leng":2601.54977287,"State":"MD","assigned_to":"tien","global_rank":384.0,"lat":38.37700454333822,"lon":-75.27627825975928,"n_reserve":20,"n_target":100,"point_id":109.0,"queue_index":54.0,"rand":0.2555420708977918,"stable_idx":109.0}},{"type":"Feature","geometry":{"type":"Point","coordinates":[-75.55513549522834,38.01218460591121]},"id":"000000000000000001a3","properties":{"Acres":62.6173500735,"Confidence":"High","County":"Worcester","Digitized_":"USGS","Imagery_In":"NAIP - Maryland, 2011","Relate_Ite":"Maryland\\Worcester","Shape_Area":253288.443334,"Shape_Leng":1784.29552688,"State":"MD","assigned_to":"tien","global_rank":419.0,"lat":38.01218460591121,"lon":-75.55513549522834,"n_reserve":20,"n_target":100,"point_id":4.0,"queue_index":59.0,"rand":0.27647146847026727,"stable_idx":4.0}},{"type":"Feature","geometry":{"type":"Point","coordinates":[-75.53631740320859,38.11441157370099]},"id":"000000000000000002f3","properties":{"Acres":125.265944004,"Confidence":"High","County":"Worcester","Digitized_":"USGS","Imagery_In":"NAIP - Maryland, 2011","Relate_Ite":"Maryland\\Worcester","Shape_Area":506768.404302,"Shape_Leng":2523.74710189,"State":"MD","assigned_to":"tien","global_rank":755.0,"lat":38.11441157370099,"lon":-75.53631740320859,"n_reserve":20,"n_target":100,"point_id":35.0,"queue_index":107.0,"rand":0.48886837595742993,"stable_idx":35.0}},{"type":"Feature","geometry":{"type":"Point","coordinates":[-75.44047448819556,38.01067076422544]},"id":"0000000000000000030e","properties":{"Acres":4.23688450376,"Confidence":"High","County":"Accomack","Digitized_":"USGS","Imagery_In":"NAIP - Virginia, 2012","Relate_Ite":"Virginia\\Accomack","Shape_Area":17116.5600665,"Shape_Leng":464.003094955,"State":"VA","assigned_to":"taryn","global_rank":782.0,"lat":38.01067076422544,"lon":-75.44047448819556,"n_reserve":20,"n_target":100,"point_id":3.0,"queue_index":111.0,"rand":0.5072598782458522,"stable_idx":3.0}}]}