system:index,labeler,marker_state,notes,point_id,queue_index,source_asset,source_labeler,source_point_id,status,timestamp,.geo
0_00000000000000000000,ayush,skipped,"No sign of truss, no circle lines.",1006,43,point_1006_skipped,ayush,1006,skipped,2026-06-11 21:14:41,"{""type"":""Point"",""coordinates"":[-75.9685903549299,38.854270994318654]}"
1_00000000000000000000,ayush,completed,,1015,45,point_1015_completed,ayush,1015,completed,2026-06-11 21:19:13,"{""type"":""Point"",""coordinates"":[-75.97619307207238,38.859582183450954]}"
2_00000000000000000000,ayush,skipped,"No sign on truss, no circle lines.",1036,52,point_1036_skipped,ayush,1036,skipped,2026-06-11 21:25:01,"{""type"":""Point"",""coordinates"":[-75.72853696546787,38.877971909687155]}"
3_00000000000000000000,ayush,skipped,"No sign of truss, no circle lines shown.",103,63,point_103_skipped,ayush,103,skipped,2026-06-11 21:44:23,"{""type"":""Point"",""coordinates"":[-75.66054881540514,38.37310971900941]}"
4_00000000000000000000,ayush,completed,,1058,7,point_1058_completed,ayush,1058,completed,2026-04-06 00:11:06,"{""type"":""Point"",""coordinates"":[-75.85649801481655,38.900395821712934]}"
5_00000000000000000000,ayush,completed,,1076,80,point_1076_completed,ayush,1076,completed,2026-06-11 21:59:36,"{""type"":""Point"",""coordinates"":[-75.90642617717126,38.91328466740874]}"
6_00000000000000000000,ayush,completed,,1079,46,point_1079_completed,ayush,1079,completed,2026-06-11 21:19:52,"{""type"":""Point"",""coordinates"":[-76.01447977556131,38.91410260105824]}"
7_00000000000000000000,ayush,completed,,1083,54,point_1083_completed,ayush,1083,completed,2026-06-11 21:26:30,"{""type"":""Point"",""coordinates"":[-75.8752433939082,38.915475438889544]}"
8_00000000000000000000,ayush,skipped,"No sign of truss, no circle lines.",1092,41,point_1092_skipped,ayush,1092,skipped,2026-06-11 21:12:59,"{""type"":""Point"",""coordinates"":[-76.01954274985329,38.920824566029005]}"
9_00000000000000000000,ayush,completed,,1093,78,point_1093_completed,ayush,1093,completed,2026-06-11 21:58:35,"{""type"":""Point"",""coordinates"":[-76.0485053178982,38.92123624179027]}"
10_00000000000000000000,ayush,skipped,"No truss. Forests, no flat land/field.",1142,100,point_1142_skipped,ayush,1142,skipped,2026-06-11 22:21:05,"{""type"":""Point"",""coordinates"":[-75.897976465923,38.95278038822002]}"
11_00000000000000000000,ayush,completed,,1151,39,point_1151_completed,ayush,1151,completed,2026-06-11 21:11:39,"{""type"":""Point"",""coordinates"":[-75.88391080286905,38.959078018415504]}"
12_00000000000000000000,ayush,completed,,1174,6,point_1174_completed,ayush,1174,completed,2026-04-05 23:54:49,"{""type"":""Point"",""coordinates"":[-75.82873407371027,38.98000786879107]}"
13_00000000000000000000,ayush,completed,,11,47,point_11_completed,ayush,11,completed,2026-06-11 21:20:34,"{""type"":""Point"",""coordinates"":[-75.4619544336071,38.01689308196716]}"
14_00000000000000000000,ayush,completed,,1208,24,point_1208_completed,ayush,1208,completed,2026-06-11 20:57:25,"{""type"":""Point"",""coordinates"":[-75.85821198742909,38.996426210186094]}"
15_00000000000000000000,ayush,completed,,1217,35,point_1217_completed,ayush,1217,completed,2026-06-11 21:09:26,"{""type"":""Point"",""coordinates"":[-75.88842652268973,39.00014646698859]}"
16_00000000000000000000,ayush,completed,,1249,22,point_1249_completed,ayush,1249,completed,2026-06-11 20:53:22,"{""type"":""Point"",""coordinates"":[-75.76975859823413,39.02483765942835]}"
17_00000000000000000000,ayush,completed,,126,19,point_126_completed,ayush,126,completed,2026-06-11 20:50:14,"{""type"":""Point"",""coordinates"":[-75.3845341449841,38.39210440033097]}"
18_00000000000000000000,ayush,skipped,"No truss, replaced with small lake",1271,11,point_1271_skipped,ayush,1271,skipped,2026-04-06 00:25:07,"{""type"":""Point"",""coordinates"":[-75.87389226086584,39.03828574163741]}"
19_00000000000000000000,ayush,completed,,128,25,point_128_completed,ayush,128,completed,2026-06-11 20:58:09,"{""type"":""Point"",""coordinates"":[-75.23828777001775,38.39401047894367]}"
20_00000000000000000000,ayush,completed,,1294,107,point_1294_completed,ayush,1294,completed,2026-06-11 22:34:53,"{""type"":""Point"",""coordinates"":[-76.03502393970179,39.04876901057185]}"
21_00000000000000000000,ayush,completed,,1312,88,point_1312_completed,ayush,1312,completed,2026-06-11 22:12:30,"{""type"":""Point"",""coordinates"":[-75.97148608399827,39.07947901270453]}"
22_00000000000000000000,ayush,completed,,1320,53,point_1320_completed,ayush,1320,completed,2026-06-11 21:25:50,"{""type"":""Point"",""coordinates"":[-75.9686940316297,39.08405644149727]}"
23_00000000000000000000,ayush,completed,,1326,12,point_1326_completed,ayush,1326,completed,2026-04-06 01:18:19,"{""type"":""Point"",""coordinates"":[-75.95294469139336,39.09698702921534]}"
24_00000000000000000000,ayush,completed,,1334,56,point_1334_completed,ayush,1334,completed,2026-06-11 21:31:30,"{""type"":""Point"",""coordinates"":[-75.99514724501309,39.120532959238055]}"
25_00000000000000000000,ayush,completed,,1336,72,point_1336_completed,ayush,1336,completed,2026-06-11 21:52:44,"{""type"":""Point"",""coordinates"":[-75.98635460559633,39.12331372264947]}"
26_00000000000000000000,ayush,completed,,1337,106,point_1337_completed,ayush,1337,completed,2026-06-11 22:34:29,"{""type"":""Point"",""coordinates"":[-75.86478696232349,39.12334657090882]}"
27_00000000000000000000,ayush,completed,,1340,42,point_1340_completed,ayush,1340,completed,2026-06-11 21:13:54,"{""type"":""Point"",""coordinates"":[-75.86083258293696,39.12837058949374]}"
28_00000000000000000000,ayush,completed,,1342,67,point_1342_completed,ayush,1342,completed,2026-06-11 21:46:56,"{""type"":""Point"",""coordinates"":[-75.99541198267029,39.133870517588136]}"
29_00000000000000000000,ayush,completed,,1360,0,point_1360_completed,ayush,1360,completed,2026-03-31 20:42:13,"{""type"":""Point"",""coordinates"":[-75.86553891275022,39.16196505471812]}"
30_00000000000000000000,ayush,completed,,1378,68,point_1378_completed,ayush,1378,completed,2026-06-11 21:48:04,"{""type"":""Point"",""coordinates"":[-75.98079862143919,39.18915869907006]}"
31_00000000000000000000,ayush,completed,,1382,61,point_1382_completed,ayush,1382,completed,2026-06-11 21:41:55,"{""type"":""Point"",""coordinates"":[-75.76764474211508,39.19325455842694]}"
32_00000000000000000000,ayush,completed,,1405,113,point_1405_completed,ayush,1405,completed,2026-06-11 22:37:55,"{""type"":""Point"",""coordinates"":[-75.85377553751252,39.21239736109256]}"
33_00000000000000000000,ayush,completed,,144,62,point_144_completed,ayush,144,completed,2026-06-11 21:42:30,"{""type"":""Point"",""coordinates"":[-75.76726474631812,38.40897184322163]}"
34_00000000000000000000,ayush,completed,,1461,81,point_1461_completed,ayush,1461,completed,2026-06-11 22:00:16,"{""type"":""Point"",""coordinates"":[-75.83005097081089,39.26762712664597]}"
35_00000000000000000000,ayush,completed,,1462,108,point_1462_completed,ayush,1462,completed,2026-06-11 22:35:35,"{""type"":""Point"",""coordinates"":[-76.12685180234311,39.26780782810404]}"
36_00000000000000000000,ayush,completed,,1463,85,point_1463_completed,ayush,1463,completed,2026-06-11 22:06:34,"{""type"":""Point"",""coordinates"":[-75.83502232961003,39.27217217301205]}"
37_00000000000000000000,ayush,completed,,1466,1,point_1466_completed,ayush,1466,completed,2026-04-06 00:09:30,"{""type"":""Point"",""coordinates"":[-75.84620749743861,39.276249993610094]}"
38_00000000000000000000,ayush,completed,,1467,101,point_1467_completed,ayush,1467,completed,2026-06-11 22:21:25,"{""type"":""Point"",""coordinates"":[-76.14834649409282,39.27769769869235]}"
39_00000000000000000000,ayush,completed,,146,60,point_146_completed,ayush,146,completed,2026-06-11 21:40:34,"{""type"":""Point"",""coordinates"":[-75.5556559588966,38.40980878557335]}"
40_00000000000000000000,ayush,skipped,"No truss visible, no circle lines.",1477,94,point_1477_skipped,ayush,1477,skipped,2026-06-11 22:16:55,"{""type"":""Point"",""coordinates"":[-75.94462746456998,39.28884350027183]}"
41_00000000000000000000,ayush,completed,,1480,76,point_1480_completed,ayush,1480,completed,2026-06-11 21:56:02,"{""type"":""Point"",""coordinates"":[-75.89599005641938,39.29371948655194]}"
42_00000000000000000000,ayush,completed,,1482,65,point_1482_completed,ayush,1482,completed,2026-06-11 21:45:27,"{""type"":""Point"",""coordinates"":[-76.01288873195752,39.294495477606105]}"
43_00000000000000000000,ayush,completed,,1510,9,point_1510_completed,ayush,1510,completed,2026-04-06 00:14:33,"{""type"":""Point"",""coordinates"":[-75.80378307250707,39.32072803807886]}"
44_00000000000000000000,ayush,completed,,1528,114,point_1528_completed,ayush,1528,completed,2026-06-11 22:38:16,"{""type"":""Point"",""coordinates"":[-75.90785589984372,39.34797806602575]}"
45_00000000000000000000,ayush,completed,,1529,33,point_1529_completed,ayush,1529,completed,2026-06-11 21:08:14,"{""type"":""Point"",""coordinates"":[-75.90304092466548,39.34964856690793]}"
46_00000000000000000000,ayush,completed,,1532,84,point_1532_completed,ayush,1532,completed,2026-06-11 22:03:22,"{""type"":""Point"",""coordinates"":[-75.80115563618548,39.35612023120924]}"
47_00000000000000000000,ayush,completed,,197,50,point_197_completed,ayush,197,completed,2026-06-11 21:23:18,"{""type"":""Point"",""coordinates"":[-75.26388205173423,38.43581102553705]}"
48_00000000000000000000,ayush,completed,,201,71,point_201_completed,ayush,201,completed,2026-06-11 21:50:56,"{""type"":""Point"",""coordinates"":[-75.66071061343672,38.43727259474335]}"
49_00000000000000000000,ayush,completed,,203,104,point_203_completed,ayush,203,completed,2026-06-11 22:33:31,"{""type"":""Point"",""coordinates"":[-75.6697531107655,38.43789036217752]}"
50_00000000000000000000,ayush,completed,,218,92,point_218_completed,ayush,218,completed,2026-06-11 22:14:42,"{""type"":""Point"",""coordinates"":[-75.46154509182905,38.442348622933835]}"
51_00000000000000000000,ayush,completed,,225,79,point_225_completed,ayush,225,completed,2026-06-11 21:59:15,"{""type"":""Point"",""coordinates"":[-75.65011520449184,38.44348377314341]}"
52_00000000000000000000,ayush,completed,,230,66,point_230_completed,ayush,230,completed,2026-06-11 21:46:20,"{""type"":""Point"",""coordinates"":[-75.27567079279838,38.44494872445055]}"
53_00000000000000000000,ayush,skipped,"No truss seen, no circle lines.",245,103,point_245_skipped,ayush,245,skipped,2026-06-11 22:22:35,"{""type"":""Point"",""coordinates"":[-75.69102964052249,38.44793137584354]}"
54_00000000000000000000,ayush,completed,,24,3,point_24_completed,ayush,24,completed,2026-04-05 23:49:24,"{""type"":""Point"",""coordinates"":[-75.38496441114894,38.04457151024081]}"
55_00000000000000000000,ayush,completed,,261,31,point_261_completed,ayush,261,completed,2026-06-11 21:06:23,"{""type"":""Point"",""coordinates"":[-75.60335480450264,38.45315351725262]}"
56_00000000000000000000,ayush,completed,,263,83,point_263_completed,ayush,263,completed,2026-06-11 22:02:11,"{""type"":""Point"",""coordinates"":[-75.62189542900329,38.45497767409714]}"
57_00000000000000000000,ayush,completed,,264,93,point_264_completed,ayush,264,completed,2026-06-11 22:15:45,"{""type"":""Point"",""coordinates"":[-75.62675681477677,38.4552732563814]}"
58_00000000000000000000,ayush,completed,,328,10,point_328_completed,ayush,328,completed,2026-04-06 00:22:36,"{""type"":""Point"",""coordinates"":[-75.8480943274616,38.52326333355901]}"
59_00000000000000000000,ayush,completed,,329,55,point_329_completed,ayush,329,completed,2026-06-11 21:28:07,"{""type"":""Point"",""coordinates"":[-75.82149920183608,38.523435570137174]}"
60_00000000000000000000,ayush,completed,,345,99,point_345_completed,ayush,345,completed,2026-06-11 22:20:12,"{""type"":""Point"",""coordinates"":[-75.88066243659374,38.530508074587665]}"
61_00000000000000000000,ayush,completed,,347,40,point_347_completed,ayush,347,completed,2026-06-11 21:12:13,"{""type"":""Point"",""coordinates"":[-75.71646223895627,38.53103410133187]}"
62_00000000000000000000,ayush,completed,,359,38,point_359_completed,ayush,359,completed,2026-06-11 21:11:12,"{""type"":""Point"",""coordinates"":[-75.85777307391102,38.53724770707539]}"
63_00000000000000000000,ayush,completed,,377,15,point_377_completed,ayush,377,completed,2026-06-11 20:43:46,"{""type"":""Point"",""coordinates"":[-75.72791910629907,38.56016597597147]}"
64_00000000000000000000,ayush,completed,,383,95,point_383_completed,ayush,383,completed,2026-06-11 22:17:24,"{""type"":""Point"",""coordinates"":[-75.79565912265018,38.56333305973295]}"
65_00000000000000000000,ayush,completed,,402,112,point_402_completed,ayush,402,completed,2026-06-11 22:37:25,"{""type"":""Point"",""coordinates"":[-75.7621271027048,38.571596219927834]}"
66_00000000000000000000,ayush,completed,,431,105,point_431_completed,ayush,431,completed,2026-06-11 22:23:20,"{""type"":""Point"",""coordinates"":[-75.78035972882873,38.57844107333132]}"
67_00000000000000000000,ayush,completed,,435,4,point_435_completed,ayush,435,completed,2026-04-05 23:51:27,"{""type"":""Point"",""coordinates"":[-75.85541027338296,38.58042798138391]}"
68_00000000000000000000,ayush,completed,,437,77,point_437_completed,ayush,437,completed,2026-06-11 21:57:41,"{""type"":""Point"",""coordinates"":[-75.88167094885927,38.5809414465067]}"
69_00000000000000000000,ayush,completed,,446,82,point_446_completed,ayush,446,completed,2026-06-11 22:01:18,"{""type"":""Point"",""coordinates"":[-75.74767802953757,38.58267257496581]}"
70_00000000000000000000,ayush,skipped,"No sign of truss, no circle lines seen.",468,75,point_468_skipped,ayush,468,skipped,2026-06-11 21:55:20,"{""type"":""Point"",""coordinates"":[-75.85715115815326,38.58813388353875]}"
71_00000000000000000000,ayush,completed,,479,32,point_479_completed,ayush,479,completed,2026-06-11 21:07:42,"{""type"":""Point"",""coordinates"":[-75.71837792543003,38.59201877717582]}"
72_00000000000000000000,ayush,completed,,481,91,point_481_completed,ayush,481,completed,2026-06-11 22:14:12,"{""type"":""Point"",""coordinates"":[-75.77897770885785,38.592447605872316]}"
73_00000000000000000000,ayush,completed,,542,36,point_542_completed,ayush,542,completed,2026-06-11 21:10:09,"{""type"":""Point"",""coordinates"":[-75.7272396077581,38.61149107409519]}"
74_00000000000000000000,ayush,completed,,560,48,point_560_completed,ayush,560,completed,2026-06-11 21:21:18,"{""type"":""Point"",""coordinates"":[-75.84910915884024,38.61648092038282]}"
75_00000000000000000000,ayush,completed,,568,14,point_568_completed,ayush,568,completed,2026-04-12 05:40:24,"{""type"":""Point"",""coordinates"":[-75.93719261002444,38.619336972306584]}"
76_00000000000000000000,ayush,completed,,5,18,point_5_completed,ayush,5,completed,2026-06-11 20:49:18,"{""type"":""Point"",""coordinates"":[-75.45668284765092,38.012458617836515]}"
77_00000000000000000000,ayush,completed,,62,89,point_62_completed,ayush,62,completed,2026-06-11 22:13:14,"{""type"":""Point"",""coordinates"":[-75.73759371684693,38.28848033682007]}"
78_00000000000000000000,ayush,completed,,644,30,point_644_completed,ayush,644,completed,2026-06-11 21:03:13,"{""type"":""Point"",""coordinates"":[-75.8335150005238,38.646707927423904]}"
79_00000000000000000000,ayush,completed,,64,29,point_64_completed,ayush,64,completed,2026-06-11 21:02:36,"{""type"":""Point"",""coordinates"":[-75.23547812365067,38.28950535488423]}"
80_00000000000000000000,ayush,skipped,"No sign of truss, no circle lines.",673,111,point_673_skipped,ayush,673,skipped,2026-06-11 22:36:55,"{""type"":""Point"",""coordinates"":[-75.75417288070057,38.65561805054889]}"
81_00000000000000000000,ayush,completed,,681,17,point_681_completed,ayush,681,completed,2026-06-11 20:47:07,"{""type"":""Point"",""coordinates"":[-75.7330996838749,38.65862962758818]}"
82_00000000000000000000,ayush,completed,,688,70,point_688_completed,ayush,688,completed,2026-06-11 21:49:35,"{""type"":""Point"",""coordinates"":[-75.88271343046947,38.661814735030724]}"
83_00000000000000000000,ayush,completed,,723,26,point_723_completed,ayush,723,completed,2026-06-11 20:59:13,"{""type"":""Point"",""coordinates"":[-75.88515819275887,38.678736217212574]}"
84_00000000000000000000,ayush,completed,,726,97,point_726_completed,ayush,726,completed,2026-06-11 22:18:45,"{""type"":""Point"",""coordinates"":[-75.78470369718127,38.680108420621146]}"
85_00000000000000000000,ayush,completed,,73,20,point_73_completed,ayush,73,completed,2026-06-11 20:51:43,"{""type"":""Point"",""coordinates"":[-75.24123261510445,38.29502689494241]}"
86_00000000000000000000,ayush,completed,,741,49,point_741_completed,ayush,741,completed,2026-06-11 21:22:22,"{""type"":""Point"",""coordinates"":[-75.87707616013881,38.68725026729346]}"
87_00000000000000000000,ayush,completed,,75,2,point_75_completed,ayush,75,completed,2026-04-05 23:43:55,"{""type"":""Point"",""coordinates"":[-75.57792765287549,38.315460291602015]}"
88_00000000000000000000,ayush,completed,,781,59,point_781_completed,ayush,781,completed,2026-06-11 21:40:05,"{""type"":""Point"",""coordinates"":[-75.87317066744609,38.710331007215586]}"
89_00000000000000000000,ayush,completed,,798,69,point_798_completed,ayush,798,completed,2026-06-11 21:49:06,"{""type"":""Point"",""coordinates"":[-75.73063528066315,38.718372611770306]}"
90_00000000000000000000,ayush,completed,,79,8,point_79_completed,ayush,79,completed,2026-04-06 00:12:47,"{""type"":""Point"",""coordinates"":[-75.38309989943704,38.33088011595635]}"
91_00000000000000000000,ayush,skipped,"No sign on truss, no circle lines.",803,110,point_803_skipped,ayush,803,skipped,2026-06-11 22:36:32,"{""type"":""Point"",""coordinates"":[-75.86211887555926,38.72111816828168]}"
92_00000000000000000000,ayush,completed,,809,44,point_809_completed,ayush,809,completed,2026-06-11 21:18:23,"{""type"":""Point"",""coordinates"":[-75.86887700899072,38.72437933960115]}"
93_00000000000000000000,ayush,skipped,"No truss seen, no circle lines.",811,96,point_811_skipped,ayush,811,skipped,2026-06-11 22:17:59,"{""type"":""Point"",""coordinates"":[-75.88049168975462,38.72456841791903]}"
94_00000000000000000000,ayush,completed,,821,16,point_821_completed,ayush,821,completed,2026-06-11 20:46:26,"{""type"":""Point"",""coordinates"":[-75.76807181082481,38.73050547064865]}"
95_00000000000000000000,ayush,completed,,824,102,point_824_completed,ayush,824,completed,2026-06-11 22:21:48,"{""type"":""Point"",""coordinates"":[-75.90879665771547,38.73350410463876]}"
96_00000000000000000000,ayush,completed,,830,5,point_830_completed,ayush,830,completed,2026-04-05 23:52:45,"{""type"":""Point"",""coordinates"":[-75.88192666776004,38.735205913472704]}"
97_00000000000000000000,ayush,completed,,840,98,point_840_completed,ayush,840,completed,2026-06-11 22:19:28,"{""type"":""Point"",""coordinates"":[-75.92014939462537,38.73718496754759]}"
98_00000000000000000000,ayush,skipped,"No sign of truss, no circle lines.",84,86,point_84_skipped,ayush,84,skipped,2026-06-11 22:07:08,"{""type"":""Point"",""coordinates"":[-75.38023065749285,38.34178067230921]}"
99_00000000000000000000,ayush,completed,,850,87,point_850_completed,ayush,850,completed,2026-06-11 22:11:47,"{""type"":""Point"",""coordinates"":[-75.7804432437096,38.73924038426869]}"
100_00000000000000000000,ayush,completed,,853,109,point_853_completed,ayush,853,completed,2026-06-11 22:36:05,"{""type"":""Point"",""coordinates"":[-75.80999615079611,38.740109745224444]}"
101_00000000000000000000,ayush,completed,,855,64,point_855_completed,ayush,855,completed,2026-06-11 21:44:56,"{""type"":""Point"",""coordinates"":[-75.93300425188185,38.740993926913106]}"
102_00000000000000000000,ayush,skipped,"No signs of trusses, no circle lines.",86,21,point_86_skipped,ayush,86,skipped,2026-06-11 20:52:54,"{""type"":""Point"",""coordinates"":[-75.24708501351473,38.349243995407896]}"
103_00000000000000000000,ayush,completed,,889,73,point_889_completed,ayush,889,completed,2026-06-11 21:53:13,"{""type"":""Point"",""coordinates"":[-75.81422299011267,38.75531019682106]}"
104_00000000000000000000,ayush,completed,,891,58,point_891_completed,ayush,891,completed,2026-06-11 21:37:39,"{""type"":""Point"",""coordinates"":[-75.76775083981624,38.755607208733]}"
105_00000000000000000000,ayush,completed,,918,23,point_918_completed,ayush,918,completed,2026-06-11 20:55:00,"{""type"":""Point"",""coordinates"":[-75.95011463263614,38.773720647072835]}"
106_00000000000000000000,ayush,completed,,931,37,point_931_completed,ayush,931,completed,2026-06-11 21:10:37,"{""type"":""Point"",""coordinates"":[-75.8704147501529,38.77991107896976]}"
107_00000000000000000000,ayush,completed,,93,34,point_93_completed,ayush,93,completed,2026-06-11 21:08:52,"{""type"":""Point"",""coordinates"":[-75.66938292369997,38.363438356432304]}"
108_00000000000000000000,ayush,completed,,961,90,point_961_completed,ayush,961,completed,2026-06-11 22:13:38,"{""type"":""Point"",""coordinates"":[-75.76907550289835,38.7951620032434]}"
109_00000000000000000000,ayush,completed,,965,74,point_965_completed,ayush,965,completed,2026-06-11 21:54:52,"{""type"":""Point"",""coordinates"":[-75.7824373139601,38.79643276659644]}"
110_00000000000000000000,ayush,completed,,980,57,point_980_completed,ayush,980,completed,2026-06-11 21:32:12,"{""type"":""Point"",""coordinates"":[-75.78268618318735,38.81291464868545]}"
111_00000000000000000000,ayush,completed,,988,13,point_988_completed,ayush,988,completed,2026-04-12 05:39:28,"{""type"":""Point"",""coordinates"":[-75.77454264374202,38.83053624875945]}"
112_00000000000000000000,ayush,completed,,991,27,point_991_completed,ayush,991,completed,2026-06-11 20:59:55,"{""type"":""Point"",""coordinates"":[-75.7727284945172,38.8350817841532]}"
113_00000000000000000000,ayush,skipped,"No truss, no circle lines shown.",997,28,point_997_skipped,ayush,997,skipped,2026-06-11 21:02:05,"{""type"":""Point"",""coordinates"":[-75.73568536978901,38.84957100753855]}"
114_00000000000000000000,ayush,completed,,998,51,point_998_completed,ayush,998,completed,2026-06-11 21:24:00,"{""type"":""Point"",""coordinates"":[-75.93776036495842,38.849772364731486]}"
115_00000000000000000000,maddie,completed,,1002,75,point_1002_completed,maddie,1002,completed,2026-04-13 13:46:19,"{""type"":""Point"",""coordinates"":[-75.94579131932778,38.851546879691575]}"
116_00000000000000000000,maddie,completed,,1011,6,point_1011_completed,maddie,1011,completed,2026-04-12 16:35:31,"{""type"":""Point"",""coordinates"":[-75.9882729156097,38.855554540909445]}"
117_00000000000000000000,maddie,completed,,1021,61,point_1021_completed,maddie,1021,completed,2026-04-13 00:53:26,"{""type"":""Point"",""coordinates"":[-75.98612156139478,38.868507439379556]}"
118_00000000000000000000,maddie,completed,,1051,9,point_1051_completed,maddie,1051,completed,2026-04-12 16:48:11,"{""type"":""Point"",""coordinates"":[-75.89022265464116,38.89657446347441]}"
119_00000000000000000000,maddie,completed,,1064,66,point_1064_completed,maddie,1064,completed,2026-04-13 13:08:48,"{""type"":""Point"",""coordinates"":[-76.0179180971718,38.904384017770056]}"
120_00000000000000000000,maddie,completed,,1073,19,point_1073_completed,maddie,1073,completed,2026-04-12 17:15:49,"{""type"":""Point"",""coordinates"":[-75.76622820794995,38.91078130014865]}"
121_00000000000000000000,maddie,skipped,No truss,1080,7,point_1080_skipped,maddie,1080,skipped,2026-04-12 16:40:03,"{""type"":""Point"",""coordinates"":[-75.97151267720831,38.91420784328713]}"
122_00000000000000000000,maddie,completed,,1085,105,point_1085_completed,maddie,1085,completed,2026-04-14 15:56:54,"{""type"":""Point"",""coordinates"":[-75.7688453854921,38.91616317694155]}"
123_00000000000000000000,maddie,completed,,1135,24,point_1135_completed,maddie,1135,completed,2026-04-12 18:41:35,"{""type"":""Point"",""coordinates"":[-75.75186921414469,38.94471591305947]}"
124_00000000000000000000,maddie,completed,,114,44,point_114_completed,maddie,114,completed,2026-04-13 00:14:40,"{""type"":""Point"",""coordinates"":[-75.53480901951154,38.38459490184115]}"
125_00000000000000000000,maddie,completed,,1183,35,point_1183_completed,maddie,1183,completed,2026-04-12 19:26:37,"{""type"":""Point"",""coordinates"":[-75.89154116669673,38.98415493685598]}"
126_00000000000000000000,maddie,completed,,1187,13,point_1187_completed,maddie,1187,completed,2026-04-12 17:00:18,"{""type"":""Point"",""coordinates"":[-75.87946187322754,38.985610389573424]}"
127_00000000000000000000,maddie,completed,,1188,50,point_1188_completed,maddie,1188,completed,2026-04-13 00:29:15,"{""type"":""Point"",""coordinates"":[-75.82135933801663,38.98565133468576]}"
128_00000000000000000000,maddie,completed,,1220,37,point_1220_completed,maddie,1220,completed,2026-04-12 19:36:17,"{""type"":""Point"",""coordinates"":[-75.87581233614381,39.00270758903423]}"
129_00000000000000000000,maddie,completed,,1238,28,point_1238_completed,maddie,1238,completed,2026-04-12 18:54:21,"{""type"":""Point"",""coordinates"":[-75.7831962211627,39.01421887948545]}"
130_00000000000000000000,maddie,completed,,123,55,point_123_completed,maddie,123,completed,2026-04-13 00:36:25,"{""type"":""Point"",""coordinates"":[-75.24085483958237,38.388508552181165]}"
131_00000000000000000000,maddie,completed,,1241,73,point_1241_completed,maddie,1241,completed,2026-04-13 13:42:15,"{""type"":""Point"",""coordinates"":[-76.06020486322701,39.018037605793296]}"
132_00000000000000000000,maddie,skipped,No truss,1261,52,point_1261_skipped,maddie,1261,skipped,2026-04-13 00:32:22,"{""type"":""Point"",""coordinates"":[-75.80818087267629,39.03393128427606]}"
133_00000000000000000000,maddie,completed,,127,29,point_127_completed,maddie,127,completed,2026-04-12 19:03:13,"{""type"":""Point"",""coordinates"":[-75.25399693910255,38.393673658546334]}"
134_00000000000000000000,maddie,completed,,1288,39,point_1288_completed,maddie,1288,completed,2026-04-12 19:41:16,"{""type"":""Point"",""coordinates"":[-75.74333609464627,39.0457305712915]}"
135_00000000000000000000,maddie,completed,,1300,95,point_1300_completed,maddie,1300,completed,2026-04-14 00:53:36,"{""type"":""Point"",""coordinates"":[-76.00362790481006,39.05695263830429]}"
136_00000000000000000000,maddie,completed,,1301,53,point_1301_completed,maddie,1301,completed,2026-04-13 00:33:48,"{""type"":""Point"",""coordinates"":[-75.888009053854,39.05808769287509]}"
137_00000000000000000000,maddie,completed,,1321,69,point_1321_completed,maddie,1321,completed,2026-04-13 13:16:06,"{""type"":""Point"",""coordinates"":[-75.92446787768014,39.08472624779653]}"
138_00000000000000000000,maddie,completed,,1323,0,point_1323_completed,maddie,1323,completed,2026-04-12 14:06:04,"{""type"":""Point"",""coordinates"":[-75.91971945813951,39.09323692994254]}"
139_00000000000000000000,maddie,completed,,134,65,point_134_completed,maddie,134,completed,2026-04-13 01:02:39,"{""type"":""Point"",""coordinates"":[-75.54531093038375,38.39944337698354]}"
140_00000000000000000000,maddie,completed,,1354,76,point_1354_completed,maddie,1354,completed,2026-04-13 15:31:24,"{""type"":""Point"",""coordinates"":[-75.83714530766052,39.15591356540376]}"
141_00000000000000000000,maddie,completed,,1370,96,point_1370_completed,maddie,1370,completed,2026-04-14 00:55:17,"{""type"":""Point"",""coordinates"":[-75.99269634633593,39.175079381581554]}"
142_00000000000000000000,maddie,completed,,1371,32,point_1371_completed,maddie,1371,completed,2026-04-12 19:21:20,"{""type"":""Point"",""coordinates"":[-75.98981880666534,39.18089827915509]}"
143_00000000000000000000,maddie,completed,,1390,93,point_1390_completed,maddie,1390,completed,2026-04-14 00:47:34,"{""type"":""Point"",""coordinates"":[-75.99937905790598,39.20136893838361]}"
144_00000000000000000000,maddie,completed,,1391,43,point_1391_completed,maddie,1391,completed,2026-04-13 00:12:30,"{""type"":""Point"",""coordinates"":[-75.9675001399796,39.2014493970415]}"
145_00000000000000000000,maddie,completed,,1410,104,point_1410_completed,maddie,1410,completed,2026-04-14 15:55:01,"{""type"":""Point"",""coordinates"":[-75.98144638896183,39.21655127728029]}"
146_00000000000000000000,maddie,completed,,1415,41,point_1415_completed,maddie,1415,completed,2026-04-12 19:47:18,"{""type"":""Point"",""coordinates"":[-75.99566846023386,39.21974524650483]}"
147_00000000000000000000,maddie,completed,,1431,71,point_1431_completed,maddie,1431,completed,2026-04-13 13:38:09,"{""type"":""Point"",""coordinates"":[-75.7720341776091,39.231710361307506]}"
148_00000000000000000000,maddie,completed,,1439,59,point_1439_completed,maddie,1439,completed,2026-04-13 00:47:03,"{""type"":""Point"",""coordinates"":[-75.87954638023498,39.24015586464772]}"
149_00000000000000000000,maddie,completed,,1490,102,point_1490_completed,maddie,1490,completed,2026-04-14 15:51:10,"{""type"":""Point"",""coordinates"":[-75.83801113910309,39.29905653188213]}"
150_00000000000000000000,maddie,completed,,1503,26,point_1503_completed,maddie,1503,completed,2026-04-12 18:47:06,"{""type"":""Point"",""coordinates"":[-75.80556082697292,39.311749691053286]}"
151_00000000000000000000,maddie,completed,,1507,78,point_1507_completed,maddie,1507,completed,2026-04-13 15:33:21,"{""type"":""Point"",""coordinates"":[-75.81809785235649,39.31635403243303]}"
152_00000000000000000000,maddie,skipped,No truss,1511,33,point_1511_skipped,maddie,1511,skipped,2026-04-12 19:24:04,"{""type"":""Point"",""coordinates"":[-75.85940705918907,39.320746414828385]}"
153_00000000000000000000,maddie,completed,,1524,17,point_1524_completed,maddie,1524,completed,2026-04-12 17:11:59,"{""type"":""Point"",""coordinates"":[-75.84813168632152,39.34046894041599]}"
154_00000000000000000000,maddie,completed,,1527,88,point_1527_completed,maddie,1527,completed,2026-04-14 00:21:42,"{""type"":""Point"",""coordinates"":[-75.83551115164583,39.34758260940014]}"
155_00000000000000000000,maddie,completed,,172,16,point_172_completed,maddie,172,completed,2026-04-12 17:10:29,"{""type"":""Point"",""coordinates"":[-75.62944231442577,38.422373549384126]}"
156_00000000000000000000,maddie,skipped,No truss,187,34,point_187_skipped,maddie,187,skipped,2026-04-12 19:25:07,"{""type"":""Point"",""coordinates"":[-75.35223794352072,38.43158199104169]}"
157_00000000000000000000,maddie,completed,,189,25,point_189_completed,maddie,189,completed,2026-04-12 18:43:20,"{""type"":""Point"",""coordinates"":[-75.64575210428495,38.43263047653392]}"
158_00000000000000000000,maddie,completed,,190,67,point_190_completed,maddie,190,completed,2026-04-13 13:10:36,"{""type"":""Point"",""coordinates"":[-75.6506322792149,38.4328580833043]}"
159_00000000000000000000,maddie,completed,,196,42,point_196_completed,maddie,196,completed,2026-04-13 00:07:44,"{""type"":""Point"",""coordinates"":[-75.37269930383381,38.43502678754546]}"
160_00000000000000000000,maddie,completed,,215,82,point_215_completed,maddie,215,completed,2026-04-13 15:38:47,"{""type"":""Point"",""coordinates"":[-75.303794108488,38.44167168085771]}"
161_00000000000000000000,maddie,completed,,221,58,point_221_completed,maddie,221,completed,2026-04-13 00:44:32,"{""type"":""Point"",""coordinates"":[-75.72136149272717,38.44294019305407]}"
162_00000000000000000000,maddie,completed,,233,18,point_233_completed,maddie,233,completed,2026-04-12 17:13:52,"{""type"":""Point"",""coordinates"":[-75.28969050875808,38.44531060374412]}"
163_00000000000000000000,maddie,completed,,248,89,point_248_completed,maddie,248,completed,2026-04-14 00:23:22,"{""type"":""Point"",""coordinates"":[-75.7240326408197,38.44923561037947]}"
164_00000000000000000000,maddie,completed,,266,36,point_266_completed,maddie,266,completed,2026-04-12 19:30:23,"{""type"":""Point"",""coordinates"":[-75.71639702496954,38.45998477093072]}"
165_00000000000000000000,maddie,completed,,26,3,point_26_completed,maddie,26,completed,2026-04-12 16:24:55,"{""type"":""Point"",""coordinates"":[-75.45488867559949,38.04624166814616]}"
166_00000000000000000000,maddie,completed,,272,57,point_272_completed,maddie,272,completed,2026-04-13 00:42:01,"{""type"":""Point"",""coordinates"":[-75.88202110770128,38.475870293641336]}"
167_00000000000000000000,maddie,completed,,283,98,point_283_completed,maddie,283,completed,2026-04-14 01:01:16,"{""type"":""Point"",""coordinates"":[-75.71567545300834,38.48612627541299]}"
168_00000000000000000000,maddie,completed,,285,72,point_285_completed,maddie,285,completed,2026-04-13 13:40:54,"{""type"":""Point"",""coordinates"":[-75.8768563850839,38.48834327581038]}"
169_00000000000000000000,maddie,completed,,297,85,point_297_completed,maddie,297,completed,2026-04-13 15:44:43,"{""type"":""Point"",""coordinates"":[-75.70414648672353,38.50671499865915]}"
170_00000000000000000000,maddie,completed,,303,38,point_303_completed,maddie,303,completed,2026-04-12 19:38:46,"{""type"":""Point"",""coordinates"":[-75.96022820362447,38.511800004570475]}"
171_00000000000000000000,maddie,completed,,305,70,point_305_completed,maddie,305,completed,2026-04-13 13:32:16,"{""type"":""Point"",""coordinates"":[-75.8277101830123,38.512971201729144]}"
172_00000000000000000000,maddie,completed,,308,56,point_308_completed,maddie,308,completed,2026-04-13 00:40:27,"{""type"":""Point"",""coordinates"":[-75.9562214845885,38.51632789980013]}"
173_00000000000000000000,maddie,completed,,320,48,point_320_completed,maddie,320,completed,2026-04-13 00:24:27,"{""type"":""Point"",""coordinates"":[-75.784335304263,38.52108055248112]}"
174_00000000000000000000,maddie,completed,,343,63,point_343_completed,maddie,343,completed,2026-04-13 00:56:36,"{""type"":""Point"",""coordinates"":[-75.8145609614955,38.52926864363299]}"
175_00000000000000000000,maddie,completed,,358,103,point_358_completed,maddie,358,completed,2026-04-14 15:53:28,"{""type"":""Point"",""coordinates"":[-75.8640428094298,38.53578552556502]}"
176_00000000000000000000,maddie,completed,,365,8,point_365_completed,maddie,365,completed,2026-04-12 16:43:20,"{""type"":""Point"",""coordinates"":[-75.82491362659327,38.54404917407803]}"
177_00000000000000000000,maddie,completed,,367,20,point_367_completed,maddie,367,completed,2026-04-12 17:18:28,"{""type"":""Point"",""coordinates"":[-75.7870154189425,38.54868249136294]}"
178_00000000000000000000,maddie,completed,,370,90,point_370_completed,maddie,370,completed,2026-04-14 00:43:27,"{""type"":""Point"",""coordinates"":[-75.86362307735943,38.552269364904774]}"
179_00000000000000000000,maddie,skipped,No truss,376,30,point_376_skipped,maddie,376,skipped,2026-04-12 19:04:39,"{""type"":""Point"",""coordinates"":[-75.86237338995338,38.55984139188799]}"
180_00000000000000000000,maddie,completed,,397,97,point_397_completed,maddie,397,completed,2026-04-14 00:58:25,"{""type"":""Point"",""coordinates"":[-75.72987180376857,38.570165725409495]}"
181_00000000000000000000,maddie,completed,,405,79,point_405_completed,maddie,405,completed,2026-04-13 15:34:42,"{""type"":""Point"",""coordinates"":[-75.73382515803813,38.57176093668205]}"
182_00000000000000000000,maddie,completed,,421,14,point_421_completed,maddie,421,completed,2026-04-12 17:04:42,"{""type"":""Point"",""coordinates"":[-75.85048676258835,38.5770283543801]}"
183_00000000000000000000,maddie,completed,,422,84,point_422_completed,maddie,422,completed,2026-04-13 15:42:02,"{""type"":""Point"",""coordinates"":[-75.91648863566589,38.57737611118915]}"
184_00000000000000000000,maddie,completed,,450,87,point_450_completed,maddie,450,completed,2026-04-14 00:20:19,"{""type"":""Point"",""coordinates"":[-75.88045590913204,38.5846636793105]}"
185_00000000000000000000,maddie,completed,,452,46,point_452_completed,maddie,452,completed,2026-04-13 00:18:56,"{""type"":""Point"",""coordinates"":[-75.78524909307664,38.58502438785236]}"
186_00000000000000000000,maddie,completed,,458,91,point_458_completed,maddie,458,completed,2026-04-14 00:45:00,"{""type"":""Point"",""coordinates"":[-75.76982336717198,38.58549661287177]}"
187_00000000000000000000,maddie,completed,,473,23,point_473_completed,maddie,473,completed,2026-04-12 18:37:22,"{""type"":""Point"",""coordinates"":[-75.71659106405151,38.590275060825356]}"
188_00000000000000000000,maddie,completed,,474,11,point_474_completed,maddie,474,completed,2026-04-12 16:52:30,"{""type"":""Point"",""coordinates"":[-75.7879105675782,38.59045083588805]}"
189_00000000000000000000,maddie,completed,,490,27,point_490_completed,maddie,490,completed,2026-04-12 18:49:34,"{""type"":""Point"",""coordinates"":[-75.86032615261992,38.59453966910929]}"
190_00000000000000000000,maddie,completed,,507,4,point_507_completed,maddie,507,completed,2026-04-12 16:30:06,"{""type"":""Point"",""coordinates"":[-75.75124447269619,38.599485779415694]}"
191_00000000000000000000,maddie,completed,,519,47,point_519_completed,maddie,519,completed,2026-04-13 00:22:44,"{""type"":""Point"",""coordinates"":[-75.89743720775152,38.60405193353362]}"
192_00000000000000000000,maddie,completed,,524,31,point_524_completed,maddie,524,completed,2026-04-12 19:19:30,"{""type"":""Point"",""coordinates"":[-75.72502430686208,38.606006898055135]}"
193_00000000000000000000,maddie,completed,,530,101,point_530_completed,maddie,530,completed,2026-04-14 01:05:46,"{""type"":""Point"",""coordinates"":[-75.70882228302328,38.60808816558447]}"
194_00000000000000000000,maddie,completed,,576,12,point_576_completed,maddie,576,completed,2026-04-12 16:55:11,"{""type"":""Point"",""coordinates"":[-75.8899521659201,38.62185382956542]}"
195_00000000000000000000,maddie,completed,,593,81,point_593_completed,maddie,593,completed,2026-04-13 15:37:09,"{""type"":""Point"",""coordinates"":[-75.90154129918325,38.629852516432734]}"
196_00000000000000000000,maddie,skipped,No Truss,594,2,point_594_skipped,maddie,594,skipped,2026-04-12 16:20:40,"{""type"":""Point"",""coordinates"":[-75.76962973758025,38.63018127107671]}"
197_00000000000000000000,maddie,completed,,628,62,point_628_completed,maddie,628,completed,2026-04-13 00:55:33,"{""type"":""Point"",""coordinates"":[-76.0120646463057,38.642389137989035]}"
198_00000000000000000000,maddie,completed,,640,80,point_640_completed,maddie,640,completed,2026-04-13 15:35:54,"{""type"":""Point"",""coordinates"":[-75.87620957535893,38.6462315071037]}"
199_00000000000000000000,maddie,completed,,647,49,point_647_completed,maddie,647,completed,2026-04-13 00:26:41,"{""type"":""Point"",""coordinates"":[-75.83877715753192,38.647452267157554]}"
200_00000000000000000000,maddie,completed,,650,100,point_650_completed,maddie,650,completed,2026-04-14 01:04:08,"{""type"":""Point"",""coordinates"":[-75.91247947103584,38.648011513773454]}"
201_00000000000000000000,maddie,completed,,666,94,point_666_completed,maddie,666,completed,2026-04-14 00:49:42,"{""type"":""Point"",""coordinates"":[-75.72823565995468,38.65390309825363]}"
202_00000000000000000000,maddie,completed,,680,21,point_680_completed,maddie,680,completed,2026-04-12 17:20:44,"{""type"":""Point"",""coordinates"":[-75.7726026627241,38.65817463508476]}"
203_00000000000000000000,maddie,completed,,699,40,point_699_completed,maddie,699,completed,2026-04-12 19:44:11,"{""type"":""Point"",""coordinates"":[-75.72989937329137,38.665952222231454]}"
204_00000000000000000000,maddie,completed,,748,22,point_748_completed,maddie,748,completed,2026-04-12 17:22:35,"{""type"":""Point"",""coordinates"":[-75.7458700176146,38.69109918691344]}"
205_00000000000000000000,maddie,completed,,768,99,point_768_completed,maddie,768,completed,2026-04-14 01:02:45,"{""type"":""Point"",""coordinates"":[-75.91268740734077,38.704681623499326]}"
206_00000000000000000000,maddie,completed,,789,83,point_789_completed,maddie,789,completed,2026-04-13 15:39:57,"{""type"":""Point"",""coordinates"":[-75.91886222611289,38.71533215910159]}"
207_00000000000000000000,maddie,completed,,822,10,point_822_completed,maddie,822,completed,2026-04-12 16:49:48,"{""type"":""Point"",""coordinates"":[-75.80788347858108,38.73073613340894]}"
208_00000000000000000000,maddie,completed,,825,106,point_825_completed,maddie,825,completed,2026-04-14 17:57:08,"{""type"":""Point"",""coordinates"":[-75.8144316750306,38.73351268718805]}"
209_00000000000000000000,maddie,completed,,82,51,point_82_completed,maddie,82,completed,2026-04-13 00:30:51,"{""type"":""Point"",""coordinates"":[-75.55348378450151,38.338068779393964]}"
210_00000000000000000000,maddie,completed,,869,15,point_869_completed,maddie,869,completed,2026-04-12 17:08:09,"{""type"":""Point"",""coordinates"":[-75.75525862762466,38.745938370682346]}"
211_00000000000000000000,maddie,completed,,872,64,point_872_completed,maddie,872,completed,2026-04-13 00:58:07,"{""type"":""Point"",""coordinates"":[-75.91983785734752,38.74730894528645]}"
212_00000000000000000000,maddie,completed,,873,45,point_873_completed,maddie,873,completed,2026-04-13 00:16:43,"{""type"":""Point"",""coordinates"":[-75.87191363997111,38.74758201786989]}"
213_00000000000000000000,maddie,completed,,875,77,point_875_completed,maddie,875,completed,2026-04-13 15:32:32,"{""type"":""Point"",""coordinates"":[-75.89594920965946,38.74835102071096]}"
214_00000000000000000000,maddie,completed,,887,86,point_887_completed,maddie,887,completed,2026-04-14 00:18:19,"{""type"":""Point"",""coordinates"":[-75.9277122879306,38.75363979655354]}"
215_00000000000000000000,maddie,completed,,921,68,point_921_completed,maddie,921,completed,2026-04-13 13:13:54,"{""type"":""Point"",""coordinates"":[-75.8489825322735,38.77422303539756]}"
216_00000000000000000000,maddie,completed,,937,5,point_937_completed,maddie,937,completed,2026-04-12 16:32:58,"{""type"":""Point"",""coordinates"":[-75.90540892040381,38.78284776138599]}"
217_00000000000000000000,maddie,completed,,953,1,point_953_completed,maddie,953,completed,2026-04-12 14:15:25,"{""type"":""Point"",""coordinates"":[-75.87899073157247,38.79155813559542]}"
218_00000000000000000000,maddie,completed,,95,60,point_95_completed,maddie,95,completed,2026-04-13 00:51:05,"{""type"":""Point"",""coordinates"":[-75.67104342787245,38.36610050614212]}"
219_00000000000000000000,maddie,completed,,972,92,point_972_completed,maddie,972,completed,2026-04-14 00:46:10,"{""type"":""Point"",""coordinates"":[-75.8189606408981,38.80366569640798]}"
220_00000000000000000000,maddie,completed,,977,74,point_977_completed,maddie,977,completed,2026-04-13 13:44:15,"{""type"":""Point"",""coordinates"":[-75.77351367470344,38.808863446863405]}"
221_00000000000000000000,maddie,skipped,No truss,989,54,point_989_skipped,maddie,989,skipped,2026-04-13 00:34:47,"{""type"":""Point"",""coordinates"":[-75.99411247060931,38.83180778576374]}"
222_00000000000000000000,mara,completed,,1008,24,point_1008_completed,mara,1008,completed,2026-04-12 04:24:20,"{""type"":""Point"",""coordinates"":[-75.93240774365253,38.85497859768527]}"
223_00000000000000000000,mara,skipped,unsure if truss,1012,45,point_1012_skipped,mara,1012,skipped,2026-04-12 19:25:36,"{""type"":""Point"",""coordinates"":[-75.94289398168924,38.85608152891082]}"
224_00000000000000000000,mara,completed,,1018,117,point_1018_completed,mara,1018,completed,2026-04-13 01:21:17,"{""type"":""Point"",""coordinates"":[-75.97926165983718,38.86383760124482]}"
225_00000000000000000000,mara,completed,truss is barely visible on the edge,1019,31,point_1019_completed,mara,1019,completed,2026-04-12 04:32:18,"{""type"":""Point"",""coordinates"":[-75.95238160087723,38.86634891003222]}"
226_00000000000000000000,mara,completed,,1025,95,point_1025_completed,mara,1025,completed,2026-04-12 21:33:19,"{""type"":""Point"",""coordinates"":[-75.87983439092433,38.87091091833543]}"
227_00000000000000000000,mara,completed,,1027,70,point_1027_completed,mara,1027,completed,2026-04-12 20:35:54,"{""type"":""Point"",""coordinates"":[-75.98813294592088,38.873298185647656]}"
228_00000000000000000000,mara,completed,,1041,41,point_1041_completed,mara,1041,completed,2026-04-12 19:22:25,"{""type"":""Point"",""coordinates"":[-75.88711655444946,38.88107905971495]}"
229_00000000000000000000,mara,completed,,104,67,point_104_completed,mara,104,completed,2026-04-12 20:34:21,"{""type"":""Point"",""coordinates"":[-75.64313970307082,38.373237478788276]}"
230_00000000000000000000,mara,completed,,1050,42,point_1050_completed,mara,1050,completed,2026-04-12 19:23:07,"{""type"":""Point"",""coordinates"":[-76.00856103147794,38.89575954762942]}"
231_00000000000000000000,mara,completed,,1053,51,point_1053_completed,mara,1053,completed,2026-04-12 19:45:57,"{""type"":""Point"",""coordinates"":[-75.9192253982071,38.897508261381255]}"
232_00000000000000000000,mara,completed,,1066,80,point_1066_completed,mara,1066,completed,2026-04-12 21:03:39,"{""type"":""Point"",""coordinates"":[-75.7540537194008,38.90676053053975]}"
233_00000000000000000000,mara,completed,,1071,50,point_1071_completed,mara,1071,completed,2026-04-12 19:45:12,"{""type"":""Point"",""coordinates"":[-75.76447740485239,38.90854840856723]}"
234_00000000000000000000,mara,completed,,1082,113,point_1082_completed,mara,1082,completed,2026-04-13 01:18:55,"{""type"":""Point"",""coordinates"":[-75.77663948385796,38.91544934309118]}"
235_00000000000000000000,mara,completed,,1088,104,point_1088_completed,mara,1088,completed,2026-04-13 00:47:04,"{""type"":""Point"",""coordinates"":[-75.89629591173035,38.91882731237674]}"
236_00000000000000000000,mara,completed,,116,27,point_116_completed,mara,116,completed,2026-04-12 04:26:45,"{""type"":""Point"",""coordinates"":[-75.68795703574344,38.3855134298489]}"
237_00000000000000000000,mara,completed,small linear truss,1189,112,point_1189_completed,mara,1189,completed,2026-04-13 01:18:18,"{""type"":""Point"",""coordinates"":[-75.93874212238119,38.985695897254075]}"
238_00000000000000000000,mara,completed,,1195,85,point_1195_completed,mara,1195,completed,2026-04-12 21:06:15,"{""type"":""Point"",""coordinates"":[-75.8014521691278,38.99127483081966]}"
239_00000000000000000000,mara,completed,,1199,81,point_1199_completed,mara,1199,completed,2026-04-12 21:04:05,"{""type"":""Point"",""coordinates"":[-75.88884396805636,38.99140767222463]}"
240_00000000000000000000,mara,completed,,1209,49,point_1209_completed,mara,1209,completed,2026-04-12 19:44:37,"{""type"":""Point"",""coordinates"":[-76.10753519353977,38.99731033325576]}"
241_00000000000000000000,mara,completed,,1219,78,point_1219_completed,mara,1219,completed,2026-04-12 21:02:39,"{""type"":""Point"",""coordinates"":[-75.96090944073613,39.00188843336194]}"
242_00000000000000000000,mara,completed,,1240,55,point_1240_completed,mara,1240,completed,2026-04-12 19:49:14,"{""type"":""Point"",""coordinates"":[-76.02032289000091,39.017170765338086]}"
243_00000000000000000000,mara,completed,,1285,98,point_1285_completed,mara,1285,completed,2026-04-13 00:32:52,"{""type"":""Point"",""coordinates"":[-75.89196488262797,39.04400764994297]}"
244_00000000000000000000,mara,completed,,1295,46,point_1295_completed,mara,1295,completed,2026-04-12 19:27:11,"{""type"":""Point"",""coordinates"":[-76.02953206089707,39.05065283472461]}"
245_00000000000000000000,mara,completed,,1303,116,point_1303_completed,mara,1303,completed,2026-04-13 01:20:37,"{""type"":""Point"",""coordinates"":[-75.88036053240423,39.06130434276599]}"
246_00000000000000000000,mara,completed,,1316,59,point_1316_completed,mara,1316,completed,2026-04-12 20:09:34,"{""type"":""Point"",""coordinates"":[-75.86010665335634,39.08228230910489]}"
247_00000000000000000000,mara,completed,,132,19,point_132_completed,mara,132,completed,2026-04-12 04:13:31,"{""type"":""Point"",""coordinates"":[-75.67339745227387,38.39709279471912]}"
248_00000000000000000000,mara,skipped,can't see truss,1331,11,point_1331_skipped,mara,1331,skipped,2026-04-12 04:03:05,"{""type"":""Point"",""coordinates"":[-75.98115174801343,39.1080944502363]}"
249_00000000000000000000,mara,skipped,no truss,1348,7,point_1348_skipped,mara,1348,skipped,2026-04-05 22:07:04,"{""type"":""Point"",""coordinates"":[-75.77624020886412,39.14620293682382]}"
250_00000000000000000000,mara,completed,linear truss?,1392,53,point_1392_completed,mara,1392,completed,2026-04-12 19:47:39,"{""type"":""Point"",""coordinates"":[-75.97134134139492,39.20159510317341]}"
251_00000000000000000000,mara,completed,,1404,18,point_1404_completed,mara,1404,completed,2026-04-12 04:11:18,"{""type"":""Point"",""coordinates"":[-75.99851955410756,39.21200609599324]}"
252_00000000000000000000,mara,skipped,no truss,1425,40,point_1425_skipped,mara,1425,skipped,2026-04-12 19:21:49,"{""type"":""Point"",""coordinates"":[-75.97410534279602,39.227388762842786]}"
253_00000000000000000000,mara,completed,,1435,71,point_1435_completed,mara,1435,completed,2026-04-12 20:36:27,"{""type"":""Point"",""coordinates"":[-75.81517609480964,39.23386755614765]}"
254_00000000000000000000,mara,skipped,no truss,1436,109,point_1436_skipped,mara,1436,skipped,2026-04-13 01:15:49,"{""type"":""Point"",""coordinates"":[-75.97943471149699,39.234105857402376]}"
255_00000000000000000000,mara,completed,,1457,91,point_1457_completed,mara,1457,completed,2026-04-12 21:29:46,"{""type"":""Point"",""coordinates"":[-76.1214568121251,39.26568038284445]}"
256_00000000000000000000,mara,completed,,1481,21,point_1481_completed,mara,1481,completed,2026-04-12 04:22:07,"{""type"":""Point"",""coordinates"":[-75.81294752681069,39.29380680259166]}"
257_00000000000000000000,mara,completed,,1484,89,point_1484_completed,mara,1484,completed,2026-04-12 21:28:42,"{""type"":""Point"",""coordinates"":[-76.02384028523088,39.29610727527126]}"
258_00000000000000000000,mara,skipped,no truss,1519,83,point_1519_skipped,mara,1519,skipped,2026-04-12 21:05:19,"{""type"":""Point"",""coordinates"":[-75.81753518023599,39.3269098330298]}"
259_00000000000000000000,mara,completed,,151,97,point_151_completed,mara,151,completed,2026-04-13 00:32:22,"{""type"":""Point"",""coordinates"":[-75.54872703044876,38.41255411179174]}"
260_00000000000000000000,mara,completed,,159,64,point_159_completed,mara,159,completed,2026-04-12 20:12:46,"{""type"":""Point"",""coordinates"":[-75.64586395344801,38.416241421325175]}"
261_00000000000000000000,mara,skipped,don't see truss,171,76,point_171_skipped,mara,171,skipped,2026-04-12 21:01:34,"{""type"":""Point"",""coordinates"":[-75.78780753863784,38.421676170529786]}"
262_00000000000000000000,mara,skipped,no truss,174,62,point_174_skipped,mara,174,skipped,2026-04-12 20:11:16,"{""type"":""Point"",""coordinates"":[-75.7788903079668,38.42300862882785]}"
263_00000000000000000000,mara,completed,,178,111,point_178_completed,mara,178,completed,2026-04-13 01:17:10,"{""type"":""Point"",""coordinates"":[-75.79985908503144,38.42529770771855]}"
264_00000000000000000000,mara,completed,,192,34,point_192_completed,mara,192,completed,2026-04-12 04:35:11,"{""type"":""Point"",""coordinates"":[-75.67064191972159,38.43316852334335]}"
265_00000000000000000000,mara,completed,,205,75,point_205_completed,mara,205,completed,2026-04-12 20:40:00,"{""type"":""Point"",""coordinates"":[-75.64582991819233,38.43843271284711]}"
266_00000000000000000000,mara,completed,,220,103,point_220_completed,mara,220,completed,2026-04-13 00:46:09,"{""type"":""Point"",""coordinates"":[-75.41385046403742,38.44275193060488]}"
267_00000000000000000000,mara,completed,,222,4,point_222_completed,mara,222,completed,2026-04-05 22:00:01,"{""type"":""Point"",""coordinates"":[-75.62203561567213,38.44303447450777]}"
268_00000000000000000000,mara,skipped,no truss,232,25,point_232_skipped,mara,232,skipped,2026-04-12 04:24:42,"{""type"":""Point"",""coordinates"":[-75.79098310467586,38.44521090310125]}"
269_00000000000000000000,mara,completed,,235,12,point_235_completed,mara,235,completed,2026-04-12 04:04:07,"{""type"":""Point"",""coordinates"":[-75.63606754791626,38.44598673397434]}"
270_00000000000000000000,mara,completed,,237,88,point_237_completed,mara,237,completed,2026-04-12 21:28:08,"{""type"":""Point"",""coordinates"":[-75.62210956449412,38.446043972837465]}"
271_00000000000000000000,mara,completed,,269,33,point_269_completed,mara,269,completed,2026-04-12 04:34:29,"{""type"":""Point"",""coordinates"":[-75.69973135302594,38.47137859003356]}"
272_00000000000000000000,mara,completed,,276,86,point_276_completed,mara,276,completed,2026-04-12 21:26:04,"{""type"":""Point"",""coordinates"":[-75.90989180815703,38.48039002797042]}"
273_00000000000000000000,mara,completed,,281,92,point_281_completed,mara,281,completed,2026-04-12 21:30:55,"{""type"":""Point"",""coordinates"":[-75.90178657251539,38.48455558981455]}"
274_00000000000000000000,mara,completed,,28,102,point_28_completed,mara,28,completed,2026-04-13 00:45:28,"{""type"":""Point"",""coordinates"":[-75.44536075474142,38.05020918218475]}"
275_00000000000000000000,mara,completed,,292,22,point_292_completed,mara,292,completed,2026-04-12 04:23:25,"{""type"":""Point"",""coordinates"":[-75.91546466382798,38.500860572847856]}"
276_00000000000000000000,mara,completed,,29,5,point_29_completed,mara,29,completed,2026-04-05 22:05:07,"{""type"":""Point"",""coordinates"":[-75.44049823193015,38.05378896086963]}"
277_00000000000000000000,mara,completed,,306,26,point_306_completed,mara,306,completed,2026-04-12 04:25:44,"{""type"":""Point"",""coordinates"":[-75.89822843162537,38.513721445154516]}"
278_00000000000000000000,mara,completed,,315,106,point_315_completed,mara,315,completed,2026-04-13 00:49:29,"{""type"":""Point"",""coordinates"":[-75.82287907381877,38.519222683682756]}"
279_00000000000000000000,mara,completed,,318,29,point_318_completed,mara,318,completed,2026-04-12 04:29:44,"{""type"":""Point"",""coordinates"":[-75.8329595230692,38.52058331375626]}"
280_00000000000000000000,mara,completed,,32,105,point_32_completed,mara,32,completed,2026-04-13 00:48:07,"{""type"":""Point"",""coordinates"":[-75.40598865880484,38.06121883518971]}"
281_00000000000000000000,mara,completed,,341,108,point_341_completed,mara,341,completed,2026-04-13 00:53:18,"{""type"":""Point"",""coordinates"":[-75.88775305164936,38.52867964293523]}"
282_00000000000000000000,mara,completed,weird lines in this field,406,10,point_406_completed,mara,406,completed,2026-04-05 22:11:40,"{""type"":""Point"",""coordinates"":[-75.81276991873051,38.57188170780972]}"
283_00000000000000000000,mara,completed,,409,37,point_409_completed,mara,409,completed,2026-04-12 04:37:37,"{""type"":""Point"",""coordinates"":[-75.88091305579412,38.572321862870034]}"
284_00000000000000000000,mara,completed,linear trusses,40,65,point_40_completed,mara,40,completed,2026-04-12 20:13:52,"{""type"":""Point"",""coordinates"":[-75.39485388078428,38.159164499608856]}"
285_00000000000000000000,mara,completed,,418,28,point_418_completed,mara,418,completed,2026-04-12 04:27:27,"{""type"":""Point"",""coordinates"":[-75.76880056711187,38.576087503854474]}"
286_00000000000000000000,mara,completed,,430,32,point_430_completed,mara,430,completed,2026-04-12 04:33:05,"{""type"":""Point"",""coordinates"":[-75.74585754285918,38.57843457550052]}"
287_00000000000000000000,mara,completed,,443,63,point_443_completed,mara,443,completed,2026-04-12 20:11:35,"{""type"":""Point"",""coordinates"":[-75.74254636784127,38.58226791131873]}"
288_00000000000000000000,mara,completed,,445,73,point_445_completed,mara,445,completed,2026-04-12 20:37:24,"{""type"":""Point"",""coordinates"":[-75.73691142034293,38.58253319071535]}"
289_00000000000000000000,mara,completed,,451,23,point_451_completed,mara,451,completed,2026-04-12 04:23:45,"{""type"":""Point"",""coordinates"":[-75.77787495907178,38.58480699509937]}"
290_00000000000000000000,mara,skipped,unsure if truss,467,60,point_467_skipped,mara,467,skipped,2026-04-12 20:10:09,"{""type"":""Point"",""coordinates"":[-75.95480943701914,38.587997297067815]}"
291_00000000000000000000,mara,completed,,469,61,point_469_completed,mara,469,completed,2026-04-12 20:10:42,"{""type"":""Point"",""coordinates"":[-75.88552408334205,38.58887122554701]}"
292_00000000000000000000,mara,completed,,478,15,point_478_completed,mara,478,completed,2026-04-12 04:07:41,"{""type"":""Point"",""coordinates"":[-75.72056120333079,38.59134580664496]}"
293_00000000000000000000,mara,skipped,don't see a truss,505,36,point_505_skipped,mara,505,skipped,2026-04-12 04:36:38,"{""type"":""Point"",""coordinates"":[-75.8280217089734,38.59921337339914]}"
294_00000000000000000000,mara,completed,,50,48,point_50_completed,mara,50,completed,2026-04-12 19:44:03,"{""type"":""Point"",""coordinates"":[-75.25527680801106,38.23250284664627]}"
295_00000000000000000000,mara,completed,,513,84,point_513_completed,mara,513,completed,2026-04-12 21:05:43,"{""type"":""Point"",""coordinates"":[-75.77938696446137,38.6014504393391]}"
296_00000000000000000000,mara,completed,,514,14,point_514_completed,mara,514,completed,2026-04-12 04:06:55,"{""type"":""Point"",""coordinates"":[-75.7465539070755,38.60188312639354]}"
297_00000000000000000000,mara,completed,,517,79,point_517_completed,mara,517,completed,2026-04-12 21:03:11,"{""type"":""Point"",""coordinates"":[-75.71727574241523,38.603737517950414]}"
298_00000000000000000000,mara,skipped,no truss,529,43,point_529_skipped,mara,529,skipped,2026-04-12 19:23:25,"{""type"":""Point"",""coordinates"":[-75.70583833575529,38.607872172493174]}"
299_00000000000000000000,mara,completed,,552,93,point_552_completed,mara,552,completed,2026-04-12 21:31:21,"{""type"":""Point"",""coordinates"":[-75.8766616112647,38.61423785827173]}"
300_00000000000000000000,mara,completed,,562,0,point_562_completed,mara,562,completed,2026-04-05 21:44:20,"{""type"":""Point"",""coordinates"":[-75.75520811362202,38.61707512436764]}"
301_00000000000000000000,mara,completed,,564,94,point_564_completed,mara,564,completed,2026-04-12 21:32:14,"{""type"":""Point"",""coordinates"":[-75.77795487274223,38.61729258428696]}"
302_00000000000000000000,mara,completed,,567,110,point_567_completed,mara,567,completed,2026-04-13 01:16:41,"{""type"":""Point"",""coordinates"":[-75.9082067826161,38.61851599444571]}"
303_00000000000000000000,mara,completed,,588,99,point_588_completed,mara,588,completed,2026-04-13 00:33:31,"{""type"":""Point"",""coordinates"":[-75.8476038643959,38.628519494480166]}"
304_00000000000000000000,mara,completed,,598,1,point_598_completed,mara,598,completed,2026-04-05 21:47:57,"{""type"":""Point"",""coordinates"":[-75.90893291093602,38.631043061116486]}"
305_00000000000000000000,mara,completed,,602,101,point_602_completed,mara,602,completed,2026-04-13 00:44:30,"{""type"":""Point"",""coordinates"":[-75.71820701628707,38.63378868913716]}"
306_00000000000000000000,mara,completed,,606,82,point_606_completed,mara,606,completed,2026-04-12 21:04:38,"{""type"":""Point"",""coordinates"":[-75.729966999439,38.6359344611398]}"
307_00000000000000000000,mara,completed,,613,52,point_613_completed,mara,613,completed,2026-04-12 19:46:37,"{""type"":""Point"",""coordinates"":[-75.81748633332224,38.63831373961593]}"
308_00000000000000000000,mara,completed,,617,20,point_617_completed,mara,617,completed,2026-04-12 04:14:37,"{""type"":""Point"",""coordinates"":[-75.75851055291636,38.639523452315544]}"
309_00000000000000000000,mara,completed,,618,100,point_618_completed,mara,618,completed,2026-04-13 00:43:09,"{""type"":""Point"",""coordinates"":[-75.76562062593304,38.63964470774711]}"
310_00000000000000000000,mara,completed,,622,6,point_622_completed,mara,622,completed,2026-04-05 22:06:27,"{""type"":""Point"",""coordinates"":[-75.89943092029185,38.640625851807556]}"
311_00000000000000000000,mara,completed,,627,44,point_627_completed,mara,627,completed,2026-04-12 19:24:10,"{""type"":""Point"",""coordinates"":[-75.88582660465353,38.642187552531176]}"
312_00000000000000000000,mara,skipped,unsure if truss,657,74,point_657_skipped,mara,657,skipped,2026-04-12 20:38:31,"{""type"":""Point"",""coordinates"":[-75.75605575461283,38.6504060591522]}"
313_00000000000000000000,mara,completed,,691,2,point_691_completed,mara,691,completed,2026-04-05 21:49:57,"{""type"":""Point"",""coordinates"":[-75.90430935014436,38.66234167376678]}"
314_00000000000000000000,mara,completed,,695,115,point_695_completed,mara,695,completed,2026-04-13 01:19:56,"{""type"":""Point"",""coordinates"":[-75.83099480785242,38.66425120741442]}"
315_00000000000000000000,mara,completed,,697,30,point_697_completed,mara,697,completed,2026-04-12 04:30:10,"{""type"":""Point"",""coordinates"":[-75.84319872278465,38.66571777687281]}"
316_00000000000000000000,mara,completed,,698,3,point_698_completed,mara,698,completed,2026-04-05 21:52:25,"{""type"":""Point"",""coordinates"":[-75.88376709897067,38.66582808364362]}"
317_00000000000000000000,mara,completed,,704,87,point_704_completed,mara,704,completed,2026-04-12 21:26:50,"{""type"":""Point"",""coordinates"":[-75.71816986269356,38.67078950371731]}"
318_00000000000000000000,mara,completed,,708,38,point_708_completed,mara,708,completed,2026-04-12 19:20:42,"{""type"":""Point"",""coordinates"":[-75.84507119336565,38.67206486059714]}"
319_00000000000000000000,mara,completed,,712,77,point_712_completed,mara,712,completed,2026-04-12 21:02:06,"{""type"":""Point"",""coordinates"":[-75.74684490071803,38.67485976185737]}"
320_00000000000000000000,mara,completed,,713,66,point_713_completed,mara,713,completed,2026-04-12 20:33:47,"{""type"":""Point"",""coordinates"":[-75.86553823981755,38.675235859114125]}"
321_00000000000000000000,mara,skipped,no truss,716,114,point_716_skipped,mara,716,skipped,2026-04-13 01:19:20,"{""type"":""Point"",""coordinates"":[-75.9824140877764,38.67656394775147]}"
322_00000000000000000000,mara,completed,,722,16,point_722_completed,mara,722,completed,2026-04-12 04:09:02,"{""type"":""Point"",""coordinates"":[-75.86666278276695,38.67844318891332]}"
323_00000000000000000000,mara,completed,,739,57,point_739_completed,mara,739,completed,2026-04-12 19:50:19,"{""type"":""Point"",""coordinates"":[-75.88357144226002,38.684951773982114]}"
324_00000000000000000000,mara,completed,,756,35,point_756_completed,mara,756,completed,2026-04-12 04:36:04,"{""type"":""Point"",""coordinates"":[-75.87727264639524,38.69811520495325]}"
325_00000000000000000000,mara,completed,,769,69,point_769_completed,mara,769,completed,2026-04-12 20:35:30,"{""type"":""Point"",""coordinates"":[-75.81597077513409,38.705559865659225]}"
326_00000000000000000000,mara,completed,,770,13,point_770_completed,mara,770,completed,2026-04-12 04:06:09,"{""type"":""Point"",""coordinates"":[-75.8095598582793,38.70562266062206]}"
327_00000000000000000000,mara,completed,,775,96,point_775_completed,mara,775,completed,2026-04-13 00:31:58,"{""type"":""Point"",""coordinates"":[-75.96447860131728,38.7063043675076]}"
328_00000000000000000000,mara,completed,,796,17,point_796_completed,mara,796,completed,2026-04-12 04:09:42,"{""type"":""Point"",""coordinates"":[-75.91000289436587,38.71706255075358]}"
329_00000000000000000000,mara,completed,,852,39,point_852_completed,mara,852,completed,2026-04-12 19:21:33,"{""type"":""Point"",""coordinates"":[-75.91874959038628,38.739482900764465]}"
330_00000000000000000000,mara,completed,,859,107,point_859_completed,mara,859,completed,2026-04-13 00:51:03,"{""type"":""Point"",""coordinates"":[-75.87509140250428,38.74316277528917]}"
331_00000000000000000000,mara,skipped,no truss,85,72,point_85_skipped,mara,85,skipped,2026-04-12 20:36:56,"{""type"":""Point"",""coordinates"":[-75.53780308308565,38.34252947996422]}"
332_00000000000000000000,mara,skipped,no truss,864,47,point_864_skipped,mara,864,skipped,2026-04-12 19:27:32,"{""type"":""Point"",""coordinates"":[-75.91395763226454,38.74547856676376]}"
333_00000000000000000000,mara,completed,,912,58,point_912_completed,mara,912,completed,2026-04-12 20:08:50,"{""type"":""Point"",""coordinates"":[-75.93028266499601,38.7708328404537]}"
334_00000000000000000000,mara,skipped,no truss,927,90,point_927_skipped,mara,927,skipped,2026-04-12 21:29:04,"{""type"":""Point"",""coordinates"":[-75.73952981801159,38.77637424557558]}"
335_00000000000000000000,mara,completed,,934,54,point_934_completed,mara,934,completed,2026-04-12 19:48:14,"{""type"":""Point"",""coordinates"":[-75.73832062114717,38.78121627386927]}"
336_00000000000000000000,mara,completed,,949,68,point_949_completed,mara,949,completed,2026-04-12 20:34:54,"{""type"":""Point"",""coordinates"":[-75.82079214811563,38.78774238395222]}"
337_00000000000000000000,mara,completed,,952,56,point_952_completed,mara,952,completed,2026-04-12 19:49:42,"{""type"":""Point"",""coordinates"":[-75.7340634732695,38.78924557731383]}"
338_00000000000000000000,mara,completed,,956,8,point_956_completed,mara,956,completed,2026-04-05 22:08:17,"{""type"":""Point"",""coordinates"":[-75.90748339128821,38.79276783988936]}"
339_00000000000000000000,mara,skipped,no truss,973,9,point_973_skipped,mara,973,skipped,2026-04-05 22:09:30,"{""type"":""Point"",""coordinates"":[-75.96482684120343,38.80669827351673]}"
340_00000000000000000000,mike,skipped,couldn't find truss,1003,13,point_1003_skipped,mike,1003,skipped,2026-04-06 04:47:13,"{""type"":""Point"",""coordinates"":[-75.98109797925092,38.85187281184199]}"
341_00000000000000000000,mike,completed,,1020,89,point_1020_completed,mike,1020,completed,2026-04-06 18:41:00,"{""type"":""Point"",""coordinates"":[-75.85826344194021,38.86741455924717]}"
342_00000000000000000000,mike,completed,,1030,61,point_1030_completed,mike,1030,completed,2026-04-06 05:55:00,"{""type"":""Point"",""coordinates"":[-75.8983494686893,38.87376494763745]}"
343_00000000000000000000,mike,completed,,1037,82,point_1037_completed,mike,1037,completed,2026-04-06 18:30:50,"{""type"":""Point"",""coordinates"":[-75.89736303226542,38.878067199141]}"
344_00000000000000000000,mike,completed,,1038,31,point_1038_completed,mike,1038,completed,2026-04-06 05:17:36,"{""type"":""Point"",""coordinates"":[-75.98404147892818,38.878412828134444]}"
345_00000000000000000000,mike,completed,,1052,43,point_1052_completed,mike,1052,completed,2026-04-06 05:33:57,"{""type"":""Point"",""coordinates"":[-75.9275234050922,38.89745189595597]}"
346_00000000000000000000,mike,completed,,1054,47,point_1054_completed,mike,1054,completed,2026-04-06 05:38:24,"{""type"":""Point"",""coordinates"":[-75.93658845256431,38.89787682422086]}"
347_00000000000000000000,mike,completed,,107,60,point_107_completed,mike,107,completed,2026-04-06 05:54:04,"{""type"":""Point"",""coordinates"":[-75.33488986998573,38.374443753328]}"
348_00000000000000000000,mike,completed,,1097,90,point_1097_completed,mike,1097,completed,2026-04-06 18:47:47,"{""type"":""Point"",""coordinates"":[-75.83782358370199,38.92286738498531]}"
349_00000000000000000000,mike,completed,,1100,54,point_1100_completed,mike,1100,completed,2026-04-06 05:46:56,"{""type"":""Point"",""coordinates"":[-76.04505784273185,38.92442630138677]}"
350_00000000000000000000,mike,completed,,1103,65,point_1103_completed,mike,1103,completed,2026-04-06 05:59:32,"{""type"":""Point"",""coordinates"":[-75.74512377565478,38.925105085495794]}"
351_00000000000000000000,mike,completed,,1121,7,point_1121_completed,mike,1121,completed,2026-04-06 04:36:10,"{""type"":""Point"",""coordinates"":[-75.93647639473569,38.93553544425608]}"
352_00000000000000000000,mike,completed,,1122,85,point_1122_completed,mike,1122,completed,2026-04-06 18:34:28,"{""type"":""Point"",""coordinates"":[-75.78360098341992,38.93559159140613]}"
353_00000000000000000000,mike,completed,,1129,56,point_1129_completed,mike,1129,completed,2026-04-06 05:49:05,"{""type"":""Point"",""coordinates"":[-75.74753464502504,38.94015145320493]}"
354_00000000000000000000,mike,completed,,1130,35,point_1130_completed,mike,1130,completed,2026-04-06 05:23:02,"{""type"":""Point"",""coordinates"":[-75.75900681236247,38.94019696280863]}"
355_00000000000000000000,mike,completed,,1136,88,point_1136_completed,mike,1136,completed,2026-04-06 18:38:14,"{""type"":""Point"",""coordinates"":[-75.74090646268648,38.944976530198794]}"
356_00000000000000000000,mike,completed,,1146,48,point_1146_completed,mike,1146,completed,2026-04-06 05:39:05,"{""type"":""Point"",""coordinates"":[-76.07238812747877,38.95497600810462]}"
357_00000000000000000000,mike,completed,,1149,21,point_1149_completed,mike,1149,completed,2026-04-06 05:00:25,"{""type"":""Point"",""coordinates"":[-75.89945532054739,38.95823561993842]}"
358_00000000000000000000,mike,skipped,no truss,1161,49,point_1161_skipped,mike,1161,skipped,2026-04-06 05:39:58,"{""type"":""Point"",""coordinates"":[-75.76038380998465,38.969488069456176]}"
359_00000000000000000000,mike,skipped,no truss,1166,59,point_1166_skipped,mike,1166,skipped,2026-04-06 05:53:27,"{""type"":""Point"",""coordinates"":[-75.76112359035619,38.97219501236058]}"
360_00000000000000000000,mike,completed,,1167,24,point_1167_completed,mike,1167,completed,2026-04-06 05:05:57,"{""type"":""Point"",""coordinates"":[-75.96603515375612,38.972762013694776]}"
361_00000000000000000000,mike,skipped,no truss,1168,18,point_1168_skipped,mike,1168,skipped,2026-04-06 04:55:44,"{""type"":""Point"",""coordinates"":[-75.94501991839817,38.973208443667176]}"
362_00000000000000000000,mike,completed,,1192,96,point_1192_completed,mike,1192,completed,2026-04-06 18:55:34,"{""type"":""Point"",""coordinates"":[-75.85712873922702,38.98783933968297]}"
363_00000000000000000000,mike,completed,,1213,5,point_1213_completed,mike,1213,completed,2026-04-06 04:32:57,"{""type"":""Point"",""coordinates"":[-75.83979231654621,38.9988634032695]}"
364_00000000000000000000,mike,skipped,no truss,121,34,point_121_skipped,mike,121,skipped,2026-04-06 05:22:00,"{""type"":""Point"",""coordinates"":[-75.66857303585361,38.38795937739434]}"
365_00000000000000000000,mike,completed,,122,86,point_122_completed,mike,122,completed,2026-04-06 18:35:57,"{""type"":""Point"",""coordinates"":[-75.68852821399302,38.38799727261958]}"
366_00000000000000000000,mike,completed,,1232,10,point_1232_completed,mike,1232,completed,2026-04-06 04:40:48,"{""type"":""Point"",""coordinates"":[-75.92700590582683,39.00797041545293]}"
367_00000000000000000000,mike,skipped,no truss,1273,39,point_1273_skipped,mike,1273,skipped,2026-04-06 05:26:44,"{""type"":""Point"",""coordinates"":[-75.7947681670747,39.03866054937963]}"
368_00000000000000000000,mike,completed,,1278,2,point_1278_completed,mike,1278,completed,2026-04-06 04:28:19,"{""type"":""Point"",""coordinates"":[-75.99575339652118,39.03978118896521]}"
369_00000000000000000000,mike,completed,,1296,37,point_1296_completed,mike,1296,completed,2026-04-06 05:25:18,"{""type"":""Point"",""coordinates"":[-76.0319739897402,39.0507770440176]}"
370_00000000000000000000,mike,completed,,1327,109,point_1327_completed,mike,1327,completed,2026-04-06 19:16:13,"{""type"":""Point"",""coordinates"":[-75.9182325310462,39.09823321485791]}"
371_00000000000000000000,mike,completed,,1329,57,point_1329_completed,mike,1329,completed,2026-04-06 05:51:40,"{""type"":""Point"",""coordinates"":[-75.93923385651406,39.09971220610228]}"
372_00000000000000000000,mike,completed,,1333,73,point_1333_completed,mike,1333,completed,2026-04-06 06:07:00,"{""type"":""Point"",""coordinates"":[-75.97149124203032,39.11685427580243]}"
373_00000000000000000000,mike,completed,,1352,78,point_1352_completed,mike,1352,completed,2026-04-06 06:11:34,"{""type"":""Point"",""coordinates"":[-75.85837873898792,39.153606811807684]}"
374_00000000000000000000,mike,completed,,1380,28,point_1380_completed,mike,1380,completed,2026-04-06 05:13:54,"{""type"":""Point"",""coordinates"":[-75.9942244135842,39.1914447484409]}"
375_00000000000000000000,mike,completed,,138,52,point_138_completed,mike,138,completed,2026-04-06 05:44:19,"{""type"":""Point"",""coordinates"":[-75.2203226082531,38.40264222587828]}"
376_00000000000000000000,mike,completed,,1397,36,point_1397_completed,mike,1397,completed,2026-04-06 05:24:11,"{""type"":""Point"",""coordinates"":[-76.0153562991698,39.2068221983738]}"
377_00000000000000000000,mike,completed,,1414,15,point_1414_completed,mike,1414,completed,2026-04-06 04:52:15,"{""type"":""Point"",""coordinates"":[-75.84347431010755,39.21961255874076]}"
378_00000000000000000000,mike,completed,,1440,27,point_1440_completed,mike,1440,completed,2026-04-06 05:09:55,"{""type"":""Point"",""coordinates"":[-75.81090110337767,39.240224032529234]}"
379_00000000000000000000,mike,completed,,1472,6,point_1472_completed,mike,1472,completed,2026-04-06 04:34:26,"{""type"":""Point"",""coordinates"":[-75.99488368669817,39.28264086371351]}"
380_00000000000000000000,mike,completed,,1478,64,point_1478_completed,mike,1478,completed,2026-04-06 05:58:29,"{""type"":""Point"",""coordinates"":[-75.94042654264828,39.28935030125419]}"
381_00000000000000000000,mike,completed,,1487,11,point_1487_completed,mike,1487,completed,2026-04-06 04:42:46,"{""type"":""Point"",""coordinates"":[-75.92530847967089,39.29722981746603]}"
382_00000000000000000000,mike,skipped,"no truss at the point, but truss at lower field",1493,101,point_1493_skipped,mike,1493,skipped,2026-04-06 19:04:58,"{""type"":""Point"",""coordinates"":[-75.7869773168909,39.301123224952505]}"
383_00000000000000000000,mike,completed,,1504,92,point_1504_completed,mike,1504,completed,2026-04-06 18:50:38,"{""type"":""Point"",""coordinates"":[-75.91014120678196,39.31211199102305]}"
384_00000000000000000000,mike,completed,,1515,42,point_1515_completed,mike,1515,completed,2026-04-06 05:31:23,"{""type"":""Point"",""coordinates"":[-75.80664574261719,39.32353896210439]}"
385_00000000000000000000,mike,completed,,1522,81,point_1522_completed,mike,1522,completed,2026-04-06 18:28:44,"{""type"":""Point"",""coordinates"":[-75.9505545727282,39.338914796863264]}"
386_00000000000000000000,mike,completed,,169,63,point_169_completed,mike,169,completed,2026-04-06 05:57:37,"{""type"":""Point"",""coordinates"":[-75.59659708868912,38.42067194514977]}"
387_00000000000000000000,mike,completed,,180,79,point_180_completed,mike,180,completed,2026-04-06 06:12:07,"{""type"":""Point"",""coordinates"":[-75.63179580378561,38.427883718499835]}"
388_00000000000000000000,mike,skipped,truss lines but can't find truss,181,29,point_181_skipped,mike,181,skipped,2026-04-06 05:15:46,"{""type"":""Point"",""coordinates"":[-75.3497604111604,38.42814272141934]}"
389_00000000000000000000,mike,completed,,194,75,point_194_completed,mike,194,completed,2026-04-06 06:08:28,"{""type"":""Point"",""coordinates"":[-75.42439832138302,38.434475144432604]}"
390_00000000000000000000,mike,completed,,213,46,point_213_completed,mike,213,completed,2026-04-06 05:37:30,"{""type"":""Point"",""coordinates"":[-75.59415387603048,38.44111401823969]}"
391_00000000000000000000,mike,completed,,227,77,point_227_completed,mike,227,completed,2026-04-06 06:10:10,"{""type"":""Point"",""coordinates"":[-75.6747500707302,38.44380806687797]}"
392_00000000000000000000,mike,skipped,Not sure what to label/what is field,257,9,point_257_skipped,mike,257,skipped,2026-04-06 04:39:25,"{""type"":""Point"",""coordinates"":[-75.63635206635219,38.45118738697291]}"
393_00000000000000000000,mike,completed,,258,32,point_258_completed,mike,258,completed,2026-04-06 05:18:48,"{""type"":""Point"",""coordinates"":[-75.68706024765055,38.45180755653251]}"
394_00000000000000000000,mike,completed,,271,22,point_271_completed,mike,271,completed,2026-04-06 05:03:02,"{""type"":""Point"",""coordinates"":[-75.88925481996671,38.472868673860575]}"
395_00000000000000000000,mike,completed,,27,19,point_27_completed,mike,27,completed,2026-04-06 04:56:53,"{""type"":""Point"",""coordinates"":[-75.44963718250884,38.04665192816072]}"
396_00000000000000000000,mike,completed,,288,12,point_288_completed,mike,288,completed,2026-04-06 04:46:00,"{""type"":""Point"",""coordinates"":[-75.8960488916272,38.495583679307]}"
397_00000000000000000000,mike,completed,,294,99,point_294_completed,mike,294,completed,2026-04-06 19:03:02,"{""type"":""Point"",""coordinates"":[-75.88885683817666,38.504145085705375]}"
398_00000000000000000000,mike,completed,,298,76,point_298_completed,mike,298,completed,2026-04-06 06:09:18,"{""type"":""Point"",""coordinates"":[-75.69900421737381,38.507024799119414]}"
399_00000000000000000000,mike,completed,,326,1,point_326_completed,mike,326,completed,2026-04-06 04:26:46,"{""type"":""Point"",""coordinates"":[-75.95231469151554,38.522506518309385]}"
400_00000000000000000000,mike,completed,,332,55,point_332_completed,mike,332,completed,2026-04-06 05:47:49,"{""type"":""Point"",""coordinates"":[-75.70097252302338,38.524414204393246]}"
401_00000000000000000000,mike,completed,,352,14,point_352_completed,mike,352,completed,2026-04-06 04:47:59,"{""type"":""Point"",""coordinates"":[-75.71213691729334,38.53318084404769]}"
402_00000000000000000000,mike,completed,,404,102,point_404_completed,mike,404,completed,2026-04-06 19:06:32,"{""type"":""Point"",""coordinates"":[-75.79588026426154,38.57175385764657]}"
403_00000000000000000000,mike,completed,,417,38,point_417_completed,mike,417,completed,2026-04-06 05:26:02,"{""type"":""Point"",""coordinates"":[-75.8543064959212,38.57536647138969]}"
404_00000000000000000000,mike,completed,,432,74,point_432_completed,mike,432,completed,2026-04-06 06:07:39,"{""type"":""Point"",""coordinates"":[-75.70843180902102,38.57869074577973]}"
405_00000000000000000000,mike,completed,,441,62,point_441_completed,mike,441,completed,2026-04-06 05:55:50,"{""type"":""Point"",""coordinates"":[-75.87228928260153,38.581202808915634]}"
406_00000000000000000000,mike,completed,,462,107,point_462_completed,mike,462,completed,2026-04-06 19:12:57,"{""type"":""Point"",""coordinates"":[-75.74168582602024,38.586169123649256]}"
407_00000000000000000000,mike,completed,,482,45,point_482_completed,mike,482,completed,2026-04-06 05:36:08,"{""type"":""Point"",""coordinates"":[-75.70888716949196,38.592785103773686]}"
408_00000000000000000000,mike,completed,,483,51,point_483_completed,mike,483,completed,2026-04-06 05:43:02,"{""type"":""Point"",""coordinates"":[-75.8404568094417,38.59280682111316]}"
409_00000000000000000000,mike,completed,,486,106,point_486_completed,mike,486,completed,2026-04-06 19:11:27,"{""type"":""Point"",""coordinates"":[-75.9396472081878,38.59328946976535]}"
410_00000000000000000000,mike,skipped,no truss,487,26,point_487_skipped,mike,487,skipped,2026-04-06 05:08:19,"{""type"":""Point"",""coordinates"":[-75.96586702341398,38.59338447824196]}"
411_00000000000000000000,mike,completed,,511,67,point_511_completed,mike,511,completed,2026-04-06 06:01:56,"{""type"":""Point"",""coordinates"":[-75.72499572796002,38.60142173533058]}"
412_00000000000000000000,mike,completed,,531,100,point_531_completed,mike,531,completed,2026-04-06 19:03:44,"{""type"":""Point"",""coordinates"":[-75.75355237899242,38.60811939777304]}"
413_00000000000000000000,mike,completed,,541,33,point_541_completed,mike,541,completed,2026-04-06 05:19:31,"{""type"":""Point"",""coordinates"":[-75.7538536090198,38.61135200960915]}"
414_00000000000000000000,mike,completed,,566,84,point_566_completed,mike,566,completed,2026-04-06 18:33:08,"{""type"":""Point"",""coordinates"":[-75.74863712786285,38.61761866982672]}"
415_00000000000000000000,mike,completed,,585,30,point_585_completed,mike,585,completed,2026-04-06 05:16:24,"{""type"":""Point"",""coordinates"":[-75.75230867549385,38.62771026328117]}"
416_00000000000000000000,mike,completed,,609,23,point_609_completed,mike,609,completed,2026-04-06 05:03:58,"{""type"":""Point"",""coordinates"":[-75.844632680353,38.63631560914136]}"
417_00000000000000000000,mike,completed,,620,94,point_620_completed,mike,620,completed,2026-04-06 18:52:54,"{""type"":""Point"",""coordinates"":[-75.73634435751252,38.640229111433335]}"
418_00000000000000000000,mike,completed,,624,108,point_624_completed,mike,624,completed,2026-04-06 19:14:22,"{""type"":""Point"",""coordinates"":[-75.83832411424856,38.64119493364752]}"
419_00000000000000000000,mike,completed,,630,58,point_630_completed,mike,630,completed,2026-04-06 05:52:34,"{""type"":""Point"",""coordinates"":[-75.7723414231789,38.64254646300482]}"
420_00000000000000000000,mike,completed,,631,105,point_631_completed,mike,631,completed,2026-04-06 19:10:24,"{""type"":""Point"",""coordinates"":[-75.7192167124016,38.64266823185451]}"
421_00000000000000000000,mike,completed,,658,68,point_658_completed,mike,658,completed,2026-04-06 06:02:55,"{""type"":""Point"",""coordinates"":[-75.84626511158744,38.65104947665557]}"
422_00000000000000000000,mike,completed,,659,104,point_659_completed,mike,659,completed,2026-04-06 19:09:16,"{""type"":""Point"",""coordinates"":[-75.7334710286717,38.651081069500904]}"
423_00000000000000000000,mike,completed,,663,97,point_663_completed,mike,663,completed,2026-04-06 18:57:02,"{""type"":""Point"",""coordinates"":[-75.9916039833686,38.653246339298974]}"
424_00000000000000000000,mike,completed,,677,72,point_677_completed,mike,677,completed,2026-04-06 06:05:47,"{""type"":""Point"",""coordinates"":[-75.74832214826812,38.657057866907046]}"
425_00000000000000000000,mike,completed,,685,71,point_685_completed,mike,685,completed,2026-04-06 06:05:05,"{""type"":""Point"",""coordinates"":[-75.88619855215353,38.66018047309022]}"
426_00000000000000000000,mike,completed,,696,98,point_696_completed,mike,696,completed,2026-04-06 18:58:14,"{""type"":""Point"",""coordinates"":[-75.89515276947323,38.66545369095088]}"
427_00000000000000000000,mike,completed,,69,110,point_69_completed,mike,69,completed,2026-04-06 19:17:10,"{""type"":""Point"",""coordinates"":[-75.7078075956389,38.294055007850936]}"
428_00000000000000000000,mike,completed,,706,91,point_706_completed,mike,706,completed,2026-04-06 18:48:44,"{""type"":""Point"",""coordinates"":[-75.84042377078495,38.671023258844826]}"
429_00000000000000000000,mike,completed,,710,8,point_710_completed,mike,710,completed,2026-04-06 04:37:48,"{""type"":""Point"",""coordinates"":[-75.90465448809628,38.672518471423345]}"
430_00000000000000000000,mike,completed,,724,70,point_724_completed,mike,724,completed,2026-04-06 06:04:23,"{""type"":""Point"",""coordinates"":[-75.90140116378821,38.679246712596346]}"
431_00000000000000000000,mike,completed,,731,41,point_731_completed,mike,731,completed,2026-04-06 05:29:40,"{""type"":""Point"",""coordinates"":[-75.90516156344266,38.682211227835246]}"
432_00000000000000000000,mike,completed,,747,103,point_747_completed,mike,747,completed,2026-04-06 19:07:55,"{""type"":""Point"",""coordinates"":[-75.92133546521637,38.69099340178893]}"
433_00000000000000000000,mike,completed,,771,93,point_771_completed,mike,771,completed,2026-04-06 18:52:07,"{""type"":""Point"",""coordinates"":[-75.96105373971123,38.70567974819202]}"
434_00000000000000000000,mike,completed,,785,25,point_785_completed,mike,785,completed,2026-04-06 05:07:37,"{""type"":""Point"",""coordinates"":[-75.8102014267348,38.713362673067415]}"
435_00000000000000000000,mike,completed,,791,83,point_791_completed,mike,791,completed,2026-04-06 18:31:37,"{""type"":""Point"",""coordinates"":[-75.8775200539686,38.7161486643844]}"
436_00000000000000000000,mike,completed,,797,3,point_797_completed,mike,797,completed,2026-04-06 04:30:48,"{""type"":""Point"",""coordinates"":[-75.81175430359825,38.71826206628851]}"
437_00000000000000000000,mike,completed,,802,44,point_802_completed,mike,802,completed,2026-04-06 05:34:47,"{""type"":""Point"",""coordinates"":[-75.9100995087918,38.7210474967604]}"
438_00000000000000000000,mike,completed,,815,66,point_815_completed,mike,815,completed,2026-04-06 06:00:33,"{""type"":""Point"",""coordinates"":[-75.81145190761237,38.72764016254478]}"
439_00000000000000000000,mike,completed,,817,87,point_817_completed,mike,817,completed,2026-04-06 18:36:37,"{""type"":""Point"",""coordinates"":[-75.80340673771585,38.72924992356703]}"
440_00000000000000000000,mike,completed,,828,95,point_828_completed,mike,828,completed,2026-04-06 18:54:11,"{""type"":""Point"",""coordinates"":[-75.82912303628986,38.73440987049423]}"
441_00000000000000000000,mike,skipped,No truss,847,4,point_847_skipped,mike,847,skipped,2026-04-06 04:31:44,"{""type"":""Point"",""coordinates"":[-75.79973941462487,38.73915462347297]}"
442_00000000000000000000,mike,completed,,849,20,point_849_completed,mike,849,completed,2026-04-06 04:57:34,"{""type"":""Point"",""coordinates"":[-75.80451482685224,38.7392204354285]}"
443_00000000000000000000,mike,completed,,851,16,point_851_completed,mike,851,completed,2026-04-06 04:53:18,"{""type"":""Point"",""coordinates"":[-75.91267188688803,38.73940719401657]}"
444_00000000000000000000,mike,completed,,876,40,point_876_completed,mike,876,completed,2026-04-06 05:27:44,"{""type"":""Point"",""coordinates"":[-75.84088409685425,38.748547311664815]}"
445_00000000000000000000,mike,completed,,892,69,point_892_completed,mike,892,completed,2026-04-06 06:03:40,"{""type"":""Point"",""coordinates"":[-75.78166175256669,38.75577452861676]}"
446_00000000000000000000,mike,completed,,899,53,point_899_completed,mike,899,completed,2026-04-06 05:45:23,"{""type"":""Point"",""coordinates"":[-75.96950664393162,38.76128150040388]}"
447_00000000000000000000,mike,completed,,910,50,point_910_completed,mike,910,completed,2026-04-06 05:41:28,"{""type"":""Point"",""coordinates"":[-75.93307337946065,38.769782183090676]}"
448_00000000000000000000,mike,completed,,919,0,point_919_completed,mike,919,completed,2026-04-06 04:23:13,"{""type"":""Point"",""coordinates"":[-75.8578941227708,38.77383113631935]}"
449_00000000000000000000,mike,completed,,957,17,point_957_completed,mike,957,completed,2026-04-06 04:54:25,"{""type"":""Point"",""coordinates"":[-75.73532696264124,38.79401334935073]}"
450_00000000000000000000,mike,completed,,96,80,point_96_completed,mike,96,completed,2026-04-06 06:13:04,"{""type"":""Point"",""coordinates"":[-75.69163750066087,38.36619767474836]}"
451_00000000000000000000,sienna,completed,,1013,2,point_1013_completed,sienna,1013,completed,2026-04-06 20:11:28,"{""type"":""Point"",""coordinates"":[-75.8956442423747,38.858605442640425]}"
452_00000000000000000000,sienna,completed,,1032,70,point_1032_completed,sienna,1032,completed,2026-04-21 00:16:18,"{""type"":""Point"",""coordinates"":[-75.75621572974777,38.87483593491835]}"
453_00000000000000000000,sienna,completed,,1039,7,point_1039_completed,sienna,1039,completed,2026-04-06 20:19:29,"{""type"":""Point"",""coordinates"":[-76.00348147634384,38.879592284475855]}"
454_00000000000000000000,sienna,completed,,1049,91,point_1049_completed,sienna,1049,completed,2026-06-12 01:18:02,"{""type"":""Point"",""coordinates"":[-75.85458077582265,38.89063310344041]}"
455_00000000000000000000,sienna,completed,,1081,67,point_1081_completed,sienna,1081,completed,2026-04-20 21:55:35,"{""type"":""Point"",""coordinates"":[-75.7819005210513,38.915116016083054]}"
456_00000000000000000000,sienna,completed,,1091,52,point_1091_completed,sienna,1091,completed,2026-04-14 00:41:05,"{""type"":""Point"",""coordinates"":[-75.90439085278084,38.9198566110428]}"
457_00000000000000000000,sienna,completed,,1104,82,point_1104_completed,sienna,1104,completed,2026-06-12 01:11:46,"{""type"":""Point"",""coordinates"":[-75.89695324366102,38.92569648557642]}"
458_00000000000000000000,sienna,completed,two fields,1105,17,point_1105_completed,sienna,1105,completed,2026-04-06 20:58:00,"{""type"":""Point"",""coordinates"":[-75.83895752012785,38.92582786582105]}"
459_00000000000000000000,sienna,completed,,1133,42,point_1133_completed,sienna,1133,completed,2026-04-14 00:06:26,"{""type"":""Point"",""coordinates"":[-75.74445382306921,38.941611236683045]}"
460_00000000000000000000,sienna,skipped,no truss,1147,71,point_1147_skipped,sienna,1147,skipped,2026-04-21 00:27:50,"{""type"":""Point"",""coordinates"":[-75.73712954480166,38.95575208503688]}"
461_00000000000000000000,sienna,completed,,1178,36,point_1178_completed,sienna,1178,completed,2026-04-14 00:00:46,"{""type"":""Point"",""coordinates"":[-75.82180907567978,38.98312454102679]}"
462_00000000000000000000,sienna,completed,,1186,85,point_1186_completed,sienna,1186,completed,2026-06-12 01:13:26,"{""type"":""Point"",""coordinates"":[-75.8844946784067,38.98521762491091]}"
463_00000000000000000000,sienna,skipped,no truss,1198,26,point_1198_skipped,sienna,1198,skipped,2026-04-07 22:33:11,"{""type"":""Point"",""coordinates"":[-75.7493482140696,38.99135881367257]}"
464_00000000000000000000,sienna,completed,,1202,53,point_1202_completed,sienna,1202,completed,2026-04-14 00:43:11,"{""type"":""Point"",""coordinates"":[-76.06083974822631,38.99485518324437]}"
465_00000000000000000000,sienna,completed,,1204,5,point_1204_completed,sienna,1204,completed,2026-04-06 20:16:10,"{""type"":""Point"",""coordinates"":[-75.8706381120073,38.9950078046609]}"
466_00000000000000000000,sienna,completed,,1210,93,point_1210_completed,sienna,1210,completed,2026-06-12 01:19:26,"{""type"":""Point"",""coordinates"":[-76.06081933451469,38.99814129865423]}"
467_00000000000000000000,sienna,completed,,1211,64,point_1211_completed,sienna,1211,completed,2026-04-20 21:28:31,"{""type"":""Point"",""coordinates"":[-76.03766408418674,38.99829811343485]}"
468_00000000000000000000,sienna,completed,,1212,44,point_1212_completed,sienna,1212,completed,2026-04-14 00:07:56,"{""type"":""Point"",""coordinates"":[-75.79851625452903,38.99865805752847]}"
469_00000000000000000000,sienna,completed,,1228,46,point_1228_completed,sienna,1228,completed,2026-04-14 00:09:47,"{""type"":""Point"",""coordinates"":[-75.94496898866586,39.00664854739133]}"
470_00000000000000000000,sienna,completed,,1237,100,point_1237_completed,sienna,1237,completed,2026-06-12 01:24:45,"{""type"":""Point"",""coordinates"":[-75.94609013582159,39.01215015269349]}"
471_00000000000000000000,sienna,completed,,1242,61,point_1242_completed,sienna,1242,completed,2026-04-20 21:25:43,"{""type"":""Point"",""coordinates"":[-76.05530038736363,39.01871126692833]}"
472_00000000000000000000,sienna,completed,,1259,12,point_1259_completed,sienna,1259,completed,2026-04-06 20:49:38,"{""type"":""Point"",""coordinates"":[-76.12906229253835,39.031276082481895]}"
473_00000000000000000000,sienna,completed,,1262,73,point_1262_completed,sienna,1262,completed,2026-06-12 01:06:20,"{""type"":""Point"",""coordinates"":[-75.89052889672705,39.0345362132636]}"
474_00000000000000000000,sienna,completed,,1270,55,point_1270_completed,sienna,1270,completed,2026-04-14 00:46:07,"{""type"":""Point"",""coordinates"":[-75.76544354549759,39.03804347370674]}"
475_00000000000000000000,sienna,completed,,1272,20,point_1272_completed,sienna,1272,completed,2026-04-07 22:16:49,"{""type"":""Point"",""coordinates"":[-75.76094609332202,39.03834994277178]}"
476_00000000000000000000,sienna,completed,,1286,43,point_1286_completed,sienna,1286,completed,2026-04-14 00:07:18,"{""type"":""Point"",""coordinates"":[-76.02701715047088,39.04440168423284]}"
477_00000000000000000000,sienna,completed,,1291,23,point_1291_completed,sienna,1291,completed,2026-04-07 22:22:35,"{""type"":""Point"",""coordinates"":[-76.02904193444246,39.04684206600922]}"
478_00000000000000000000,sienna,completed,,130,40,point_130_completed,sienna,130,completed,2026-04-14 00:04:32,"{""type"":""Point"",""coordinates"":[-75.66727292064262,38.39678840277245]}"
479_00000000000000000000,sienna,completed,,1311,22,point_1311_completed,sienna,1311,completed,2026-04-07 22:19:53,"{""type"":""Point"",""coordinates"":[-75.86507767809815,39.07944768169284]}"
480_00000000000000000000,sienna,completed,,1322,14,point_1322_completed,sienna,1322,completed,2026-04-06 20:52:43,"{""type"":""Point"",""coordinates"":[-75.92802349031977,39.087514233236426]}"
481_00000000000000000000,sienna,completed,,1328,96,point_1328_completed,sienna,1328,completed,2026-06-12 01:21:28,"{""type"":""Point"",""coordinates"":[-75.94750646107732,39.09943538302419]}"
482_00000000000000000000,sienna,completed,,1350,25,point_1350_completed,sienna,1350,completed,2026-04-07 22:29:47,"{""type"":""Point"",""coordinates"":[-75.83668615532045,39.15227483709159]}"
483_00000000000000000000,sienna,completed,,1355,81,point_1355_completed,sienna,1355,completed,2026-06-12 01:10:56,"{""type"":""Point"",""coordinates"":[-75.84140342566467,39.156463022627996]}"
484_00000000000000000000,sienna,completed,,135,62,point_135_completed,sienna,135,completed,2026-04-20 21:26:57,"{""type"":""Point"",""coordinates"":[-75.38358146900752,38.40080482374945]}"
485_00000000000000000000,sienna,skipped,solar farm,137,21,point_137_skipped,sienna,137,skipped,2026-04-07 22:18:07,"{""type"":""Point"",""coordinates"":[-75.67231290429935,38.40225462726514]}"
486_00000000000000000000,sienna,completed,,1396,47,point_1396_completed,sienna,1396,completed,2026-04-14 00:10:30,"{""type"":""Point"",""coordinates"":[-75.87390700210005,39.2062805931403]}"
487_00000000000000000000,sienna,skipped,no truss,1407,78,point_1407_skipped,sienna,1407,skipped,2026-06-12 01:09:31,"{""type"":""Point"",""coordinates"":[-75.8897527175536,39.212880168729704]}"
488_00000000000000000000,sienna,completed,,1413,18,point_1413_completed,sienna,1413,completed,2026-04-06 21:00:02,"{""type"":""Point"",""coordinates"":[-76.0149642086738,39.2191093999676]}"
489_00000000000000000000,sienna,completed,,1446,28,point_1446_completed,sienna,1446,completed,2026-04-08 16:22:32,"{""type"":""Point"",""coordinates"":[-76.02752532148442,39.25108268800191]}"
490_00000000000000000000,sienna,completed,,1451,0,point_1451_completed,sienna,1451,completed,2026-04-06 20:00:22,"{""type"":""Point"",""coordinates"":[-76.12246832228547,39.259915187285536]}"
491_00000000000000000000,sienna,completed,,1455,39,point_1455_completed,sienna,1455,completed,2026-04-14 00:04:03,"{""type"":""Point"",""coordinates"":[-76.11877803805737,39.26236750238778]}"
492_00000000000000000000,sienna,completed,,1486,51,point_1486_completed,sienna,1486,completed,2026-04-14 00:40:23,"{""type"":""Point"",""coordinates"":[-75.81333014722945,39.296406208378066]}"
493_00000000000000000000,sienna,completed,,1492,6,point_1492_completed,sienna,1492,completed,2026-04-06 20:17:59,"{""type"":""Point"",""coordinates"":[-75.82299694039374,39.299350134326644]}"
494_00000000000000000000,sienna,completed,,1534,97,point_1534_completed,sienna,1534,completed,2026-06-12 01:22:01,"{""type"":""Point"",""coordinates"":[-75.78467550320634,39.37658177296966]}"
495_00000000000000000000,sienna,completed,,156,16,point_156_completed,sienna,156,completed,2026-04-06 20:55:50,"{""type"":""Point"",""coordinates"":[-75.64675372963603,38.41317287074249]}"
496_00000000000000000000,sienna,completed,,179,76,point_179_completed,sienna,179,completed,2026-06-12 01:08:21,"{""type"":""Point"",""coordinates"":[-75.5973615545486,38.4257843281151]}"
497_00000000000000000000,sienna,completed,,191,45,point_191_completed,sienna,191,completed,2026-04-14 00:08:57,"{""type"":""Point"",""coordinates"":[-75.29077395501304,38.43299012341496]}"
498_00000000000000000000,sienna,completed,,19,50,point_19_completed,sienna,19,completed,2026-04-14 00:39:39,"{""type"":""Point"",""coordinates"":[-75.66450581327399,38.031962986909534]}"
499_00000000000000000000,sienna,completed,,204,33,point_204_completed,sienna,204,completed,2026-04-08 16:29:47,"{""type"":""Point"",""coordinates"":[-75.26217443444172,38.43805730126227]}"
500_00000000000000000000,sienna,completed,,208,103,point_208_completed,sienna,208,completed,2026-06-12 01:27:11,"{""type"":""Point"",""coordinates"":[-75.29539331062912,38.44015940360931]}"
501_00000000000000000000,sienna,completed,,231,13,point_231_completed,sienna,231,completed,2026-04-06 20:51:15,"{""type"":""Point"",""coordinates"":[-75.26353956843754,38.44509181802165]}"
502_00000000000000000000,sienna,completed,,236,106,point_236_completed,sienna,236,completed,2026-06-12 01:32:02,"{""type"":""Point"",""coordinates"":[-75.60482761887187,38.44600233018446]}"
503_00000000000000000000,sienna,completed,,23,10,point_23_completed,sienna,23,completed,2026-04-06 20:41:04,"{""type"":""Point"",""coordinates"":[-75.60776476703631,38.0373514798517]}"
504_00000000000000000000,sienna,completed,,255,99,point_255_completed,sienna,255,completed,2026-06-12 01:23:53,"{""type"":""Point"",""coordinates"":[-75.78957487923311,38.45005914762809]}"
505_00000000000000000000,sienna,completed,,293,68,point_293_completed,sienna,293,completed,2026-04-20 21:56:16,"{""type"":""Point"",""coordinates"":[-75.82121724341,38.501215473424814]}"
506_00000000000000000000,sienna,completed,,324,69,point_324_completed,sienna,324,completed,2026-04-20 22:25:53,"{""type"":""Point"",""coordinates"":[-75.71015620549123,38.522019124761]}"
507_00000000000000000000,sienna,skipped,no truss,330,15,point_330_skipped,sienna,330,skipped,2026-04-06 20:54:34,"{""type"":""Point"",""coordinates"":[-75.83704238215309,38.523802600614204]}"
508_00000000000000000000,sienna,completed,,33,9,point_33_completed,sienna,33,completed,2026-04-06 20:22:24,"{""type"":""Point"",""coordinates"":[-75.4044574278996,38.07157430241439]}"
509_00000000000000000000,sienna,completed,,340,57,point_340_completed,sienna,340,completed,2026-04-20 21:23:12,"{""type"":""Point"",""coordinates"":[-75.80532821527896,38.52867477650853]}"
510_00000000000000000000,sienna,completed,,366,32,point_366_completed,sienna,366,completed,2026-04-08 16:26:40,"{""type"":""Point"",""coordinates"":[-75.78363072803178,38.54742447389845]}"
511_00000000000000000000,sienna,completed,,36,63,point_36_completed,sienna,36,completed,2026-04-20 21:27:34,"{""type"":""Point"",""coordinates"":[-75.56200830894406,38.11682270755874]}"
512_00000000000000000000,sienna,completed,,375,1,point_375_completed,sienna,375,completed,2026-04-06 20:07:44,"{""type"":""Point"",""coordinates"":[-75.78404722936274,38.559459052239646]}"
513_00000000000000000000,sienna,completed,,378,8,point_378_completed,sienna,378,completed,2026-04-06 20:20:21,"{""type"":""Point"",""coordinates"":[-75.78733467655171,38.56092055545176]}"
514_00000000000000000000,sienna,completed,,386,98,point_386_completed,sienna,386,completed,2026-06-12 01:22:45,"{""type"":""Point"",""coordinates"":[-75.79243100488515,38.56483881122063]}"
515_00000000000000000000,sienna,completed,,433,58,point_433_completed,sienna,433,completed,2026-04-20 21:23:44,"{""type"":""Point"",""coordinates"":[-75.72883705399215,38.58012333334452]}"
516_00000000000000000000,sienna,completed,,460,95,point_460_completed,sienna,460,completed,2026-06-12 01:20:41,"{""type"":""Point"",""coordinates"":[-75.72106031152298,38.58564314853064]}"
517_00000000000000000000,sienna,completed,,46,30,point_46_completed,sienna,46,completed,2026-04-08 16:24:35,"{""type"":""Point"",""coordinates"":[-75.40133686794374,38.19050491328628]}"
518_00000000000000000000,sienna,completed,,489,83,point_489_completed,sienna,489,completed,2026-06-12 01:12:19,"{""type"":""Point"",""coordinates"":[-75.78103845839627,38.594273238214036]}"
519_00000000000000000000,sienna,completed,,494,56,point_494_completed,sienna,494,completed,2026-04-14 00:47:13,"{""type"":""Point"",""coordinates"":[-75.82934785014861,38.59522947535205]}"
520_00000000000000000000,sienna,completed,,509,31,point_509_completed,sienna,509,completed,2026-04-08 16:25:45,"{""type"":""Point"",""coordinates"":[-75.90105389561853,38.60068718325326]}"
521_00000000000000000000,sienna,completed,,510,54,point_510_completed,sienna,510,completed,2026-04-14 00:45:14,"{""type"":""Point"",""coordinates"":[-75.82662674425661,38.601048971277294]}"
522_00000000000000000000,sienna,completed,,523,11,point_523_completed,sienna,523,completed,2026-04-06 20:42:14,"{""type"":""Point"",""coordinates"":[-75.7132679593998,38.60583509990465]}"
523_00000000000000000000,sienna,completed,,533,102,point_533_completed,sienna,533,completed,2026-06-12 01:26:40,"{""type"":""Point"",""coordinates"":[-75.72893453595314,38.608287174546085]}"
524_00000000000000000000,sienna,completed,,553,87,point_553_completed,sienna,553,completed,2026-06-12 01:15:01,"{""type"":""Point"",""coordinates"":[-75.88252586386274,38.61437433462742]}"
525_00000000000000000000,sienna,completed,,557,77,point_557_completed,sienna,557,completed,2026-06-12 01:08:45,"{""type"":""Point"",""coordinates"":[-75.77340918018666,38.61554811984506]}"
526_00000000000000000000,sienna,completed,,571,80,point_571_completed,sienna,571,completed,2026-06-12 01:10:26,"{""type"":""Point"",""coordinates"":[-75.71539520936571,38.620290929317825]}"
527_00000000000000000000,sienna,completed,,573,35,point_573_completed,sienna,573,completed,2026-04-14 00:00:04,"{""type"":""Point"",""coordinates"":[-75.8944403464357,38.620808589938214]}"
528_00000000000000000000,sienna,completed,,581,29,point_581_completed,sienna,581,completed,2026-04-08 16:23:25,"{""type"":""Point"",""coordinates"":[-75.90034277418698,38.625496181951576]}"
529_00000000000000000000,sienna,completed,,589,59,point_589_completed,sienna,589,completed,2026-04-20 21:24:16,"{""type"":""Point"",""coordinates"":[-75.89826619551704,38.628545851622576]}"
530_00000000000000000000,sienna,completed,,59,86,point_59_completed,sienna,59,completed,2026-06-12 01:14:18,"{""type"":""Point"",""coordinates"":[-75.23722812183992,38.28484242038142]}"
531_00000000000000000000,sienna,completed,,642,48,point_642_completed,sienna,642,completed,2026-04-14 00:11:13,"{""type"":""Point"",""coordinates"":[-75.89859963415897,38.64630859825846]}"
532_00000000000000000000,sienna,completed,,651,79,point_651_completed,sienna,651,completed,2026-06-12 01:10:01,"{""type"":""Point"",""coordinates"":[-75.86356443924515,38.64853536530281]}"
533_00000000000000000000,sienna,completed,,654,84,point_654_completed,sienna,654,completed,2026-06-12 01:12:52,"{""type"":""Point"",""coordinates"":[-75.76264663885449,38.649988469779146]}"
534_00000000000000000000,sienna,completed,,67,94,point_67_completed,sienna,67,completed,2026-06-12 01:20:01,"{""type"":""Point"",""coordinates"":[-75.73610361927595,38.29074476652666]}"
535_00000000000000000000,sienna,skipped,no truss,683,27,point_683_skipped,sienna,683,skipped,2026-04-08 16:20:39,"{""type"":""Point"",""coordinates"":[-75.92718235631706,38.65919709160705]}"
536_00000000000000000000,sienna,completed,,707,90,point_707_completed,sienna,707,completed,2026-06-12 01:17:21,"{""type"":""Point"",""coordinates"":[-75.73758897452336,38.67157309166794]}"
537_00000000000000000000,sienna,completed,,721,101,point_721_completed,sienna,721,completed,2026-06-12 01:25:18,"{""type"":""Point"",""coordinates"":[-75.8159299307818,38.6781597108198]}"
538_00000000000000000000,sienna,completed,,727,60,point_727_completed,sienna,727,completed,2026-04-20 21:25:21,"{""type"":""Point"",""coordinates"":[-75.71384291931275,38.68142986263705]}"
539_00000000000000000000,sienna,completed,,728,65,point_728_completed,sienna,728,completed,2026-04-20 21:29:20,"{""type"":""Point"",""coordinates"":[-75.88872664000456,38.68156848499542]}"
540_00000000000000000000,sienna,completed,,740,34,point_740_completed,sienna,740,completed,2026-04-13 23:58:28,"{""type"":""Point"",""coordinates"":[-75.72171672409998,38.68715127742373]}"
541_00000000000000000000,sienna,completed,,766,92,point_766_completed,sienna,766,completed,2026-06-12 01:18:40,"{""type"":""Point"",""coordinates"":[-75.96841109784647,38.70307178111223]}"
542_00000000000000000000,sienna,completed,,800,24,point_800_completed,sienna,800,completed,2026-04-07 22:24:35,"{""type"":""Point"",""coordinates"":[-75.89282519057771,38.71965346980786]}"
543_00000000000000000000,sienna,completed,,866,4,point_866_completed,sienna,866,completed,2026-04-06 20:14:21,"{""type"":""Point"",""coordinates"":[-75.90034512220161,38.745639669995334]}"
544_00000000000000000000,sienna,completed,,878,38,point_878_completed,sienna,878,completed,2026-04-14 00:02:23,"{""type"":""Point"",""coordinates"":[-75.92780276173687,38.74952213484316]}"
545_00000000000000000000,sienna,completed,,880,75,point_880_completed,sienna,880,completed,2026-06-12 01:07:31,"{""type"":""Point"",""coordinates"":[-75.90983075781807,38.749984280811]}"
546_00000000000000000000,sienna,completed,,888,89,point_888_completed,sienna,888,completed,2026-06-12 01:16:42,"{""type"":""Point"",""coordinates"":[-75.93922143193335,38.7537025691753]}"
547_00000000000000000000,sienna,completed,,900,104,point_900_completed,sienna,900,completed,2026-06-12 01:28:02,"{""type"":""Point"",""coordinates"":[-75.93615498212131,38.763717548925534]}"
548_00000000000000000000,sienna,completed,,926,41,point_926_completed,sienna,926,completed,2026-04-14 00:05:22,"{""type"":""Point"",""coordinates"":[-75.89783210203662,38.77628430077671]}"
549_00000000000000000000,sienna,completed,,92,3,point_92_completed,sienna,92,completed,2026-04-06 20:12:54,"{""type"":""Point"",""coordinates"":[-75.80429045085023,38.362998716596806]}"
550_00000000000000000000,sienna,skipped,no truss ,933,72,point_933_skipped,sienna,933,skipped,2026-06-12 01:05:43,"{""type"":""Point"",""coordinates"":[-75.74983178761568,38.78025665392923]}"
551_00000000000000000000,sienna,completed,,936,88,point_936_completed,sienna,936,completed,2026-06-12 01:15:46,"{""type"":""Point"",""coordinates"":[-75.93002854728874,38.78230742945117]}"
552_00000000000000000000,sienna,completed,,944,37,point_944_completed,sienna,944,completed,2026-04-14 00:01:33,"{""type"":""Point"",""coordinates"":[-75.90050444234164,38.7854315958686]}"
553_00000000000000000000,sienna,completed,,950,105,point_950_completed,sienna,950,completed,2026-06-12 01:31:35,"{""type"":""Point"",""coordinates"":[-75.788364290893,38.787746082034694]}"
554_00000000000000000000,sienna,completed,,951,49,point_951_completed,sienna,951,completed,2026-04-14 00:14:03,"{""type"":""Point"",""coordinates"":[-75.7519778837979,38.78817382366777]}"
555_00000000000000000000,sienna,completed,,974,74,point_974_completed,sienna,974,completed,2026-06-12 01:06:56,"{""type"":""Point"",""coordinates"":[-75.82337426306152,38.806710978345706]}"
556_00000000000000000000,sienna,completed,,986,66,point_986_completed,sienna,986,completed,2026-04-20 21:30:26,"{""type"":""Point"",""coordinates"":[-75.94813140712736,38.828493498357005]}"
557_00000000000000000000,sienna,completed,,987,19,point_987_completed,sienna,987,completed,2026-04-06 21:02:29,"{""type"":""Point"",""coordinates"":[-75.78046908894666,38.829098470784764]}"
558_00000000000000000000,taryn,completed,,1000,58,point_1000_completed,taryn,1000,completed,2026-04-29 02:29:10,"{""type"":""Point"",""coordinates"":[-75.95723267234642,38.85063966125314]}"
559_00000000000000000000,taryn,completed,,1007,77,point_1007_completed,taryn,1007,completed,2026-06-13 01:56:05,"{""type"":""Point"",""coordinates"":[-75.95336952227576,38.854657640459294]}"
560_00000000000000000000,taryn,completed,,1017,15,point_1017_completed,taryn,1017,completed,2026-04-07 05:49:01,"{""type"":""Point"",""coordinates"":[-75.9739570321068,38.86222772590314]}"
561_00000000000000000000,taryn,completed,,1042,65,point_1042_completed,taryn,1042,completed,2026-04-29 02:36:39,"{""type"":""Point"",""coordinates"":[-76.00104694675866,38.883059803290095]}"
562_00000000000000000000,taryn,completed,,1072,61,point_1072_completed,taryn,1072,completed,2026-04-29 02:31:28,"{""type"":""Point"",""coordinates"":[-76.0253985846362,38.90900912711408]}"
563_00000000000000000000,taryn,completed,,1109,41,point_1109_completed,taryn,1109,completed,2026-04-09 05:34:34,"{""type"":""Point"",""coordinates"":[-76.03522763764046,38.92845333730945]}"
564_00000000000000000000,taryn,completed,,110,62,point_110_completed,taryn,110,completed,2026-04-29 02:32:10,"{""type"":""Point"",""coordinates"":[-75.64999966510983,38.37838212439336]}"
565_00000000000000000000,taryn,completed,,1115,29,point_1115_completed,taryn,1115,completed,2026-04-07 15:54:33,"{""type"":""Point"",""coordinates"":[-75.8501579636532,38.930420958543564]}"
566_00000000000000000000,taryn,completed,,1118,36,point_1118_completed,taryn,1118,completed,2026-04-07 22:13:13,"{""type"":""Point"",""coordinates"":[-75.93877418282726,38.93136744241407]}"
567_00000000000000000000,taryn,completed,,1137,67,point_1137_completed,taryn,1137,completed,2026-04-29 03:01:47,"{""type"":""Point"",""coordinates"":[-75.91243161857332,38.946300697560226]}"
568_00000000000000000000,taryn,completed,,1144,64,point_1144_completed,taryn,1144,completed,2026-04-29 02:34:36,"{""type"":""Point"",""coordinates"":[-76.04004810225645,38.95379118560937]}"
569_00000000000000000000,taryn,completed,,1155,91,point_1155_completed,taryn,1155,completed,2026-06-13 02:12:46,"{""type"":""Point"",""coordinates"":[-75.89593272368731,38.96709796933717]}"
570_00000000000000000000,taryn,completed,,1158,98,point_1158_completed,taryn,1158,completed,2026-06-13 02:21:02,"{""type"":""Point"",""coordinates"":[-75.85769542648701,38.967842419130754]}"
571_00000000000000000000,taryn,completed,,1170,3,point_1170_completed,taryn,1170,completed,2026-04-07 05:23:05,"{""type"":""Point"",""coordinates"":[-75.86645828699321,38.97388658048697]}"
572_00000000000000000000,taryn,completed,,1179,99,point_1179_completed,taryn,1179,completed,2026-06-13 02:22:30,"{""type"":""Point"",""coordinates"":[-75.96386045009311,38.98312662273762]}"
573_00000000000000000000,taryn,completed,,1185,53,point_1185_completed,taryn,1185,completed,2026-04-28 18:03:31,"{""type"":""Point"",""coordinates"":[-75.85027386902468,38.98514907777507]}"
574_00000000000000000000,taryn,completed,,1216,70,point_1216_completed,taryn,1216,completed,2026-04-29 03:07:17,"{""type"":""Point"",""coordinates"":[-75.85973919826986,39.00008600781021]}"
575_00000000000000000000,taryn,completed,,1229,68,point_1229_completed,taryn,1229,completed,2026-04-29 03:03:41,"{""type"":""Point"",""coordinates"":[-75.88952018574578,39.0073917082914]}"
576_00000000000000000000,taryn,completed,,1239,1,point_1239_completed,taryn,1239,completed,2026-04-07 05:20:04,"{""type"":""Point"",""coordinates"":[-75.8388417443285,39.01670055765951]}"
577_00000000000000000000,taryn,completed,,1248,95,point_1248_completed,taryn,1248,completed,2026-06-13 02:16:59,"{""type"":""Point"",""coordinates"":[-76.01546096706642,39.0224985841188]}"
578_00000000000000000000,taryn,completed,,1263,22,point_1263_completed,taryn,1263,completed,2026-04-07 14:51:11,"{""type"":""Point"",""coordinates"":[-75.76758216409213,39.03512491954298]}"
579_00000000000000000000,taryn,completed,,1265,52,point_1265_completed,taryn,1265,completed,2026-04-28 18:02:27,"{""type"":""Point"",""coordinates"":[-75.88402316944234,39.03592539127457]}"
580_00000000000000000000,taryn,completed,,1297,20,point_1297_completed,taryn,1297,completed,2026-04-07 14:01:43,"{""type"":""Point"",""coordinates"":[-75.88974057006382,39.05389901433155]}"
581_00000000000000000000,taryn,completed,,1315,92,point_1315_completed,taryn,1315,completed,2026-06-13 02:14:21,"{""type"":""Point"",""coordinates"":[-75.92979960467576,39.08180686037965]}"
582_00000000000000000000,taryn,completed,,1317,23,point_1317_completed,taryn,1317,completed,2026-04-07 14:56:02,"{""type"":""Point"",""coordinates"":[-75.9630107543044,39.083001189172286]}"
583_00000000000000000000,taryn,completed,,1324,51,point_1324_completed,taryn,1324,completed,2026-04-21 19:24:25,"{""type"":""Point"",""coordinates"":[-75.91106470596495,39.093255241878346]}"
584_00000000000000000000,taryn,completed,,1341,63,point_1341_completed,taryn,1341,completed,2026-04-29 02:33:32,"{""type"":""Point"",""coordinates"":[-75.98940055488949,39.13107357593261]}"
585_00000000000000000000,taryn,completed,,1362,90,point_1362_completed,taryn,1362,completed,2026-06-13 02:11:52,"{""type"":""Point"",""coordinates"":[-76.05998799839176,39.16278277127035]}"
586_00000000000000000000,taryn,completed,,1373,19,point_1373_completed,taryn,1373,completed,2026-04-07 05:54:20,"{""type"":""Point"",""coordinates"":[-75.97622516743166,39.18144142158163]}"
587_00000000000000000000,taryn,completed,,1374,100,point_1374_completed,taryn,1374,completed,2026-06-13 02:25:03,"{""type"":""Point"",""coordinates"":[-75.8385862221813,39.18186123450357]}"
588_00000000000000000000,taryn,completed,,1375,43,point_1375_completed,taryn,1375,completed,2026-04-09 05:36:26,"{""type"":""Point"",""coordinates"":[-75.9580099657316,39.18289904956752]}"
589_00000000000000000000,taryn,completed,,1401,17,point_1401_completed,taryn,1401,completed,2026-04-07 05:51:08,"{""type"":""Point"",""coordinates"":[-75.95264776748125,39.20998457502588]}"
590_00000000000000000000,taryn,completed,,1402,56,point_1402_completed,taryn,1402,completed,2026-04-28 18:05:06,"{""type"":""Point"",""coordinates"":[-75.89104301451381,39.21000987808439]}"
591_00000000000000000000,taryn,completed,,1408,88,point_1408_completed,taryn,1408,completed,2026-06-13 02:09:31,"{""type"":""Point"",""coordinates"":[-75.76081906123783,39.21308559001813]}"
592_00000000000000000000,taryn,completed,,1412,59,point_1412_completed,taryn,1412,completed,2026-04-29 02:30:04,"{""type"":""Point"",""coordinates"":[-76.00903022504147,39.218689469738436]}"
593_00000000000000000000,taryn,completed,,1417,79,point_1417_completed,taryn,1417,completed,2026-06-13 01:58:39,"{""type"":""Point"",""coordinates"":[-75.840723788736,39.22117099633543]}"
594_00000000000000000000,taryn,completed,,1428,85,point_1428_completed,taryn,1428,completed,2026-06-13 02:05:48,"{""type"":""Point"",""coordinates"":[-75.91788038746027,39.22881157415894]}"
595_00000000000000000000,taryn,completed,,1429,6,point_1429_completed,taryn,1429,completed,2026-04-07 05:25:47,"{""type"":""Point"",""coordinates"":[-75.82777648731444,39.23028327730175]}"
596_00000000000000000000,taryn,completed,,143,83,point_143_completed,taryn,143,completed,2026-06-13 02:03:45,"{""type"":""Point"",""coordinates"":[-75.34546633684437,38.4085651560381]}"
597_00000000000000000000,taryn,completed,,1489,31,point_1489_completed,taryn,1489,completed,2026-04-07 15:59:05,"{""type"":""Point"",""coordinates"":[-75.91603825529447,39.29863915596384]}"
598_00000000000000000000,taryn,completed,,1495,96,point_1495_completed,taryn,1495,completed,2026-06-13 02:18:02,"{""type"":""Point"",""coordinates"":[-75.81708870163263,39.301880953440126]}"
599_00000000000000000000,taryn,completed,no truss,1505,10,point_1505_completed,taryn,1505,completed,2026-04-07 05:43:28,"{""type"":""Point"",""coordinates"":[-75.80296814751343,39.31556993498607]}"
600_00000000000000000000,taryn,completed,,1531,34,point_1531_completed,taryn,1531,completed,2026-04-07 16:17:44,"{""type"":""Point"",""coordinates"":[-75.908692431036,39.35558817500663]}"
601_00000000000000000000,taryn,completed,,1536,12,point_1536_completed,taryn,1536,completed,2026-04-07 05:45:47,"{""type"":""Point"",""coordinates"":[-75.86349294303481,39.50701187845127]}"
602_00000000000000000000,taryn,completed,,153,75,point_153_completed,taryn,153,completed,2026-04-29 03:14:04,"{""type"":""Point"",""coordinates"":[-75.3506542333179,38.41289650227311]}"
603_00000000000000000000,taryn,completed,,157,55,point_157_completed,taryn,157,completed,2026-04-28 18:04:24,"{""type"":""Point"",""coordinates"":[-75.66349973774184,38.41500964341064]}"
604_00000000000000000000,taryn,completed,,170,33,point_170_completed,taryn,170,completed,2026-04-07 16:07:14,"{""type"":""Point"",""coordinates"":[-75.30625801321364,38.42148728201863]}"
605_00000000000000000000,taryn,completed,,176,0,point_176_completed,taryn,176,completed,2026-04-07 05:12:38,"{""type"":""Point"",""coordinates"":[-75.63717447217293,38.42490175488867]}"
606_00000000000000000000,taryn,completed,,1,24,point_1_completed,taryn,1,completed,2026-04-07 15:39:19,"{""type"":""Point"",""coordinates"":[-75.54795922219556,38.00278725018022]}"
607_00000000000000000000,taryn,completed,,206,25,point_206_completed,taryn,206,completed,2026-04-07 15:41:59,"{""type"":""Point"",""coordinates"":[-75.77161706311486,38.43864192462125]}"
608_00000000000000000000,taryn,completed,,226,16,point_226_completed,taryn,226,completed,2026-04-07 05:50:11,"{""type"":""Point"",""coordinates"":[-75.59049312543492,38.44378083645422]}"
609_00000000000000000000,taryn,completed,,241,18,point_241_completed,taryn,241,completed,2026-04-07 05:53:37,"{""type"":""Point"",""coordinates"":[-75.58698440221363,38.44732404532673]}"
610_00000000000000000000,taryn,completed,,309,93,point_309_completed,taryn,309,completed,2026-06-13 02:15:04,"{""type"":""Point"",""coordinates"":[-75.88183328583014,38.51644885376555]}"
611_00000000000000000000,taryn,completed,,30,87,point_30_completed,taryn,30,completed,2026-06-13 02:07:56,"{""type"":""Point"",""coordinates"":[-75.39977314620714,38.05639809200862]}"
612_00000000000000000000,taryn,completed,,316,13,point_316_completed,taryn,316,completed,2026-04-07 05:46:48,"{""type"":""Point"",""coordinates"":[-75.80092968443476,38.52043604879377]}"
613_00000000000000000000,taryn,completed,,342,82,point_342_completed,taryn,342,completed,2026-06-13 02:02:46,"{""type"":""Point"",""coordinates"":[-75.85646594954488,38.529003788091245]}"
614_00000000000000000000,taryn,completed,,357,42,point_357_completed,taryn,357,completed,2026-04-09 05:35:20,"{""type"":""Point"",""coordinates"":[-75.70741583086223,38.53567310060708]}"
615_00000000000000000000,taryn,completed,,360,39,point_360_completed,taryn,360,completed,2026-04-07 22:17:25,"{""type"":""Point"",""coordinates"":[-75.86135632217922,38.538869899325675]}"
616_00000000000000000000,taryn,completed,,368,101,point_368_completed,taryn,368,completed,2026-06-13 02:25:35,"{""type"":""Point"",""coordinates"":[-75.79063452577499,38.549819696872206]}"
617_00000000000000000000,taryn,completed,,379,27,point_379_completed,taryn,379,completed,2026-04-07 15:46:23,"{""type"":""Point"",""coordinates"":[-75.79466473912017,38.56122287254897]}"
618_00000000000000000000,taryn,completed,,385,49,point_385_completed,taryn,385,completed,2026-04-21 00:27:55,"{""type"":""Point"",""coordinates"":[-75.78654589215743,38.5646704954324]}"
619_00000000000000000000,taryn,completed,,403,81,point_403_completed,taryn,403,completed,2026-06-13 02:01:08,"{""type"":""Point"",""coordinates"":[-75.72150446712592,38.57174693188808]}"
620_00000000000000000000,taryn,completed,,428,72,point_428_completed,taryn,428,completed,2026-04-29 03:09:08,"{""type"":""Point"",""coordinates"":[-75.73618790300739,38.57829348980644]}"
621_00000000000000000000,taryn,completed,,436,97,point_436_completed,taryn,436,completed,2026-06-13 02:19:03,"{""type"":""Point"",""coordinates"":[-75.80595699957072,38.58075122717801]}"
622_00000000000000000000,taryn,completed,,480,94,point_480_completed,taryn,480,completed,2026-06-13 02:16:11,"{""type"":""Point"",""coordinates"":[-75.84897827397224,38.59202440170701]}"
623_00000000000000000000,taryn,completed,,504,76,point_504_completed,taryn,504,completed,2026-06-13 01:55:02,"{""type"":""Point"",""coordinates"":[-75.86950826114084,38.59862854060221]}"
624_00000000000000000000,taryn,completed,,512,45,point_512_completed,taryn,512,completed,2026-04-21 00:24:23,"{""type"":""Point"",""coordinates"":[-75.93787789775644,38.60144947052113]}"
625_00000000000000000000,taryn,completed,,521,48,point_521_completed,taryn,521,completed,2026-04-21 00:26:53,"{""type"":""Point"",""coordinates"":[-75.91609838598009,38.60547381767879]}"
626_00000000000000000000,taryn,completed,,528,28,point_528_completed,taryn,528,completed,2026-04-07 15:52:14,"{""type"":""Point"",""coordinates"":[-75.8300172960072,38.607586090567274]}"
627_00000000000000000000,taryn,completed,,532,50,point_532_completed,taryn,532,completed,2026-04-21 00:28:51,"{""type"":""Point"",""coordinates"":[-75.71563264823708,38.60815291678926]}"
628_00000000000000000000,taryn,completed,,534,30,point_534_completed,taryn,534,completed,2026-04-07 15:55:50,"{""type"":""Point"",""coordinates"":[-75.86366762394454,38.60889810182305]}"
629_00000000000000000000,taryn,completed,,540,84,point_540_completed,taryn,540,completed,2026-06-13 02:04:32,"{""type"":""Point"",""coordinates"":[-75.85513116102238,38.609839453345366]}"
630_00000000000000000000,taryn,completed,,555,89,point_555_completed,taryn,555,completed,2026-06-13 02:10:23,"{""type"":""Point"",""coordinates"":[-75.77821330712936,38.61462110898244]}"
631_00000000000000000000,taryn,completed,,616,60,point_616_completed,taryn,616,completed,2026-04-29 02:30:55,"{""type"":""Point"",""coordinates"":[-75.89284486260692,38.63945625713435]}"
632_00000000000000000000,taryn,completed,,625,40,point_625_completed,taryn,625,completed,2026-04-09 05:33:47,"{""type"":""Point"",""coordinates"":[-75.9138238290883,38.641253023182266]}"
633_00000000000000000000,taryn,completed,,626,26,point_626_completed,taryn,626,completed,2026-04-07 15:44:03,"{""type"":""Point"",""coordinates"":[-75.8582025341374,38.64152294310788]}"
634_00000000000000000000,taryn,completed,,637,11,point_637_completed,taryn,637,completed,2026-04-07 05:44:24,"{""type"":""Point"",""coordinates"":[-75.87040966279642,38.644281272765475]}"
635_00000000000000000000,taryn,completed,,643,47,point_643_completed,taryn,643,completed,2026-04-21 00:26:20,"{""type"":""Point"",""coordinates"":[-75.81554110217513,38.646638968831354]}"
636_00000000000000000000,taryn,completed,,646,78,point_646_completed,taryn,646,completed,2026-06-13 01:57:59,"{""type"":""Point"",""coordinates"":[-75.72629547507783,38.64713675337419]}"
637_00000000000000000000,taryn,completed,,653,80,point_653_completed,taryn,653,completed,2026-06-13 02:00:01,"{""type"":""Point"",""coordinates"":[-75.74930144362122,38.64991968095706]}"
638_00000000000000000000,taryn,completed,,656,86,point_656_completed,taryn,656,completed,2026-06-13 02:06:25,"{""type"":""Point"",""coordinates"":[-75.87355776086714,38.65014470337658]}"
639_00000000000000000000,taryn,completed,,660,4,point_660_completed,taryn,660,completed,2026-04-07 05:23:58,"{""type"":""Point"",""coordinates"":[-75.83270786829209,38.65111928038586]}"
640_00000000000000000000,taryn,completed,,661,73,point_661_completed,taryn,661,completed,2026-04-29 03:10:42,"{""type"":""Point"",""coordinates"":[-75.9142063999117,38.6511773117733]}"
641_00000000000000000000,taryn,completed,,690,74,point_690_completed,taryn,690,completed,2026-04-29 03:13:29,"{""type"":""Point"",""coordinates"":[-75.85577164389481,38.66230141083633]}"
642_00000000000000000000,taryn,skipped,no truss,720,2,point_720_skipped,taryn,720,skipped,2026-04-07 05:21:45,"{""type"":""Point"",""coordinates"":[-75.98654250675298,38.67784998589818]}"
643_00000000000000000000,taryn,completed,,784,37,point_784_completed,taryn,784,completed,2026-04-07 22:15:38,"{""type"":""Point"",""coordinates"":[-75.86534057494559,38.7120906880261]}"
644_00000000000000000000,taryn,completed,,788,5,point_788_completed,taryn,788,completed,2026-04-07 05:25:04,"{""type"":""Point"",""coordinates"":[-75.92265444734036,38.71452246581226]}"
645_00000000000000000000,taryn,completed,,805,9,point_805_completed,taryn,805,completed,2026-04-07 05:28:48,"{""type"":""Point"",""coordinates"":[-75.90349986430432,38.72303339843472]}"
646_00000000000000000000,taryn,completed,,808,66,point_808_completed,taryn,808,completed,2026-04-29 02:59:26,"{""type"":""Point"",""coordinates"":[-75.72429971923707,38.724144493230526]}"
647_00000000000000000000,taryn,completed,,818,21,point_818_completed,taryn,818,completed,2026-04-07 14:05:23,"{""type"":""Point"",""coordinates"":[-75.82972456432086,38.729469192204164]}"
648_00000000000000000000,taryn,completed,,819,35,point_819_completed,taryn,819,completed,2026-04-07 16:18:25,"{""type"":""Point"",""coordinates"":[-75.82525265017871,38.72986452709876]}"
649_00000000000000000000,taryn,completed,,820,14,point_820_completed,taryn,820,completed,2026-04-07 05:47:49,"{""type"":""Point"",""coordinates"":[-75.8553097674753,38.73046192973313]}"
650_00000000000000000000,taryn,completed,,844,38,point_844_completed,taryn,844,completed,2026-04-07 22:16:11,"{""type"":""Point"",""coordinates"":[-75.79759827729245,38.73852921738544]}"
651_00000000000000000000,taryn,completed,,862,46,point_862_completed,taryn,862,completed,2026-04-21 00:24:54,"{""type"":""Point"",""coordinates"":[-75.90581296628176,38.74460110151679]}"
652_00000000000000000000,taryn,completed,,874,8,point_874_completed,taryn,874,completed,2026-04-07 05:28:10,"{""type"":""Point"",""coordinates"":[-75.90198193159517,38.748052243836646]}"
653_00000000000000000000,taryn,completed,,885,7,point_885_completed,taryn,885,completed,2026-04-07 05:27:12,"{""type"":""Point"",""coordinates"":[-75.90508080040173,38.75223460445225]}"
654_00000000000000000000,taryn,completed,,915,71,point_915_completed,taryn,915,completed,2026-04-29 03:08:21,"{""type"":""Point"",""coordinates"":[-75.92576000812444,38.77249420833302]}"
655_00000000000000000000,taryn,completed,,923,57,point_923_completed,taryn,923,completed,2026-04-28 18:06:05,"{""type"":""Point"",""coordinates"":[-75.92845464122809,38.77481206006786]}"
656_00000000000000000000,taryn,completed,,943,44,point_943_completed,taryn,943,completed,2026-04-13 14:56:47,"{""type"":""Point"",""coordinates"":[-75.74316072501361,38.78515008834324]}"
657_00000000000000000000,taryn,completed,,967,32,point_967_completed,taryn,967,completed,2026-04-07 16:02:04,"{""type"":""Point"",""coordinates"":[-75.90699369698365,38.7971660705154]}"
658_00000000000000000000,taryn,skipped,No truss,970,54,point_970_skipped,taryn,970,skipped,2026-04-28 18:04:03,"{""type"":""Point"",""coordinates"":[-75.98570430795077,38.80099046541904]}"
659_00000000000000000000,taryn,completed,,97,69,point_97_completed,taryn,97,completed,2026-04-29 03:04:54,"{""type"":""Point"",""coordinates"":[-75.73553259380932,38.3690679862261]}"
660_00000000000000000000,tien,completed,,1045,84,point_1045_completed,tien,1045,completed,2026-04-03 19:04:59,"{""type"":""Point"",""coordinates"":[-75.99217395438743,38.8846293506668]}"
661_00000000000000000000,tien,completed,,1067,67,point_1067_completed,tien,1067,completed,2026-04-03 18:20:47,"{""type"":""Point"",""coordinates"":[-76.03353296684712,38.90694421708775]}"
662_00000000000000000000,tien,completed,,106,22,point_106_completed,tien,106,completed,2026-04-03 04:58:37,"{""type"":""Point"",""coordinates"":[-75.67865401797509,38.37398179056303]}"
663_00000000000000000000,tien,completed,,1086,82,point_1086_completed,tien,1086,completed,2026-04-03 18:44:57,"{""type"":""Point"",""coordinates"":[-76.01497477524855,38.917147681550794]}"
664_00000000000000000000,tien,completed,,1094,105,point_1094_completed,tien,1094,completed,2026-04-03 19:59:11,"{""type"":""Point"",""coordinates"":[-75.78254151758159,38.921241112535576]}"
665_00000000000000000000,tien,skipped,no truss,109,54,point_109_skipped,tien,109,skipped,2026-04-03 17:47:47,"{""type"":""Point"",""coordinates"":[-75.27627825975928,38.37700454333822]}"
666_00000000000000000000,tien,completed,,10,51,point_10_completed,tien,10,completed,2026-04-03 17:30:28,"{""type"":""Point"",""coordinates"":[-75.43068604518014,38.01675742074496]}"
667_00000000000000000000,tien,completed,,112,25,point_112_completed,tien,112,completed,2026-04-03 05:00:52,"{""type"":""Point"",""coordinates"":[-75.67999829535546,38.38209970365944]}"
668_00000000000000000000,tien,skipped,no truss,1134,108,point_1134_skipped,tien,1134,skipped,2026-04-03 20:00:38,"{""type"":""Point"",""coordinates"":[-75.90719155893093,38.94192604198693]}"
669_00000000000000000000,tien,completed,,1141,33,point_1141_completed,tien,1141,completed,2026-04-03 16:43:02,"{""type"":""Point"",""coordinates"":[-75.87040435371408,38.950276302260164]}"
670_00000000000000000000,tien,completed,,1148,64,point_1148_completed,tien,1148,completed,2026-04-03 18:19:18,"{""type"":""Point"",""coordinates"":[-75.89616751486942,38.95622019205119]}"
671_00000000000000000000,tien,completed,,1152,87,point_1152_completed,tien,1152,completed,2026-04-03 19:06:20,"{""type"":""Point"",""coordinates"":[-75.77448299768093,38.965146316360496]}"
672_00000000000000000000,tien,skipped,no truss,1159,43,point_1159_skipped,tien,1159,skipped,2026-04-03 17:23:03,"{""type"":""Point"",""coordinates"":[-75.83673437661979,38.96878610908659]}"
673_00000000000000000000,tien,completed,,1175,19,point_1175_completed,tien,1175,completed,2026-04-03 04:43:19,"{""type"":""Point"",""coordinates"":[-75.89472020594911,38.98081628441351]}"
674_00000000000000000000,tien,completed,,1180,50,point_1180_completed,tien,1180,completed,2026-04-03 17:29:32,"{""type"":""Point"",""coordinates"":[-75.90166091422633,38.983242951053136]}"
675_00000000000000000000,tien,skipped,no truss,1184,62,point_1184_skipped,tien,1184,skipped,2026-04-03 17:58:03,"{""type"":""Point"",""coordinates"":[-75.8183763732194,38.98457756544236]}"
676_00000000000000000000,tien,completed,,1190,4,point_1190_completed,tien,1190,completed,2026-04-03 04:12:01,"{""type"":""Point"",""coordinates"":[-75.7787555775259,38.98594187404697]}"
677_00000000000000000000,tien,skipped,No truss,1206,23,point_1206_skipped,tien,1206,skipped,2026-04-03 04:59:25,"{""type"":""Point"",""coordinates"":[-75.83643195005216,38.99618392189335]}"
678_00000000000000000000,tien,completed,,1233,60,point_1233_completed,tien,1233,completed,2026-04-03 17:56:40,"{""type"":""Point"",""coordinates"":[-76.05592855929932,39.009178437319484]}"
679_00000000000000000000,tien,completed,,1243,21,point_1243_completed,tien,1243,completed,2026-04-03 04:58:03,"{""type"":""Point"",""coordinates"":[-76.0513078612681,39.01892801848756]}"
680_00000000000000000000,tien,completed,,1250,26,point_1250_completed,tien,1250,completed,2026-04-03 05:01:31,"{""type"":""Point"",""coordinates"":[-76.11875174620296,39.024848513881004]}"
681_00000000000000000000,tien,skipped,no truss,1251,32,point_1251_skipped,tien,1251,skipped,2026-04-03 16:42:24,"{""type"":""Point"",""coordinates"":[-75.74995169736823,39.024884455261486]}"
682_00000000000000000000,tien,completed,,1258,63,point_1258_completed,tien,1258,completed,2026-04-03 18:18:53,"{""type"":""Point"",""coordinates"":[-75.78107744926622,39.03047877336177]}"
683_00000000000000000000,tien,skipped,no truss,1266,77,point_1266_skipped,tien,1266,skipped,2026-04-03 18:42:08,"{""type"":""Point"",""coordinates"":[-75.80782944585613,39.03610225343946]}"
684_00000000000000000000,tien,completed,,1281,58,point_1281_completed,tien,1281,completed,2026-04-03 17:53:19,"{""type"":""Point"",""coordinates"":[-75.75951602804051,39.04160571258407]}"
685_00000000000000000000,tien,completed,,1298,71,point_1298_completed,tien,1298,completed,2026-04-03 18:23:30,"{""type"":""Point"",""coordinates"":[-75.99429899125387,39.05403012210427]}"
686_00000000000000000000,tien,completed,,1302,15,point_1302_completed,tien,1302,completed,2026-04-03 04:36:23,"{""type"":""Point"",""coordinates"":[-75.74546103297514,39.060997229574276]}"
687_00000000000000000000,tien,completed,,1307,101,point_1307_completed,tien,1307,completed,2026-04-03 19:38:07,"{""type"":""Point"",""coordinates"":[-75.87539015776417,39.06592929295436]}"
688_00000000000000000000,tien,completed,,1308,76,point_1308_completed,tien,1308,completed,2026-04-03 18:41:42,"{""type"":""Point"",""coordinates"":[-75.86218212313074,39.06943266124838]}"
689_00000000000000000000,tien,completed,,1310,57,point_1310_completed,tien,1310,completed,2026-04-03 17:52:40,"{""type"":""Point"",""coordinates"":[-75.94270392534116,39.078917238930906]}"
690_00000000000000000000,tien,completed,,1330,92,point_1330_completed,tien,1330,completed,2026-04-03 19:08:52,"{""type"":""Point"",""coordinates"":[-75.86275332221044,39.10582089749845]}"
691_00000000000000000000,tien,skipped,no truss,133,72,point_133_skipped,tien,133,skipped,2026-04-03 18:24:02,"{""type"":""Point"",""coordinates"":[-75.54446816115556,38.39738400277061]}"
692_00000000000000000000,tien,completed,,1344,14,point_1344_completed,tien,1344,completed,2026-04-03 04:35:16,"{""type"":""Point"",""coordinates"":[-75.9568185440975,39.13906311060825]}"
693_00000000000000000000,tien,completed,,1353,75,point_1353_completed,tien,1353,completed,2026-04-03 18:41:11,"{""type"":""Point"",""coordinates"":[-75.90008878030034,39.155415685809146]}"
694_00000000000000000000,tien,completed,,1366,112,point_1366_completed,tien,1366,completed,2026-04-03 20:02:18,"{""type"":""Point"",""coordinates"":[-76.05334412917682,39.16748171005222]}"
695_00000000000000000000,tien,skipped,no truss,1393,106,point_1393_skipped,tien,1393,skipped,2026-04-03 19:59:52,"{""type"":""Point"",""coordinates"":[-75.77200678864841,39.20421353880923]}"
696_00000000000000000000,tien,completed,,1399,96,point_1399_completed,tien,1399,completed,2026-04-03 19:34:54,"{""type"":""Point"",""coordinates"":[-75.90064196191169,39.20818436859108]}"
697_00000000000000000000,tien,completed,,1406,45,point_1406_completed,tien,1406,completed,2026-04-03 17:24:47,"{""type"":""Point"",""coordinates"":[-75.86094919930707,39.21254086836073]}"
698_00000000000000000000,tien,skipped,no truss,1421,46,point_1421_skipped,tien,1421,skipped,2026-04-03 17:25:55,"{""type"":""Point"",""coordinates"":[-75.82889349828237,39.22487300834151]}"
699_00000000000000000000,tien,skipped,no truss,1432,11,point_1432_skipped,tien,1432,skipped,2026-04-03 04:32:32,"{""type"":""Point"",""coordinates"":[-75.95494989134151,39.23209610934333]}"
700_00000000000000000000,tien,completed,,1438,110,point_1438_completed,tien,1438,completed,2026-04-03 20:01:26,"{""type"":""Point"",""coordinates"":[-75.82576592381457,39.23585781413848]}"
701_00000000000000000000,tien,completed,,1469,49,point_1469_completed,tien,1469,completed,2026-04-03 17:28:49,"{""type"":""Point"",""coordinates"":[-76.14377278093522,39.280426768975786]}"
702_00000000000000000000,tien,completed,,1501,99,point_1501_completed,tien,1501,completed,2026-04-03 19:36:19,"{""type"":""Point"",""coordinates"":[-75.81127672446951,39.310276769751404]}"
703_00000000000000000000,tien,skipped,no truss,1508,39,point_1508_skipped,tien,1508,skipped,2026-04-03 16:47:41,"{""type"":""Point"",""coordinates"":[-75.8010018080101,39.31822588476187]}"
704_00000000000000000000,tien,completed,,1521,95,point_1521_completed,tien,1521,completed,2026-04-03 19:34:19,"{""type"":""Point"",""coordinates"":[-75.8182453299996,39.32955315132326]}"
705_00000000000000000000,tien,completed,,1535,104,point_1535_completed,tien,1535,completed,2026-04-03 19:58:51,"{""type"":""Point"",""coordinates"":[-75.80593064049556,39.41850043196516]}"
706_00000000000000000000,tien,completed,,161,55,point_161_completed,tien,161,completed,2026-04-03 17:48:22,"{""type"":""Point"",""coordinates"":[-75.57631443689898,38.416914695466794]}"
707_00000000000000000000,tien,completed,,175,89,point_175_completed,tien,175,completed,2026-04-03 19:07:13,"{""type"":""Point"",""coordinates"":[-75.67404642108299,38.4239356910179]}"
708_00000000000000000000,tien,completed,,184,61,point_184_completed,tien,184,completed,2026-04-03 17:57:26,"{""type"":""Point"",""coordinates"":[-75.43189922052578,38.42955923829862]}"
709_00000000000000000000,tien,skipped,no truss,188,86,point_188_skipped,tien,188,skipped,2026-04-03 19:05:38,"{""type"":""Point"",""coordinates"":[-75.53648132117496,38.43190488738101]}"
710_00000000000000000000,tien,skipped,no truss,209,29,point_209_skipped,tien,209,skipped,2026-04-03 05:04:23,"{""type"":""Point"",""coordinates"":[-75.66755478270936,38.440246703365624]}"
711_00000000000000000000,tien,completed,,234,113,point_234_completed,tien,234,completed,2026-04-03 20:21:36,"{""type"":""Point"",""coordinates"":[-75.62545281973215,38.44561395065759]}"
712_00000000000000000000,tien,skipped,not sure if its a truss,242,16,point_242_skipped,tien,242,skipped,2026-04-03 04:39:30,"{""type"":""Point"",""coordinates"":[-75.67911574297952,38.44766251466909]}"
713_00000000000000000000,tien,completed,,251,74,point_251_completed,tien,251,completed,2026-04-03 18:40:29,"{""type"":""Point"",""coordinates"":[-75.42543897866346,38.44966647669989]}"
714_00000000000000000000,tien,completed,,262,93,point_262_completed,tien,262,completed,2026-04-03 19:32:30,"{""type"":""Point"",""coordinates"":[-75.79379612601262,38.45353900719182]}"
715_00000000000000000000,tien,completed,,268,36,point_268_completed,tien,268,completed,2026-04-03 16:45:33,"{""type"":""Point"",""coordinates"":[-75.73522841022421,38.465925976901914]}"
716_00000000000000000000,tien,completed,,273,20,point_273_completed,tien,273,completed,2026-04-03 04:57:31,"{""type"":""Point"",""coordinates"":[-75.69955886038615,38.477002518868716]}"
717_00000000000000000000,tien,skipped,no truss,299,90,point_299_skipped,tien,299,skipped,2026-04-03 19:07:52,"{""type"":""Point"",""coordinates"":[-75.8229279506935,38.508293615188215]}"
718_00000000000000000000,tien,completed,,321,7,point_321_completed,tien,321,completed,2026-04-03 04:17:58,"{""type"":""Point"",""coordinates"":[-75.82748719263198,38.52161918598148]}"
719_00000000000000000000,tien,completed,,327,118,point_327_completed,tien,327,completed,2026-04-03 20:24:01,"{""type"":""Point"",""coordinates"":[-75.8335646874932,38.52316023288166]}"
720_00000000000000000000,tien,completed,,334,116,point_334_completed,tien,334,completed,2026-04-03 20:23:00,"{""type"":""Point"",""coordinates"":[-75.88212185548427,38.52650148921864]}"
721_00000000000000000000,tien,completed,,337,30,point_337_completed,tien,337,completed,2026-04-03 16:40:51,"{""type"":""Point"",""coordinates"":[-75.86624916833753,38.52719871073691]}"
722_00000000000000000000,tien,completed,,344,115,point_344_completed,tien,344,completed,2026-04-03 20:22:34,"{""type"":""Point"",""coordinates"":[-75.80905347045552,38.529945459241674]}"
723_00000000000000000000,tien,skipped,no truss,35,107,point_35_skipped,tien,35,skipped,2026-04-03 20:00:20,"{""type"":""Point"",""coordinates"":[-75.53631740320859,38.11441157370099]}"
724_00000000000000000000,tien,completed,,384,100,point_384_completed,tien,384,completed,2026-04-03 19:37:37,"{""type"":""Point"",""coordinates"":[-75.75058416208678,38.564483868037684]}"
725_00000000000000000000,tien,completed,,387,117,point_387_completed,tien,387,completed,2026-04-03 20:23:35,"{""type"":""Point"",""coordinates"":[-75.76463919910213,38.56493361109206]}"
726_00000000000000000000,tien,completed,,395,6,point_395_completed,tien,395,completed,2026-04-03 04:17:11,"{""type"":""Point"",""coordinates"":[-75.72320695701245,38.569319989340975]}"
727_00000000000000000000,tien,completed,,407,12,point_407_completed,tien,407,completed,2026-04-03 04:33:49,"{""type"":""Point"",""coordinates"":[-75.86023689967956,38.57212733704047]}"
728_00000000000000000000,tien,skipped,no truss,412,28,point_412_skipped,tien,412,skipped,2026-04-03 05:03:41,"{""type"":""Point"",""coordinates"":[-75.81565031720406,38.574299962771505]}"
729_00000000000000000000,tien,completed,,448,56,point_448_completed,tien,448,completed,2026-04-03 17:52:10,"{""type"":""Point"",""coordinates"":[-75.88514045641091,38.58316738994372]}"
730_00000000000000000000,tien,completed,,492,98,point_492_completed,tien,492,completed,2026-04-03 19:35:49,"{""type"":""Point"",""coordinates"":[-75.83540087816735,38.59504684906468]}"
731_00000000000000000000,tien,completed,,4,59,point_4_completed,tien,4,completed,2026-04-03 17:56:14,"{""type"":""Point"",""coordinates"":[-75.55513549522834,38.01218460591121]}"
732_00000000000000000000,tien,completed,,508,70,point_508_completed,tien,508,completed,2026-04-03 18:22:21,"{""type"":""Point"",""coordinates"":[-75.78879169398286,38.6006848309608]}"
733_00000000000000000000,tien,skipped,No truss,543,24,point_543_skipped,tien,543,skipped,2026-04-03 05:00:18,"{""type"":""Point"",""coordinates"":[-75.76506242986484,38.611496721873166]}"
734_00000000000000000000,tien,completed,,546,10,point_546_completed,tien,546,completed,2026-04-03 04:31:41,"{""type"":""Point"",""coordinates"":[-75.92272231058486,38.61186286089249]}"
735_00000000000000000000,tien,completed,,554,18,point_554_completed,tien,554,completed,2026-04-03 04:42:08,"{""type"":""Point"",""coordinates"":[-75.93027220784164,38.61460958332288]}"
736_00000000000000000000,tien,skipped,No truss,574,1,point_574_skipped,tien,574,skipped,2026-04-03 04:07:57,"{""type"":""Point"",""coordinates"":[-75.87609064353278,38.621188440620934]}"
737_00000000000000000000,tien,completed,,590,114,point_590_completed,tien,590,completed,2026-04-03 20:22:04,"{""type"":""Point"",""coordinates"":[-75.75920004122447,38.62873229605467]}"
738_00000000000000000000,tien,completed,,597,97,point_597_completed,tien,597,completed,2026-04-03 19:35:23,"{""type"":""Point"",""coordinates"":[-75.89258452328603,38.630739367539526]}"
739_00000000000000000000,tien,completed,,61,52,point_61_completed,tien,61,completed,2026-04-03 17:31:08,"{""type"":""Point"",""coordinates"":[-75.72178137196582,38.28826774393203]}"
740_00000000000000000000,tien,skipped,No truss,634,2,point_634_skipped,tien,634,skipped,2026-04-03 04:09:02,"{""type"":""Point"",""coordinates"":[-75.72960435034021,38.64292695430978]}"
741_00000000000000000000,tien,skipped,no truss,63,53,point_63_skipped,tien,63,skipped,2026-04-03 17:46:13,"{""type"":""Point"",""coordinates"":[-75.24754809757796,38.289372756417656]}"
742_00000000000000000000,tien,completed,,655,69,point_655_completed,tien,655,completed,2026-04-03 18:21:39,"{""type"":""Point"",""coordinates"":[-75.77912479013213,38.64999760446923]}"
743_00000000000000000000,tien,completed,,664,66,point_664_completed,tien,664,completed,2026-04-03 18:20:20,"{""type"":""Point"",""coordinates"":[-75.86884454668116,38.653723309640945]}"
744_00000000000000000000,tien,completed,,678,94,point_678_completed,tien,678,completed,2026-04-03 19:33:45,"{""type"":""Point"",""coordinates"":[-75.72145268578925,38.65719563701508]}"
745_00000000000000000000,tien,completed,,679,9,point_679_completed,tien,679,completed,2026-04-03 04:20:23,"{""type"":""Point"",""coordinates"":[-75.87971520382165,38.658003725070515]}"
746_00000000000000000000,tien,completed,,684,37,point_684_completed,tien,684,completed,2026-04-03 16:46:09,"{""type"":""Point"",""coordinates"":[-75.74900644724545,38.6598491065155]}"
747_00000000000000000000,tien,completed,,692,73,point_692_completed,tien,692,completed,2026-04-03 18:39:59,"{""type"":""Point"",""coordinates"":[-75.74569533251635,38.66282459066775]}"
748_00000000000000000000,tien,completed,,701,79,point_701_completed,tien,701,completed,2026-04-03 18:43:14,"{""type"":""Point"",""coordinates"":[-75.8284490688881,38.666191534595164]}"
749_00000000000000000000,tien,skipped,no truss,70,109,point_70_skipped,tien,70,skipped,2026-04-03 20:01:00,"{""type"":""Point"",""coordinates"":[-75.72171178426092,38.29409825695864]}"
750_00000000000000000000,tien,completed,,733,78,point_733_completed,tien,733,completed,2026-04-03 18:42:39,"{""type"":""Point"",""coordinates"":[-75.71879884815824,38.6830949813589]}"
751_00000000000000000000,tien,completed,,736,40,point_736_completed,tien,736,completed,2026-04-03 17:11:17,"{""type"":""Point"",""coordinates"":[-75.9083081061555,38.68388199375052]}"
752_00000000000000000000,tien,completed,,745,111,point_745_completed,tien,745,completed,2026-04-03 20:01:51,"{""type"":""Point"",""coordinates"":[-75.73712051543758,38.69010531204376]}"
753_00000000000000000000,tien,completed,,754,38,point_754_completed,tien,754,completed,2026-04-03 16:46:48,"{""type"":""Point"",""coordinates"":[-75.73233208412823,38.697209448768334]}"
754_00000000000000000000,tien,completed,,758,31,point_758_completed,tien,758,completed,2026-04-03 16:41:30,"{""type"":""Point"",""coordinates"":[-75.86952028506956,38.698242366820345]}"
755_00000000000000000000,tien,completed,,776,17,point_776_completed,tien,776,completed,2026-04-03 04:41:21,"{""type"":""Point"",""coordinates"":[-75.96736375032346,38.706568302628014]}"
756_00000000000000000000,tien,completed,,782,5,point_782_completed,tien,782,completed,2026-04-03 04:12:53,"{""type"":""Point"",""coordinates"":[-75.85479335949759,38.71041199306295]}"
757_00000000000000000000,tien,completed,,795,88,point_795_completed,tien,795,completed,2026-04-03 19:06:46,"{""type"":""Point"",""coordinates"":[-75.89524610198143,38.716824691341444]}"
758_00000000000000000000,tien,completed,,813,85,point_813_completed,tien,813,completed,2026-04-03 19:05:17,"{""type"":""Point"",""coordinates"":[-75.81721811923157,38.7264606267106]}"
759_00000000000000000000,tien,completed,,835,3,point_835_completed,tien,835,completed,2026-04-03 04:10:10,"{""type"":""Point"",""coordinates"":[-75.80705242929203,38.73652880369913]}"
760_00000000000000000000,tien,completed,,838,81,point_838_completed,tien,838,completed,2026-04-03 18:44:25,"{""type"":""Point"",""coordinates"":[-75.96574537216873,38.73668412972849]}"
761_00000000000000000000,tien,completed,,843,91,point_843_completed,tien,843,completed,2026-04-03 19:08:14,"{""type"":""Point"",""coordinates"":[-75.97819270364178,38.73818323520387]}"
762_00000000000000000000,tien,completed,,854,48,point_854_completed,tien,854,completed,2026-04-03 17:27:14,"{""type"":""Point"",""coordinates"":[-75.96061924312846,38.74031087688271]}"
763_00000000000000000000,tien,completed,,860,27,point_860_completed,tien,860,completed,2026-04-03 05:02:49,"{""type"":""Point"",""coordinates"":[-75.87121854937558,38.74449993138462]}"
764_00000000000000000000,tien,completed,,863,34,point_863_completed,tien,863,completed,2026-04-03 16:44:02,"{""type"":""Point"",""coordinates"":[-75.80608271739075,38.745181692293784]}"
765_00000000000000000000,tien,completed,,907,35,point_907_completed,tien,907,completed,2026-04-03 16:44:48,"{""type"":""Point"",""coordinates"":[-75.8142484090435,38.76845873293049]}"
766_00000000000000000000,tien,completed,,908,47,point_908_completed,tien,908,completed,2026-04-03 17:26:51,"{""type"":""Point"",""coordinates"":[-75.85120095377741,38.76909116492597]}"
767_00000000000000000000,tien,completed,,914,42,point_914_completed,tien,914,completed,2026-04-03 17:14:45,"{""type"":""Point"",""coordinates"":[-75.90415522506136,38.77201622666522]}"
768_00000000000000000000,tien,completed,,928,13,point_928_completed,tien,928,completed,2026-04-03 04:34:25,"{""type"":""Point"",""coordinates"":[-75.78399484323134,38.7781793463223]}"
769_00000000000000000000,tien,completed,,935,103,point_935_completed,tien,935,completed,2026-04-03 19:58:07,"{""type"":""Point"",""coordinates"":[-75.80574045644265,38.7813511734952]}"
770_00000000000000000000,tien,completed,,940,83,point_940_completed,tien,940,completed,2026-04-03 19:04:29,"{""type"":""Point"",""coordinates"":[-75.80089727515283,38.784158763595336]}"
771_00000000000000000000,tien,skipped,no truss,941,44,point_941_skipped,tien,941,skipped,2026-04-03 17:24:17,"{""type"":""Point"",""coordinates"":[-75.88879395563096,38.78428706020198]}"
772_00000000000000000000,tien,completed,,94,0,point_94_completed,tien,94,completed,2026-04-03 04:06:28,"{""type"":""Point"",""coordinates"":[-75.6869613079618,38.365835293585924]}"
773_00000000000000000000,tien,completed,,976,41,point_976_completed,tien,976,completed,2026-04-03 17:14:08,"{""type"":""Point"",""coordinates"":[-75.7436689269102,38.8085031335438]}"
774_00000000000000000000,tien,completed,,979,65,point_979_completed,tien,979,completed,2026-04-03 18:19:53,"{""type"":""Point"",""coordinates"":[-75.7809490463153,38.80962540741433]}"
775_00000000000000000000,tien,skipped,no truss,983,119,point_983_skipped,tien,983,skipped,2026-04-03 20:24:48,"{""type"":""Point"",""coordinates"":[-75.9828221603377,38.82000331901919]}"
776_00000000000000000000,tien,completed,,992,8,point_992_completed,tien,992,completed,2026-04-03 04:19:31,"{""type"":""Point"",""coordinates"":[-75.77564806921576,38.83969742481075]}"
777_00000000000000000000,tien,completed,,994,80,point_994_completed,tien,994,completed,2026-04-03 18:43:59,"{""type"":""Point"",""coordinates"":[-75.90587049592975,38.84172525989917]}"
778_00000000000000000000,tien,skipped,no truss,996,102,point_996_skipped,tien,996,skipped,2026-04-03 19:39:01,"{""type"":""Point"",""coordinates"":[-75.97342401574606,38.84834378838724]}"
779_00000000000000000000,tien,skipped,no truss,99,68,point_99_skipped,tien,99,skipped,2026-04-03 18:21:10,"{""type"":""Point"",""coordinates"":[-75.66196091893295,38.37186882558172]}"
