{"type":"FeatureCollection","features":[{"type":"Feature","geometry":{"type":"Point","coordinates":[-75.9685903549299,38.854270994318654]},"id":"0_00000000000000000000","properties":{"labeler":"ayush","marker_state":"skipped","notes":"No sign of truss, no circle lines.","point_id":1006,"queue_index":43,"source_asset":"point_1006_skipped","source_labeler":"ayush","source_point_id":1006,"status":"skipped","timestamp":"2026-06-11 21:14:41"}},{"type":"Feature","geometry":{"type":"Point","coordinates":[-75.97619307207238,38.859582183450954]},"id":"1_00000000000000000000","properties":{"labeler":"ayush","marker_state":"completed","notes":"","point_id":1015,"queue_index":45,"source_asset":"point_1015_completed","source_labeler":"ayush","source_point_id":1015,"status":"completed","timestamp":"2026-06-11 21:19:13"}},{"type":"Feature","geometry":{"type":"Point","coordinates":[-75.72853696546787,38.877971909687155]},"id":"2_00000000000000000000","properties":{"labeler":"ayush","marker_state":"skipped","notes":"No sign on truss, no circle lines.","point_id":1036,"queue_index":52,"source_asset":"point_1036_skipped","source_labeler":"ayush","source_point_id":1036,"status":"skipped","timestamp":"2026-06-11 21:25:01"}},{"type":"Feature","geometry":{"type":"Point","coordinates":[-75.66054881540514,38.37310971900941]},"id":"3_00000000000000000000","properties":{"labeler":"ayush","marker_state":"skipped","notes":"No sign of truss, no circle lines shown.","point_id":103,"queue_index":63,"source_asset":"point_103_skipped","source_labeler":"ayush","source_point_id":103,"status":"skipped","timestamp":"2026-06-11 21:44:23"}},{"type":"Feature","geometry":{"type":"Point","coordinates":[-75.85649801481655,38.900395821712934]},"id":"4_00000000000000000000","properties":{"labeler":"ayush","marker_state":"completed","notes":"","point_id":1058,"queue_index":7,"source_asset":"point_1058_completed","source_labeler":"ayush","source_point_id":1058,"status":"completed","timestamp":"2026-04-06 00:11:06"}},{"type":"Feature","geometry":{"type":"Point","coordinates":[-75.90642617717126,38.91328466740874]},"id":"5_00000000000000000000","properties":{"labeler":"ayush","marker_state":"completed","notes":"","point_id":1076,"queue_index":80,"source_asset":"point_1076_completed","source_labeler":"ayush","source_point_id":1076,"status":"completed","timestamp":"2026-06-11 21:59:36"}},{"type":"Feature","geometry":{"type":"Point","coordinates":[-76.01447977556131,38.91410260105824]},"id":"6_00000000000000000000","properties":{"labeler":"ayush","marker_state":"completed","notes":"","point_id":1079,"queue_index":46,"source_asset":"point_1079_completed","source_labeler":"ayush","source_point_id":1079,"status":"completed","timestamp":"2026-06-11 21:19:52"}},{"type":"Feature","geometry":{"type":"Point","coordinates":[-75.8752433939082,38.915475438889544]},"id":"7_00000000000000000000","properties":{"labeler":"ayush","marker_state":"completed","notes":"","point_id":1083,"queue_index":54,"source_asset":"point_1083_completed","source_labeler":"ayush","source_point_id":1083,"status":"completed","timestamp":"2026-06-11 21:26:30"}},{"type":"Feature","geometry":{"type":"Point","coordinates":[-76.01954274985329,38.920824566029005]},"id":"8_00000000000000000000","properties":{"labeler":"ayush","marker_state":"skipped","notes":"No sign of truss, no circle lines.","point_id":1092,"queue_index":41,"source_asset":"point_1092_skipped","source_labeler":"ayush","source_point_id":1092,"status":"skipped","timestamp":"2026-06-11 21:12:59"}},{"type":"Feature","geometry":{"type":"Point","coordinates":[-76.0485053178982,38.92123624179027]},"id":"9_00000000000000000000","properties":{"labeler":"ayush","marker_state":"completed","notes":"","point_id":1093,"queue_index":78,"source_asset":"point_1093_completed","source_labeler":"ayush","source_point_id":1093,"status":"completed","timestamp":"2026-06-11 21:58:35"}},{"type":"Feature","geometry":{"type":"Point","coordinates":[-75.897976465923,38.95278038822002]},"id":"10_00000000000000000000","properties":{"labeler":"ayush","marker_state":"skipped","notes":"No truss. Forests, no flat land/field.","point_id":1142,"queue_index":100,"source_asset":"point_1142_skipped","source_labeler":"ayush","source_point_id":1142,"status":"skipped","timestamp":"2026-06-11 22:21:05"}},{"type":"Feature","geometry":{"type":"Point","coordinates":[-75.88391080286905,38.959078018415504]},"id":"11_00000000000000000000","properties":{"labeler":"ayush","marker_state":"completed","notes":"","point_id":1151,"queue_index":39,"source_asset":"point_1151_completed","source_labeler":"ayush","source_point_id":1151,"status":"completed","timestamp":"2026-06-11 21:11:39"}},{"type":"Feature","geometry":{"type":"Point","coordinates":[-75.82873407371027,38.98000786879107]},"id":"12_00000000000000000000","properties":{"labeler":"ayush","marker_state":"completed","notes":"","point_id":1174,"queue_index":6,"source_asset":"point_1174_completed","source_labeler":"ayush","source_point_id":1174,"status":"completed","timestamp":"2026-04-05 23:54:49"}},{"type":"Feature","geometry":{"type":"Point","coordinates":[-75.4619544336071,38.01689308196716]},"id":"13_00000000000000000000","properties":{"labeler":"ayush","marker_state":"completed","notes":"","point_id":11,"queue_index":47,"source_asset":"point_11_completed","source_labeler":"ayush","source_point_id":11,"status":"completed","timestamp":"2026-06-11 21:20:34"}},{"type":"Feature","geometry":{"type":"Point","coordinates":[-75.85821198742909,38.996426210186094]},"id":"14_00000000000000000000","properties":{"labeler":"ayush","marker_state":"completed","notes":"","point_id":1208,"queue_index":24,"source_asset":"point_1208_completed","source_labeler":"ayush","source_point_id":1208,"status":"completed","timestamp":"2026-06-11 20:57:25"}},{"type":"Feature","geometry":{"type":"Point","coordinates":[-75.88842652268973,39.00014646698859]},"id":"15_00000000000000000000","properties":{"labeler":"ayush","marker_state":"completed","notes":"","point_id":1217,"queue_index":35,"source_asset":"point_1217_completed","source_labeler":"ayush","source_point_id":1217,"status":"completed","timestamp":"2026-06-11 21:09:26"}},{"type":"Feature","geometry":{"type":"Point","coordinates":[-75.76975859823413,39.02483765942835]},"id":"16_00000000000000000000","properties":{"labeler":"ayush","marker_state":"completed","notes":"","point_id":1249,"queue_index":22,"source_asset":"point_1249_completed","source_labeler":"ayush","source_point_id":1249,"status":"completed","timestamp":"2026-06-11 20:53:22"}},{"type":"Feature","geometry":{"type":"Point","coordinates":[-75.3845341449841,38.39210440033097]},"id":"17_00000000000000000000","properties":{"labeler":"ayush","marker_state":"completed","notes":"","point_id":126,"queue_index":19,"source_asset":"point_126_completed","source_labeler":"ayush","source_point_id":126,"status":"completed","timestamp":"2026-06-11 20:50:14"}},{"type":"Feature","geometry":{"type":"Point","coordinates":[-75.87389226086584,39.03828574163741]},"id":"18_00000000000000000000","properties":{"labeler":"ayush","marker_state":"skipped","notes":"No truss, replaced with small lake","point_id":1271,"queue_index":11,"source_asset":"point_1271_skipped","source_labeler":"ayush","source_point_id":1271,"status":"skipped","timestamp":"2026-04-06 00:25:07"}},{"type":"Feature","geometry":{"type":"Point","coordinates":[-75.23828777001775,38.39401047894367]},"id":"19_00000000000000000000","properties":{"labeler":"ayush","marker_state":"completed","notes":"","point_id":128,"queue_index":25,"source_asset":"point_128_completed","source_labeler":"ayush","source_point_id":128,"status":"completed","timestamp":"2026-06-11 20:58:09"}},{"type":"Feature","geometry":{"type":"Point","coordinates":[-76.03502393970179,39.04876901057185]},"id":"20_00000000000000000000","properties":{"labeler":"ayush","marker_state":"completed","notes":"","point_id":1294,"queue_index":107,"source_asset":"point_1294_completed","source_labeler":"ayush","source_point_id":1294,"status":"completed","timestamp":"2026-06-11 22:34:53"}},{"type":"Feature","geometry":{"type":"Point","coordinates":[-75.97148608399827,39.07947901270453]},"id":"21_00000000000000000000","properties":{"labeler":"ayush","marker_state":"completed","notes":"","point_id":1312,"queue_index":88,"source_asset":"point_1312_completed","source_labeler":"ayush","source_point_id":1312,"status":"completed","timestamp":"2026-06-11 22:12:30"}},{"type":"Feature","geometry":{"type":"Point","coordinates":[-75.9686940316297,39.08405644149727]},"id":"22_00000000000000000000","properties":{"labeler":"ayush","marker_state":"completed","notes":"","point_id":1320,"queue_index":53,"source_asset":"point_1320_completed","source_labeler":"ayush","source_point_id":1320,"status":"completed","timestamp":"2026-06-11 21:25:50"}},{"type":"Feature","geometry":{"type":"Point","coordinates":[-75.95294469139336,39.09698702921534]},"id":"23_00000000000000000000","properties":{"labeler":"ayush","marker_state":"completed","notes":"","point_id":1326,"queue_index":12,"source_asset":"point_1326_completed","source_labeler":"ayush","source_point_id":1326,"status":"completed","timestamp":"2026-04-06 01:18:19"}},{"type":"Feature","geometry":{"type":"Point","coordinates":[-75.99514724501309,39.120532959238055]},"id":"24_00000000000000000000","properties":{"labeler":"ayush","marker_state":"completed","notes":"","point_id":1334,"queue_index":56,"source_asset":"point_1334_completed","source_labeler":"ayush","source_point_id":1334,"status":"completed","timestamp":"2026-06-11 21:31:30"}},{"type":"Feature","geometry":{"type":"Point","coordinates":[-75.98635460559633,39.12331372264947]},"id":"25_00000000000000000000","properties":{"labeler":"ayush","marker_state":"completed","notes":"","point_id":1336,"queue_index":72,"source_asset":"point_1336_completed","source_labeler":"ayush","source_point_id":1336,"status":"completed","timestamp":"2026-06-11 21:52:44"}},{"type":"Feature","geometry":{"type":"Point","coordinates":[-75.86478696232349,39.12334657090882]},"id":"26_00000000000000000000","properties":{"labeler":"ayush","marker_state":"completed","notes":"","point_id":1337,"queue_index":106,"source_asset":"point_1337_completed","source_labeler":"ayush","source_point_id":1337,"status":"completed","timestamp":"2026-06-11 22:34:29"}},{"type":"Feature","geometry":{"type":"Point","coordinates":[-75.86083258293696,39.12837058949374]},"id":"27_00000000000000000000","properties":{"labeler":"ayush","marker_state":"completed","notes":"","point_id":1340,"queue_index":42,"source_asset":"point_1340_completed","source_labeler":"ayush","source_point_id":1340,"status":"completed","timestamp":"2026-06-11 21:13:54"}},{"type":"Feature","geometry":{"type":"Point","coordinates":[-75.99541198267029,39.133870517588136]},"id":"28_00000000000000000000","properties":{"labeler":"ayush","marker_state":"completed","notes":"","point_id":1342,"queue_index":67,"source_asset":"point_1342_completed","source_labeler":"ayush","source_point_id":1342,"status":"completed","timestamp":"2026-06-11 21:46:56"}},{"type":"Feature","geometry":{"type":"Point","coordinates":[-75.86553891275022,39.16196505471812]},"id":"29_00000000000000000000","properties":{"labeler":"ayush","marker_state":"completed","notes":"","point_id":1360,"queue_index":0,"source_asset":"point_1360_completed","source_labeler":"ayush","source_point_id":1360,"status":"completed","timestamp":"2026-03-31 20:42:13"}},{"type":"Feature","geometry":{"type":"Point","coordinates":[-75.98079862143919,39.18915869907006]},"id":"30_00000000000000000000","properties":{"labeler":"ayush","marker_state":"completed","notes":"","point_id":1378,"queue_index":68,"source_asset":"point_1378_completed","source_labeler":"ayush","source_point_id":1378,"status":"completed","timestamp":"2026-06-11 21:48:04"}},{"type":"Feature","geometry":{"type":"Point","coordinates":[-75.76764474211508,39.19325455842694]},"id":"31_00000000000000000000","properties":{"labeler":"ayush","marker_state":"completed","notes":"","point_id":1382,"queue_index":61,"source_asset":"point_1382_completed","source_labeler":"ayush","source_point_id":1382,"status":"completed","timestamp":"2026-06-11 21:41:55"}},{"type":"Feature","geometry":{"type":"Point","coordinates":[-75.85377553751252,39.21239736109256]},"id":"32_00000000000000000000","properties":{"labeler":"ayush","marker_state":"completed","notes":"","point_id":1405,"queue_index":113,"source_asset":"point_1405_completed","source_labeler":"ayush","source_point_id":1405,"status":"completed","timestamp":"2026-06-11 22:37:55"}},{"type":"Feature","geometry":{"type":"Point","coordinates":[-75.76726474631812,38.40897184322163]},"id":"33_00000000000000000000","properties":{"labeler":"ayush","marker_state":"completed","notes":"","point_id":144,"queue_index":62,"source_asset":"point_144_completed","source_labeler":"ayush","source_point_id":144,"status":"completed","timestamp":"2026-06-11 21:42:30"}},{"type":"Feature","geometry":{"type":"Point","coordinates":[-75.83005097081089,39.26762712664597]},"id":"34_00000000000000000000","properties":{"labeler":"ayush","marker_state":"completed","notes":"","point_id":1461,"queue_index":81,"source_asset":"point_1461_completed","source_labeler":"ayush","source_point_id":1461,"status":"completed","timestamp":"2026-06-11 22:00:16"}},{"type":"Feature","geometry":{"type":"Point","coordinates":[-76.12685180234311,39.26780782810404]},"id":"35_00000000000000000000","properties":{"labeler":"ayush","marker_state":"completed","notes":"","point_id":1462,"queue_index":108,"source_asset":"point_1462_completed","source_labeler":"ayush","source_point_id":1462,"status":"completed","timestamp":"2026-06-11 22:35:35"}},{"type":"Feature","geometry":{"type":"Point","coordinates":[-75.83502232961003,39.27217217301205]},"id":"36_00000000000000000000","properties":{"labeler":"ayush","marker_state":"completed","notes":"","point_id":1463,"queue_index":85,"source_asset":"point_1463_completed","source_labeler":"ayush","source_point_id":1463,"status":"completed","timestamp":"2026-06-11 22:06:34"}},{"type":"Feature","geometry":{"type":"Point","coordinates":[-75.84620749743861,39.276249993610094]},"id":"37_00000000000000000000","properties":{"labeler":"ayush","marker_state":"completed","notes":"","point_id":1466,"queue_index":1,"source_asset":"point_1466_completed","source_labeler":"ayush","source_point_id":1466,"status":"completed","timestamp":"2026-04-06 00:09:30"}},{"type":"Feature","geometry":{"type":"Point","coordinates":[-76.14834649409282,39.27769769869235]},"id":"38_00000000000000000000","properties":{"labeler":"ayush","marker_state":"completed","notes":"","point_id":1467,"queue_index":101,"source_asset":"point_1467_completed","source_labeler":"ayush","source_point_id":1467,"status":"completed","timestamp":"2026-06-11 22:21:25"}},{"type":"Feature","geometry":{"type":"Point","coordinates":[-75.5556559588966,38.40980878557335]},"id":"39_00000000000000000000","properties":{"labeler":"ayush","marker_state":"completed","notes":"","point_id":146,"queue_index":60,"source_asset":"point_146_completed","source_labeler":"ayush","source_point_id":146,"status":"completed","timestamp":"2026-06-11 21:40:34"}},{"type":"Feature","geometry":{"type":"Point","coordinates":[-75.94462746456998,39.28884350027183]},"id":"40_00000000000000000000","properties":{"labeler":"ayush","marker_state":"skipped","notes":"No truss visible, no circle lines.","point_id":1477,"queue_index":94,"source_asset":"point_1477_skipped","source_labeler":"ayush","source_point_id":1477,"status":"skipped","timestamp":"2026-06-11 22:16:55"}},{"type":"Feature","geometry":{"type":"Point","coordinates":[-75.89599005641938,39.29371948655194]},"id":"41_00000000000000000000","properties":{"labeler":"ayush","marker_state":"completed","notes":"","point_id":1480,"queue_index":76,"source_asset":"point_1480_completed","source_labeler":"ayush","source_point_id":1480,"status":"completed","timestamp":"2026-06-11 21:56:02"}},{"type":"Feature","geometry":{"type":"Point","coordinates":[-76.01288873195752,39.294495477606105]},"id":"42_00000000000000000000","properties":{"labeler":"ayush","marker_state":"completed","notes":"","point_id":1482,"queue_index":65,"source_asset":"point_1482_completed","source_labeler":"ayush","source_point_id":1482,"status":"completed","timestamp":"2026-06-11 21:45:27"}},{"type":"Feature","geometry":{"type":"Point","coordinates":[-75.80378307250707,39.32072803807886]},"id":"43_00000000000000000000","properties":{"labeler":"ayush","marker_state":"completed","notes":"","point_id":1510,"queue_index":9,"source_asset":"point_1510_completed","source_labeler":"ayush","source_point_id":1510,"status":"completed","timestamp":"2026-04-06 00:14:33"}},{"type":"Feature","geometry":{"type":"Point","coordinates":[-75.90785589984372,39.34797806602575]},"id":"44_00000000000000000000","properties":{"labeler":"ayush","marker_state":"completed","notes":"","point_id":1528,"queue_index":114,"source_asset":"point_1528_completed","source_labeler":"ayush","source_point_id":1528,"status":"completed","timestamp":"2026-06-11 22:38:16"}},{"type":"Feature","geometry":{"type":"Point","coordinates":[-75.90304092466548,39.34964856690793]},"id":"45_00000000000000000000","properties":{"labeler":"ayush","marker_state":"completed","notes":"","point_id":1529,"queue_index":33,"source_asset":"point_1529_completed","source_labeler":"ayush","source_point_id":1529,"status":"completed","timestamp":"2026-06-11 21:08:14"}},{"type":"Feature","geometry":{"type":"Point","coordinates":[-75.80115563618548,39.35612023120924]},"id":"46_00000000000000000000","properties":{"labeler":"ayush","marker_state":"completed","notes":"","point_id":1532,"queue_index":84,"source_asset":"point_1532_completed","source_labeler":"ayush","source_point_id":1532,"status":"completed","timestamp":"2026-06-11 22:03:22"}},{"type":"Feature","geometry":{"type":"Point","coordinates":[-75.26388205173423,38.43581102553705]},"id":"47_00000000000000000000","properties":{"labeler":"ayush","marker_state":"completed","notes":"","point_id":197,"queue_index":50,"source_asset":"point_197_completed","source_labeler":"ayush","source_point_id":197,"status":"completed","timestamp":"2026-06-11 21:23:18"}},{"type":"Feature","geometry":{"type":"Point","coordinates":[-75.66071061343672,38.43727259474335]},"id":"48_00000000000000000000","properties":{"labeler":"ayush","marker_state":"completed","notes":"","point_id":201,"queue_index":71,"source_asset":"point_201_completed","source_labeler":"ayush","source_point_id":201,"status":"completed","timestamp":"2026-06-11 21:50:56"}},{"type":"Feature","geometry":{"type":"Point","coordinates":[-75.6697531107655,38.43789036217752]},"id":"49_00000000000000000000","properties":{"labeler":"ayush","marker_state":"completed","notes":"","point_id":203,"queue_index":104,"source_asset":"point_203_completed","source_labeler":"ayush","source_point_id":203,"status":"completed","timestamp":"2026-06-11 22:33:31"}},{"type":"Feature","geometry":{"type":"Point","coordinates":[-75.46154509182905,38.442348622933835]},"id":"50_00000000000000000000","properties":{"labeler":"ayush","marker_state":"completed","notes":"","point_id":218,"queue_index":92,"source_asset":"point_218_completed","source_labeler":"ayush","source_point_id":218,"status":"completed","timestamp":"2026-06-11 22:14:42"}},{"type":"Feature","geometry":{"type":"Point","coordinates":[-75.65011520449184,38.44348377314341]},"id":"51_00000000000000000000","properties":{"labeler":"ayush","marker_state":"completed","notes":"","point_id":225,"queue_index":79,"source_asset":"point_225_completed","source_labeler":"ayush","source_point_id":225,"status":"completed","timestamp":"2026-06-11 21:59:15"}},{"type":"Feature","geometry":{"type":"Point","coordinates":[-75.27567079279838,38.44494872445055]},"id":"52_00000000000000000000","properties":{"labeler":"ayush","marker_state":"completed","notes":"","point_id":230,"queue_index":66,"source_asset":"point_230_completed","source_labeler":"ayush","source_point_id":230,"status":"completed","timestamp":"2026-06-11 21:46:20"}},{"type":"Feature","geometry":{"type":"Point","coordinates":[-75.69102964052249,38.44793137584354]},"id":"53_00000000000000000000","properties":{"labeler":"ayush","marker_state":"skipped","notes":"No truss seen, no circle lines.","point_id":245,"queue_index":103,"source_asset":"point_245_skipped","source_labeler":"ayush","source_point_id":245,"status":"skipped","timestamp":"2026-06-11 22:22:35"}},{"type":"Feature","geometry":{"type":"Point","coordinates":[-75.38496441114894,38.04457151024081]},"id":"54_00000000000000000000","properties":{"labeler":"ayush","marker_state":"completed","notes":"","point_id":24,"queue_index":3,"source_asset":"point_24_completed","source_labeler":"ayush","source_point_id":24,"status":"completed","timestamp":"2026-04-05 23:49:24"}},{"type":"Feature","geometry":{"type":"Point","coordinates":[-75.60335480450264,38.45315351725262]},"id":"55_00000000000000000000","properties":{"labeler":"ayush","marker_state":"completed","notes":"","point_id":261,"queue_index":31,"source_asset":"point_261_completed","source_labeler":"ayush","source_point_id":261,"status":"completed","timestamp":"2026-06-11 21:06:23"}},{"type":"Feature","geometry":{"type":"Point","coordinates":[-75.62189542900329,38.45497767409714]},"id":"56_00000000000000000000","properties":{"labeler":"ayush","marker_state":"completed","notes":"","point_id":263,"queue_index":83,"source_asset":"point_263_completed","source_labeler":"ayush","source_point_id":263,"status":"completed","timestamp":"2026-06-11 22:02:11"}},{"type":"Feature","geometry":{"type":"Point","coordinates":[-75.62675681477677,38.4552732563814]},"id":"57_00000000000000000000","properties":{"labeler":"ayush","marker_state":"completed","notes":"","point_id":264,"queue_index":93,"source_asset":"point_264_completed","source_labeler":"ayush","source_point_id":264,"status":"completed","timestamp":"2026-06-11 22:15:45"}},{"type":"Feature","geometry":{"type":"Point","coordinates":[-75.8480943274616,38.52326333355901]},"id":"58_00000000000000000000","properties":{"labeler":"ayush","marker_state":"completed","notes":"","point_id":328,"queue_index":10,"source_asset":"point_328_completed","source_labeler":"ayush","source_point_id":328,"status":"completed","timestamp":"2026-04-06 00:22:36"}},{"type":"Feature","geometry":{"type":"Point","coordinates":[-75.82149920183608,38.523435570137174]},"id":"59_00000000000000000000","properties":{"labeler":"ayush","marker_state":"completed","notes":"","point_id":329,"queue_index":55,"source_asset":"point_329_completed","source_labeler":"ayush","source_point_id":329,"status":"completed","timestamp":"2026-06-11 21:28:07"}},{"type":"Feature","geometry":{"type":"Point","coordinates":[-75.88066243659374,38.530508074587665]},"id":"60_00000000000000000000","properties":{"labeler":"ayush","marker_state":"completed","notes":"","point_id":345,"queue_index":99,"source_asset":"point_345_completed","source_labeler":"ayush","source_point_id":345,"status":"completed","timestamp":"2026-06-11 22:20:12"}},{"type":"Feature","geometry":{"type":"Point","coordinates":[-75.71646223895627,38.53103410133187]},"id":"61_00000000000000000000","properties":{"labeler":"ayush","marker_state":"completed","notes":"","point_id":347,"queue_index":40,"source_asset":"point_347_completed","source_labeler":"ayush","source_point_id":347,"status":"completed","timestamp":"2026-06-11 21:12:13"}},{"type":"Feature","geometry":{"type":"Point","coordinates":[-75.85777307391102,38.53724770707539]},"id":"62_00000000000000000000","properties":{"labeler":"ayush","marker_state":"completed","notes":"","point_id":359,"queue_index":38,"source_asset":"point_359_completed","source_labeler":"ayush","source_point_id":359,"status":"completed","timestamp":"2026-06-11 21:11:12"}},{"type":"Feature","geometry":{"type":"Point","coordinates":[-75.72791910629907,38.56016597597147]},"id":"63_00000000000000000000","properties":{"labeler":"ayush","marker_state":"completed","notes":"","point_id":377,"queue_index":15,"source_asset":"point_377_completed","source_labeler":"ayush","source_point_id":377,"status":"completed","timestamp":"2026-06-11 20:43:46"}},{"type":"Feature","geometry":{"type":"Point","coordinates":[-75.79565912265018,38.56333305973295]},"id":"64_00000000000000000000","properties":{"labeler":"ayush","marker_state":"completed","notes":"","point_id":383,"queue_index":95,"source_asset":"point_383_completed","source_labeler":"ayush","source_point_id":383,"status":"completed","timestamp":"2026-06-11 22:17:24"}},{"type":"Feature","geometry":{"type":"Point","coordinates":[-75.7621271027048,38.571596219927834]},"id":"65_00000000000000000000","properties":{"labeler":"ayush","marker_state":"completed","notes":"","point_id":402,"queue_index":112,"source_asset":"point_402_completed","source_labeler":"ayush","source_point_id":402,"status":"completed","timestamp":"2026-06-11 22:37:25"}},{"type":"Feature","geometry":{"type":"Point","coordinates":[-75.78035972882873,38.57844107333132]},"id":"66_00000000000000000000","properties":{"labeler":"ayush","marker_state":"completed","notes":"","point_id":431,"queue_index":105,"source_asset":"point_431_completed","source_labeler":"ayush","source_point_id":431,"status":"completed","timestamp":"2026-06-11 22:23:20"}},{"type":"Feature","geometry":{"type":"Point","coordinates":[-75.85541027338296,38.58042798138391]},"id":"67_00000000000000000000","properties":{"labeler":"ayush","marker_state":"completed","notes":"","point_id":435,"queue_index":4,"source_asset":"point_435_completed","source_labeler":"ayush","source_point_id":435,"status":"completed","timestamp":"2026-04-05 23:51:27"}},{"type":"Feature","geometry":{"type":"Point","coordinates":[-75.88167094885927,38.5809414465067]},"id":"68_00000000000000000000","properties":{"labeler":"ayush","marker_state":"completed","notes":"","point_id":437,"queue_index":77,"source_asset":"point_437_completed","source_labeler":"ayush","source_point_id":437,"status":"completed","timestamp":"2026-06-11 21:57:41"}},{"type":"Feature","geometry":{"type":"Point","coordinates":[-75.74767802953757,38.58267257496581]},"id":"69_00000000000000000000","properties":{"labeler":"ayush","marker_state":"completed","notes":"","point_id":446,"queue_index":82,"source_asset":"point_446_completed","source_labeler":"ayush","source_point_id":446,"status":"completed","timestamp":"2026-06-11 22:01:18"}},{"type":"Feature","geometry":{"type":"Point","coordinates":[-75.85715115815326,38.58813388353875]},"id":"70_00000000000000000000","properties":{"labeler":"ayush","marker_state":"skipped","notes":"No sign of truss, no circle lines seen.","point_id":468,"queue_index":75,"source_asset":"point_468_skipped","source_labeler":"ayush","source_point_id":468,"status":"skipped","timestamp":"2026-06-11 21:55:20"}},{"type":"Feature","geometry":{"type":"Point","coordinates":[-75.71837792543003,38.59201877717582]},"id":"71_00000000000000000000","properties":{"labeler":"ayush","marker_state":"completed","notes":"","point_id":479,"queue_index":32,"source_asset":"point_479_completed","source_labeler":"ayush","source_point_id":479,"status":"completed","timestamp":"2026-06-11 21:07:42"}},{"type":"Feature","geometry":{"type":"Point","coordinates":[-75.77897770885785,38.592447605872316]},"id":"72_00000000000000000000","properties":{"labeler":"ayush","marker_state":"completed","notes":"","point_id":481,"queue_index":91,"source_asset":"point_481_completed","source_labeler":"ayush","source_point_id":481,"status":"completed","timestamp":"2026-06-11 22:14:12"}},{"type":"Feature","geometry":{"type":"Point","coordinates":[-75.7272396077581,38.61149107409519]},"id":"73_00000000000000000000","properties":{"labeler":"ayush","marker_state":"completed","notes":"","point_id":542,"queue_index":36,"source_asset":"point_542_completed","source_labeler":"ayush","source_point_id":542,"status":"completed","timestamp":"2026-06-11 21:10:09"}},{"type":"Feature","geometry":{"type":"Point","coordinates":[-75.84910915884024,38.61648092038282]},"id":"74_00000000000000000000","properties":{"labeler":"ayush","marker_state":"completed","notes":"","point_id":560,"queue_index":48,"source_asset":"point_560_completed","source_labeler":"ayush","source_point_id":560,"status":"completed","timestamp":"2026-06-11 21:21:18"}},{"type":"Feature","geometry":{"type":"Point","coordinates":[-75.93719261002444,38.619336972306584]},"id":"75_00000000000000000000","properties":{"labeler":"ayush","marker_state":"completed","notes":"","point_id":568,"queue_index":14,"source_asset":"point_568_completed","source_labeler":"ayush","source_point_id":568,"status":"completed","timestamp":"2026-04-12 05:40:24"}},{"type":"Feature","geometry":{"type":"Point","coordinates":[-75.45668284765092,38.012458617836515]},"id":"76_00000000000000000000","properties":{"labeler":"ayush","marker_state":"completed","notes":"","point_id":5,"queue_index":18,"source_asset":"point_5_completed","source_labeler":"ayush","source_point_id":5,"status":"completed","timestamp":"2026-06-11 20:49:18"}},{"type":"Feature","geometry":{"type":"Point","coordinates":[-75.73759371684693,38.28848033682007]},"id":"77_00000000000000000000","properties":{"labeler":"ayush","marker_state":"completed","notes":"","point_id":62,"queue_index":89,"source_asset":"point_62_completed","source_labeler":"ayush","source_point_id":62,"status":"completed","timestamp":"2026-06-11 22:13:14"}},{"type":"Feature","geometry":{"type":"Point","coordinates":[-75.8335150005238,38.646707927423904]},"id":"78_00000000000000000000","properties":{"labeler":"ayush","marker_state":"completed","notes":"","point_id":644,"queue_index":30,"source_asset":"point_644_completed","source_labeler":"ayush","source_point_id":644,"status":"completed","timestamp":"2026-06-11 21:03:13"}},{"type":"Feature","geometry":{"type":"Point","coordinates":[-75.23547812365067,38.28950535488423]},"id":"79_00000000000000000000","properties":{"labeler":"ayush","marker_state":"completed","notes":"","point_id":64,"queue_index":29,"source_asset":"point_64_completed","source_labeler":"ayush","source_point_id":64,"status":"completed","timestamp":"2026-06-11 21:02:36"}},{"type":"Feature","geometry":{"type":"Point","coordinates":[-75.75417288070057,38.65561805054889]},"id":"80_00000000000000000000","properties":{"labeler":"ayush","marker_state":"skipped","notes":"No sign of truss, no circle lines.","point_id":673,"queue_index":111,"source_asset":"point_673_skipped","source_labeler":"ayush","source_point_id":673,"status":"skipped","timestamp":"2026-06-11 22:36:55"}},{"type":"Feature","geometry":{"type":"Point","coordinates":[-75.7330996838749,38.65862962758818]},"id":"81_00000000000000000000","properties":{"labeler":"ayush","marker_state":"completed","notes":"","point_id":681,"queue_index":17,"source_asset":"point_681_completed","source_labeler":"ayush","source_point_id":681,"status":"completed","timestamp":"2026-06-11 20:47:07"}},{"type":"Feature","geometry":{"type":"Point","coordinates":[-75.88271343046947,38.661814735030724]},"id":"82_00000000000000000000","properties":{"labeler":"ayush","marker_state":"completed","notes":"","point_id":688,"queue_index":70,"source_asset":"point_688_completed","source_labeler":"ayush","source_point_id":688,"status":"completed","timestamp":"2026-06-11 21:49:35"}},{"type":"Feature","geometry":{"type":"Point","coordinates":[-75.88515819275887,38.678736217212574]},"id":"83_00000000000000000000","properties":{"labeler":"ayush","marker_state":"completed","notes":"","point_id":723,"queue_index":26,"source_asset":"point_723_completed","source_labeler":"ayush","source_point_id":723,"status":"completed","timestamp":"2026-06-11 20:59:13"}},{"type":"Feature","geometry":{"type":"Point","coordinates":[-75.78470369718127,38.680108420621146]},"id":"84_00000000000000000000","properties":{"labeler":"ayush","marker_state":"completed","notes":"","point_id":726,"queue_index":97,"source_asset":"point_726_completed","source_labeler":"ayush","source_point_id":726,"status":"completed","timestamp":"2026-06-11 22:18:45"}},{"type":"Feature","geometry":{"type":"Point","coordinates":[-75.24123261510445,38.29502689494241]},"id":"85_00000000000000000000","properties":{"labeler":"ayush","marker_state":"completed","notes":"","point_id":73,"queue_index":20,"source_asset":"point_73_completed","source_labeler":"ayush","source_point_id":73,"status":"completed","timestamp":"2026-06-11 20:51:43"}},{"type":"Feature","geometry":{"type":"Point","coordinates":[-75.87707616013881,38.68725026729346]},"id":"86_00000000000000000000","properties":{"labeler":"ayush","marker_state":"completed","notes":"","point_id":741,"queue_index":49,"source_asset":"point_741_completed","source_labeler":"ayush","source_point_id":741,"status":"completed","timestamp":"2026-06-11 21:22:22"}},{"type":"Feature","geometry":{"type":"Point","coordinates":[-75.57792765287549,38.315460291602015]},"id":"87_00000000000000000000","properties":{"labeler":"ayush","marker_state":"completed","notes":"","point_id":75,"queue_index":2,"source_asset":"point_75_completed","source_labeler":"ayush","source_point_id":75,"status":"completed","timestamp":"2026-04-05 23:43:55"}},{"type":"Feature","geometry":{"type":"Point","coordinates":[-75.87317066744609,38.710331007215586]},"id":"88_00000000000000000000","properties":{"labeler":"ayush","marker_state":"completed","notes":"","point_id":781,"queue_index":59,"source_asset":"point_781_completed","source_labeler":"ayush","source_point_id":781,"status":"completed","timestamp":"2026-06-11 21:40:05"}},{"type":"Feature","geometry":{"type":"Point","coordinates":[-75.73063528066315,38.718372611770306]},"id":"89_00000000000000000000","properties":{"labeler":"ayush","marker_state":"completed","notes":"","point_id":798,"queue_index":69,"source_asset":"point_798_completed","source_labeler":"ayush","source_point_id":798,"status":"completed","timestamp":"2026-06-11 21:49:06"}},{"type":"Feature","geometry":{"type":"Point","coordinates":[-75.38309989943704,38.33088011595635]},"id":"90_00000000000000000000","properties":{"labeler":"ayush","marker_state":"completed","notes":"","point_id":79,"queue_index":8,"source_asset":"point_79_completed","source_labeler":"ayush","source_point_id":79,"status":"completed","timestamp":"2026-04-06 00:12:47"}},{"type":"Feature","geometry":{"type":"Point","coordinates":[-75.86211887555926,38.72111816828168]},"id":"91_00000000000000000000","properties":{"labeler":"ayush","marker_state":"skipped","notes":"No sign on truss, no circle lines.","point_id":803,"queue_index":110,"source_asset":"point_803_skipped","source_labeler":"ayush","source_point_id":803,"status":"skipped","timestamp":"2026-06-11 22:36:32"}},{"type":"Feature","geometry":{"type":"Point","coordinates":[-75.86887700899072,38.72437933960115]},"id":"92_00000000000000000000","properties":{"labeler":"ayush","marker_state":"completed","notes":"","point_id":809,"queue_index":44,"source_asset":"point_809_completed","source_labeler":"ayush","source_point_id":809,"status":"completed","timestamp":"2026-06-11 21:18:23"}},{"type":"Feature","geometry":{"type":"Point","coordinates":[-75.88049168975462,38.72456841791903]},"id":"93_00000000000000000000","properties":{"labeler":"ayush","marker_state":"skipped","notes":"No truss seen, no circle lines.","point_id":811,"queue_index":96,"source_asset":"point_811_skipped","source_labeler":"ayush","source_point_id":811,"status":"skipped","timestamp":"2026-06-11 22:17:59"}},{"type":"Feature","geometry":{"type":"Point","coordinates":[-75.76807181082481,38.73050547064865]},"id":"94_00000000000000000000","properties":{"labeler":"ayush","marker_state":"completed","notes":"","point_id":821,"queue_index":16,"source_asset":"point_821_completed","source_labeler":"ayush","source_point_id":821,"status":"completed","timestamp":"2026-06-11 20:46:26"}},{"type":"Feature","geometry":{"type":"Point","coordinates":[-75.90879665771547,38.73350410463876]},"id":"95_00000000000000000000","properties":{"labeler":"ayush","marker_state":"completed","notes":"","point_id":824,"queue_index":102,"source_asset":"point_824_completed","source_labeler":"ayush","source_point_id":824,"status":"completed","timestamp":"2026-06-11 22:21:48"}},{"type":"Feature","geometry":{"type":"Point","coordinates":[-75.88192666776004,38.735205913472704]},"id":"96_00000000000000000000","properties":{"labeler":"ayush","marker_state":"completed","notes":"","point_id":830,"queue_index":5,"source_asset":"point_830_completed","source_labeler":"ayush","source_point_id":830,"status":"completed","timestamp":"2026-04-05 23:52:45"}},{"type":"Feature","geometry":{"type":"Point","coordinates":[-75.92014939462537,38.73718496754759]},"id":"97_00000000000000000000","properties":{"labeler":"ayush","marker_state":"completed","notes":"","point_id":840,"queue_index":98,"source_asset":"point_840_completed","source_labeler":"ayush","source_point_id":840,"status":"completed","timestamp":"2026-06-11 22:19:28"}},{"type":"Feature","geometry":{"type":"Point","coordinates":[-75.38023065749285,38.34178067230921]},"id":"98_00000000000000000000","properties":{"labeler":"ayush","marker_state":"skipped","notes":"No sign of truss, no circle lines.","point_id":84,"queue_index":86,"source_asset":"point_84_skipped","source_labeler":"ayush","source_point_id":84,"status":"skipped","timestamp":"2026-06-11 22:07:08"}},{"type":"Feature","geometry":{"type":"Point","coordinates":[-75.7804432437096,38.73924038426869]},"id":"99_00000000000000000000","properties":{"labeler":"ayush","marker_state":"completed","notes":"","point_id":850,"queue_index":87,"source_asset":"point_850_completed","source_labeler":"ayush","source_point_id":850,"status":"completed","timestamp":"2026-06-11 22:11:47"}},{"type":"Feature","geometry":{"type":"Point","coordinates":[-75.80999615079611,38.740109745224444]},"id":"100_00000000000000000000","properties":{"labeler":"ayush","marker_state":"completed","notes":"","point_id":853,"queue_index":109,"source_asset":"point_853_completed","source_labeler":"ayush","source_point_id":853,"status":"completed","timestamp":"2026-06-11 22:36:05"}},{"type":"Feature","geometry":{"type":"Point","coordinates":[-75.93300425188185,38.740993926913106]},"id":"101_00000000000000000000","properties":{"labeler":"ayush","marker_state":"completed","notes":"","point_id":855,"queue_index":64,"source_asset":"point_855_completed","source_labeler":"ayush","source_point_id":855,"status":"completed","timestamp":"2026-06-11 21:44:56"}},{"type":"Feature","geometry":{"type":"Point","coordinates":[-75.24708501351473,38.349243995407896]},"id":"102_00000000000000000000","properties":{"labeler":"ayush","marker_state":"skipped","notes":"No signs of trusses, no circle lines.","point_id":86,"queue_index":21,"source_asset":"point_86_skipped","source_labeler":"ayush","source_point_id":86,"status":"skipped","timestamp":"2026-06-11 20:52:54"}},{"type":"Feature","geometry":{"type":"Point","coordinates":[-75.81422299011267,38.75531019682106]},"id":"103_00000000000000000000","properties":{"labeler":"ayush","marker_state":"completed","notes":"","point_id":889,"queue_index":73,"source_asset":"point_889_completed","source_labeler":"ayush","source_point_id":889,"status":"completed","timestamp":"2026-06-11 21:53:13"}},{"type":"Feature","geometry":{"type":"Point","coordinates":[-75.76775083981624,38.755607208733]},"id":"104_00000000000000000000","properties":{"labeler":"ayush","marker_state":"completed","notes":"","point_id":891,"queue_index":58,"source_asset":"point_891_completed","source_labeler":"ayush","source_point_id":891,"status":"completed","timestamp":"2026-06-11 21:37:39"}},{"type":"Feature","geometry":{"type":"Point","coordinates":[-75.95011463263614,38.773720647072835]},"id":"105_00000000000000000000","properties":{"labeler":"ayush","marker_state":"completed","notes":"","point_id":918,"queue_index":23,"source_asset":"point_918_completed","source_labeler":"ayush","source_point_id":918,"status":"completed","timestamp":"2026-06-11 20:55:00"}},{"type":"Feature","geometry":{"type":"Point","coordinates":[-75.8704147501529,38.77991107896976]},"id":"106_00000000000000000000","properties":{"labeler":"ayush","marker_state":"completed","notes":"","point_id":931,"queue_index":37,"source_asset":"point_931_completed","source_labeler":"ayush","source_point_id":931,"status":"completed","timestamp":"2026-06-11 21:10:37"}},{"type":"Feature","geometry":{"type":"Point","coordinates":[-75.66938292369997,38.363438356432304]},"id":"107_00000000000000000000","properties":{"labeler":"ayush","marker_state":"completed","notes":"","point_id":93,"queue_index":34,"source_asset":"point_93_completed","source_labeler":"ayush","source_point_id":93,"status":"completed","timestamp":"2026-06-11 21:08:52"}},{"type":"Feature","geometry":{"type":"Point","coordinates":[-75.76907550289835,38.7951620032434]},"id":"108_00000000000000000000","properties":{"labeler":"ayush","marker_state":"completed","notes":"","point_id":961,"queue_index":90,"source_asset":"point_961_completed","source_labeler":"ayush","source_point_id":961,"status":"completed","timestamp":"2026-06-11 22:13:38"}},{"type":"Feature","geometry":{"type":"Point","coordinates":[-75.7824373139601,38.79643276659644]},"id":"109_00000000000000000000","properties":{"labeler":"ayush","marker_state":"completed","notes":"","point_id":965,"queue_index":74,"source_asset":"point_965_completed","source_labeler":"ayush","source_point_id":965,"status":"completed","timestamp":"2026-06-11 21:54:52"}},{"type":"Feature","geometry":{"type":"Point","coordinates":[-75.78268618318735,38.81291464868545]},"id":"110_00000000000000000000","properties":{"labeler":"ayush","marker_state":"completed","notes":"","point_id":980,"queue_index":57,"source_asset":"point_980_completed","source_labeler":"ayush","source_point_id":980,"status":"completed","timestamp":"2026-06-11 21:32:12"}},{"type":"Feature","geometry":{"type":"Point","coordinates":[-75.77454264374202,38.83053624875945]},"id":"111_00000000000000000000","properties":{"labeler":"ayush","marker_state":"completed","notes":"","point_id":988,"queue_index":13,"source_asset":"point_988_completed","source_labeler":"ayush","source_point_id":988,"status":"completed","timestamp":"2026-04-12 05:39:28"}},{"type":"Feature","geometry":{"type":"Point","coordinates":[-75.7727284945172,38.8350817841532]},"id":"112_00000000000000000000","properties":{"labeler":"ayush","marker_state":"completed","notes":"","point_id":991,"queue_index":27,"source_asset":"point_991_completed","source_labeler":"ayush","source_point_id":991,"status":"completed","timestamp":"2026-06-11 20:59:55"}},{"type":"Feature","geometry":{"type":"Point","coordinates":[-75.73568536978901,38.84957100753855]},"id":"113_00000000000000000000","properties":{"labeler":"ayush","marker_state":"skipped","notes":"No truss, no circle lines shown.","point_id":997,"queue_index":28,"source_asset":"point_997_skipped","source_labeler":"ayush","source_point_id":997,"status":"skipped","timestamp":"2026-06-11 21:02:05"}},{"type":"Feature","geometry":{"type":"Point","coordinates":[-75.93776036495842,38.849772364731486]},"id":"114_00000000000000000000","properties":{"labeler":"ayush","marker_state":"completed","notes":"","point_id":998,"queue_index":51,"source_asset":"point_998_completed","source_labeler":"ayush","source_point_id":998,"status":"completed","timestamp":"2026-06-11 21:24:00"}},{"type":"Feature","geometry":{"type":"Point","coordinates":[-75.94579131932778,38.851546879691575]},"id":"115_00000000000000000000","properties":{"labeler":"maddie","marker_state":"completed","notes":"","point_id":1002,"queue_index":75,"source_asset":"point_1002_completed","source_labeler":"maddie","source_point_id":1002,"status":"completed","timestamp":"2026-04-13 13:46:19"}},{"type":"Feature","geometry":{"type":"Point","coordinates":[-75.9882729156097,38.855554540909445]},"id":"116_00000000000000000000","properties":{"labeler":"maddie","marker_state":"completed","notes":"","point_id":1011,"queue_index":6,"source_asset":"point_1011_completed","source_labeler":"maddie","source_point_id":1011,"status":"completed","timestamp":"2026-04-12 16:35:31"}},{"type":"Feature","geometry":{"type":"Point","coordinates":[-75.98612156139478,38.868507439379556]},"id":"117_00000000000000000000","properties":{"labeler":"maddie","marker_state":"completed","notes":"","point_id":1021,"queue_index":61,"source_asset":"point_1021_completed","source_labeler":"maddie","source_point_id":1021,"status":"completed","timestamp":"2026-04-13 00:53:26"}},{"type":"Feature","geometry":{"type":"Point","coordinates":[-75.89022265464116,38.89657446347441]},"id":"118_00000000000000000000","properties":{"labeler":"maddie","marker_state":"completed","notes":"","point_id":1051,"queue_index":9,"source_asset":"point_1051_completed","source_labeler":"maddie","source_point_id":1051,"status":"completed","timestamp":"2026-04-12 16:48:11"}},{"type":"Feature","geometry":{"type":"Point","coordinates":[-76.0179180971718,38.904384017770056]},"id":"119_00000000000000000000","properties":{"labeler":"maddie","marker_state":"completed","notes":"","point_id":1064,"queue_index":66,"source_asset":"point_1064_completed","source_labeler":"maddie","source_point_id":1064,"status":"completed","timestamp":"2026-04-13 13:08:48"}},{"type":"Feature","geometry":{"type":"Point","coordinates":[-75.76622820794995,38.91078130014865]},"id":"120_00000000000000000000","properties":{"labeler":"maddie","marker_state":"completed","notes":"","point_id":1073,"queue_index":19,"source_asset":"point_1073_completed","source_labeler":"maddie","source_point_id":1073,"status":"completed","timestamp":"2026-04-12 17:15:49"}},{"type":"Feature","geometry":{"type":"Point","coordinates":[-75.97151267720831,38.91420784328713]},"id":"121_00000000000000000000","properties":{"labeler":"maddie","marker_state":"skipped","notes":"No truss","point_id":1080,"queue_index":7,"source_asset":"point_1080_skipped","source_labeler":"maddie","source_point_id":1080,"status":"skipped","timestamp":"2026-04-12 16:40:03"}},{"type":"Feature","geometry":{"type":"Point","coordinates":[-75.7688453854921,38.91616317694155]},"id":"122_00000000000000000000","properties":{"labeler":"maddie","marker_state":"completed","notes":"","point_id":1085,"queue_index":105,"source_asset":"point_1085_completed","source_labeler":"maddie","source_point_id":1085,"status":"completed","timestamp":"2026-04-14 15:56:54"}},{"type":"Feature","geometry":{"type":"Point","coordinates":[-75.75186921414469,38.94471591305947]},"id":"123_00000000000000000000","properties":{"labeler":"maddie","marker_state":"completed","notes":"","point_id":1135,"queue_index":24,"source_asset":"point_1135_completed","source_labeler":"maddie","source_point_id":1135,"status":"completed","timestamp":"2026-04-12 18:41:35"}},{"type":"Feature","geometry":{"type":"Point","coordinates":[-75.53480901951154,38.38459490184115]},"id":"124_00000000000000000000","properties":{"labeler":"maddie","marker_state":"completed","notes":"","point_id":114,"queue_index":44,"source_asset":"point_114_completed","source_labeler":"maddie","source_point_id":114,"status":"completed","timestamp":"2026-04-13 00:14:40"}},{"type":"Feature","geometry":{"type":"Point","coordinates":[-75.89154116669673,38.98415493685598]},"id":"125_00000000000000000000","properties":{"labeler":"maddie","marker_state":"completed","notes":"","point_id":1183,"queue_index":35,"source_asset":"point_1183_completed","source_labeler":"maddie","source_point_id":1183,"status":"completed","timestamp":"2026-04-12 19:26:37"}},{"type":"Feature","geometry":{"type":"Point","coordinates":[-75.87946187322754,38.985610389573424]},"id":"126_00000000000000000000","properties":{"labeler":"maddie","marker_state":"completed","notes":"","point_id":1187,"queue_index":13,"source_asset":"point_1187_completed","source_labeler":"maddie","source_point_id":1187,"status":"completed","timestamp":"2026-04-12 17:00:18"}},{"type":"Feature","geometry":{"type":"Point","coordinates":[-75.82135933801663,38.98565133468576]},"id":"127_00000000000000000000","properties":{"labeler":"maddie","marker_state":"completed","notes":"","point_id":1188,"queue_index":50,"source_asset":"point_1188_completed","source_labeler":"maddie","source_point_id":1188,"status":"completed","timestamp":"2026-04-13 00:29:15"}},{"type":"Feature","geometry":{"type":"Point","coordinates":[-75.87581233614381,39.00270758903423]},"id":"128_00000000000000000000","properties":{"labeler":"maddie","marker_state":"completed","notes":"","point_id":1220,"queue_index":37,"source_asset":"point_1220_completed","source_labeler":"maddie","source_point_id":1220,"status":"completed","timestamp":"2026-04-12 19:36:17"}},{"type":"Feature","geometry":{"type":"Point","coordinates":[-75.7831962211627,39.01421887948545]},"id":"129_00000000000000000000","properties":{"labeler":"maddie","marker_state":"completed","notes":"","point_id":1238,"queue_index":28,"source_asset":"point_1238_completed","source_labeler":"maddie","source_point_id":1238,"status":"completed","timestamp":"2026-04-12 18:54:21"}},{"type":"Feature","geometry":{"type":"Point","coordinates":[-75.24085483958237,38.388508552181165]},"id":"130_00000000000000000000","properties":{"labeler":"maddie","marker_state":"completed","notes":"","point_id":123,"queue_index":55,"source_asset":"point_123_completed","source_labeler":"maddie","source_point_id":123,"status":"completed","timestamp":"2026-04-13 00:36:25"}},{"type":"Feature","geometry":{"type":"Point","coordinates":[-76.06020486322701,39.018037605793296]},"id":"131_00000000000000000000","properties":{"labeler":"maddie","marker_state":"completed","notes":"","point_id":1241,"queue_index":73,"source_asset":"point_1241_completed","source_labeler":"maddie","source_point_id":1241,"status":"completed","timestamp":"2026-04-13 13:42:15"}},{"type":"Feature","geometry":{"type":"Point","coordinates":[-75.80818087267629,39.03393128427606]},"id":"132_00000000000000000000","properties":{"labeler":"maddie","marker_state":"skipped","notes":"No truss","point_id":1261,"queue_index":52,"source_asset":"point_1261_skipped","source_labeler":"maddie","source_point_id":1261,"status":"skipped","timestamp":"2026-04-13 00:32:22"}},{"type":"Feature","geometry":{"type":"Point","coordinates":[-75.25399693910255,38.393673658546334]},"id":"133_00000000000000000000","properties":{"labeler":"maddie","marker_state":"completed","notes":"","point_id":127,"queue_index":29,"source_asset":"point_127_completed","source_labeler":"maddie","source_point_id":127,"status":"completed","timestamp":"2026-04-12 19:03:13"}},{"type":"Feature","geometry":{"type":"Point","coordinates":[-75.74333609464627,39.0457305712915]},"id":"134_00000000000000000000","properties":{"labeler":"maddie","marker_state":"completed","notes":"","point_id":1288,"queue_index":39,"source_asset":"point_1288_completed","source_labeler":"maddie","source_point_id":1288,"status":"completed","timestamp":"2026-04-12 19:41:16"}},{"type":"Feature","geometry":{"type":"Point","coordinates":[-76.00362790481006,39.05695263830429]},"id":"135_00000000000000000000","properties":{"labeler":"maddie","marker_state":"completed","notes":"","point_id":1300,"queue_index":95,"source_asset":"point_1300_completed","source_labeler":"maddie","source_point_id":1300,"status":"completed","timestamp":"2026-04-14 00:53:36"}},{"type":"Feature","geometry":{"type":"Point","coordinates":[-75.888009053854,39.05808769287509]},"id":"136_00000000000000000000","properties":{"labeler":"maddie","marker_state":"completed","notes":"","point_id":1301,"queue_index":53,"source_asset":"point_1301_completed","source_labeler":"maddie","source_point_id":1301,"status":"completed","timestamp":"2026-04-13 00:33:48"}},{"type":"Feature","geometry":{"type":"Point","coordinates":[-75.92446787768014,39.08472624779653]},"id":"137_00000000000000000000","properties":{"labeler":"maddie","marker_state":"completed","notes":"","point_id":1321,"queue_index":69,"source_asset":"point_1321_completed","source_labeler":"maddie","source_point_id":1321,"status":"completed","timestamp":"2026-04-13 13:16:06"}},{"type":"Feature","geometry":{"type":"Point","coordinates":[-75.91971945813951,39.09323692994254]},"id":"138_00000000000000000000","properties":{"labeler":"maddie","marker_state":"completed","notes":"","point_id":1323,"queue_index":0,"source_asset":"point_1323_completed","source_labeler":"maddie","source_point_id":1323,"status":"completed","timestamp":"2026-04-12 14:06:04"}},{"type":"Feature","geometry":{"type":"Point","coordinates":[-75.54531093038375,38.39944337698354]},"id":"139_00000000000000000000","properties":{"labeler":"maddie","marker_state":"completed","notes":"","point_id":134,"queue_index":65,"source_asset":"point_134_completed","source_labeler":"maddie","source_point_id":134,"status":"completed","timestamp":"2026-04-13 01:02:39"}},{"type":"Feature","geometry":{"type":"Point","coordinates":[-75.83714530766052,39.15591356540376]},"id":"140_00000000000000000000","properties":{"labeler":"maddie","marker_state":"completed","notes":"","point_id":1354,"queue_index":76,"source_asset":"point_1354_completed","source_labeler":"maddie","source_point_id":1354,"status":"completed","timestamp":"2026-04-13 15:31:24"}},{"type":"Feature","geometry":{"type":"Point","coordinates":[-75.99269634633593,39.175079381581554]},"id":"141_00000000000000000000","properties":{"labeler":"maddie","marker_state":"completed","notes":"","point_id":1370,"queue_index":96,"source_asset":"point_1370_completed","source_labeler":"maddie","source_point_id":1370,"status":"completed","timestamp":"2026-04-14 00:55:17"}},{"type":"Feature","geometry":{"type":"Point","coordinates":[-75.98981880666534,39.18089827915509]},"id":"142_00000000000000000000","properties":{"labeler":"maddie","marker_state":"completed","notes":"","point_id":1371,"queue_index":32,"source_asset":"point_1371_completed","source_labeler":"maddie","source_point_id":1371,"status":"completed","timestamp":"2026-04-12 19:21:20"}},{"type":"Feature","geometry":{"type":"Point","coordinates":[-75.99937905790598,39.20136893838361]},"id":"143_00000000000000000000","properties":{"labeler":"maddie","marker_state":"completed","notes":"","point_id":1390,"queue_index":93,"source_asset":"point_1390_completed","source_labeler":"maddie","source_point_id":1390,"status":"completed","timestamp":"2026-04-14 00:47:34"}},{"type":"Feature","geometry":{"type":"Point","coordinates":[-75.9675001399796,39.2014493970415]},"id":"144_00000000000000000000","properties":{"labeler":"maddie","marker_state":"completed","notes":"","point_id":1391,"queue_index":43,"source_asset":"point_1391_completed","source_labeler":"maddie","source_point_id":1391,"status":"completed","timestamp":"2026-04-13 00:12:30"}},{"type":"Feature","geometry":{"type":"Point","coordinates":[-75.98144638896183,39.21655127728029]},"id":"145_00000000000000000000","properties":{"labeler":"maddie","marker_state":"completed","notes":"","point_id":1410,"queue_index":104,"source_asset":"point_1410_completed","source_labeler":"maddie","source_point_id":1410,"status":"completed","timestamp":"2026-04-14 15:55:01"}},{"type":"Feature","geometry":{"type":"Point","coordinates":[-75.99566846023386,39.21974524650483]},"id":"146_00000000000000000000","properties":{"labeler":"maddie","marker_state":"completed","notes":"","point_id":1415,"queue_index":41,"source_asset":"point_1415_completed","source_labeler":"maddie","source_point_id":1415,"status":"completed","timestamp":"2026-04-12 19:47:18"}},{"type":"Feature","geometry":{"type":"Point","coordinates":[-75.7720341776091,39.231710361307506]},"id":"147_00000000000000000000","properties":{"labeler":"maddie","marker_state":"completed","notes":"","point_id":1431,"queue_index":71,"source_asset":"point_1431_completed","source_labeler":"maddie","source_point_id":1431,"status":"completed","timestamp":"2026-04-13 13:38:09"}},{"type":"Feature","geometry":{"type":"Point","coordinates":[-75.87954638023498,39.24015586464772]},"id":"148_00000000000000000000","properties":{"labeler":"maddie","marker_state":"completed","notes":"","point_id":1439,"queue_index":59,"source_asset":"point_1439_completed","source_labeler":"maddie","source_point_id":1439,"status":"completed","timestamp":"2026-04-13 00:47:03"}},{"type":"Feature","geometry":{"type":"Point","coordinates":[-75.83801113910309,39.29905653188213]},"id":"149_00000000000000000000","properties":{"labeler":"maddie","marker_state":"completed","notes":"","point_id":1490,"queue_index":102,"source_asset":"point_1490_completed","source_labeler":"maddie","source_point_id":1490,"status":"completed","timestamp":"2026-04-14 15:51:10"}},{"type":"Feature","geometry":{"type":"Point","coordinates":[-75.80556082697292,39.311749691053286]},"id":"150_00000000000000000000","properties":{"labeler":"maddie","marker_state":"completed","notes":"","point_id":1503,"queue_index":26,"source_asset":"point_1503_completed","source_labeler":"maddie","source_point_id":1503,"status":"completed","timestamp":"2026-04-12 18:47:06"}},{"type":"Feature","geometry":{"type":"Point","coordinates":[-75.81809785235649,39.31635403243303]},"id":"151_00000000000000000000","properties":{"labeler":"maddie","marker_state":"completed","notes":"","point_id":1507,"queue_index":78,"source_asset":"point_1507_completed","source_labeler":"maddie","source_point_id":1507,"status":"completed","timestamp":"2026-04-13 15:33:21"}},{"type":"Feature","geometry":{"type":"Point","coordinates":[-75.85940705918907,39.320746414828385]},"id":"152_00000000000000000000","properties":{"labeler":"maddie","marker_state":"skipped","notes":"No truss","point_id":1511,"queue_index":33,"source_asset":"point_1511_skipped","source_labeler":"maddie","source_point_id":1511,"status":"skipped","timestamp":"2026-04-12 19:24:04"}},{"type":"Feature","geometry":{"type":"Point","coordinates":[-75.84813168632152,39.34046894041599]},"id":"153_00000000000000000000","properties":{"labeler":"maddie","marker_state":"completed","notes":"","point_id":1524,"queue_index":17,"source_asset":"point_1524_completed","source_labeler":"maddie","source_point_id":1524,"status":"completed","timestamp":"2026-04-12 17:11:59"}},{"type":"Feature","geometry":{"type":"Point","coordinates":[-75.83551115164583,39.34758260940014]},"id":"154_00000000000000000000","properties":{"labeler":"maddie","marker_state":"completed","notes":"","point_id":1527,"queue_index":88,"source_asset":"point_1527_completed","source_labeler":"maddie","source_point_id":1527,"status":"completed","timestamp":"2026-04-14 00:21:42"}},{"type":"Feature","geometry":{"type":"Point","coordinates":[-75.62944231442577,38.422373549384126]},"id":"155_00000000000000000000","properties":{"labeler":"maddie","marker_state":"completed","notes":"","point_id":172,"queue_index":16,"source_asset":"point_172_completed","source_labeler":"maddie","source_point_id":172,"status":"completed","timestamp":"2026-04-12 17:10:29"}},{"type":"Feature","geometry":{"type":"Point","coordinates":[-75.35223794352072,38.43158199104169]},"id":"156_00000000000000000000","properties":{"labeler":"maddie","marker_state":"skipped","notes":"No truss","point_id":187,"queue_index":34,"source_asset":"point_187_skipped","source_labeler":"maddie","source_point_id":187,"status":"skipped","timestamp":"2026-04-12 19:25:07"}},{"type":"Feature","geometry":{"type":"Point","coordinates":[-75.64575210428495,38.43263047653392]},"id":"157_00000000000000000000","properties":{"labeler":"maddie","marker_state":"completed","notes":"","point_id":189,"queue_index":25,"source_asset":"point_189_completed","source_labeler":"maddie","source_point_id":189,"status":"completed","timestamp":"2026-04-12 18:43:20"}},{"type":"Feature","geometry":{"type":"Point","coordinates":[-75.6506322792149,38.4328580833043]},"id":"158_00000000000000000000","properties":{"labeler":"maddie","marker_state":"completed","notes":"","point_id":190,"queue_index":67,"source_asset":"point_190_completed","source_labeler":"maddie","source_point_id":190,"status":"completed","timestamp":"2026-04-13 13:10:36"}},{"type":"Feature","geometry":{"type":"Point","coordinates":[-75.37269930383381,38.43502678754546]},"id":"159_00000000000000000000","properties":{"labeler":"maddie","marker_state":"completed","notes":"","point_id":196,"queue_index":42,"source_asset":"point_196_completed","source_labeler":"maddie","source_point_id":196,"status":"completed","timestamp":"2026-04-13 00:07:44"}},{"type":"Feature","geometry":{"type":"Point","coordinates":[-75.303794108488,38.44167168085771]},"id":"160_00000000000000000000","properties":{"labeler":"maddie","marker_state":"completed","notes":"","point_id":215,"queue_index":82,"source_asset":"point_215_completed","source_labeler":"maddie","source_point_id":215,"status":"completed","timestamp":"2026-04-13 15:38:47"}},{"type":"Feature","geometry":{"type":"Point","coordinates":[-75.72136149272717,38.44294019305407]},"id":"161_00000000000000000000","properties":{"labeler":"maddie","marker_state":"completed","notes":"","point_id":221,"queue_index":58,"source_asset":"point_221_completed","source_labeler":"maddie","source_point_id":221,"status":"completed","timestamp":"2026-04-13 00:44:32"}},{"type":"Feature","geometry":{"type":"Point","coordinates":[-75.28969050875808,38.44531060374412]},"id":"162_00000000000000000000","properties":{"labeler":"maddie","marker_state":"completed","notes":"","point_id":233,"queue_index":18,"source_asset":"point_233_completed","source_labeler":"maddie","source_point_id":233,"status":"completed","timestamp":"2026-04-12 17:13:52"}},{"type":"Feature","geometry":{"type":"Point","coordinates":[-75.7240326408197,38.44923561037947]},"id":"163_00000000000000000000","properties":{"labeler":"maddie","marker_state":"completed","notes":"","point_id":248,"queue_index":89,"source_asset":"point_248_completed","source_labeler":"maddie","source_point_id":248,"status":"completed","timestamp":"2026-04-14 00:23:22"}},{"type":"Feature","geometry":{"type":"Point","coordinates":[-75.71639702496954,38.45998477093072]},"id":"164_00000000000000000000","properties":{"labeler":"maddie","marker_state":"completed","notes":"","point_id":266,"queue_index":36,"source_asset":"point_266_completed","source_labeler":"maddie","source_point_id":266,"status":"completed","timestamp":"2026-04-12 19:30:23"}},{"type":"Feature","geometry":{"type":"Point","coordinates":[-75.45488867559949,38.04624166814616]},"id":"165_00000000000000000000","properties":{"labeler":"maddie","marker_state":"completed","notes":"","point_id":26,"queue_index":3,"source_asset":"point_26_completed","source_labeler":"maddie","source_point_id":26,"status":"completed","timestamp":"2026-04-12 16:24:55"}},{"type":"Feature","geometry":{"type":"Point","coordinates":[-75.88202110770128,38.475870293641336]},"id":"166_00000000000000000000","properties":{"labeler":"maddie","marker_state":"completed","notes":"","point_id":272,"queue_index":57,"source_asset":"point_272_completed","source_labeler":"maddie","source_point_id":272,"status":"completed","timestamp":"2026-04-13 00:42:01"}},{"type":"Feature","geometry":{"type":"Point","coordinates":[-75.71567545300834,38.48612627541299]},"id":"167_00000000000000000000","properties":{"labeler":"maddie","marker_state":"completed","notes":"","point_id":283,"queue_index":98,"source_asset":"point_283_completed","source_labeler":"maddie","source_point_id":283,"status":"completed","timestamp":"2026-04-14 01:01:16"}},{"type":"Feature","geometry":{"type":"Point","coordinates":[-75.8768563850839,38.48834327581038]},"id":"168_00000000000000000000","properties":{"labeler":"maddie","marker_state":"completed","notes":"","point_id":285,"queue_index":72,"source_asset":"point_285_completed","source_labeler":"maddie","source_point_id":285,"status":"completed","timestamp":"2026-04-13 13:40:54"}},{"type":"Feature","geometry":{"type":"Point","coordinates":[-75.70414648672353,38.50671499865915]},"id":"169_00000000000000000000","properties":{"labeler":"maddie","marker_state":"completed","notes":"","point_id":297,"queue_index":85,"source_asset":"point_297_completed","source_labeler":"maddie","source_point_id":297,"status":"completed","timestamp":"2026-04-13 15:44:43"}},{"type":"Feature","geometry":{"type":"Point","coordinates":[-75.96022820362447,38.511800004570475]},"id":"170_00000000000000000000","properties":{"labeler":"maddie","marker_state":"completed","notes":"","point_id":303,"queue_index":38,"source_asset":"point_303_completed","source_labeler":"maddie","source_point_id":303,"status":"completed","timestamp":"2026-04-12 19:38:46"}},{"type":"Feature","geometry":{"type":"Point","coordinates":[-75.8277101830123,38.512971201729144]},"id":"171_00000000000000000000","properties":{"labeler":"maddie","marker_state":"completed","notes":"","point_id":305,"queue_index":70,"source_asset":"point_305_completed","source_labeler":"maddie","source_point_id":305,"status":"completed","timestamp":"2026-04-13 13:32:16"}},{"type":"Feature","geometry":{"type":"Point","coordinates":[-75.9562214845885,38.51632789980013]},"id":"172_00000000000000000000","properties":{"labeler":"maddie","marker_state":"completed","notes":"","point_id":308,"queue_index":56,"source_asset":"point_308_completed","source_labeler":"maddie","source_point_id":308,"status":"completed","timestamp":"2026-04-13 00:40:27"}},{"type":"Feature","geometry":{"type":"Point","coordinates":[-75.784335304263,38.52108055248112]},"id":"173_00000000000000000000","properties":{"labeler":"maddie","marker_state":"completed","notes":"","point_id":320,"queue_index":48,"source_asset":"point_320_completed","source_labeler":"maddie","source_point_id":320,"status":"completed","timestamp":"2026-04-13 00:24:27"}},{"type":"Feature","geometry":{"type":"Point","coordinates":[-75.8145609614955,38.52926864363299]},"id":"174_00000000000000000000","properties":{"labeler":"maddie","marker_state":"completed","notes":"","point_id":343,"queue_index":63,"source_asset":"point_343_completed","source_labeler":"maddie","source_point_id":343,"status":"completed","timestamp":"2026-04-13 00:56:36"}},{"type":"Feature","geometry":{"type":"Point","coordinates":[-75.8640428094298,38.53578552556502]},"id":"175_00000000000000000000","properties":{"labeler":"maddie","marker_state":"completed","notes":"","point_id":358,"queue_index":103,"source_asset":"point_358_completed","source_labeler":"maddie","source_point_id":358,"status":"completed","timestamp":"2026-04-14 15:53:28"}},{"type":"Feature","geometry":{"type":"Point","coordinates":[-75.82491362659327,38.54404917407803]},"id":"176_00000000000000000000","properties":{"labeler":"maddie","marker_state":"completed","notes":"","point_id":365,"queue_index":8,"source_asset":"point_365_completed","source_labeler":"maddie","source_point_id":365,"status":"completed","timestamp":"2026-04-12 16:43:20"}},{"type":"Feature","geometry":{"type":"Point","coordinates":[-75.7870154189425,38.54868249136294]},"id":"177_00000000000000000000","properties":{"labeler":"maddie","marker_state":"completed","notes":"","point_id":367,"queue_index":20,"source_asset":"point_367_completed","source_labeler":"maddie","source_point_id":367,"status":"completed","timestamp":"2026-04-12 17:18:28"}},{"type":"Feature","geometry":{"type":"Point","coordinates":[-75.86362307735943,38.552269364904774]},"id":"178_00000000000000000000","properties":{"labeler":"maddie","marker_state":"completed","notes":"","point_id":370,"queue_index":90,"source_asset":"point_370_completed","source_labeler":"maddie","source_point_id":370,"status":"completed","timestamp":"2026-04-14 00:43:27"}},{"type":"Feature","geometry":{"type":"Point","coordinates":[-75.86237338995338,38.55984139188799]},"id":"179_00000000000000000000","properties":{"labeler":"maddie","marker_state":"skipped","notes":"No truss","point_id":376,"queue_index":30,"source_asset":"point_376_skipped","source_labeler":"maddie","source_point_id":376,"status":"skipped","timestamp":"2026-04-12 19:04:39"}},{"type":"Feature","geometry":{"type":"Point","coordinates":[-75.72987180376857,38.570165725409495]},"id":"180_00000000000000000000","properties":{"labeler":"maddie","marker_state":"completed","notes":"","point_id":397,"queue_index":97,"source_asset":"point_397_completed","source_labeler":"maddie","source_point_id":397,"status":"completed","timestamp":"2026-04-14 00:58:25"}},{"type":"Feature","geometry":{"type":"Point","coordinates":[-75.73382515803813,38.57176093668205]},"id":"181_00000000000000000000","properties":{"labeler":"maddie","marker_state":"completed","notes":"","point_id":405,"queue_index":79,"source_asset":"point_405_completed","source_labeler":"maddie","source_point_id":405,"status":"completed","timestamp":"2026-04-13 15:34:42"}},{"type":"Feature","geometry":{"type":"Point","coordinates":[-75.85048676258835,38.5770283543801]},"id":"182_00000000000000000000","properties":{"labeler":"maddie","marker_state":"completed","notes":"","point_id":421,"queue_index":14,"source_asset":"point_421_completed","source_labeler":"maddie","source_point_id":421,"status":"completed","timestamp":"2026-04-12 17:04:42"}},{"type":"Feature","geometry":{"type":"Point","coordinates":[-75.91648863566589,38.57737611118915]},"id":"183_00000000000000000000","properties":{"labeler":"maddie","marker_state":"completed","notes":"","point_id":422,"queue_index":84,"source_asset":"point_422_completed","source_labeler":"maddie","source_point_id":422,"status":"completed","timestamp":"2026-04-13 15:42:02"}},{"type":"Feature","geometry":{"type":"Point","coordinates":[-75.88045590913204,38.5846636793105]},"id":"184_00000000000000000000","properties":{"labeler":"maddie","marker_state":"completed","notes":"","point_id":450,"queue_index":87,"source_asset":"point_450_completed","source_labeler":"maddie","source_point_id":450,"status":"completed","timestamp":"2026-04-14 00:20:19"}},{"type":"Feature","geometry":{"type":"Point","coordinates":[-75.78524909307664,38.58502438785236]},"id":"185_00000000000000000000","properties":{"labeler":"maddie","marker_state":"completed","notes":"","point_id":452,"queue_index":46,"source_asset":"point_452_completed","source_labeler":"maddie","source_point_id":452,"status":"completed","timestamp":"2026-04-13 00:18:56"}},{"type":"Feature","geometry":{"type":"Point","coordinates":[-75.76982336717198,38.58549661287177]},"id":"186_00000000000000000000","properties":{"labeler":"maddie","marker_state":"completed","notes":"","point_id":458,"queue_index":91,"source_asset":"point_458_completed","source_labeler":"maddie","source_point_id":458,"status":"completed","timestamp":"2026-04-14 00:45:00"}},{"type":"Feature","geometry":{"type":"Point","coordinates":[-75.71659106405151,38.590275060825356]},"id":"187_00000000000000000000","properties":{"labeler":"maddie","marker_state":"completed","notes":"","point_id":473,"queue_index":23,"source_asset":"point_473_completed","source_labeler":"maddie","source_point_id":473,"status":"completed","timestamp":"2026-04-12 18:37:22"}},{"type":"Feature","geometry":{"type":"Point","coordinates":[-75.7879105675782,38.59045083588805]},"id":"188_00000000000000000000","properties":{"labeler":"maddie","marker_state":"completed","notes":"","point_id":474,"queue_index":11,"source_asset":"point_474_completed","source_labeler":"maddie","source_point_id":474,"status":"completed","timestamp":"2026-04-12 16:52:30"}},{"type":"Feature","geometry":{"type":"Point","coordinates":[-75.86032615261992,38.59453966910929]},"id":"189_00000000000000000000","properties":{"labeler":"maddie","marker_state":"completed","notes":"","point_id":490,"queue_index":27,"source_asset":"point_490_completed","source_labeler":"maddie","source_point_id":490,"status":"completed","timestamp":"2026-04-12 18:49:34"}},{"type":"Feature","geometry":{"type":"Point","coordinates":[-75.75124447269619,38.599485779415694]},"id":"190_00000000000000000000","properties":{"labeler":"maddie","marker_state":"completed","notes":"","point_id":507,"queue_index":4,"source_asset":"point_507_completed","source_labeler":"maddie","source_point_id":507,"status":"completed","timestamp":"2026-04-12 16:30:06"}},{"type":"Feature","geometry":{"type":"Point","coordinates":[-75.89743720775152,38.60405193353362]},"id":"191_00000000000000000000","properties":{"labeler":"maddie","marker_state":"completed","notes":"","point_id":519,"queue_index":47,"source_asset":"point_519_completed","source_labeler":"maddie","source_point_id":519,"status":"completed","timestamp":"2026-04-13 00:22:44"}},{"type":"Feature","geometry":{"type":"Point","coordinates":[-75.72502430686208,38.606006898055135]},"id":"192_00000000000000000000","properties":{"labeler":"maddie","marker_state":"completed","notes":"","point_id":524,"queue_index":31,"source_asset":"point_524_completed","source_labeler":"maddie","source_point_id":524,"status":"completed","timestamp":"2026-04-12 19:19:30"}},{"type":"Feature","geometry":{"type":"Point","coordinates":[-75.70882228302328,38.60808816558447]},"id":"193_00000000000000000000","properties":{"labeler":"maddie","marker_state":"completed","notes":"","point_id":530,"queue_index":101,"source_asset":"point_530_completed","source_labeler":"maddie","source_point_id":530,"status":"completed","timestamp":"2026-04-14 01:05:46"}},{"type":"Feature","geometry":{"type":"Point","coordinates":[-75.8899521659201,38.62185382956542]},"id":"194_00000000000000000000","properties":{"labeler":"maddie","marker_state":"completed","notes":"","point_id":576,"queue_index":12,"source_asset":"point_576_completed","source_labeler":"maddie","source_point_id":576,"status":"completed","timestamp":"2026-04-12 16:55:11"}},{"type":"Feature","geometry":{"type":"Point","coordinates":[-75.90154129918325,38.629852516432734]},"id":"195_00000000000000000000","properties":{"labeler":"maddie","marker_state":"completed","notes":"","point_id":593,"queue_index":81,"source_asset":"point_593_completed","source_labeler":"maddie","source_point_id":593,"status":"completed","timestamp":"2026-04-13 15:37:09"}},{"type":"Feature","geometry":{"type":"Point","coordinates":[-75.76962973758025,38.63018127107671]},"id":"196_00000000000000000000","properties":{"labeler":"maddie","marker_state":"skipped","notes":"No Truss","point_id":594,"queue_index":2,"source_asset":"point_594_skipped","source_labeler":"maddie","source_point_id":594,"status":"skipped","timestamp":"2026-04-12 16:20:40"}},{"type":"Feature","geometry":{"type":"Point","coordinates":[-76.0120646463057,38.642389137989035]},"id":"197_00000000000000000000","properties":{"labeler":"maddie","marker_state":"completed","notes":"","point_id":628,"queue_index":62,"source_asset":"point_628_completed","source_labeler":"maddie","source_point_id":628,"status":"completed","timestamp":"2026-04-13 00:55:33"}},{"type":"Feature","geometry":{"type":"Point","coordinates":[-75.87620957535893,38.6462315071037]},"id":"198_00000000000000000000","properties":{"labeler":"maddie","marker_state":"completed","notes":"","point_id":640,"queue_index":80,"source_asset":"point_640_completed","source_labeler":"maddie","source_point_id":640,"status":"completed","timestamp":"2026-04-13 15:35:54"}},{"type":"Feature","geometry":{"type":"Point","coordinates":[-75.83877715753192,38.647452267157554]},"id":"199_00000000000000000000","properties":{"labeler":"maddie","marker_state":"completed","notes":"","point_id":647,"queue_index":49,"source_asset":"point_647_completed","source_labeler":"maddie","source_point_id":647,"status":"completed","timestamp":"2026-04-13 00:26:41"}},{"type":"Feature","geometry":{"type":"Point","coordinates":[-75.91247947103584,38.648011513773454]},"id":"200_00000000000000000000","properties":{"labeler":"maddie","marker_state":"completed","notes":"","point_id":650,"queue_index":100,"source_asset":"point_650_completed","source_labeler":"maddie","source_point_id":650,"status":"completed","timestamp":"2026-04-14 01:04:08"}},{"type":"Feature","geometry":{"type":"Point","coordinates":[-75.72823565995468,38.65390309825363]},"id":"201_00000000000000000000","properties":{"labeler":"maddie","marker_state":"completed","notes":"","point_id":666,"queue_index":94,"source_asset":"point_666_completed","source_labeler":"maddie","source_point_id":666,"status":"completed","timestamp":"2026-04-14 00:49:42"}},{"type":"Feature","geometry":{"type":"Point","coordinates":[-75.7726026627241,38.65817463508476]},"id":"202_00000000000000000000","properties":{"labeler":"maddie","marker_state":"completed","notes":"","point_id":680,"queue_index":21,"source_asset":"point_680_completed","source_labeler":"maddie","source_point_id":680,"status":"completed","timestamp":"2026-04-12 17:20:44"}},{"type":"Feature","geometry":{"type":"Point","coordinates":[-75.72989937329137,38.665952222231454]},"id":"203_00000000000000000000","properties":{"labeler":"maddie","marker_state":"completed","notes":"","point_id":699,"queue_index":40,"source_asset":"point_699_completed","source_labeler":"maddie","source_point_id":699,"status":"completed","timestamp":"2026-04-12 19:44:11"}},{"type":"Feature","geometry":{"type":"Point","coordinates":[-75.7458700176146,38.69109918691344]},"id":"204_00000000000000000000","properties":{"labeler":"maddie","marker_state":"completed","notes":"","point_id":748,"queue_index":22,"source_asset":"point_748_completed","source_labeler":"maddie","source_point_id":748,"status":"completed","timestamp":"2026-04-12 17:22:35"}},{"type":"Feature","geometry":{"type":"Point","coordinates":[-75.91268740734077,38.704681623499326]},"id":"205_00000000000000000000","properties":{"labeler":"maddie","marker_state":"completed","notes":"","point_id":768,"queue_index":99,"source_asset":"point_768_completed","source_labeler":"maddie","source_point_id":768,"status":"completed","timestamp":"2026-04-14 01:02:45"}},{"type":"Feature","geometry":{"type":"Point","coordinates":[-75.91886222611289,38.71533215910159]},"id":"206_00000000000000000000","properties":{"labeler":"maddie","marker_state":"completed","notes":"","point_id":789,"queue_index":83,"source_asset":"point_789_completed","source_labeler":"maddie","source_point_id":789,"status":"completed","timestamp":"2026-04-13 15:39:57"}},{"type":"Feature","geometry":{"type":"Point","coordinates":[-75.80788347858108,38.73073613340894]},"id":"207_00000000000000000000","properties":{"labeler":"maddie","marker_state":"completed","notes":"","point_id":822,"queue_index":10,"source_asset":"point_822_completed","source_labeler":"maddie","source_point_id":822,"status":"completed","timestamp":"2026-04-12 16:49:48"}},{"type":"Feature","geometry":{"type":"Point","coordinates":[-75.8144316750306,38.73351268718805]},"id":"208_00000000000000000000","properties":{"labeler":"maddie","marker_state":"completed","notes":"","point_id":825,"queue_index":106,"source_asset":"point_825_completed","source_labeler":"maddie","source_point_id":825,"status":"completed","timestamp":"2026-04-14 17:57:08"}},{"type":"Feature","geometry":{"type":"Point","coordinates":[-75.55348378450151,38.338068779393964]},"id":"209_00000000000000000000","properties":{"labeler":"maddie","marker_state":"completed","notes":"","point_id":82,"queue_index":51,"source_asset":"point_82_completed","source_labeler":"maddie","source_point_id":82,"status":"completed","timestamp":"2026-04-13 00:30:51"}},{"type":"Feature","geometry":{"type":"Point","coordinates":[-75.75525862762466,38.745938370682346]},"id":"210_00000000000000000000","properties":{"labeler":"maddie","marker_state":"completed","notes":"","point_id":869,"queue_index":15,"source_asset":"point_869_completed","source_labeler":"maddie","source_point_id":869,"status":"completed","timestamp":"2026-04-12 17:08:09"}},{"type":"Feature","geometry":{"type":"Point","coordinates":[-75.91983785734752,38.74730894528645]},"id":"211_00000000000000000000","properties":{"labeler":"maddie","marker_state":"completed","notes":"","point_id":872,"queue_index":64,"source_asset":"point_872_completed","source_labeler":"maddie","source_point_id":872,"status":"completed","timestamp":"2026-04-13 00:58:07"}},{"type":"Feature","geometry":{"type":"Point","coordinates":[-75.87191363997111,38.74758201786989]},"id":"212_00000000000000000000","properties":{"labeler":"maddie","marker_state":"completed","notes":"","point_id":873,"queue_index":45,"source_asset":"point_873_completed","source_labeler":"maddie","source_point_id":873,"status":"completed","timestamp":"2026-04-13 00:16:43"}},{"type":"Feature","geometry":{"type":"Point","coordinates":[-75.89594920965946,38.74835102071096]},"id":"213_00000000000000000000","properties":{"labeler":"maddie","marker_state":"completed","notes":"","point_id":875,"queue_index":77,"source_asset":"point_875_completed","source_labeler":"maddie","source_point_id":875,"status":"completed","timestamp":"2026-04-13 15:32:32"}},{"type":"Feature","geometry":{"type":"Point","coordinates":[-75.9277122879306,38.75363979655354]},"id":"214_00000000000000000000","properties":{"labeler":"maddie","marker_state":"completed","notes":"","point_id":887,"queue_index":86,"source_asset":"point_887_completed","source_labeler":"maddie","source_point_id":887,"status":"completed","timestamp":"2026-04-14 00:18:19"}},{"type":"Feature","geometry":{"type":"Point","coordinates":[-75.8489825322735,38.77422303539756]},"id":"215_00000000000000000000","properties":{"labeler":"maddie","marker_state":"completed","notes":"","point_id":921,"queue_index":68,"source_asset":"point_921_completed","source_labeler":"maddie","source_point_id":921,"status":"completed","timestamp":"2026-04-13 13:13:54"}},{"type":"Feature","geometry":{"type":"Point","coordinates":[-75.90540892040381,38.78284776138599]},"id":"216_00000000000000000000","properties":{"labeler":"maddie","marker_state":"completed","notes":"","point_id":937,"queue_index":5,"source_asset":"point_937_completed","source_labeler":"maddie","source_point_id":937,"status":"completed","timestamp":"2026-04-12 16:32:58"}},{"type":"Feature","geometry":{"type":"Point","coordinates":[-75.87899073157247,38.79155813559542]},"id":"217_00000000000000000000","properties":{"labeler":"maddie","marker_state":"completed","notes":"","point_id":953,"queue_index":1,"source_asset":"point_953_completed","source_labeler":"maddie","source_point_id":953,"status":"completed","timestamp":"2026-04-12 14:15:25"}},{"type":"Feature","geometry":{"type":"Point","coordinates":[-75.67104342787245,38.36610050614212]},"id":"218_00000000000000000000","properties":{"labeler":"maddie","marker_state":"completed","notes":"","point_id":95,"queue_index":60,"source_asset":"point_95_completed","source_labeler":"maddie","source_point_id":95,"status":"completed","timestamp":"2026-04-13 00:51:05"}},{"type":"Feature","geometry":{"type":"Point","coordinates":[-75.8189606408981,38.80366569640798]},"id":"219_00000000000000000000","properties":{"labeler":"maddie","marker_state":"completed","notes":"","point_id":972,"queue_index":92,"source_asset":"point_972_completed","source_labeler":"maddie","source_point_id":972,"status":"completed","timestamp":"2026-04-14 00:46:10"}},{"type":"Feature","geometry":{"type":"Point","coordinates":[-75.77351367470344,38.808863446863405]},"id":"220_00000000000000000000","properties":{"labeler":"maddie","marker_state":"completed","notes":"","point_id":977,"queue_index":74,"source_asset":"point_977_completed","source_labeler":"maddie","source_point_id":977,"status":"completed","timestamp":"2026-04-13 13:44:15"}},{"type":"Feature","geometry":{"type":"Point","coordinates":[-75.99411247060931,38.83180778576374]},"id":"221_00000000000000000000","properties":{"labeler":"maddie","marker_state":"skipped","notes":"No truss","point_id":989,"queue_index":54,"source_asset":"point_989_skipped","source_labeler":"maddie","source_point_id":989,"status":"skipped","timestamp":"2026-04-13 00:34:47"}},{"type":"Feature","geometry":{"type":"Point","coordinates":[-75.93240774365253,38.85497859768527]},"id":"222_00000000000000000000","properties":{"labeler":"mara","marker_state":"completed","notes":"","point_id":1008,"queue_index":24,"source_asset":"point_1008_completed","source_labeler":"mara","source_point_id":1008,"status":"completed","timestamp":"2026-04-12 04:24:20"}},{"type":"Feature","geometry":{"type":"Point","coordinates":[-75.94289398168924,38.85608152891082]},"id":"223_00000000000000000000","properties":{"labeler":"mara","marker_state":"skipped","notes":"unsure if truss","point_id":1012,"queue_index":45,"source_asset":"point_1012_skipped","source_labeler":"mara","source_point_id":1012,"status":"skipped","timestamp":"2026-04-12 19:25:36"}},{"type":"Feature","geometry":{"type":"Point","coordinates":[-75.97926165983718,38.86383760124482]},"id":"224_00000000000000000000","properties":{"labeler":"mara","marker_state":"completed","notes":"","point_id":1018,"queue_index":117,"source_asset":"point_1018_completed","source_labeler":"mara","source_point_id":1018,"status":"completed","timestamp":"2026-04-13 01:21:17"}},{"type":"Feature","geometry":{"type":"Point","coordinates":[-75.95238160087723,38.86634891003222]},"id":"225_00000000000000000000","properties":{"labeler":"mara","marker_state":"completed","notes":"truss is barely visible on the edge","point_id":1019,"queue_index":31,"source_asset":"point_1019_completed","source_labeler":"mara","source_point_id":1019,"status":"completed","timestamp":"2026-04-12 04:32:18"}},{"type":"Feature","geometry":{"type":"Point","coordinates":[-75.87983439092433,38.87091091833543]},"id":"226_00000000000000000000","properties":{"labeler":"mara","marker_state":"completed","notes":"","point_id":1025,"queue_index":95,"source_asset":"point_1025_completed","source_labeler":"mara","source_point_id":1025,"status":"completed","timestamp":"2026-04-12 21:33:19"}},{"type":"Feature","geometry":{"type":"Point","coordinates":[-75.98813294592088,38.873298185647656]},"id":"227_00000000000000000000","properties":{"labeler":"mara","marker_state":"completed","notes":"","point_id":1027,"queue_index":70,"source_asset":"point_1027_completed","source_labeler":"mara","source_point_id":1027,"status":"completed","timestamp":"2026-04-12 20:35:54"}},{"type":"Feature","geometry":{"type":"Point","coordinates":[-75.88711655444946,38.88107905971495]},"id":"228_00000000000000000000","properties":{"labeler":"mara","marker_state":"completed","notes":"","point_id":1041,"queue_index":41,"source_asset":"point_1041_completed","source_labeler":"mara","source_point_id":1041,"status":"completed","timestamp":"2026-04-12 19:22:25"}},{"type":"Feature","geometry":{"type":"Point","coordinates":[-75.64313970307082,38.373237478788276]},"id":"229_00000000000000000000","properties":{"labeler":"mara","marker_state":"completed","notes":"","point_id":104,"queue_index":67,"source_asset":"point_104_completed","source_labeler":"mara","source_point_id":104,"status":"completed","timestamp":"2026-04-12 20:34:21"}},{"type":"Feature","geometry":{"type":"Point","coordinates":[-76.00856103147794,38.89575954762942]},"id":"230_00000000000000000000","properties":{"labeler":"mara","marker_state":"completed","notes":"","point_id":1050,"queue_index":42,"source_asset":"point_1050_completed","source_labeler":"mara","source_point_id":1050,"status":"completed","timestamp":"2026-04-12 19:23:07"}},{"type":"Feature","geometry":{"type":"Point","coordinates":[-75.9192253982071,38.897508261381255]},"id":"231_00000000000000000000","properties":{"labeler":"mara","marker_state":"completed","notes":"","point_id":1053,"queue_index":51,"source_asset":"point_1053_completed","source_labeler":"mara","source_point_id":1053,"status":"completed","timestamp":"2026-04-12 19:45:57"}},{"type":"Feature","geometry":{"type":"Point","coordinates":[-75.7540537194008,38.90676053053975]},"id":"232_00000000000000000000","properties":{"labeler":"mara","marker_state":"completed","notes":"","point_id":1066,"queue_index":80,"source_asset":"point_1066_completed","source_labeler":"mara","source_point_id":1066,"status":"completed","timestamp":"2026-04-12 21:03:39"}},{"type":"Feature","geometry":{"type":"Point","coordinates":[-75.76447740485239,38.90854840856723]},"id":"233_00000000000000000000","properties":{"labeler":"mara","marker_state":"completed","notes":"","point_id":1071,"queue_index":50,"source_asset":"point_1071_completed","source_labeler":"mara","source_point_id":1071,"status":"completed","timestamp":"2026-04-12 19:45:12"}},{"type":"Feature","geometry":{"type":"Point","coordinates":[-75.77663948385796,38.91544934309118]},"id":"234_00000000000000000000","properties":{"labeler":"mara","marker_state":"completed","notes":"","point_id":1082,"queue_index":113,"source_asset":"point_1082_completed","source_labeler":"mara","source_point_id":1082,"status":"completed","timestamp":"2026-04-13 01:18:55"}},{"type":"Feature","geometry":{"type":"Point","coordinates":[-75.89629591173035,38.91882731237674]},"id":"235_00000000000000000000","properties":{"labeler":"mara","marker_state":"completed","notes":"","point_id":1088,"queue_index":104,"source_asset":"point_1088_completed","source_labeler":"mara","source_point_id":1088,"status":"completed","timestamp":"2026-04-13 00:47:04"}},{"type":"Feature","geometry":{"type":"Point","coordinates":[-75.68795703574344,38.3855134298489]},"id":"236_00000000000000000000","properties":{"labeler":"mara","marker_state":"completed","notes":"","point_id":116,"queue_index":27,"source_asset":"point_116_completed","source_labeler":"mara","source_point_id":116,"status":"completed","timestamp":"2026-04-12 04:26:45"}},{"type":"Feature","geometry":{"type":"Point","coordinates":[-75.93874212238119,38.985695897254075]},"id":"237_00000000000000000000","properties":{"labeler":"mara","marker_state":"completed","notes":"small linear truss","point_id":1189,"queue_index":112,"source_asset":"point_1189_completed","source_labeler":"mara","source_point_id":1189,"status":"completed","timestamp":"2026-04-13 01:18:18"}},{"type":"Feature","geometry":{"type":"Point","coordinates":[-75.8014521691278,38.99127483081966]},"id":"238_00000000000000000000","properties":{"labeler":"mara","marker_state":"completed","notes":"","point_id":1195,"queue_index":85,"source_asset":"point_1195_completed","source_labeler":"mara","source_point_id":1195,"status":"completed","timestamp":"2026-04-12 21:06:15"}},{"type":"Feature","geometry":{"type":"Point","coordinates":[-75.88884396805636,38.99140767222463]},"id":"239_00000000000000000000","properties":{"labeler":"mara","marker_state":"completed","notes":"","point_id":1199,"queue_index":81,"source_asset":"point_1199_completed","source_labeler":"mara","source_point_id":1199,"status":"completed","timestamp":"2026-04-12 21:04:05"}},{"type":"Feature","geometry":{"type":"Point","coordinates":[-76.10753519353977,38.99731033325576]},"id":"240_00000000000000000000","properties":{"labeler":"mara","marker_state":"completed","notes":"","point_id":1209,"queue_index":49,"source_asset":"point_1209_completed","source_labeler":"mara","source_point_id":1209,"status":"completed","timestamp":"2026-04-12 19:44:37"}},{"type":"Feature","geometry":{"type":"Point","coordinates":[-75.96090944073613,39.00188843336194]},"id":"241_00000000000000000000","properties":{"labeler":"mara","marker_state":"completed","notes":"","point_id":1219,"queue_index":78,"source_asset":"point_1219_completed","source_labeler":"mara","source_point_id":1219,"status":"completed","timestamp":"2026-04-12 21:02:39"}},{"type":"Feature","geometry":{"type":"Point","coordinates":[-76.02032289000091,39.017170765338086]},"id":"242_00000000000000000000","properties":{"labeler":"mara","marker_state":"completed","notes":"","point_id":1240,"queue_index":55,"source_asset":"point_1240_completed","source_labeler":"mara","source_point_id":1240,"status":"completed","timestamp":"2026-04-12 19:49:14"}},{"type":"Feature","geometry":{"type":"Point","coordinates":[-75.89196488262797,39.04400764994297]},"id":"243_00000000000000000000","properties":{"labeler":"mara","marker_state":"completed","notes":"","point_id":1285,"queue_index":98,"source_asset":"point_1285_completed","source_labeler":"mara","source_point_id":1285,"status":"completed","timestamp":"2026-04-13 00:32:52"}},{"type":"Feature","geometry":{"type":"Point","coordinates":[-76.02953206089707,39.05065283472461]},"id":"244_00000000000000000000","properties":{"labeler":"mara","marker_state":"completed","notes":"","point_id":1295,"queue_index":46,"source_asset":"point_1295_completed","source_labeler":"mara","source_point_id":1295,"status":"completed","timestamp":"2026-04-12 19:27:11"}},{"type":"Feature","geometry":{"type":"Point","coordinates":[-75.88036053240423,39.06130434276599]},"id":"245_00000000000000000000","properties":{"labeler":"mara","marker_state":"completed","notes":"","point_id":1303,"queue_index":116,"source_asset":"point_1303_completed","source_labeler":"mara","source_point_id":1303,"status":"completed","timestamp":"2026-04-13 01:20:37"}},{"type":"Feature","geometry":{"type":"Point","coordinates":[-75.86010665335634,39.08228230910489]},"id":"246_00000000000000000000","properties":{"labeler":"mara","marker_state":"completed","notes":"","point_id":1316,"queue_index":59,"source_asset":"point_1316_completed","source_labeler":"mara","source_point_id":1316,"status":"completed","timestamp":"2026-04-12 20:09:34"}},{"type":"Feature","geometry":{"type":"Point","coordinates":[-75.67339745227387,38.39709279471912]},"id":"247_00000000000000000000","properties":{"labeler":"mara","marker_state":"completed","notes":"","point_id":132,"queue_index":19,"source_asset":"point_132_completed","source_labeler":"mara","source_point_id":132,"status":"completed","timestamp":"2026-04-12 04:13:31"}},{"type":"Feature","geometry":{"type":"Point","coordinates":[-75.98115174801343,39.1080944502363]},"id":"248_00000000000000000000","properties":{"labeler":"mara","marker_state":"skipped","notes":"can't see truss","point_id":1331,"queue_index":11,"source_asset":"point_1331_skipped","source_labeler":"mara","source_point_id":1331,"status":"skipped","timestamp":"2026-04-12 04:03:05"}},{"type":"Feature","geometry":{"type":"Point","coordinates":[-75.77624020886412,39.14620293682382]},"id":"249_00000000000000000000","properties":{"labeler":"mara","marker_state":"skipped","notes":"no truss","point_id":1348,"queue_index":7,"source_asset":"point_1348_skipped","source_labeler":"mara","source_point_id":1348,"status":"skipped","timestamp":"2026-04-05 22:07:04"}},{"type":"Feature","geometry":{"type":"Point","coordinates":[-75.97134134139492,39.20159510317341]},"id":"250_00000000000000000000","properties":{"labeler":"mara","marker_state":"completed","notes":"linear truss?","point_id":1392,"queue_index":53,"source_asset":"point_1392_completed","source_labeler":"mara","source_point_id":1392,"status":"completed","timestamp":"2026-04-12 19:47:39"}},{"type":"Feature","geometry":{"type":"Point","coordinates":[-75.99851955410756,39.21200609599324]},"id":"251_00000000000000000000","properties":{"labeler":"mara","marker_state":"completed","notes":"","point_id":1404,"queue_index":18,"source_asset":"point_1404_completed","source_labeler":"mara","source_point_id":1404,"status":"completed","timestamp":"2026-04-12 04:11:18"}},{"type":"Feature","geometry":{"type":"Point","coordinates":[-75.97410534279602,39.227388762842786]},"id":"252_00000000000000000000","properties":{"labeler":"mara","marker_state":"skipped","notes":"no truss","point_id":1425,"queue_index":40,"source_asset":"point_1425_skipped","source_labeler":"mara","source_point_id":1425,"status":"skipped","timestamp":"2026-04-12 19:21:49"}},{"type":"Feature","geometry":{"type":"Point","coordinates":[-75.81517609480964,39.23386755614765]},"id":"253_00000000000000000000","properties":{"labeler":"mara","marker_state":"completed","notes":"","point_id":1435,"queue_index":71,"source_asset":"point_1435_completed","source_labeler":"mara","source_point_id":1435,"status":"completed","timestamp":"2026-04-12 20:36:27"}},{"type":"Feature","geometry":{"type":"Point","coordinates":[-75.97943471149699,39.234105857402376]},"id":"254_00000000000000000000","properties":{"labeler":"mara","marker_state":"skipped","notes":"no truss","point_id":1436,"queue_index":109,"source_asset":"point_1436_skipped","source_labeler":"mara","source_point_id":1436,"status":"skipped","timestamp":"2026-04-13 01:15:49"}},{"type":"Feature","geometry":{"type":"Point","coordinates":[-76.1214568121251,39.26568038284445]},"id":"255_00000000000000000000","properties":{"labeler":"mara","marker_state":"completed","notes":"","point_id":1457,"queue_index":91,"source_asset":"point_1457_completed","source_labeler":"mara","source_point_id":1457,"status":"completed","timestamp":"2026-04-12 21:29:46"}},{"type":"Feature","geometry":{"type":"Point","coordinates":[-75.81294752681069,39.29380680259166]},"id":"256_00000000000000000000","properties":{"labeler":"mara","marker_state":"completed","notes":"","point_id":1481,"queue_index":21,"source_asset":"point_1481_completed","source_labeler":"mara","source_point_id":1481,"status":"completed","timestamp":"2026-04-12 04:22:07"}},{"type":"Feature","geometry":{"type":"Point","coordinates":[-76.02384028523088,39.29610727527126]},"id":"257_00000000000000000000","properties":{"labeler":"mara","marker_state":"completed","notes":"","point_id":1484,"queue_index":89,"source_asset":"point_1484_completed","source_labeler":"mara","source_point_id":1484,"status":"completed","timestamp":"2026-04-12 21:28:42"}},{"type":"Feature","geometry":{"type":"Point","coordinates":[-75.81753518023599,39.3269098330298]},"id":"258_00000000000000000000","properties":{"labeler":"mara","marker_state":"skipped","notes":"no truss","point_id":1519,"queue_index":83,"source_asset":"point_1519_skipped","source_labeler":"mara","source_point_id":1519,"status":"skipped","timestamp":"2026-04-12 21:05:19"}},{"type":"Feature","geometry":{"type":"Point","coordinates":[-75.54872703044876,38.41255411179174]},"id":"259_00000000000000000000","properties":{"labeler":"mara","marker_state":"completed","notes":"","point_id":151,"queue_index":97,"source_asset":"point_151_completed","source_labeler":"mara","source_point_id":151,"status":"completed","timestamp":"2026-04-13 00:32:22"}},{"type":"Feature","geometry":{"type":"Point","coordinates":[-75.64586395344801,38.416241421325175]},"id":"260_00000000000000000000","properties":{"labeler":"mara","marker_state":"completed","notes":"","point_id":159,"queue_index":64,"source_asset":"point_159_completed","source_labeler":"mara","source_point_id":159,"status":"completed","timestamp":"2026-04-12 20:12:46"}},{"type":"Feature","geometry":{"type":"Point","coordinates":[-75.78780753863784,38.421676170529786]},"id":"261_00000000000000000000","properties":{"labeler":"mara","marker_state":"skipped","notes":"don't see truss","point_id":171,"queue_index":76,"source_asset":"point_171_skipped","source_labeler":"mara","source_point_id":171,"status":"skipped","timestamp":"2026-04-12 21:01:34"}},{"type":"Feature","geometry":{"type":"Point","coordinates":[-75.7788903079668,38.42300862882785]},"id":"262_00000000000000000000","properties":{"labeler":"mara","marker_state":"skipped","notes":"no truss","point_id":174,"queue_index":62,"source_asset":"point_174_skipped","source_labeler":"mara","source_point_id":174,"status":"skipped","timestamp":"2026-04-12 20:11:16"}},{"type":"Feature","geometry":{"type":"Point","coordinates":[-75.79985908503144,38.42529770771855]},"id":"263_00000000000000000000","properties":{"labeler":"mara","marker_state":"completed","notes":"","point_id":178,"queue_index":111,"source_asset":"point_178_completed","source_labeler":"mara","source_point_id":178,"status":"completed","timestamp":"2026-04-13 01:17:10"}},{"type":"Feature","geometry":{"type":"Point","coordinates":[-75.67064191972159,38.43316852334335]},"id":"264_00000000000000000000","properties":{"labeler":"mara","marker_state":"completed","notes":"","point_id":192,"queue_index":34,"source_asset":"point_192_completed","source_labeler":"mara","source_point_id":192,"status":"completed","timestamp":"2026-04-12 04:35:11"}},{"type":"Feature","geometry":{"type":"Point","coordinates":[-75.64582991819233,38.43843271284711]},"id":"265_00000000000000000000","properties":{"labeler":"mara","marker_state":"completed","notes":"","point_id":205,"queue_index":75,"source_asset":"point_205_completed","source_labeler":"mara","source_point_id":205,"status":"completed","timestamp":"2026-04-12 20:40:00"}},{"type":"Feature","geometry":{"type":"Point","coordinates":[-75.41385046403742,38.44275193060488]},"id":"266_00000000000000000000","properties":{"labeler":"mara","marker_state":"completed","notes":"","point_id":220,"queue_index":103,"source_asset":"point_220_completed","source_labeler":"mara","source_point_id":220,"status":"completed","timestamp":"2026-04-13 00:46:09"}},{"type":"Feature","geometry":{"type":"Point","coordinates":[-75.62203561567213,38.44303447450777]},"id":"267_00000000000000000000","properties":{"labeler":"mara","marker_state":"completed","notes":"","point_id":222,"queue_index":4,"source_asset":"point_222_completed","source_labeler":"mara","source_point_id":222,"status":"completed","timestamp":"2026-04-05 22:00:01"}},{"type":"Feature","geometry":{"type":"Point","coordinates":[-75.79098310467586,38.44521090310125]},"id":"268_00000000000000000000","properties":{"labeler":"mara","marker_state":"skipped","notes":"no truss","point_id":232,"queue_index":25,"source_asset":"point_232_skipped","source_labeler":"mara","source_point_id":232,"status":"skipped","timestamp":"2026-04-12 04:24:42"}},{"type":"Feature","geometry":{"type":"Point","coordinates":[-75.63606754791626,38.44598673397434]},"id":"269_00000000000000000000","properties":{"labeler":"mara","marker_state":"completed","notes":"","point_id":235,"queue_index":12,"source_asset":"point_235_completed","source_labeler":"mara","source_point_id":235,"status":"completed","timestamp":"2026-04-12 04:04:07"}},{"type":"Feature","geometry":{"type":"Point","coordinates":[-75.62210956449412,38.446043972837465]},"id":"270_00000000000000000000","properties":{"labeler":"mara","marker_state":"completed","notes":"","point_id":237,"queue_index":88,"source_asset":"point_237_completed","source_labeler":"mara","source_point_id":237,"status":"completed","timestamp":"2026-04-12 21:28:08"}},{"type":"Feature","geometry":{"type":"Point","coordinates":[-75.69973135302594,38.47137859003356]},"id":"271_00000000000000000000","properties":{"labeler":"mara","marker_state":"completed","notes":"","point_id":269,"queue_index":33,"source_asset":"point_269_completed","source_labeler":"mara","source_point_id":269,"status":"completed","timestamp":"2026-04-12 04:34:29"}},{"type":"Feature","geometry":{"type":"Point","coordinates":[-75.90989180815703,38.48039002797042]},"id":"272_00000000000000000000","properties":{"labeler":"mara","marker_state":"completed","notes":"","point_id":276,"queue_index":86,"source_asset":"point_276_completed","source_labeler":"mara","source_point_id":276,"status":"completed","timestamp":"2026-04-12 21:26:04"}},{"type":"Feature","geometry":{"type":"Point","coordinates":[-75.90178657251539,38.48455558981455]},"id":"273_00000000000000000000","properties":{"labeler":"mara","marker_state":"completed","notes":"","point_id":281,"queue_index":92,"source_asset":"point_281_completed","source_labeler":"mara","source_point_id":281,"status":"completed","timestamp":"2026-04-12 21:30:55"}},{"type":"Feature","geometry":{"type":"Point","coordinates":[-75.44536075474142,38.05020918218475]},"id":"274_00000000000000000000","properties":{"labeler":"mara","marker_state":"completed","notes":"","point_id":28,"queue_index":102,"source_asset":"point_28_completed","source_labeler":"mara","source_point_id":28,"status":"completed","timestamp":"2026-04-13 00:45:28"}},{"type":"Feature","geometry":{"type":"Point","coordinates":[-75.91546466382798,38.500860572847856]},"id":"275_00000000000000000000","properties":{"labeler":"mara","marker_state":"completed","notes":"","point_id":292,"queue_index":22,"source_asset":"point_292_completed","source_labeler":"mara","source_point_id":292,"status":"completed","timestamp":"2026-04-12 04:23:25"}},{"type":"Feature","geometry":{"type":"Point","coordinates":[-75.44049823193015,38.05378896086963]},"id":"276_00000000000000000000","properties":{"labeler":"mara","marker_state":"completed","notes":"","point_id":29,"queue_index":5,"source_asset":"point_29_completed","source_labeler":"mara","source_point_id":29,"status":"completed","timestamp":"2026-04-05 22:05:07"}},{"type":"Feature","geometry":{"type":"Point","coordinates":[-75.89822843162537,38.513721445154516]},"id":"277_00000000000000000000","properties":{"labeler":"mara","marker_state":"completed","notes":"","point_id":306,"queue_index":26,"source_asset":"point_306_completed","source_labeler":"mara","source_point_id":306,"status":"completed","timestamp":"2026-04-12 04:25:44"}},{"type":"Feature","geometry":{"type":"Point","coordinates":[-75.82287907381877,38.519222683682756]},"id":"278_00000000000000000000","properties":{"labeler":"mara","marker_state":"completed","notes":"","point_id":315,"queue_index":106,"source_asset":"point_315_completed","source_labeler":"mara","source_point_id":315,"status":"completed","timestamp":"2026-04-13 00:49:29"}},{"type":"Feature","geometry":{"type":"Point","coordinates":[-75.8329595230692,38.52058331375626]},"id":"279_00000000000000000000","properties":{"labeler":"mara","marker_state":"completed","notes":"","point_id":318,"queue_index":29,"source_asset":"point_318_completed","source_labeler":"mara","source_point_id":318,"status":"completed","timestamp":"2026-04-12 04:29:44"}},{"type":"Feature","geometry":{"type":"Point","coordinates":[-75.40598865880484,38.06121883518971]},"id":"280_00000000000000000000","properties":{"labeler":"mara","marker_state":"completed","notes":"","point_id":32,"queue_index":105,"source_asset":"point_32_completed","source_labeler":"mara","source_point_id":32,"status":"completed","timestamp":"2026-04-13 00:48:07"}},{"type":"Feature","geometry":{"type":"Point","coordinates":[-75.88775305164936,38.52867964293523]},"id":"281_00000000000000000000","properties":{"labeler":"mara","marker_state":"completed","notes":"","point_id":341,"queue_index":108,"source_asset":"point_341_completed","source_labeler":"mara","source_point_id":341,"status":"completed","timestamp":"2026-04-13 00:53:18"}},{"type":"Feature","geometry":{"type":"Point","coordinates":[-75.81276991873051,38.57188170780972]},"id":"282_00000000000000000000","properties":{"labeler":"mara","marker_state":"completed","notes":"weird lines in this field","point_id":406,"queue_index":10,"source_asset":"point_406_completed","source_labeler":"mara","source_point_id":406,"status":"completed","timestamp":"2026-04-05 22:11:40"}},{"type":"Feature","geometry":{"type":"Point","coordinates":[-75.88091305579412,38.572321862870034]},"id":"283_00000000000000000000","properties":{"labeler":"mara","marker_state":"completed","notes":"","point_id":409,"queue_index":37,"source_asset":"point_409_completed","source_labeler":"mara","source_point_id":409,"status":"completed","timestamp":"2026-04-12 04:37:37"}},{"type":"Feature","geometry":{"type":"Point","coordinates":[-75.39485388078428,38.159164499608856]},"id":"284_00000000000000000000","properties":{"labeler":"mara","marker_state":"completed","notes":"linear trusses","point_id":40,"queue_index":65,"source_asset":"point_40_completed","source_labeler":"mara","source_point_id":40,"status":"completed","timestamp":"2026-04-12 20:13:52"}},{"type":"Feature","geometry":{"type":"Point","coordinates":[-75.76880056711187,38.576087503854474]},"id":"285_00000000000000000000","properties":{"labeler":"mara","marker_state":"completed","notes":"","point_id":418,"queue_index":28,"source_asset":"point_418_completed","source_labeler":"mara","source_point_id":418,"status":"completed","timestamp":"2026-04-12 04:27:27"}},{"type":"Feature","geometry":{"type":"Point","coordinates":[-75.74585754285918,38.57843457550052]},"id":"286_00000000000000000000","properties":{"labeler":"mara","marker_state":"completed","notes":"","point_id":430,"queue_index":32,"source_asset":"point_430_completed","source_labeler":"mara","source_point_id":430,"status":"completed","timestamp":"2026-04-12 04:33:05"}},{"type":"Feature","geometry":{"type":"Point","coordinates":[-75.74254636784127,38.58226791131873]},"id":"287_00000000000000000000","properties":{"labeler":"mara","marker_state":"completed","notes":"","point_id":443,"queue_index":63,"source_asset":"point_443_completed","source_labeler":"mara","source_point_id":443,"status":"completed","timestamp":"2026-04-12 20:11:35"}},{"type":"Feature","geometry":{"type":"Point","coordinates":[-75.73691142034293,38.58253319071535]},"id":"288_00000000000000000000","properties":{"labeler":"mara","marker_state":"completed","notes":"","point_id":445,"queue_index":73,"source_asset":"point_445_completed","source_labeler":"mara","source_point_id":445,"status":"completed","timestamp":"2026-04-12 20:37:24"}},{"type":"Feature","geometry":{"type":"Point","coordinates":[-75.77787495907178,38.58480699509937]},"id":"289_00000000000000000000","properties":{"labeler":"mara","marker_state":"completed","notes":"","point_id":451,"queue_index":23,"source_asset":"point_451_completed","source_labeler":"mara","source_point_id":451,"status":"completed","timestamp":"2026-04-12 04:23:45"}},{"type":"Feature","geometry":{"type":"Point","coordinates":[-75.95480943701914,38.587997297067815]},"id":"290_00000000000000000000","properties":{"labeler":"mara","marker_state":"skipped","notes":"unsure if truss","point_id":467,"queue_index":60,"source_asset":"point_467_skipped","source_labeler":"mara","source_point_id":467,"status":"skipped","timestamp":"2026-04-12 20:10:09"}},{"type":"Feature","geometry":{"type":"Point","coordinates":[-75.88552408334205,38.58887122554701]},"id":"291_00000000000000000000","properties":{"labeler":"mara","marker_state":"completed","notes":"","point_id":469,"queue_index":61,"source_asset":"point_469_completed","source_labeler":"mara","source_point_id":469,"status":"completed","timestamp":"2026-04-12 20:10:42"}},{"type":"Feature","geometry":{"type":"Point","coordinates":[-75.72056120333079,38.59134580664496]},"id":"292_00000000000000000000","properties":{"labeler":"mara","marker_state":"completed","notes":"","point_id":478,"queue_index":15,"source_asset":"point_478_completed","source_labeler":"mara","source_point_id":478,"status":"completed","timestamp":"2026-04-12 04:07:41"}},{"type":"Feature","geometry":{"type":"Point","coordinates":[-75.8280217089734,38.59921337339914]},"id":"293_00000000000000000000","properties":{"labeler":"mara","marker_state":"skipped","notes":"don't see a truss","point_id":505,"queue_index":36,"source_asset":"point_505_skipped","source_labeler":"mara","source_point_id":505,"status":"skipped","timestamp":"2026-04-12 04:36:38"}},{"type":"Feature","geometry":{"type":"Point","coordinates":[-75.25527680801106,38.23250284664627]},"id":"294_00000000000000000000","properties":{"labeler":"mara","marker_state":"completed","notes":"","point_id":50,"queue_index":48,"source_asset":"point_50_completed","source_labeler":"mara","source_point_id":50,"status":"completed","timestamp":"2026-04-12 19:44:03"}},{"type":"Feature","geometry":{"type":"Point","coordinates":[-75.77938696446137,38.6014504393391]},"id":"295_00000000000000000000","properties":{"labeler":"mara","marker_state":"completed","notes":"","point_id":513,"queue_index":84,"source_asset":"point_513_completed","source_labeler":"mara","source_point_id":513,"status":"completed","timestamp":"2026-04-12 21:05:43"}},{"type":"Feature","geometry":{"type":"Point","coordinates":[-75.7465539070755,38.60188312639354]},"id":"296_00000000000000000000","properties":{"labeler":"mara","marker_state":"completed","notes":"","point_id":514,"queue_index":14,"source_asset":"point_514_completed","source_labeler":"mara","source_point_id":514,"status":"completed","timestamp":"2026-04-12 04:06:55"}},{"type":"Feature","geometry":{"type":"Point","coordinates":[-75.71727574241523,38.603737517950414]},"id":"297_00000000000000000000","properties":{"labeler":"mara","marker_state":"completed","notes":"","point_id":517,"queue_index":79,"source_asset":"point_517_completed","source_labeler":"mara","source_point_id":517,"status":"completed","timestamp":"2026-04-12 21:03:11"}},{"type":"Feature","geometry":{"type":"Point","coordinates":[-75.70583833575529,38.607872172493174]},"id":"298_00000000000000000000","properties":{"labeler":"mara","marker_state":"skipped","notes":"no truss","point_id":529,"queue_index":43,"source_asset":"point_529_skipped","source_labeler":"mara","source_point_id":529,"status":"skipped","timestamp":"2026-04-12 19:23:25"}},{"type":"Feature","geometry":{"type":"Point","coordinates":[-75.8766616112647,38.61423785827173]},"id":"299_00000000000000000000","properties":{"labeler":"mara","marker_state":"completed","notes":"","point_id":552,"queue_index":93,"source_asset":"point_552_completed","source_labeler":"mara","source_point_id":552,"status":"completed","timestamp":"2026-04-12 21:31:21"}},{"type":"Feature","geometry":{"type":"Point","coordinates":[-75.75520811362202,38.61707512436764]},"id":"300_00000000000000000000","properties":{"labeler":"mara","marker_state":"completed","notes":"","point_id":562,"queue_index":0,"source_asset":"point_562_completed","source_labeler":"mara","source_point_id":562,"status":"completed","timestamp":"2026-04-05 21:44:20"}},{"type":"Feature","geometry":{"type":"Point","coordinates":[-75.77795487274223,38.61729258428696]},"id":"301_00000000000000000000","properties":{"labeler":"mara","marker_state":"completed","notes":"","point_id":564,"queue_index":94,"source_asset":"point_564_completed","source_labeler":"mara","source_point_id":564,"status":"completed","timestamp":"2026-04-12 21:32:14"}},{"type":"Feature","geometry":{"type":"Point","coordinates":[-75.9082067826161,38.61851599444571]},"id":"302_00000000000000000000","properties":{"labeler":"mara","marker_state":"completed","notes":"","point_id":567,"queue_index":110,"source_asset":"point_567_completed","source_labeler":"mara","source_point_id":567,"status":"completed","timestamp":"2026-04-13 01:16:41"}},{"type":"Feature","geometry":{"type":"Point","coordinates":[-75.8476038643959,38.628519494480166]},"id":"303_00000000000000000000","properties":{"labeler":"mara","marker_state":"completed","notes":"","point_id":588,"queue_index":99,"source_asset":"point_588_completed","source_labeler":"mara","source_point_id":588,"status":"completed","timestamp":"2026-04-13 00:33:31"}},{"type":"Feature","geometry":{"type":"Point","coordinates":[-75.90893291093602,38.631043061116486]},"id":"304_00000000000000000000","properties":{"labeler":"mara","marker_state":"completed","notes":"","point_id":598,"queue_index":1,"source_asset":"point_598_completed","source_labeler":"mara","source_point_id":598,"status":"completed","timestamp":"2026-04-05 21:47:57"}},{"type":"Feature","geometry":{"type":"Point","coordinates":[-75.71820701628707,38.63378868913716]},"id":"305_00000000000000000000","properties":{"labeler":"mara","marker_state":"completed","notes":"","point_id":602,"queue_index":101,"source_asset":"point_602_completed","source_labeler":"mara","source_point_id":602,"status":"completed","timestamp":"2026-04-13 00:44:30"}},{"type":"Feature","geometry":{"type":"Point","coordinates":[-75.729966999439,38.6359344611398]},"id":"306_00000000000000000000","properties":{"labeler":"mara","marker_state":"completed","notes":"","point_id":606,"queue_index":82,"source_asset":"point_606_completed","source_labeler":"mara","source_point_id":606,"status":"completed","timestamp":"2026-04-12 21:04:38"}},{"type":"Feature","geometry":{"type":"Point","coordinates":[-75.81748633332224,38.63831373961593]},"id":"307_00000000000000000000","properties":{"labeler":"mara","marker_state":"completed","notes":"","point_id":613,"queue_index":52,"source_asset":"point_613_completed","source_labeler":"mara","source_point_id":613,"status":"completed","timestamp":"2026-04-12 19:46:37"}},{"type":"Feature","geometry":{"type":"Point","coordinates":[-75.75851055291636,38.639523452315544]},"id":"308_00000000000000000000","properties":{"labeler":"mara","marker_state":"completed","notes":"","point_id":617,"queue_index":20,"source_asset":"point_617_completed","source_labeler":"mara","source_point_id":617,"status":"completed","timestamp":"2026-04-12 04:14:37"}},{"type":"Feature","geometry":{"type":"Point","coordinates":[-75.76562062593304,38.63964470774711]},"id":"309_00000000000000000000","properties":{"labeler":"mara","marker_state":"completed","notes":"","point_id":618,"queue_index":100,"source_asset":"point_618_completed","source_labeler":"mara","source_point_id":618,"status":"completed","timestamp":"2026-04-13 00:43:09"}},{"type":"Feature","geometry":{"type":"Point","coordinates":[-75.89943092029185,38.640625851807556]},"id":"310_00000000000000000000","properties":{"labeler":"mara","marker_state":"completed","notes":"","point_id":622,"queue_index":6,"source_asset":"point_622_completed","source_labeler":"mara","source_point_id":622,"status":"completed","timestamp":"2026-04-05 22:06:27"}},{"type":"Feature","geometry":{"type":"Point","coordinates":[-75.88582660465353,38.642187552531176]},"id":"311_00000000000000000000","properties":{"labeler":"mara","marker_state":"completed","notes":"","point_id":627,"queue_index":44,"source_asset":"point_627_completed","source_labeler":"mara","source_point_id":627,"status":"completed","timestamp":"2026-04-12 19:24:10"}},{"type":"Feature","geometry":{"type":"Point","coordinates":[-75.75605575461283,38.6504060591522]},"id":"312_00000000000000000000","properties":{"labeler":"mara","marker_state":"skipped","notes":"unsure if truss","point_id":657,"queue_index":74,"source_asset":"point_657_skipped","source_labeler":"mara","source_point_id":657,"status":"skipped","timestamp":"2026-04-12 20:38:31"}},{"type":"Feature","geometry":{"type":"Point","coordinates":[-75.90430935014436,38.66234167376678]},"id":"313_00000000000000000000","properties":{"labeler":"mara","marker_state":"completed","notes":"","point_id":691,"queue_index":2,"source_asset":"point_691_completed","source_labeler":"mara","source_point_id":691,"status":"completed","timestamp":"2026-04-05 21:49:57"}},{"type":"Feature","geometry":{"type":"Point","coordinates":[-75.83099480785242,38.66425120741442]},"id":"314_00000000000000000000","properties":{"labeler":"mara","marker_state":"completed","notes":"","point_id":695,"queue_index":115,"source_asset":"point_695_completed","source_labeler":"mara","source_point_id":695,"status":"completed","timestamp":"2026-04-13 01:19:56"}},{"type":"Feature","geometry":{"type":"Point","coordinates":[-75.84319872278465,38.66571777687281]},"id":"315_00000000000000000000","properties":{"labeler":"mara","marker_state":"completed","notes":"","point_id":697,"queue_index":30,"source_asset":"point_697_completed","source_labeler":"mara","source_point_id":697,"status":"completed","timestamp":"2026-04-12 04:30:10"}},{"type":"Feature","geometry":{"type":"Point","coordinates":[-75.88376709897067,38.66582808364362]},"id":"316_00000000000000000000","properties":{"labeler":"mara","marker_state":"completed","notes":"","point_id":698,"queue_index":3,"source_asset":"point_698_completed","source_labeler":"mara","source_point_id":698,"status":"completed","timestamp":"2026-04-05 21:52:25"}},{"type":"Feature","geometry":{"type":"Point","coordinates":[-75.71816986269356,38.67078950371731]},"id":"317_00000000000000000000","properties":{"labeler":"mara","marker_state":"completed","notes":"","point_id":704,"queue_index":87,"source_asset":"point_704_completed","source_labeler":"mara","source_point_id":704,"status":"completed","timestamp":"2026-04-12 21:26:50"}},{"type":"Feature","geometry":{"type":"Point","coordinates":[-75.84507119336565,38.67206486059714]},"id":"318_00000000000000000000","properties":{"labeler":"mara","marker_state":"completed","notes":"","point_id":708,"queue_index":38,"source_asset":"point_708_completed","source_labeler":"mara","source_point_id":708,"status":"completed","timestamp":"2026-04-12 19:20:42"}},{"type":"Feature","geometry":{"type":"Point","coordinates":[-75.74684490071803,38.67485976185737]},"id":"319_00000000000000000000","properties":{"labeler":"mara","marker_state":"completed","notes":"","point_id":712,"queue_index":77,"source_asset":"point_712_completed","source_labeler":"mara","source_point_id":712,"status":"completed","timestamp":"2026-04-12 21:02:06"}},{"type":"Feature","geometry":{"type":"Point","coordinates":[-75.86553823981755,38.675235859114125]},"id":"320_00000000000000000000","properties":{"labeler":"mara","marker_state":"completed","notes":"","point_id":713,"queue_index":66,"source_asset":"point_713_completed","source_labeler":"mara","source_point_id":713,"status":"completed","timestamp":"2026-04-12 20:33:47"}},{"type":"Feature","geometry":{"type":"Point","coordinates":[-75.9824140877764,38.67656394775147]},"id":"321_00000000000000000000","properties":{"labeler":"mara","marker_state":"skipped","notes":"no truss","point_id":716,"queue_index":114,"source_asset":"point_716_skipped","source_labeler":"mara","source_point_id":716,"status":"skipped","timestamp":"2026-04-13 01:19:20"}},{"type":"Feature","geometry":{"type":"Point","coordinates":[-75.86666278276695,38.67844318891332]},"id":"322_00000000000000000000","properties":{"labeler":"mara","marker_state":"completed","notes":"","point_id":722,"queue_index":16,"source_asset":"point_722_completed","source_labeler":"mara","source_point_id":722,"status":"completed","timestamp":"2026-04-12 04:09:02"}},{"type":"Feature","geometry":{"type":"Point","coordinates":[-75.88357144226002,38.684951773982114]},"id":"323_00000000000000000000","properties":{"labeler":"mara","marker_state":"completed","notes":"","point_id":739,"queue_index":57,"source_asset":"point_739_completed","source_labeler":"mara","source_point_id":739,"status":"completed","timestamp":"2026-04-12 19:50:19"}},{"type":"Feature","geometry":{"type":"Point","coordinates":[-75.87727264639524,38.69811520495325]},"id":"324_00000000000000000000","properties":{"labeler":"mara","marker_state":"completed","notes":"","point_id":756,"queue_index":35,"source_asset":"point_756_completed","source_labeler":"mara","source_point_id":756,"status":"completed","timestamp":"2026-04-12 04:36:04"}},{"type":"Feature","geometry":{"type":"Point","coordinates":[-75.81597077513409,38.705559865659225]},"id":"325_00000000000000000000","properties":{"labeler":"mara","marker_state":"completed","notes":"","point_id":769,"queue_index":69,"source_asset":"point_769_completed","source_labeler":"mara","source_point_id":769,"status":"completed","timestamp":"2026-04-12 20:35:30"}},{"type":"Feature","geometry":{"type":"Point","coordinates":[-75.8095598582793,38.70562266062206]},"id":"326_00000000000000000000","properties":{"labeler":"mara","marker_state":"completed","notes":"","point_id":770,"queue_index":13,"source_asset":"point_770_completed","source_labeler":"mara","source_point_id":770,"status":"completed","timestamp":"2026-04-12 04:06:09"}},{"type":"Feature","geometry":{"type":"Point","coordinates":[-75.96447860131728,38.7063043675076]},"id":"327_00000000000000000000","properties":{"labeler":"mara","marker_state":"completed","notes":"","point_id":775,"queue_index":96,"source_asset":"point_775_completed","source_labeler":"mara","source_point_id":775,"status":"completed","timestamp":"2026-04-13 00:31:58"}},{"type":"Feature","geometry":{"type":"Point","coordinates":[-75.91000289436587,38.71706255075358]},"id":"328_00000000000000000000","properties":{"labeler":"mara","marker_state":"completed","notes":"","point_id":796,"queue_index":17,"source_asset":"point_796_completed","source_labeler":"mara","source_point_id":796,"status":"completed","timestamp":"2026-04-12 04:09:42"}},{"type":"Feature","geometry":{"type":"Point","coordinates":[-75.91874959038628,38.739482900764465]},"id":"329_00000000000000000000","properties":{"labeler":"mara","marker_state":"completed","notes":"","point_id":852,"queue_index":39,"source_asset":"point_852_completed","source_labeler":"mara","source_point_id":852,"status":"completed","timestamp":"2026-04-12 19:21:33"}},{"type":"Feature","geometry":{"type":"Point","coordinates":[-75.87509140250428,38.74316277528917]},"id":"330_00000000000000000000","properties":{"labeler":"mara","marker_state":"completed","notes":"","point_id":859,"queue_index":107,"source_asset":"point_859_completed","source_labeler":"mara","source_point_id":859,"status":"completed","timestamp":"2026-04-13 00:51:03"}},{"type":"Feature","geometry":{"type":"Point","coordinates":[-75.53780308308565,38.34252947996422]},"id":"331_00000000000000000000","properties":{"labeler":"mara","marker_state":"skipped","notes":"no truss","point_id":85,"queue_index":72,"source_asset":"point_85_skipped","source_labeler":"mara","source_point_id":85,"status":"skipped","timestamp":"2026-04-12 20:36:56"}},{"type":"Feature","geometry":{"type":"Point","coordinates":[-75.91395763226454,38.74547856676376]},"id":"332_00000000000000000000","properties":{"labeler":"mara","marker_state":"skipped","notes":"no truss","point_id":864,"queue_index":47,"source_asset":"point_864_skipped","source_labeler":"mara","source_point_id":864,"status":"skipped","timestamp":"2026-04-12 19:27:32"}},{"type":"Feature","geometry":{"type":"Point","coordinates":[-75.93028266499601,38.7708328404537]},"id":"333_00000000000000000000","properties":{"labeler":"mara","marker_state":"completed","notes":"","point_id":912,"queue_index":58,"source_asset":"point_912_completed","source_labeler":"mara","source_point_id":912,"status":"completed","timestamp":"2026-04-12 20:08:50"}},{"type":"Feature","geometry":{"type":"Point","coordinates":[-75.73952981801159,38.77637424557558]},"id":"334_00000000000000000000","properties":{"labeler":"mara","marker_state":"skipped","notes":"no truss","point_id":927,"queue_index":90,"source_asset":"point_927_skipped","source_labeler":"mara","source_point_id":927,"status":"skipped","timestamp":"2026-04-12 21:29:04"}},{"type":"Feature","geometry":{"type":"Point","coordinates":[-75.73832062114717,38.78121627386927]},"id":"335_00000000000000000000","properties":{"labeler":"mara","marker_state":"completed","notes":"","point_id":934,"queue_index":54,"source_asset":"point_934_completed","source_labeler":"mara","source_point_id":934,"status":"completed","timestamp":"2026-04-12 19:48:14"}},{"type":"Feature","geometry":{"type":"Point","coordinates":[-75.82079214811563,38.78774238395222]},"id":"336_00000000000000000000","properties":{"labeler":"mara","marker_state":"completed","notes":"","point_id":949,"queue_index":68,"source_asset":"point_949_completed","source_labeler":"mara","source_point_id":949,"status":"completed","timestamp":"2026-04-12 20:34:54"}},{"type":"Feature","geometry":{"type":"Point","coordinates":[-75.7340634732695,38.78924557731383]},"id":"337_00000000000000000000","properties":{"labeler":"mara","marker_state":"completed","notes":"","point_id":952,"queue_index":56,"source_asset":"point_952_completed","source_labeler":"mara","source_point_id":952,"status":"completed","timestamp":"2026-04-12 19:49:42"}},{"type":"Feature","geometry":{"type":"Point","coordinates":[-75.90748339128821,38.79276783988936]},"id":"338_00000000000000000000","properties":{"labeler":"mara","marker_state":"completed","notes":"","point_id":956,"queue_index":8,"source_asset":"point_956_completed","source_labeler":"mara","source_point_id":956,"status":"completed","timestamp":"2026-04-05 22:08:17"}},{"type":"Feature","geometry":{"type":"Point","coordinates":[-75.96482684120343,38.80669827351673]},"id":"339_00000000000000000000","properties":{"labeler":"mara","marker_state":"skipped","notes":"no truss","point_id":973,"queue_index":9,"source_asset":"point_973_skipped","source_labeler":"mara","source_point_id":973,"status":"skipped","timestamp":"2026-04-05 22:09:30"}},{"type":"Feature","geometry":{"type":"Point","coordinates":[-75.98109797925092,38.85187281184199]},"id":"340_00000000000000000000","properties":{"labeler":"mike","marker_state":"skipped","notes":"couldn't find truss","point_id":1003,"queue_index":13,"source_asset":"point_1003_skipped","source_labeler":"mike","source_point_id":1003,"status":"skipped","timestamp":"2026-04-06 04:47:13"}},{"type":"Feature","geometry":{"type":"Point","coordinates":[-75.85826344194021,38.86741455924717]},"id":"341_00000000000000000000","properties":{"labeler":"mike","marker_state":"completed","notes":"","point_id":1020,"queue_index":89,"source_asset":"point_1020_completed","source_labeler":"mike","source_point_id":1020,"status":"completed","timestamp":"2026-04-06 18:41:00"}},{"type":"Feature","geometry":{"type":"Point","coordinates":[-75.8983494686893,38.87376494763745]},"id":"342_00000000000000000000","properties":{"labeler":"mike","marker_state":"completed","notes":"","point_id":1030,"queue_index":61,"source_asset":"point_1030_completed","source_labeler":"mike","source_point_id":1030,"status":"completed","timestamp":"2026-04-06 05:55:00"}},{"type":"Feature","geometry":{"type":"Point","coordinates":[-75.89736303226542,38.878067199141]},"id":"343_00000000000000000000","properties":{"labeler":"mike","marker_state":"completed","notes":"","point_id":1037,"queue_index":82,"source_asset":"point_1037_completed","source_labeler":"mike","source_point_id":1037,"status":"completed","timestamp":"2026-04-06 18:30:50"}},{"type":"Feature","geometry":{"type":"Point","coordinates":[-75.98404147892818,38.878412828134444]},"id":"344_00000000000000000000","properties":{"labeler":"mike","marker_state":"completed","notes":"","point_id":1038,"queue_index":31,"source_asset":"point_1038_completed","source_labeler":"mike","source_point_id":1038,"status":"completed","timestamp":"2026-04-06 05:17:36"}},{"type":"Feature","geometry":{"type":"Point","coordinates":[-75.9275234050922,38.89745189595597]},"id":"345_00000000000000000000","properties":{"labeler":"mike","marker_state":"completed","notes":"","point_id":1052,"queue_index":43,"source_asset":"point_1052_completed","source_labeler":"mike","source_point_id":1052,"status":"completed","timestamp":"2026-04-06 05:33:57"}},{"type":"Feature","geometry":{"type":"Point","coordinates":[-75.93658845256431,38.89787682422086]},"id":"346_00000000000000000000","properties":{"labeler":"mike","marker_state":"completed","notes":"","point_id":1054,"queue_index":47,"source_asset":"point_1054_completed","source_labeler":"mike","source_point_id":1054,"status":"completed","timestamp":"2026-04-06 05:38:24"}},{"type":"Feature","geometry":{"type":"Point","coordinates":[-75.33488986998573,38.374443753328]},"id":"347_00000000000000000000","properties":{"labeler":"mike","marker_state":"completed","notes":"","point_id":107,"queue_index":60,"source_asset":"point_107_completed","source_labeler":"mike","source_point_id":107,"status":"completed","timestamp":"2026-04-06 05:54:04"}},{"type":"Feature","geometry":{"type":"Point","coordinates":[-75.83782358370199,38.92286738498531]},"id":"348_00000000000000000000","properties":{"labeler":"mike","marker_state":"completed","notes":"","point_id":1097,"queue_index":90,"source_asset":"point_1097_completed","source_labeler":"mike","source_point_id":1097,"status":"completed","timestamp":"2026-04-06 18:47:47"}},{"type":"Feature","geometry":{"type":"Point","coordinates":[-76.04505784273185,38.92442630138677]},"id":"349_00000000000000000000","properties":{"labeler":"mike","marker_state":"completed","notes":"","point_id":1100,"queue_index":54,"source_asset":"point_1100_completed","source_labeler":"mike","source_point_id":1100,"status":"completed","timestamp":"2026-04-06 05:46:56"}},{"type":"Feature","geometry":{"type":"Point","coordinates":[-75.74512377565478,38.925105085495794]},"id":"350_00000000000000000000","properties":{"labeler":"mike","marker_state":"completed","notes":"","point_id":1103,"queue_index":65,"source_asset":"point_1103_completed","source_labeler":"mike","source_point_id":1103,"status":"completed","timestamp":"2026-04-06 05:59:32"}},{"type":"Feature","geometry":{"type":"Point","coordinates":[-75.93647639473569,38.93553544425608]},"id":"351_00000000000000000000","properties":{"labeler":"mike","marker_state":"completed","notes":"","point_id":1121,"queue_index":7,"source_asset":"point_1121_completed","source_labeler":"mike","source_point_id":1121,"status":"completed","timestamp":"2026-04-06 04:36:10"}},{"type":"Feature","geometry":{"type":"Point","coordinates":[-75.78360098341992,38.93559159140613]},"id":"352_00000000000000000000","properties":{"labeler":"mike","marker_state":"completed","notes":"","point_id":1122,"queue_index":85,"source_asset":"point_1122_completed","source_labeler":"mike","source_point_id":1122,"status":"completed","timestamp":"2026-04-06 18:34:28"}},{"type":"Feature","geometry":{"type":"Point","coordinates":[-75.74753464502504,38.94015145320493]},"id":"353_00000000000000000000","properties":{"labeler":"mike","marker_state":"completed","notes":"","point_id":1129,"queue_index":56,"source_asset":"point_1129_completed","source_labeler":"mike","source_point_id":1129,"status":"completed","timestamp":"2026-04-06 05:49:05"}},{"type":"Feature","geometry":{"type":"Point","coordinates":[-75.75900681236247,38.94019696280863]},"id":"354_00000000000000000000","properties":{"labeler":"mike","marker_state":"completed","notes":"","point_id":1130,"queue_index":35,"source_asset":"point_1130_completed","source_labeler":"mike","source_point_id":1130,"status":"completed","timestamp":"2026-04-06 05:23:02"}},{"type":"Feature","geometry":{"type":"Point","coordinates":[-75.74090646268648,38.944976530198794]},"id":"355_00000000000000000000","properties":{"labeler":"mike","marker_state":"completed","notes":"","point_id":1136,"queue_index":88,"source_asset":"point_1136_completed","source_labeler":"mike","source_point_id":1136,"status":"completed","timestamp":"2026-04-06 18:38:14"}},{"type":"Feature","geometry":{"type":"Point","coordinates":[-76.07238812747877,38.95497600810462]},"id":"356_00000000000000000000","properties":{"labeler":"mike","marker_state":"completed","notes":"","point_id":1146,"queue_index":48,"source_asset":"point_1146_completed","source_labeler":"mike","source_point_id":1146,"status":"completed","timestamp":"2026-04-06 05:39:05"}},{"type":"Feature","geometry":{"type":"Point","coordinates":[-75.89945532054739,38.95823561993842]},"id":"357_00000000000000000000","properties":{"labeler":"mike","marker_state":"completed","notes":"","point_id":1149,"queue_index":21,"source_asset":"point_1149_completed","source_labeler":"mike","source_point_id":1149,"status":"completed","timestamp":"2026-04-06 05:00:25"}},{"type":"Feature","geometry":{"type":"Point","coordinates":[-75.76038380998465,38.969488069456176]},"id":"358_00000000000000000000","properties":{"labeler":"mike","marker_state":"skipped","notes":"no truss","point_id":1161,"queue_index":49,"source_asset":"point_1161_skipped","source_labeler":"mike","source_point_id":1161,"status":"skipped","timestamp":"2026-04-06 05:39:58"}},{"type":"Feature","geometry":{"type":"Point","coordinates":[-75.76112359035619,38.97219501236058]},"id":"359_00000000000000000000","properties":{"labeler":"mike","marker_state":"skipped","notes":"no truss","point_id":1166,"queue_index":59,"source_asset":"point_1166_skipped","source_labeler":"mike","source_point_id":1166,"status":"skipped","timestamp":"2026-04-06 05:53:27"}},{"type":"Feature","geometry":{"type":"Point","coordinates":[-75.96603515375612,38.972762013694776]},"id":"360_00000000000000000000","properties":{"labeler":"mike","marker_state":"completed","notes":"","point_id":1167,"queue_index":24,"source_asset":"point_1167_completed","source_labeler":"mike","source_point_id":1167,"status":"completed","timestamp":"2026-04-06 05:05:57"}},{"type":"Feature","geometry":{"type":"Point","coordinates":[-75.94501991839817,38.973208443667176]},"id":"361_00000000000000000000","properties":{"labeler":"mike","marker_state":"skipped","notes":"no truss","point_id":1168,"queue_index":18,"source_asset":"point_1168_skipped","source_labeler":"mike","source_point_id":1168,"status":"skipped","timestamp":"2026-04-06 04:55:44"}},{"type":"Feature","geometry":{"type":"Point","coordinates":[-75.85712873922702,38.98783933968297]},"id":"362_00000000000000000000","properties":{"labeler":"mike","marker_state":"completed","notes":"","point_id":1192,"queue_index":96,"source_asset":"point_1192_completed","source_labeler":"mike","source_point_id":1192,"status":"completed","timestamp":"2026-04-06 18:55:34"}},{"type":"Feature","geometry":{"type":"Point","coordinates":[-75.83979231654621,38.9988634032695]},"id":"363_00000000000000000000","properties":{"labeler":"mike","marker_state":"completed","notes":"","point_id":1213,"queue_index":5,"source_asset":"point_1213_completed","source_labeler":"mike","source_point_id":1213,"status":"completed","timestamp":"2026-04-06 04:32:57"}},{"type":"Feature","geometry":{"type":"Point","coordinates":[-75.66857303585361,38.38795937739434]},"id":"364_00000000000000000000","properties":{"labeler":"mike","marker_state":"skipped","notes":"no truss","point_id":121,"queue_index":34,"source_asset":"point_121_skipped","source_labeler":"mike","source_point_id":121,"status":"skipped","timestamp":"2026-04-06 05:22:00"}},{"type":"Feature","geometry":{"type":"Point","coordinates":[-75.68852821399302,38.38799727261958]},"id":"365_00000000000000000000","properties":{"labeler":"mike","marker_state":"completed","notes":"","point_id":122,"queue_index":86,"source_asset":"point_122_completed","source_labeler":"mike","source_point_id":122,"status":"completed","timestamp":"2026-04-06 18:35:57"}},{"type":"Feature","geometry":{"type":"Point","coordinates":[-75.92700590582683,39.00797041545293]},"id":"366_00000000000000000000","properties":{"labeler":"mike","marker_state":"completed","notes":"","point_id":1232,"queue_index":10,"source_asset":"point_1232_completed","source_labeler":"mike","source_point_id":1232,"status":"completed","timestamp":"2026-04-06 04:40:48"}},{"type":"Feature","geometry":{"type":"Point","coordinates":[-75.7947681670747,39.03866054937963]},"id":"367_00000000000000000000","properties":{"labeler":"mike","marker_state":"skipped","notes":"no truss","point_id":1273,"queue_index":39,"source_asset":"point_1273_skipped","source_labeler":"mike","source_point_id":1273,"status":"skipped","timestamp":"2026-04-06 05:26:44"}},{"type":"Feature","geometry":{"type":"Point","coordinates":[-75.99575339652118,39.03978118896521]},"id":"368_00000000000000000000","properties":{"labeler":"mike","marker_state":"completed","notes":"","point_id":1278,"queue_index":2,"source_asset":"point_1278_completed","source_labeler":"mike","source_point_id":1278,"status":"completed","timestamp":"2026-04-06 04:28:19"}},{"type":"Feature","geometry":{"type":"Point","coordinates":[-76.0319739897402,39.0507770440176]},"id":"369_00000000000000000000","properties":{"labeler":"mike","marker_state":"completed","notes":"","point_id":1296,"queue_index":37,"source_asset":"point_1296_completed","source_labeler":"mike","source_point_id":1296,"status":"completed","timestamp":"2026-04-06 05:25:18"}},{"type":"Feature","geometry":{"type":"Point","coordinates":[-75.9182325310462,39.09823321485791]},"id":"370_00000000000000000000","properties":{"labeler":"mike","marker_state":"completed","notes":"","point_id":1327,"queue_index":109,"source_asset":"point_1327_completed","source_labeler":"mike","source_point_id":1327,"status":"completed","timestamp":"2026-04-06 19:16:13"}},{"type":"Feature","geometry":{"type":"Point","coordinates":[-75.93923385651406,39.09971220610228]},"id":"371_00000000000000000000","properties":{"labeler":"mike","marker_state":"completed","notes":"","point_id":1329,"queue_index":57,"source_asset":"point_1329_completed","source_labeler":"mike","source_point_id":1329,"status":"completed","timestamp":"2026-04-06 05:51:40"}},{"type":"Feature","geometry":{"type":"Point","coordinates":[-75.97149124203032,39.11685427580243]},"id":"372_00000000000000000000","properties":{"labeler":"mike","marker_state":"completed","notes":"","point_id":1333,"queue_index":73,"source_asset":"point_1333_completed","source_labeler":"mike","source_point_id":1333,"status":"completed","timestamp":"2026-04-06 06:07:00"}},{"type":"Feature","geometry":{"type":"Point","coordinates":[-75.85837873898792,39.153606811807684]},"id":"373_00000000000000000000","properties":{"labeler":"mike","marker_state":"completed","notes":"","point_id":1352,"queue_index":78,"source_asset":"point_1352_completed","source_labeler":"mike","source_point_id":1352,"status":"completed","timestamp":"2026-04-06 06:11:34"}},{"type":"Feature","geometry":{"type":"Point","coordinates":[-75.9942244135842,39.1914447484409]},"id":"374_00000000000000000000","properties":{"labeler":"mike","marker_state":"completed","notes":"","point_id":1380,"queue_index":28,"source_asset":"point_1380_completed","source_labeler":"mike","source_point_id":1380,"status":"completed","timestamp":"2026-04-06 05:13:54"}},{"type":"Feature","geometry":{"type":"Point","coordinates":[-75.2203226082531,38.40264222587828]},"id":"375_00000000000000000000","properties":{"labeler":"mike","marker_state":"completed","notes":"","point_id":138,"queue_index":52,"source_asset":"point_138_completed","source_labeler":"mike","source_point_id":138,"status":"completed","timestamp":"2026-04-06 05:44:19"}},{"type":"Feature","geometry":{"type":"Point","coordinates":[-76.0153562991698,39.2068221983738]},"id":"376_00000000000000000000","properties":{"labeler":"mike","marker_state":"completed","notes":"","point_id":1397,"queue_index":36,"source_asset":"point_1397_completed","source_labeler":"mike","source_point_id":1397,"status":"completed","timestamp":"2026-04-06 05:24:11"}},{"type":"Feature","geometry":{"type":"Point","coordinates":[-75.84347431010755,39.21961255874076]},"id":"377_00000000000000000000","properties":{"labeler":"mike","marker_state":"completed","notes":"","point_id":1414,"queue_index":15,"source_asset":"point_1414_completed","source_labeler":"mike","source_point_id":1414,"status":"completed","timestamp":"2026-04-06 04:52:15"}},{"type":"Feature","geometry":{"type":"Point","coordinates":[-75.81090110337767,39.240224032529234]},"id":"378_00000000000000000000","properties":{"labeler":"mike","marker_state":"completed","notes":"","point_id":1440,"queue_index":27,"source_asset":"point_1440_completed","source_labeler":"mike","source_point_id":1440,"status":"completed","timestamp":"2026-04-06 05:09:55"}},{"type":"Feature","geometry":{"type":"Point","coordinates":[-75.99488368669817,39.28264086371351]},"id":"379_00000000000000000000","properties":{"labeler":"mike","marker_state":"completed","notes":"","point_id":1472,"queue_index":6,"source_asset":"point_1472_completed","source_labeler":"mike","source_point_id":1472,"status":"completed","timestamp":"2026-04-06 04:34:26"}},{"type":"Feature","geometry":{"type":"Point","coordinates":[-75.94042654264828,39.28935030125419]},"id":"380_00000000000000000000","properties":{"labeler":"mike","marker_state":"completed","notes":"","point_id":1478,"queue_index":64,"source_asset":"point_1478_completed","source_labeler":"mike","source_point_id":1478,"status":"completed","timestamp":"2026-04-06 05:58:29"}},{"type":"Feature","geometry":{"type":"Point","coordinates":[-75.92530847967089,39.29722981746603]},"id":"381_00000000000000000000","properties":{"labeler":"mike","marker_state":"completed","notes":"","point_id":1487,"queue_index":11,"source_asset":"point_1487_completed","source_labeler":"mike","source_point_id":1487,"status":"completed","timestamp":"2026-04-06 04:42:46"}},{"type":"Feature","geometry":{"type":"Point","coordinates":[-75.7869773168909,39.301123224952505]},"id":"382_00000000000000000000","properties":{"labeler":"mike","marker_state":"skipped","notes":"no truss at the point, but truss at lower field","point_id":1493,"queue_index":101,"source_asset":"point_1493_skipped","source_labeler":"mike","source_point_id":1493,"status":"skipped","timestamp":"2026-04-06 19:04:58"}},{"type":"Feature","geometry":{"type":"Point","coordinates":[-75.91014120678196,39.31211199102305]},"id":"383_00000000000000000000","properties":{"labeler":"mike","marker_state":"completed","notes":"","point_id":1504,"queue_index":92,"source_asset":"point_1504_completed","source_labeler":"mike","source_point_id":1504,"status":"completed","timestamp":"2026-04-06 18:50:38"}},{"type":"Feature","geometry":{"type":"Point","coordinates":[-75.80664574261719,39.32353896210439]},"id":"384_00000000000000000000","properties":{"labeler":"mike","marker_state":"completed","notes":"","point_id":1515,"queue_index":42,"source_asset":"point_1515_completed","source_labeler":"mike","source_point_id":1515,"status":"completed","timestamp":"2026-04-06 05:31:23"}},{"type":"Feature","geometry":{"type":"Point","coordinates":[-75.9505545727282,39.338914796863264]},"id":"385_00000000000000000000","properties":{"labeler":"mike","marker_state":"completed","notes":"","point_id":1522,"queue_index":81,"source_asset":"point_1522_completed","source_labeler":"mike","source_point_id":1522,"status":"completed","timestamp":"2026-04-06 18:28:44"}},{"type":"Feature","geometry":{"type":"Point","coordinates":[-75.59659708868912,38.42067194514977]},"id":"386_00000000000000000000","properties":{"labeler":"mike","marker_state":"completed","notes":"","point_id":169,"queue_index":63,"source_asset":"point_169_completed","source_labeler":"mike","source_point_id":169,"status":"completed","timestamp":"2026-04-06 05:57:37"}},{"type":"Feature","geometry":{"type":"Point","coordinates":[-75.63179580378561,38.427883718499835]},"id":"387_00000000000000000000","properties":{"labeler":"mike","marker_state":"completed","notes":"","point_id":180,"queue_index":79,"source_asset":"point_180_completed","source_labeler":"mike","source_point_id":180,"status":"completed","timestamp":"2026-04-06 06:12:07"}},{"type":"Feature","geometry":{"type":"Point","coordinates":[-75.3497604111604,38.42814272141934]},"id":"388_00000000000000000000","properties":{"labeler":"mike","marker_state":"skipped","notes":"truss lines but can't find truss","point_id":181,"queue_index":29,"source_asset":"point_181_skipped","source_labeler":"mike","source_point_id":181,"status":"skipped","timestamp":"2026-04-06 05:15:46"}},{"type":"Feature","geometry":{"type":"Point","coordinates":[-75.42439832138302,38.434475144432604]},"id":"389_00000000000000000000","properties":{"labeler":"mike","marker_state":"completed","notes":"","point_id":194,"queue_index":75,"source_asset":"point_194_completed","source_labeler":"mike","source_point_id":194,"status":"completed","timestamp":"2026-04-06 06:08:28"}},{"type":"Feature","geometry":{"type":"Point","coordinates":[-75.59415387603048,38.44111401823969]},"id":"390_00000000000000000000","properties":{"labeler":"mike","marker_state":"completed","notes":"","point_id":213,"queue_index":46,"source_asset":"point_213_completed","source_labeler":"mike","source_point_id":213,"status":"completed","timestamp":"2026-04-06 05:37:30"}},{"type":"Feature","geometry":{"type":"Point","coordinates":[-75.6747500707302,38.44380806687797]},"id":"391_00000000000000000000","properties":{"labeler":"mike","marker_state":"completed","notes":"","point_id":227,"queue_index":77,"source_asset":"point_227_completed","source_labeler":"mike","source_point_id":227,"status":"completed","timestamp":"2026-04-06 06:10:10"}},{"type":"Feature","geometry":{"type":"Point","coordinates":[-75.63635206635219,38.45118738697291]},"id":"392_00000000000000000000","properties":{"labeler":"mike","marker_state":"skipped","notes":"Not sure what to label/what is field","point_id":257,"queue_index":9,"source_asset":"point_257_skipped","source_labeler":"mike","source_point_id":257,"status":"skipped","timestamp":"2026-04-06 04:39:25"}},{"type":"Feature","geometry":{"type":"Point","coordinates":[-75.68706024765055,38.45180755653251]},"id":"393_00000000000000000000","properties":{"labeler":"mike","marker_state":"completed","notes":"","point_id":258,"queue_index":32,"source_asset":"point_258_completed","source_labeler":"mike","source_point_id":258,"status":"completed","timestamp":"2026-04-06 05:18:48"}},{"type":"Feature","geometry":{"type":"Point","coordinates":[-75.88925481996671,38.472868673860575]},"id":"394_00000000000000000000","properties":{"labeler":"mike","marker_state":"completed","notes":"","point_id":271,"queue_index":22,"source_asset":"point_271_completed","source_labeler":"mike","source_point_id":271,"status":"completed","timestamp":"2026-04-06 05:03:02"}},{"type":"Feature","geometry":{"type":"Point","coordinates":[-75.44963718250884,38.04665192816072]},"id":"395_00000000000000000000","properties":{"labeler":"mike","marker_state":"completed","notes":"","point_id":27,"queue_index":19,"source_asset":"point_27_completed","source_labeler":"mike","source_point_id":27,"status":"completed","timestamp":"2026-04-06 04:56:53"}},{"type":"Feature","geometry":{"type":"Point","coordinates":[-75.8960488916272,38.495583679307]},"id":"396_00000000000000000000","properties":{"labeler":"mike","marker_state":"completed","notes":"","point_id":288,"queue_index":12,"source_asset":"point_288_completed","source_labeler":"mike","source_point_id":288,"status":"completed","timestamp":"2026-04-06 04:46:00"}},{"type":"Feature","geometry":{"type":"Point","coordinates":[-75.88885683817666,38.504145085705375]},"id":"397_00000000000000000000","properties":{"labeler":"mike","marker_state":"completed","notes":"","point_id":294,"queue_index":99,"source_asset":"point_294_completed","source_labeler":"mike","source_point_id":294,"status":"completed","timestamp":"2026-04-06 19:03:02"}},{"type":"Feature","geometry":{"type":"Point","coordinates":[-75.69900421737381,38.507024799119414]},"id":"398_00000000000000000000","properties":{"labeler":"mike","marker_state":"completed","notes":"","point_id":298,"queue_index":76,"source_asset":"point_298_completed","source_labeler":"mike","source_point_id":298,"status":"completed","timestamp":"2026-04-06 06:09:18"}},{"type":"Feature","geometry":{"type":"Point","coordinates":[-75.95231469151554,38.522506518309385]},"id":"399_00000000000000000000","properties":{"labeler":"mike","marker_state":"completed","notes":"","point_id":326,"queue_index":1,"source_asset":"point_326_completed","source_labeler":"mike","source_point_id":326,"status":"completed","timestamp":"2026-04-06 04:26:46"}},{"type":"Feature","geometry":{"type":"Point","coordinates":[-75.70097252302338,38.524414204393246]},"id":"400_00000000000000000000","properties":{"labeler":"mike","marker_state":"completed","notes":"","point_id":332,"queue_index":55,"source_asset":"point_332_completed","source_labeler":"mike","source_point_id":332,"status":"completed","timestamp":"2026-04-06 05:47:49"}},{"type":"Feature","geometry":{"type":"Point","coordinates":[-75.71213691729334,38.53318084404769]},"id":"401_00000000000000000000","properties":{"labeler":"mike","marker_state":"completed","notes":"","point_id":352,"queue_index":14,"source_asset":"point_352_completed","source_labeler":"mike","source_point_id":352,"status":"completed","timestamp":"2026-04-06 04:47:59"}},{"type":"Feature","geometry":{"type":"Point","coordinates":[-75.79588026426154,38.57175385764657]},"id":"402_00000000000000000000","properties":{"labeler":"mike","marker_state":"completed","notes":"","point_id":404,"queue_index":102,"source_asset":"point_404_completed","source_labeler":"mike","source_point_id":404,"status":"completed","timestamp":"2026-04-06 19:06:32"}},{"type":"Feature","geometry":{"type":"Point","coordinates":[-75.8543064959212,38.57536647138969]},"id":"403_00000000000000000000","properties":{"labeler":"mike","marker_state":"completed","notes":"","point_id":417,"queue_index":38,"source_asset":"point_417_completed","source_labeler":"mike","source_point_id":417,"status":"completed","timestamp":"2026-04-06 05:26:02"}},{"type":"Feature","geometry":{"type":"Point","coordinates":[-75.70843180902102,38.57869074577973]},"id":"404_00000000000000000000","properties":{"labeler":"mike","marker_state":"completed","notes":"","point_id":432,"queue_index":74,"source_asset":"point_432_completed","source_labeler":"mike","source_point_id":432,"status":"completed","timestamp":"2026-04-06 06:07:39"}},{"type":"Feature","geometry":{"type":"Point","coordinates":[-75.87228928260153,38.581202808915634]},"id":"405_00000000000000000000","properties":{"labeler":"mike","marker_state":"completed","notes":"","point_id":441,"queue_index":62,"source_asset":"point_441_completed","source_labeler":"mike","source_point_id":441,"status":"completed","timestamp":"2026-04-06 05:55:50"}},{"type":"Feature","geometry":{"type":"Point","coordinates":[-75.74168582602024,38.586169123649256]},"id":"406_00000000000000000000","properties":{"labeler":"mike","marker_state":"completed","notes":"","point_id":462,"queue_index":107,"source_asset":"point_462_completed","source_labeler":"mike","source_point_id":462,"status":"completed","timestamp":"2026-04-06 19:12:57"}},{"type":"Feature","geometry":{"type":"Point","coordinates":[-75.70888716949196,38.592785103773686]},"id":"407_00000000000000000000","properties":{"labeler":"mike","marker_state":"completed","notes":"","point_id":482,"queue_index":45,"source_asset":"point_482_completed","source_labeler":"mike","source_point_id":482,"status":"completed","timestamp":"2026-04-06 05:36:08"}},{"type":"Feature","geometry":{"type":"Point","coordinates":[-75.8404568094417,38.59280682111316]},"id":"408_00000000000000000000","properties":{"labeler":"mike","marker_state":"completed","notes":"","point_id":483,"queue_index":51,"source_asset":"point_483_completed","source_labeler":"mike","source_point_id":483,"status":"completed","timestamp":"2026-04-06 05:43:02"}},{"type":"Feature","geometry":{"type":"Point","coordinates":[-75.9396472081878,38.59328946976535]},"id":"409_00000000000000000000","properties":{"labeler":"mike","marker_state":"completed","notes":"","point_id":486,"queue_index":106,"source_asset":"point_486_completed","source_labeler":"mike","source_point_id":486,"status":"completed","timestamp":"2026-04-06 19:11:27"}},{"type":"Feature","geometry":{"type":"Point","coordinates":[-75.96586702341398,38.59338447824196]},"id":"410_00000000000000000000","properties":{"labeler":"mike","marker_state":"skipped","notes":"no truss","point_id":487,"queue_index":26,"source_asset":"point_487_skipped","source_labeler":"mike","source_point_id":487,"status":"skipped","timestamp":"2026-04-06 05:08:19"}},{"type":"Feature","geometry":{"type":"Point","coordinates":[-75.72499572796002,38.60142173533058]},"id":"411_00000000000000000000","properties":{"labeler":"mike","marker_state":"completed","notes":"","point_id":511,"queue_index":67,"source_asset":"point_511_completed","source_labeler":"mike","source_point_id":511,"status":"completed","timestamp":"2026-04-06 06:01:56"}},{"type":"Feature","geometry":{"type":"Point","coordinates":[-75.75355237899242,38.60811939777304]},"id":"412_00000000000000000000","properties":{"labeler":"mike","marker_state":"completed","notes":"","point_id":531,"queue_index":100,"source_asset":"point_531_completed","source_labeler":"mike","source_point_id":531,"status":"completed","timestamp":"2026-04-06 19:03:44"}},{"type":"Feature","geometry":{"type":"Point","coordinates":[-75.7538536090198,38.61135200960915]},"id":"413_00000000000000000000","properties":{"labeler":"mike","marker_state":"completed","notes":"","point_id":541,"queue_index":33,"source_asset":"point_541_completed","source_labeler":"mike","source_point_id":541,"status":"completed","timestamp":"2026-04-06 05:19:31"}},{"type":"Feature","geometry":{"type":"Point","coordinates":[-75.74863712786285,38.61761866982672]},"id":"414_00000000000000000000","properties":{"labeler":"mike","marker_state":"completed","notes":"","point_id":566,"queue_index":84,"source_asset":"point_566_completed","source_labeler":"mike","source_point_id":566,"status":"completed","timestamp":"2026-04-06 18:33:08"}},{"type":"Feature","geometry":{"type":"Point","coordinates":[-75.75230867549385,38.62771026328117]},"id":"415_00000000000000000000","properties":{"labeler":"mike","marker_state":"completed","notes":"","point_id":585,"queue_index":30,"source_asset":"point_585_completed","source_labeler":"mike","source_point_id":585,"status":"completed","timestamp":"2026-04-06 05:16:24"}},{"type":"Feature","geometry":{"type":"Point","coordinates":[-75.844632680353,38.63631560914136]},"id":"416_00000000000000000000","properties":{"labeler":"mike","marker_state":"completed","notes":"","point_id":609,"queue_index":23,"source_asset":"point_609_completed","source_labeler":"mike","source_point_id":609,"status":"completed","timestamp":"2026-04-06 05:03:58"}},{"type":"Feature","geometry":{"type":"Point","coordinates":[-75.73634435751252,38.640229111433335]},"id":"417_00000000000000000000","properties":{"labeler":"mike","marker_state":"completed","notes":"","point_id":620,"queue_index":94,"source_asset":"point_620_completed","source_labeler":"mike","source_point_id":620,"status":"completed","timestamp":"2026-04-06 18:52:54"}},{"type":"Feature","geometry":{"type":"Point","coordinates":[-75.83832411424856,38.64119493364752]},"id":"418_00000000000000000000","properties":{"labeler":"mike","marker_state":"completed","notes":"","point_id":624,"queue_index":108,"source_asset":"point_624_completed","source_labeler":"mike","source_point_id":624,"status":"completed","timestamp":"2026-04-06 19:14:22"}},{"type":"Feature","geometry":{"type":"Point","coordinates":[-75.7723414231789,38.64254646300482]},"id":"419_00000000000000000000","properties":{"labeler":"mike","marker_state":"completed","notes":"","point_id":630,"queue_index":58,"source_asset":"point_630_completed","source_labeler":"mike","source_point_id":630,"status":"completed","timestamp":"2026-04-06 05:52:34"}},{"type":"Feature","geometry":{"type":"Point","coordinates":[-75.7192167124016,38.64266823185451]},"id":"420_00000000000000000000","properties":{"labeler":"mike","marker_state":"completed","notes":"","point_id":631,"queue_index":105,"source_asset":"point_631_completed","source_labeler":"mike","source_point_id":631,"status":"completed","timestamp":"2026-04-06 19:10:24"}},{"type":"Feature","geometry":{"type":"Point","coordinates":[-75.84626511158744,38.65104947665557]},"id":"421_00000000000000000000","properties":{"labeler":"mike","marker_state":"completed","notes":"","point_id":658,"queue_index":68,"source_asset":"point_658_completed","source_labeler":"mike","source_point_id":658,"status":"completed","timestamp":"2026-04-06 06:02:55"}},{"type":"Feature","geometry":{"type":"Point","coordinates":[-75.7334710286717,38.651081069500904]},"id":"422_00000000000000000000","properties":{"labeler":"mike","marker_state":"completed","notes":"","point_id":659,"queue_index":104,"source_asset":"point_659_completed","source_labeler":"mike","source_point_id":659,"status":"completed","timestamp":"2026-04-06 19:09:16"}},{"type":"Feature","geometry":{"type":"Point","coordinates":[-75.9916039833686,38.653246339298974]},"id":"423_00000000000000000000","properties":{"labeler":"mike","marker_state":"completed","notes":"","point_id":663,"queue_index":97,"source_asset":"point_663_completed","source_labeler":"mike","source_point_id":663,"status":"completed","timestamp":"2026-04-06 18:57:02"}},{"type":"Feature","geometry":{"type":"Point","coordinates":[-75.74832214826812,38.657057866907046]},"id":"424_00000000000000000000","properties":{"labeler":"mike","marker_state":"completed","notes":"","point_id":677,"queue_index":72,"source_asset":"point_677_completed","source_labeler":"mike","source_point_id":677,"status":"completed","timestamp":"2026-04-06 06:05:47"}},{"type":"Feature","geometry":{"type":"Point","coordinates":[-75.88619855215353,38.66018047309022]},"id":"425_00000000000000000000","properties":{"labeler":"mike","marker_state":"completed","notes":"","point_id":685,"queue_index":71,"source_asset":"point_685_completed","source_labeler":"mike","source_point_id":685,"status":"completed","timestamp":"2026-04-06 06:05:05"}},{"type":"Feature","geometry":{"type":"Point","coordinates":[-75.89515276947323,38.66545369095088]},"id":"426_00000000000000000000","properties":{"labeler":"mike","marker_state":"completed","notes":"","point_id":696,"queue_index":98,"source_asset":"point_696_completed","source_labeler":"mike","source_point_id":696,"status":"completed","timestamp":"2026-04-06 18:58:14"}},{"type":"Feature","geometry":{"type":"Point","coordinates":[-75.7078075956389,38.294055007850936]},"id":"427_00000000000000000000","properties":{"labeler":"mike","marker_state":"completed","notes":"","point_id":69,"queue_index":110,"source_asset":"point_69_completed","source_labeler":"mike","source_point_id":69,"status":"completed","timestamp":"2026-04-06 19:17:10"}},{"type":"Feature","geometry":{"type":"Point","coordinates":[-75.84042377078495,38.671023258844826]},"id":"428_00000000000000000000","properties":{"labeler":"mike","marker_state":"completed","notes":"","point_id":706,"queue_index":91,"source_asset":"point_706_completed","source_labeler":"mike","source_point_id":706,"status":"completed","timestamp":"2026-04-06 18:48:44"}},{"type":"Feature","geometry":{"type":"Point","coordinates":[-75.90465448809628,38.672518471423345]},"id":"429_00000000000000000000","properties":{"labeler":"mike","marker_state":"completed","notes":"","point_id":710,"queue_index":8,"source_asset":"point_710_completed","source_labeler":"mike","source_point_id":710,"status":"completed","timestamp":"2026-04-06 04:37:48"}},{"type":"Feature","geometry":{"type":"Point","coordinates":[-75.90140116378821,38.679246712596346]},"id":"430_00000000000000000000","properties":{"labeler":"mike","marker_state":"completed","notes":"","point_id":724,"queue_index":70,"source_asset":"point_724_completed","source_labeler":"mike","source_point_id":724,"status":"completed","timestamp":"2026-04-06 06:04:23"}},{"type":"Feature","geometry":{"type":"Point","coordinates":[-75.90516156344266,38.682211227835246]},"id":"431_00000000000000000000","properties":{"labeler":"mike","marker_state":"completed","notes":"","point_id":731,"queue_index":41,"source_asset":"point_731_completed","source_labeler":"mike","source_point_id":731,"status":"completed","timestamp":"2026-04-06 05:29:40"}},{"type":"Feature","geometry":{"type":"Point","coordinates":[-75.92133546521637,38.69099340178893]},"id":"432_00000000000000000000","properties":{"labeler":"mike","marker_state":"completed","notes":"","point_id":747,"queue_index":103,"source_asset":"point_747_completed","source_labeler":"mike","source_point_id":747,"status":"completed","timestamp":"2026-04-06 19:07:55"}},{"type":"Feature","geometry":{"type":"Point","coordinates":[-75.96105373971123,38.70567974819202]},"id":"433_00000000000000000000","properties":{"labeler":"mike","marker_state":"completed","notes":"","point_id":771,"queue_index":93,"source_asset":"point_771_completed","source_labeler":"mike","source_point_id":771,"status":"completed","timestamp":"2026-04-06 18:52:07"}},{"type":"Feature","geometry":{"type":"Point","coordinates":[-75.8102014267348,38.713362673067415]},"id":"434_00000000000000000000","properties":{"labeler":"mike","marker_state":"completed","notes":"","point_id":785,"queue_index":25,"source_asset":"point_785_completed","source_labeler":"mike","source_point_id":785,"status":"completed","timestamp":"2026-04-06 05:07:37"}},{"type":"Feature","geometry":{"type":"Point","coordinates":[-75.8775200539686,38.7161486643844]},"id":"435_00000000000000000000","properties":{"labeler":"mike","marker_state":"completed","notes":"","point_id":791,"queue_index":83,"source_asset":"point_791_completed","source_labeler":"mike","source_point_id":791,"status":"completed","timestamp":"2026-04-06 18:31:37"}},{"type":"Feature","geometry":{"type":"Point","coordinates":[-75.81175430359825,38.71826206628851]},"id":"436_00000000000000000000","properties":{"labeler":"mike","marker_state":"completed","notes":"","point_id":797,"queue_index":3,"source_asset":"point_797_completed","source_labeler":"mike","source_point_id":797,"status":"completed","timestamp":"2026-04-06 04:30:48"}},{"type":"Feature","geometry":{"type":"Point","coordinates":[-75.9100995087918,38.7210474967604]},"id":"437_00000000000000000000","properties":{"labeler":"mike","marker_state":"completed","notes":"","point_id":802,"queue_index":44,"source_asset":"point_802_completed","source_labeler":"mike","source_point_id":802,"status":"completed","timestamp":"2026-04-06 05:34:47"}},{"type":"Feature","geometry":{"type":"Point","coordinates":[-75.81145190761237,38.72764016254478]},"id":"438_00000000000000000000","properties":{"labeler":"mike","marker_state":"completed","notes":"","point_id":815,"queue_index":66,"source_asset":"point_815_completed","source_labeler":"mike","source_point_id":815,"status":"completed","timestamp":"2026-04-06 06:00:33"}},{"type":"Feature","geometry":{"type":"Point","coordinates":[-75.80340673771585,38.72924992356703]},"id":"439_00000000000000000000","properties":{"labeler":"mike","marker_state":"completed","notes":"","point_id":817,"queue_index":87,"source_asset":"point_817_completed","source_labeler":"mike","source_point_id":817,"status":"completed","timestamp":"2026-04-06 18:36:37"}},{"type":"Feature","geometry":{"type":"Point","coordinates":[-75.82912303628986,38.73440987049423]},"id":"440_00000000000000000000","properties":{"labeler":"mike","marker_state":"completed","notes":"","point_id":828,"queue_index":95,"source_asset":"point_828_completed","source_labeler":"mike","source_point_id":828,"status":"completed","timestamp":"2026-04-06 18:54:11"}},{"type":"Feature","geometry":{"type":"Point","coordinates":[-75.79973941462487,38.73915462347297]},"id":"441_00000000000000000000","properties":{"labeler":"mike","marker_state":"skipped","notes":"No truss","point_id":847,"queue_index":4,"source_asset":"point_847_skipped","source_labeler":"mike","source_point_id":847,"status":"skipped","timestamp":"2026-04-06 04:31:44"}},{"type":"Feature","geometry":{"type":"Point","coordinates":[-75.80451482685224,38.7392204354285]},"id":"442_00000000000000000000","properties":{"labeler":"mike","marker_state":"completed","notes":"","point_id":849,"queue_index":20,"source_asset":"point_849_completed","source_labeler":"mike","source_point_id":849,"status":"completed","timestamp":"2026-04-06 04:57:34"}},{"type":"Feature","geometry":{"type":"Point","coordinates":[-75.91267188688803,38.73940719401657]},"id":"443_00000000000000000000","properties":{"labeler":"mike","marker_state":"completed","notes":"","point_id":851,"queue_index":16,"source_asset":"point_851_completed","source_labeler":"mike","source_point_id":851,"status":"completed","timestamp":"2026-04-06 04:53:18"}},{"type":"Feature","geometry":{"type":"Point","coordinates":[-75.84088409685425,38.748547311664815]},"id":"444_00000000000000000000","properties":{"labeler":"mike","marker_state":"completed","notes":"","point_id":876,"queue_index":40,"source_asset":"point_876_completed","source_labeler":"mike","source_point_id":876,"status":"completed","timestamp":"2026-04-06 05:27:44"}},{"type":"Feature","geometry":{"type":"Point","coordinates":[-75.78166175256669,38.75577452861676]},"id":"445_00000000000000000000","properties":{"labeler":"mike","marker_state":"completed","notes":"","point_id":892,"queue_index":69,"source_asset":"point_892_completed","source_labeler":"mike","source_point_id":892,"status":"completed","timestamp":"2026-04-06 06:03:40"}},{"type":"Feature","geometry":{"type":"Point","coordinates":[-75.96950664393162,38.76128150040388]},"id":"446_00000000000000000000","properties":{"labeler":"mike","marker_state":"completed","notes":"","point_id":899,"queue_index":53,"source_asset":"point_899_completed","source_labeler":"mike","source_point_id":899,"status":"completed","timestamp":"2026-04-06 05:45:23"}},{"type":"Feature","geometry":{"type":"Point","coordinates":[-75.93307337946065,38.769782183090676]},"id":"447_00000000000000000000","properties":{"labeler":"mike","marker_state":"completed","notes":"","point_id":910,"queue_index":50,"source_asset":"point_910_completed","source_labeler":"mike","source_point_id":910,"status":"completed","timestamp":"2026-04-06 05:41:28"}},{"type":"Feature","geometry":{"type":"Point","coordinates":[-75.8578941227708,38.77383113631935]},"id":"448_00000000000000000000","properties":{"labeler":"mike","marker_state":"completed","notes":"","point_id":919,"queue_index":0,"source_asset":"point_919_completed","source_labeler":"mike","source_point_id":919,"status":"completed","timestamp":"2026-04-06 04:23:13"}},{"type":"Feature","geometry":{"type":"Point","coordinates":[-75.73532696264124,38.79401334935073]},"id":"449_00000000000000000000","properties":{"labeler":"mike","marker_state":"completed","notes":"","point_id":957,"queue_index":17,"source_asset":"point_957_completed","source_labeler":"mike","source_point_id":957,"status":"completed","timestamp":"2026-04-06 04:54:25"}},{"type":"Feature","geometry":{"type":"Point","coordinates":[-75.69163750066087,38.36619767474836]},"id":"450_00000000000000000000","properties":{"labeler":"mike","marker_state":"completed","notes":"","point_id":96,"queue_index":80,"source_asset":"point_96_completed","source_labeler":"mike","source_point_id":96,"status":"completed","timestamp":"2026-04-06 06:13:04"}},{"type":"Feature","geometry":{"type":"Point","coordinates":[-75.8956442423747,38.858605442640425]},"id":"451_00000000000000000000","properties":{"labeler":"sienna","marker_state":"completed","notes":"","point_id":1013,"queue_index":2,"source_asset":"point_1013_completed","source_labeler":"sienna","source_point_id":1013,"status":"completed","timestamp":"2026-04-06 20:11:28"}},{"type":"Feature","geometry":{"type":"Point","coordinates":[-75.75621572974777,38.87483593491835]},"id":"452_00000000000000000000","properties":{"labeler":"sienna","marker_state":"completed","notes":"","point_id":1032,"queue_index":70,"source_asset":"point_1032_completed","source_labeler":"sienna","source_point_id":1032,"status":"completed","timestamp":"2026-04-21 00:16:18"}},{"type":"Feature","geometry":{"type":"Point","coordinates":[-76.00348147634384,38.879592284475855]},"id":"453_00000000000000000000","properties":{"labeler":"sienna","marker_state":"completed","notes":"","point_id":1039,"queue_index":7,"source_asset":"point_1039_completed","source_labeler":"sienna","source_point_id":1039,"status":"completed","timestamp":"2026-04-06 20:19:29"}},{"type":"Feature","geometry":{"type":"Point","coordinates":[-75.85458077582265,38.89063310344041]},"id":"454_00000000000000000000","properties":{"labeler":"sienna","marker_state":"completed","notes":"","point_id":1049,"queue_index":91,"source_asset":"point_1049_completed","source_labeler":"sienna","source_point_id":1049,"status":"completed","timestamp":"2026-06-12 01:18:02"}},{"type":"Feature","geometry":{"type":"Point","coordinates":[-75.7819005210513,38.915116016083054]},"id":"455_00000000000000000000","properties":{"labeler":"sienna","marker_state":"completed","notes":"","point_id":1081,"queue_index":67,"source_asset":"point_1081_completed","source_labeler":"sienna","source_point_id":1081,"status":"completed","timestamp":"2026-04-20 21:55:35"}},{"type":"Feature","geometry":{"type":"Point","coordinates":[-75.90439085278084,38.9198566110428]},"id":"456_00000000000000000000","properties":{"labeler":"sienna","marker_state":"completed","notes":"","point_id":1091,"queue_index":52,"source_asset":"point_1091_completed","source_labeler":"sienna","source_point_id":1091,"status":"completed","timestamp":"2026-04-14 00:41:05"}},{"type":"Feature","geometry":{"type":"Point","coordinates":[-75.89695324366102,38.92569648557642]},"id":"457_00000000000000000000","properties":{"labeler":"sienna","marker_state":"completed","notes":"","point_id":1104,"queue_index":82,"source_asset":"point_1104_completed","source_labeler":"sienna","source_point_id":1104,"status":"completed","timestamp":"2026-06-12 01:11:46"}},{"type":"Feature","geometry":{"type":"Point","coordinates":[-75.83895752012785,38.92582786582105]},"id":"458_00000000000000000000","properties":{"labeler":"sienna","marker_state":"completed","notes":"two fields","point_id":1105,"queue_index":17,"source_asset":"point_1105_completed","source_labeler":"sienna","source_point_id":1105,"status":"completed","timestamp":"2026-04-06 20:58:00"}},{"type":"Feature","geometry":{"type":"Point","coordinates":[-75.74445382306921,38.941611236683045]},"id":"459_00000000000000000000","properties":{"labeler":"sienna","marker_state":"completed","notes":"","point_id":1133,"queue_index":42,"source_asset":"point_1133_completed","source_labeler":"sienna","source_point_id":1133,"status":"completed","timestamp":"2026-04-14 00:06:26"}},{"type":"Feature","geometry":{"type":"Point","coordinates":[-75.73712954480166,38.95575208503688]},"id":"460_00000000000000000000","properties":{"labeler":"sienna","marker_state":"skipped","notes":"no truss","point_id":1147,"queue_index":71,"source_asset":"point_1147_skipped","source_labeler":"sienna","source_point_id":1147,"status":"skipped","timestamp":"2026-04-21 00:27:50"}},{"type":"Feature","geometry":{"type":"Point","coordinates":[-75.82180907567978,38.98312454102679]},"id":"461_00000000000000000000","properties":{"labeler":"sienna","marker_state":"completed","notes":"","point_id":1178,"queue_index":36,"source_asset":"point_1178_completed","source_labeler":"sienna","source_point_id":1178,"status":"completed","timestamp":"2026-04-14 00:00:46"}},{"type":"Feature","geometry":{"type":"Point","coordinates":[-75.8844946784067,38.98521762491091]},"id":"462_00000000000000000000","properties":{"labeler":"sienna","marker_state":"completed","notes":"","point_id":1186,"queue_index":85,"source_asset":"point_1186_completed","source_labeler":"sienna","source_point_id":1186,"status":"completed","timestamp":"2026-06-12 01:13:26"}},{"type":"Feature","geometry":{"type":"Point","coordinates":[-75.7493482140696,38.99135881367257]},"id":"463_00000000000000000000","properties":{"labeler":"sienna","marker_state":"skipped","notes":"no truss","point_id":1198,"queue_index":26,"source_asset":"point_1198_skipped","source_labeler":"sienna","source_point_id":1198,"status":"skipped","timestamp":"2026-04-07 22:33:11"}},{"type":"Feature","geometry":{"type":"Point","coordinates":[-76.06083974822631,38.99485518324437]},"id":"464_00000000000000000000","properties":{"labeler":"sienna","marker_state":"completed","notes":"","point_id":1202,"queue_index":53,"source_asset":"point_1202_completed","source_labeler":"sienna","source_point_id":1202,"status":"completed","timestamp":"2026-04-14 00:43:11"}},{"type":"Feature","geometry":{"type":"Point","coordinates":[-75.8706381120073,38.9950078046609]},"id":"465_00000000000000000000","properties":{"labeler":"sienna","marker_state":"completed","notes":"","point_id":1204,"queue_index":5,"source_asset":"point_1204_completed","source_labeler":"sienna","source_point_id":1204,"status":"completed","timestamp":"2026-04-06 20:16:10"}},{"type":"Feature","geometry":{"type":"Point","coordinates":[-76.06081933451469,38.99814129865423]},"id":"466_00000000000000000000","properties":{"labeler":"sienna","marker_state":"completed","notes":"","point_id":1210,"queue_index":93,"source_asset":"point_1210_completed","source_labeler":"sienna","source_point_id":1210,"status":"completed","timestamp":"2026-06-12 01:19:26"}},{"type":"Feature","geometry":{"type":"Point","coordinates":[-76.03766408418674,38.99829811343485]},"id":"467_00000000000000000000","properties":{"labeler":"sienna","marker_state":"completed","notes":"","point_id":1211,"queue_index":64,"source_asset":"point_1211_completed","source_labeler":"sienna","source_point_id":1211,"status":"completed","timestamp":"2026-04-20 21:28:31"}},{"type":"Feature","geometry":{"type":"Point","coordinates":[-75.79851625452903,38.99865805752847]},"id":"468_00000000000000000000","properties":{"labeler":"sienna","marker_state":"completed","notes":"","point_id":1212,"queue_index":44,"source_asset":"point_1212_completed","source_labeler":"sienna","source_point_id":1212,"status":"completed","timestamp":"2026-04-14 00:07:56"}},{"type":"Feature","geometry":{"type":"Point","coordinates":[-75.94496898866586,39.00664854739133]},"id":"469_00000000000000000000","properties":{"labeler":"sienna","marker_state":"completed","notes":"","point_id":1228,"queue_index":46,"source_asset":"point_1228_completed","source_labeler":"sienna","source_point_id":1228,"status":"completed","timestamp":"2026-04-14 00:09:47"}},{"type":"Feature","geometry":{"type":"Point","coordinates":[-75.94609013582159,39.01215015269349]},"id":"470_00000000000000000000","properties":{"labeler":"sienna","marker_state":"completed","notes":"","point_id":1237,"queue_index":100,"source_asset":"point_1237_completed","source_labeler":"sienna","source_point_id":1237,"status":"completed","timestamp":"2026-06-12 01:24:45"}},{"type":"Feature","geometry":{"type":"Point","coordinates":[-76.05530038736363,39.01871126692833]},"id":"471_00000000000000000000","properties":{"labeler":"sienna","marker_state":"completed","notes":"","point_id":1242,"queue_index":61,"source_asset":"point_1242_completed","source_labeler":"sienna","source_point_id":1242,"status":"completed","timestamp":"2026-04-20 21:25:43"}},{"type":"Feature","geometry":{"type":"Point","coordinates":[-76.12906229253835,39.031276082481895]},"id":"472_00000000000000000000","properties":{"labeler":"sienna","marker_state":"completed","notes":"","point_id":1259,"queue_index":12,"source_asset":"point_1259_completed","source_labeler":"sienna","source_point_id":1259,"status":"completed","timestamp":"2026-04-06 20:49:38"}},{"type":"Feature","geometry":{"type":"Point","coordinates":[-75.89052889672705,39.0345362132636]},"id":"473_00000000000000000000","properties":{"labeler":"sienna","marker_state":"completed","notes":"","point_id":1262,"queue_index":73,"source_asset":"point_1262_completed","source_labeler":"sienna","source_point_id":1262,"status":"completed","timestamp":"2026-06-12 01:06:20"}},{"type":"Feature","geometry":{"type":"Point","coordinates":[-75.76544354549759,39.03804347370674]},"id":"474_00000000000000000000","properties":{"labeler":"sienna","marker_state":"completed","notes":"","point_id":1270,"queue_index":55,"source_asset":"point_1270_completed","source_labeler":"sienna","source_point_id":1270,"status":"completed","timestamp":"2026-04-14 00:46:07"}},{"type":"Feature","geometry":{"type":"Point","coordinates":[-75.76094609332202,39.03834994277178]},"id":"475_00000000000000000000","properties":{"labeler":"sienna","marker_state":"completed","notes":"","point_id":1272,"queue_index":20,"source_asset":"point_1272_completed","source_labeler":"sienna","source_point_id":1272,"status":"completed","timestamp":"2026-04-07 22:16:49"}},{"type":"Feature","geometry":{"type":"Point","coordinates":[-76.02701715047088,39.04440168423284]},"id":"476_00000000000000000000","properties":{"labeler":"sienna","marker_state":"completed","notes":"","point_id":1286,"queue_index":43,"source_asset":"point_1286_completed","source_labeler":"sienna","source_point_id":1286,"status":"completed","timestamp":"2026-04-14 00:07:18"}},{"type":"Feature","geometry":{"type":"Point","coordinates":[-76.02904193444246,39.04684206600922]},"id":"477_00000000000000000000","properties":{"labeler":"sienna","marker_state":"completed","notes":"","point_id":1291,"queue_index":23,"source_asset":"point_1291_completed","source_labeler":"sienna","source_point_id":1291,"status":"completed","timestamp":"2026-04-07 22:22:35"}},{"type":"Feature","geometry":{"type":"Point","coordinates":[-75.66727292064262,38.39678840277245]},"id":"478_00000000000000000000","properties":{"labeler":"sienna","marker_state":"completed","notes":"","point_id":130,"queue_index":40,"source_asset":"point_130_completed","source_labeler":"sienna","source_point_id":130,"status":"completed","timestamp":"2026-04-14 00:04:32"}},{"type":"Feature","geometry":{"type":"Point","coordinates":[-75.86507767809815,39.07944768169284]},"id":"479_00000000000000000000","properties":{"labeler":"sienna","marker_state":"completed","notes":"","point_id":1311,"queue_index":22,"source_asset":"point_1311_completed","source_labeler":"sienna","source_point_id":1311,"status":"completed","timestamp":"2026-04-07 22:19:53"}},{"type":"Feature","geometry":{"type":"Point","coordinates":[-75.92802349031977,39.087514233236426]},"id":"480_00000000000000000000","properties":{"labeler":"sienna","marker_state":"completed","notes":"","point_id":1322,"queue_index":14,"source_asset":"point_1322_completed","source_labeler":"sienna","source_point_id":1322,"status":"completed","timestamp":"2026-04-06 20:52:43"}},{"type":"Feature","geometry":{"type":"Point","coordinates":[-75.94750646107732,39.09943538302419]},"id":"481_00000000000000000000","properties":{"labeler":"sienna","marker_state":"completed","notes":"","point_id":1328,"queue_index":96,"source_asset":"point_1328_completed","source_labeler":"sienna","source_point_id":1328,"status":"completed","timestamp":"2026-06-12 01:21:28"}},{"type":"Feature","geometry":{"type":"Point","coordinates":[-75.83668615532045,39.15227483709159]},"id":"482_00000000000000000000","properties":{"labeler":"sienna","marker_state":"completed","notes":"","point_id":1350,"queue_index":25,"source_asset":"point_1350_completed","source_labeler":"sienna","source_point_id":1350,"status":"completed","timestamp":"2026-04-07 22:29:47"}},{"type":"Feature","geometry":{"type":"Point","coordinates":[-75.84140342566467,39.156463022627996]},"id":"483_00000000000000000000","properties":{"labeler":"sienna","marker_state":"completed","notes":"","point_id":1355,"queue_index":81,"source_asset":"point_1355_completed","source_labeler":"sienna","source_point_id":1355,"status":"completed","timestamp":"2026-06-12 01:10:56"}},{"type":"Feature","geometry":{"type":"Point","coordinates":[-75.38358146900752,38.40080482374945]},"id":"484_00000000000000000000","properties":{"labeler":"sienna","marker_state":"completed","notes":"","point_id":135,"queue_index":62,"source_asset":"point_135_completed","source_labeler":"sienna","source_point_id":135,"status":"completed","timestamp":"2026-04-20 21:26:57"}},{"type":"Feature","geometry":{"type":"Point","coordinates":[-75.67231290429935,38.40225462726514]},"id":"485_00000000000000000000","properties":{"labeler":"sienna","marker_state":"skipped","notes":"solar farm","point_id":137,"queue_index":21,"source_asset":"point_137_skipped","source_labeler":"sienna","source_point_id":137,"status":"skipped","timestamp":"2026-04-07 22:18:07"}},{"type":"Feature","geometry":{"type":"Point","coordinates":[-75.87390700210005,39.2062805931403]},"id":"486_00000000000000000000","properties":{"labeler":"sienna","marker_state":"completed","notes":"","point_id":1396,"queue_index":47,"source_asset":"point_1396_completed","source_labeler":"sienna","source_point_id":1396,"status":"completed","timestamp":"2026-04-14 00:10:30"}},{"type":"Feature","geometry":{"type":"Point","coordinates":[-75.8897527175536,39.212880168729704]},"id":"487_00000000000000000000","properties":{"labeler":"sienna","marker_state":"skipped","notes":"no truss","point_id":1407,"queue_index":78,"source_asset":"point_1407_skipped","source_labeler":"sienna","source_point_id":1407,"status":"skipped","timestamp":"2026-06-12 01:09:31"}},{"type":"Feature","geometry":{"type":"Point","coordinates":[-76.0149642086738,39.2191093999676]},"id":"488_00000000000000000000","properties":{"labeler":"sienna","marker_state":"completed","notes":"","point_id":1413,"queue_index":18,"source_asset":"point_1413_completed","source_labeler":"sienna","source_point_id":1413,"status":"completed","timestamp":"2026-04-06 21:00:02"}},{"type":"Feature","geometry":{"type":"Point","coordinates":[-76.02752532148442,39.25108268800191]},"id":"489_00000000000000000000","properties":{"labeler":"sienna","marker_state":"completed","notes":"","point_id":1446,"queue_index":28,"source_asset":"point_1446_completed","source_labeler":"sienna","source_point_id":1446,"status":"completed","timestamp":"2026-04-08 16:22:32"}},{"type":"Feature","geometry":{"type":"Point","coordinates":[-76.12246832228547,39.259915187285536]},"id":"490_00000000000000000000","properties":{"labeler":"sienna","marker_state":"completed","notes":"","point_id":1451,"queue_index":0,"source_asset":"point_1451_completed","source_labeler":"sienna","source_point_id":1451,"status":"completed","timestamp":"2026-04-06 20:00:22"}},{"type":"Feature","geometry":{"type":"Point","coordinates":[-76.11877803805737,39.26236750238778]},"id":"491_00000000000000000000","properties":{"labeler":"sienna","marker_state":"completed","notes":"","point_id":1455,"queue_index":39,"source_asset":"point_1455_completed","source_labeler":"sienna","source_point_id":1455,"status":"completed","timestamp":"2026-04-14 00:04:03"}},{"type":"Feature","geometry":{"type":"Point","coordinates":[-75.81333014722945,39.296406208378066]},"id":"492_00000000000000000000","properties":{"labeler":"sienna","marker_state":"completed","notes":"","point_id":1486,"queue_index":51,"source_asset":"point_1486_completed","source_labeler":"sienna","source_point_id":1486,"status":"completed","timestamp":"2026-04-14 00:40:23"}},{"type":"Feature","geometry":{"type":"Point","coordinates":[-75.82299694039374,39.299350134326644]},"id":"493_00000000000000000000","properties":{"labeler":"sienna","marker_state":"completed","notes":"","point_id":1492,"queue_index":6,"source_asset":"point_1492_completed","source_labeler":"sienna","source_point_id":1492,"status":"completed","timestamp":"2026-04-06 20:17:59"}},{"type":"Feature","geometry":{"type":"Point","coordinates":[-75.78467550320634,39.37658177296966]},"id":"494_00000000000000000000","properties":{"labeler":"sienna","marker_state":"completed","notes":"","point_id":1534,"queue_index":97,"source_asset":"point_1534_completed","source_labeler":"sienna","source_point_id":1534,"status":"completed","timestamp":"2026-06-12 01:22:01"}},{"type":"Feature","geometry":{"type":"Point","coordinates":[-75.64675372963603,38.41317287074249]},"id":"495_00000000000000000000","properties":{"labeler":"sienna","marker_state":"completed","notes":"","point_id":156,"queue_index":16,"source_asset":"point_156_completed","source_labeler":"sienna","source_point_id":156,"status":"completed","timestamp":"2026-04-06 20:55:50"}},{"type":"Feature","geometry":{"type":"Point","coordinates":[-75.5973615545486,38.4257843281151]},"id":"496_00000000000000000000","properties":{"labeler":"sienna","marker_state":"completed","notes":"","point_id":179,"queue_index":76,"source_asset":"point_179_completed","source_labeler":"sienna","source_point_id":179,"status":"completed","timestamp":"2026-06-12 01:08:21"}},{"type":"Feature","geometry":{"type":"Point","coordinates":[-75.29077395501304,38.43299012341496]},"id":"497_00000000000000000000","properties":{"labeler":"sienna","marker_state":"completed","notes":"","point_id":191,"queue_index":45,"source_asset":"point_191_completed","source_labeler":"sienna","source_point_id":191,"status":"completed","timestamp":"2026-04-14 00:08:57"}},{"type":"Feature","geometry":{"type":"Point","coordinates":[-75.66450581327399,38.031962986909534]},"id":"498_00000000000000000000","properties":{"labeler":"sienna","marker_state":"completed","notes":"","point_id":19,"queue_index":50,"source_asset":"point_19_completed","source_labeler":"sienna","source_point_id":19,"status":"completed","timestamp":"2026-04-14 00:39:39"}},{"type":"Feature","geometry":{"type":"Point","coordinates":[-75.26217443444172,38.43805730126227]},"id":"499_00000000000000000000","properties":{"labeler":"sienna","marker_state":"completed","notes":"","point_id":204,"queue_index":33,"source_asset":"point_204_completed","source_labeler":"sienna","source_point_id":204,"status":"completed","timestamp":"2026-04-08 16:29:47"}},{"type":"Feature","geometry":{"type":"Point","coordinates":[-75.29539331062912,38.44015940360931]},"id":"500_00000000000000000000","properties":{"labeler":"sienna","marker_state":"completed","notes":"","point_id":208,"queue_index":103,"source_asset":"point_208_completed","source_labeler":"sienna","source_point_id":208,"status":"completed","timestamp":"2026-06-12 01:27:11"}},{"type":"Feature","geometry":{"type":"Point","coordinates":[-75.26353956843754,38.44509181802165]},"id":"501_00000000000000000000","properties":{"labeler":"sienna","marker_state":"completed","notes":"","point_id":231,"queue_index":13,"source_asset":"point_231_completed","source_labeler":"sienna","source_point_id":231,"status":"completed","timestamp":"2026-04-06 20:51:15"}},{"type":"Feature","geometry":{"type":"Point","coordinates":[-75.60482761887187,38.44600233018446]},"id":"502_00000000000000000000","properties":{"labeler":"sienna","marker_state":"completed","notes":"","point_id":236,"queue_index":106,"source_asset":"point_236_completed","source_labeler":"sienna","source_point_id":236,"status":"completed","timestamp":"2026-06-12 01:32:02"}},{"type":"Feature","geometry":{"type":"Point","coordinates":[-75.60776476703631,38.0373514798517]},"id":"503_00000000000000000000","properties":{"labeler":"sienna","marker_state":"completed","notes":"","point_id":23,"queue_index":10,"source_asset":"point_23_completed","source_labeler":"sienna","source_point_id":23,"status":"completed","timestamp":"2026-04-06 20:41:04"}},{"type":"Feature","geometry":{"type":"Point","coordinates":[-75.78957487923311,38.45005914762809]},"id":"504_00000000000000000000","properties":{"labeler":"sienna","marker_state":"completed","notes":"","point_id":255,"queue_index":99,"source_asset":"point_255_completed","source_labeler":"sienna","source_point_id":255,"status":"completed","timestamp":"2026-06-12 01:23:53"}},{"type":"Feature","geometry":{"type":"Point","coordinates":[-75.82121724341,38.501215473424814]},"id":"505_00000000000000000000","properties":{"labeler":"sienna","marker_state":"completed","notes":"","point_id":293,"queue_index":68,"source_asset":"point_293_completed","source_labeler":"sienna","source_point_id":293,"status":"completed","timestamp":"2026-04-20 21:56:16"}},{"type":"Feature","geometry":{"type":"Point","coordinates":[-75.71015620549123,38.522019124761]},"id":"506_00000000000000000000","properties":{"labeler":"sienna","marker_state":"completed","notes":"","point_id":324,"queue_index":69,"source_asset":"point_324_completed","source_labeler":"sienna","source_point_id":324,"status":"completed","timestamp":"2026-04-20 22:25:53"}},{"type":"Feature","geometry":{"type":"Point","coordinates":[-75.83704238215309,38.523802600614204]},"id":"507_00000000000000000000","properties":{"labeler":"sienna","marker_state":"skipped","notes":"no truss","point_id":330,"queue_index":15,"source_asset":"point_330_skipped","source_labeler":"sienna","source_point_id":330,"status":"skipped","timestamp":"2026-04-06 20:54:34"}},{"type":"Feature","geometry":{"type":"Point","coordinates":[-75.4044574278996,38.07157430241439]},"id":"508_00000000000000000000","properties":{"labeler":"sienna","marker_state":"completed","notes":"","point_id":33,"queue_index":9,"source_asset":"point_33_completed","source_labeler":"sienna","source_point_id":33,"status":"completed","timestamp":"2026-04-06 20:22:24"}},{"type":"Feature","geometry":{"type":"Point","coordinates":[-75.80532821527896,38.52867477650853]},"id":"509_00000000000000000000","properties":{"labeler":"sienna","marker_state":"completed","notes":"","point_id":340,"queue_index":57,"source_asset":"point_340_completed","source_labeler":"sienna","source_point_id":340,"status":"completed","timestamp":"2026-04-20 21:23:12"}},{"type":"Feature","geometry":{"type":"Point","coordinates":[-75.78363072803178,38.54742447389845]},"id":"510_00000000000000000000","properties":{"labeler":"sienna","marker_state":"completed","notes":"","point_id":366,"queue_index":32,"source_asset":"point_366_completed","source_labeler":"sienna","source_point_id":366,"status":"completed","timestamp":"2026-04-08 16:26:40"}},{"type":"Feature","geometry":{"type":"Point","coordinates":[-75.56200830894406,38.11682270755874]},"id":"511_00000000000000000000","properties":{"labeler":"sienna","marker_state":"completed","notes":"","point_id":36,"queue_index":63,"source_asset":"point_36_completed","source_labeler":"sienna","source_point_id":36,"status":"completed","timestamp":"2026-04-20 21:27:34"}},{"type":"Feature","geometry":{"type":"Point","coordinates":[-75.78404722936274,38.559459052239646]},"id":"512_00000000000000000000","properties":{"labeler":"sienna","marker_state":"completed","notes":"","point_id":375,"queue_index":1,"source_asset":"point_375_completed","source_labeler":"sienna","source_point_id":375,"status":"completed","timestamp":"2026-04-06 20:07:44"}},{"type":"Feature","geometry":{"type":"Point","coordinates":[-75.78733467655171,38.56092055545176]},"id":"513_00000000000000000000","properties":{"labeler":"sienna","marker_state":"completed","notes":"","point_id":378,"queue_index":8,"source_asset":"point_378_completed","source_labeler":"sienna","source_point_id":378,"status":"completed","timestamp":"2026-04-06 20:20:21"}},{"type":"Feature","geometry":{"type":"Point","coordinates":[-75.79243100488515,38.56483881122063]},"id":"514_00000000000000000000","properties":{"labeler":"sienna","marker_state":"completed","notes":"","point_id":386,"queue_index":98,"source_asset":"point_386_completed","source_labeler":"sienna","source_point_id":386,"status":"completed","timestamp":"2026-06-12 01:22:45"}},{"type":"Feature","geometry":{"type":"Point","coordinates":[-75.72883705399215,38.58012333334452]},"id":"515_00000000000000000000","properties":{"labeler":"sienna","marker_state":"completed","notes":"","point_id":433,"queue_index":58,"source_asset":"point_433_completed","source_labeler":"sienna","source_point_id":433,"status":"completed","timestamp":"2026-04-20 21:23:44"}},{"type":"Feature","geometry":{"type":"Point","coordinates":[-75.72106031152298,38.58564314853064]},"id":"516_00000000000000000000","properties":{"labeler":"sienna","marker_state":"completed","notes":"","point_id":460,"queue_index":95,"source_asset":"point_460_completed","source_labeler":"sienna","source_point_id":460,"status":"completed","timestamp":"2026-06-12 01:20:41"}},{"type":"Feature","geometry":{"type":"Point","coordinates":[-75.40133686794374,38.19050491328628]},"id":"517_00000000000000000000","properties":{"labeler":"sienna","marker_state":"completed","notes":"","point_id":46,"queue_index":30,"source_asset":"point_46_completed","source_labeler":"sienna","source_point_id":46,"status":"completed","timestamp":"2026-04-08 16:24:35"}},{"type":"Feature","geometry":{"type":"Point","coordinates":[-75.78103845839627,38.594273238214036]},"id":"518_00000000000000000000","properties":{"labeler":"sienna","marker_state":"completed","notes":"","point_id":489,"queue_index":83,"source_asset":"point_489_completed","source_labeler":"sienna","source_point_id":489,"status":"completed","timestamp":"2026-06-12 01:12:19"}},{"type":"Feature","geometry":{"type":"Point","coordinates":[-75.82934785014861,38.59522947535205]},"id":"519_00000000000000000000","properties":{"labeler":"sienna","marker_state":"completed","notes":"","point_id":494,"queue_index":56,"source_asset":"point_494_completed","source_labeler":"sienna","source_point_id":494,"status":"completed","timestamp":"2026-04-14 00:47:13"}},{"type":"Feature","geometry":{"type":"Point","coordinates":[-75.90105389561853,38.60068718325326]},"id":"520_00000000000000000000","properties":{"labeler":"sienna","marker_state":"completed","notes":"","point_id":509,"queue_index":31,"source_asset":"point_509_completed","source_labeler":"sienna","source_point_id":509,"status":"completed","timestamp":"2026-04-08 16:25:45"}},{"type":"Feature","geometry":{"type":"Point","coordinates":[-75.82662674425661,38.601048971277294]},"id":"521_00000000000000000000","properties":{"labeler":"sienna","marker_state":"completed","notes":"","point_id":510,"queue_index":54,"source_asset":"point_510_completed","source_labeler":"sienna","source_point_id":510,"status":"completed","timestamp":"2026-04-14 00:45:14"}},{"type":"Feature","geometry":{"type":"Point","coordinates":[-75.7132679593998,38.60583509990465]},"id":"522_00000000000000000000","properties":{"labeler":"sienna","marker_state":"completed","notes":"","point_id":523,"queue_index":11,"source_asset":"point_523_completed","source_labeler":"sienna","source_point_id":523,"status":"completed","timestamp":"2026-04-06 20:42:14"}},{"type":"Feature","geometry":{"type":"Point","coordinates":[-75.72893453595314,38.608287174546085]},"id":"523_00000000000000000000","properties":{"labeler":"sienna","marker_state":"completed","notes":"","point_id":533,"queue_index":102,"source_asset":"point_533_completed","source_labeler":"sienna","source_point_id":533,"status":"completed","timestamp":"2026-06-12 01:26:40"}},{"type":"Feature","geometry":{"type":"Point","coordinates":[-75.88252586386274,38.61437433462742]},"id":"524_00000000000000000000","properties":{"labeler":"sienna","marker_state":"completed","notes":"","point_id":553,"queue_index":87,"source_asset":"point_553_completed","source_labeler":"sienna","source_point_id":553,"status":"completed","timestamp":"2026-06-12 01:15:01"}},{"type":"Feature","geometry":{"type":"Point","coordinates":[-75.77340918018666,38.61554811984506]},"id":"525_00000000000000000000","properties":{"labeler":"sienna","marker_state":"completed","notes":"","point_id":557,"queue_index":77,"source_asset":"point_557_completed","source_labeler":"sienna","source_point_id":557,"status":"completed","timestamp":"2026-06-12 01:08:45"}},{"type":"Feature","geometry":{"type":"Point","coordinates":[-75.71539520936571,38.620290929317825]},"id":"526_00000000000000000000","properties":{"labeler":"sienna","marker_state":"completed","notes":"","point_id":571,"queue_index":80,"source_asset":"point_571_completed","source_labeler":"sienna","source_point_id":571,"status":"completed","timestamp":"2026-06-12 01:10:26"}},{"type":"Feature","geometry":{"type":"Point","coordinates":[-75.8944403464357,38.620808589938214]},"id":"527_00000000000000000000","properties":{"labeler":"sienna","marker_state":"completed","notes":"","point_id":573,"queue_index":35,"source_asset":"point_573_completed","source_labeler":"sienna","source_point_id":573,"status":"completed","timestamp":"2026-04-14 00:00:04"}},{"type":"Feature","geometry":{"type":"Point","coordinates":[-75.90034277418698,38.625496181951576]},"id":"528_00000000000000000000","properties":{"labeler":"sienna","marker_state":"completed","notes":"","point_id":581,"queue_index":29,"source_asset":"point_581_completed","source_labeler":"sienna","source_point_id":581,"status":"completed","timestamp":"2026-04-08 16:23:25"}},{"type":"Feature","geometry":{"type":"Point","coordinates":[-75.89826619551704,38.628545851622576]},"id":"529_00000000000000000000","properties":{"labeler":"sienna","marker_state":"completed","notes":"","point_id":589,"queue_index":59,"source_asset":"point_589_completed","source_labeler":"sienna","source_point_id":589,"status":"completed","timestamp":"2026-04-20 21:24:16"}},{"type":"Feature","geometry":{"type":"Point","coordinates":[-75.23722812183992,38.28484242038142]},"id":"530_00000000000000000000","properties":{"labeler":"sienna","marker_state":"completed","notes":"","point_id":59,"queue_index":86,"source_asset":"point_59_completed","source_labeler":"sienna","source_point_id":59,"status":"completed","timestamp":"2026-06-12 01:14:18"}},{"type":"Feature","geometry":{"type":"Point","coordinates":[-75.89859963415897,38.64630859825846]},"id":"531_00000000000000000000","properties":{"labeler":"sienna","marker_state":"completed","notes":"","point_id":642,"queue_index":48,"source_asset":"point_642_completed","source_labeler":"sienna","source_point_id":642,"status":"completed","timestamp":"2026-04-14 00:11:13"}},{"type":"Feature","geometry":{"type":"Point","coordinates":[-75.86356443924515,38.64853536530281]},"id":"532_00000000000000000000","properties":{"labeler":"sienna","marker_state":"completed","notes":"","point_id":651,"queue_index":79,"source_asset":"point_651_completed","source_labeler":"sienna","source_point_id":651,"status":"completed","timestamp":"2026-06-12 01:10:01"}},{"type":"Feature","geometry":{"type":"Point","coordinates":[-75.76264663885449,38.649988469779146]},"id":"533_00000000000000000000","properties":{"labeler":"sienna","marker_state":"completed","notes":"","point_id":654,"queue_index":84,"source_asset":"point_654_completed","source_labeler":"sienna","source_point_id":654,"status":"completed","timestamp":"2026-06-12 01:12:52"}},{"type":"Feature","geometry":{"type":"Point","coordinates":[-75.73610361927595,38.29074476652666]},"id":"534_00000000000000000000","properties":{"labeler":"sienna","marker_state":"completed","notes":"","point_id":67,"queue_index":94,"source_asset":"point_67_completed","source_labeler":"sienna","source_point_id":67,"status":"completed","timestamp":"2026-06-12 01:20:01"}},{"type":"Feature","geometry":{"type":"Point","coordinates":[-75.92718235631706,38.65919709160705]},"id":"535_00000000000000000000","properties":{"labeler":"sienna","marker_state":"skipped","notes":"no truss","point_id":683,"queue_index":27,"source_asset":"point_683_skipped","source_labeler":"sienna","source_point_id":683,"status":"skipped","timestamp":"2026-04-08 16:20:39"}},{"type":"Feature","geometry":{"type":"Point","coordinates":[-75.73758897452336,38.67157309166794]},"id":"536_00000000000000000000","properties":{"labeler":"sienna","marker_state":"completed","notes":"","point_id":707,"queue_index":90,"source_asset":"point_707_completed","source_labeler":"sienna","source_point_id":707,"status":"completed","timestamp":"2026-06-12 01:17:21"}},{"type":"Feature","geometry":{"type":"Point","coordinates":[-75.8159299307818,38.6781597108198]},"id":"537_00000000000000000000","properties":{"labeler":"sienna","marker_state":"completed","notes":"","point_id":721,"queue_index":101,"source_asset":"point_721_completed","source_labeler":"sienna","source_point_id":721,"status":"completed","timestamp":"2026-06-12 01:25:18"}},{"type":"Feature","geometry":{"type":"Point","coordinates":[-75.71384291931275,38.68142986263705]},"id":"538_00000000000000000000","properties":{"labeler":"sienna","marker_state":"completed","notes":"","point_id":727,"queue_index":60,"source_asset":"point_727_completed","source_labeler":"sienna","source_point_id":727,"status":"completed","timestamp":"2026-04-20 21:25:21"}},{"type":"Feature","geometry":{"type":"Point","coordinates":[-75.88872664000456,38.68156848499542]},"id":"539_00000000000000000000","properties":{"labeler":"sienna","marker_state":"completed","notes":"","point_id":728,"queue_index":65,"source_asset":"point_728_completed","source_labeler":"sienna","source_point_id":728,"status":"completed","timestamp":"2026-04-20 21:29:20"}},{"type":"Feature","geometry":{"type":"Point","coordinates":[-75.72171672409998,38.68715127742373]},"id":"540_00000000000000000000","properties":{"labeler":"sienna","marker_state":"completed","notes":"","point_id":740,"queue_index":34,"source_asset":"point_740_completed","source_labeler":"sienna","source_point_id":740,"status":"completed","timestamp":"2026-04-13 23:58:28"}},{"type":"Feature","geometry":{"type":"Point","coordinates":[-75.96841109784647,38.70307178111223]},"id":"541_00000000000000000000","properties":{"labeler":"sienna","marker_state":"completed","notes":"","point_id":766,"queue_index":92,"source_asset":"point_766_completed","source_labeler":"sienna","source_point_id":766,"status":"completed","timestamp":"2026-06-12 01:18:40"}},{"type":"Feature","geometry":{"type":"Point","coordinates":[-75.89282519057771,38.71965346980786]},"id":"542_00000000000000000000","properties":{"labeler":"sienna","marker_state":"completed","notes":"","point_id":800,"queue_index":24,"source_asset":"point_800_completed","source_labeler":"sienna","source_point_id":800,"status":"completed","timestamp":"2026-04-07 22:24:35"}},{"type":"Feature","geometry":{"type":"Point","coordinates":[-75.90034512220161,38.745639669995334]},"id":"543_00000000000000000000","properties":{"labeler":"sienna","marker_state":"completed","notes":"","point_id":866,"queue_index":4,"source_asset":"point_866_completed","source_labeler":"sienna","source_point_id":866,"status":"completed","timestamp":"2026-04-06 20:14:21"}},{"type":"Feature","geometry":{"type":"Point","coordinates":[-75.92780276173687,38.74952213484316]},"id":"544_00000000000000000000","properties":{"labeler":"sienna","marker_state":"completed","notes":"","point_id":878,"queue_index":38,"source_asset":"point_878_completed","source_labeler":"sienna","source_point_id":878,"status":"completed","timestamp":"2026-04-14 00:02:23"}},{"type":"Feature","geometry":{"type":"Point","coordinates":[-75.90983075781807,38.749984280811]},"id":"545_00000000000000000000","properties":{"labeler":"sienna","marker_state":"completed","notes":"","point_id":880,"queue_index":75,"source_asset":"point_880_completed","source_labeler":"sienna","source_point_id":880,"status":"completed","timestamp":"2026-06-12 01:07:31"}},{"type":"Feature","geometry":{"type":"Point","coordinates":[-75.93922143193335,38.7537025691753]},"id":"546_00000000000000000000","properties":{"labeler":"sienna","marker_state":"completed","notes":"","point_id":888,"queue_index":89,"source_asset":"point_888_completed","source_labeler":"sienna","source_point_id":888,"status":"completed","timestamp":"2026-06-12 01:16:42"}},{"type":"Feature","geometry":{"type":"Point","coordinates":[-75.93615498212131,38.763717548925534]},"id":"547_00000000000000000000","properties":{"labeler":"sienna","marker_state":"completed","notes":"","point_id":900,"queue_index":104,"source_asset":"point_900_completed","source_labeler":"sienna","source_point_id":900,"status":"completed","timestamp":"2026-06-12 01:28:02"}},{"type":"Feature","geometry":{"type":"Point","coordinates":[-75.89783210203662,38.77628430077671]},"id":"548_00000000000000000000","properties":{"labeler":"sienna","marker_state":"completed","notes":"","point_id":926,"queue_index":41,"source_asset":"point_926_completed","source_labeler":"sienna","source_point_id":926,"status":"completed","timestamp":"2026-04-14 00:05:22"}},{"type":"Feature","geometry":{"type":"Point","coordinates":[-75.80429045085023,38.362998716596806]},"id":"549_00000000000000000000","properties":{"labeler":"sienna","marker_state":"completed","notes":"","point_id":92,"queue_index":3,"source_asset":"point_92_completed","source_labeler":"sienna","source_point_id":92,"status":"completed","timestamp":"2026-04-06 20:12:54"}},{"type":"Feature","geometry":{"type":"Point","coordinates":[-75.74983178761568,38.78025665392923]},"id":"550_00000000000000000000","properties":{"labeler":"sienna","marker_state":"skipped","notes":"no truss ","point_id":933,"queue_index":72,"source_asset":"point_933_skipped","source_labeler":"sienna","source_point_id":933,"status":"skipped","timestamp":"2026-06-12 01:05:43"}},{"type":"Feature","geometry":{"type":"Point","coordinates":[-75.93002854728874,38.78230742945117]},"id":"551_00000000000000000000","properties":{"labeler":"sienna","marker_state":"completed","notes":"","point_id":936,"queue_index":88,"source_asset":"point_936_completed","source_labeler":"sienna","source_point_id":936,"status":"completed","timestamp":"2026-06-12 01:15:46"}},{"type":"Feature","geometry":{"type":"Point","coordinates":[-75.90050444234164,38.7854315958686]},"id":"552_00000000000000000000","properties":{"labeler":"sienna","marker_state":"completed","notes":"","point_id":944,"queue_index":37,"source_asset":"point_944_completed","source_labeler":"sienna","source_point_id":944,"status":"completed","timestamp":"2026-04-14 00:01:33"}},{"type":"Feature","geometry":{"type":"Point","coordinates":[-75.788364290893,38.787746082034694]},"id":"553_00000000000000000000","properties":{"labeler":"sienna","marker_state":"completed","notes":"","point_id":950,"queue_index":105,"source_asset":"point_950_completed","source_labeler":"sienna","source_point_id":950,"status":"completed","timestamp":"2026-06-12 01:31:35"}},{"type":"Feature","geometry":{"type":"Point","coordinates":[-75.7519778837979,38.78817382366777]},"id":"554_00000000000000000000","properties":{"labeler":"sienna","marker_state":"completed","notes":"","point_id":951,"queue_index":49,"source_asset":"point_951_completed","source_labeler":"sienna","source_point_id":951,"status":"completed","timestamp":"2026-04-14 00:14:03"}},{"type":"Feature","geometry":{"type":"Point","coordinates":[-75.82337426306152,38.806710978345706]},"id":"555_00000000000000000000","properties":{"labeler":"sienna","marker_state":"completed","notes":"","point_id":974,"queue_index":74,"source_asset":"point_974_completed","source_labeler":"sienna","source_point_id":974,"status":"completed","timestamp":"2026-06-12 01:06:56"}},{"type":"Feature","geometry":{"type":"Point","coordinates":[-75.94813140712736,38.828493498357005]},"id":"556_00000000000000000000","properties":{"labeler":"sienna","marker_state":"completed","notes":"","point_id":986,"queue_index":66,"source_asset":"point_986_completed","source_labeler":"sienna","source_point_id":986,"status":"completed","timestamp":"2026-04-20 21:30:26"}},{"type":"Feature","geometry":{"type":"Point","coordinates":[-75.78046908894666,38.829098470784764]},"id":"557_00000000000000000000","properties":{"labeler":"sienna","marker_state":"completed","notes":"","point_id":987,"queue_index":19,"source_asset":"point_987_completed","source_labeler":"sienna","source_point_id":987,"status":"completed","timestamp":"2026-04-06 21:02:29"}},{"type":"Feature","geometry":{"type":"Point","coordinates":[-75.95723267234642,38.85063966125314]},"id":"558_00000000000000000000","properties":{"labeler":"taryn","marker_state":"completed","notes":"","point_id":1000,"queue_index":58,"source_asset":"point_1000_completed","source_labeler":"taryn","source_point_id":1000,"status":"completed","timestamp":"2026-04-29 02:29:10"}},{"type":"Feature","geometry":{"type":"Point","coordinates":[-75.95336952227576,38.854657640459294]},"id":"559_00000000000000000000","properties":{"labeler":"taryn","marker_state":"completed","notes":"","point_id":1007,"queue_index":77,"source_asset":"point_1007_completed","source_labeler":"taryn","source_point_id":1007,"status":"completed","timestamp":"2026-06-13 01:56:05"}},{"type":"Feature","geometry":{"type":"Point","coordinates":[-75.9739570321068,38.86222772590314]},"id":"560_00000000000000000000","properties":{"labeler":"taryn","marker_state":"completed","notes":"","point_id":1017,"queue_index":15,"source_asset":"point_1017_completed","source_labeler":"taryn","source_point_id":1017,"status":"completed","timestamp":"2026-04-07 05:49:01"}},{"type":"Feature","geometry":{"type":"Point","coordinates":[-76.00104694675866,38.883059803290095]},"id":"561_00000000000000000000","properties":{"labeler":"taryn","marker_state":"completed","notes":"","point_id":1042,"queue_index":65,"source_asset":"point_1042_completed","source_labeler":"taryn","source_point_id":1042,"status":"completed","timestamp":"2026-04-29 02:36:39"}},{"type":"Feature","geometry":{"type":"Point","coordinates":[-76.0253985846362,38.90900912711408]},"id":"562_00000000000000000000","properties":{"labeler":"taryn","marker_state":"completed","notes":"","point_id":1072,"queue_index":61,"source_asset":"point_1072_completed","source_labeler":"taryn","source_point_id":1072,"status":"completed","timestamp":"2026-04-29 02:31:28"}},{"type":"Feature","geometry":{"type":"Point","coordinates":[-76.03522763764046,38.92845333730945]},"id":"563_00000000000000000000","properties":{"labeler":"taryn","marker_state":"completed","notes":"","point_id":1109,"queue_index":41,"source_asset":"point_1109_completed","source_labeler":"taryn","source_point_id":1109,"status":"completed","timestamp":"2026-04-09 05:34:34"}},{"type":"Feature","geometry":{"type":"Point","coordinates":[-75.64999966510983,38.37838212439336]},"id":"564_00000000000000000000","properties":{"labeler":"taryn","marker_state":"completed","notes":"","point_id":110,"queue_index":62,"source_asset":"point_110_completed","source_labeler":"taryn","source_point_id":110,"status":"completed","timestamp":"2026-04-29 02:32:10"}},{"type":"Feature","geometry":{"type":"Point","coordinates":[-75.8501579636532,38.930420958543564]},"id":"565_00000000000000000000","properties":{"labeler":"taryn","marker_state":"completed","notes":"","point_id":1115,"queue_index":29,"source_asset":"point_1115_completed","source_labeler":"taryn","source_point_id":1115,"status":"completed","timestamp":"2026-04-07 15:54:33"}},{"type":"Feature","geometry":{"type":"Point","coordinates":[-75.93877418282726,38.93136744241407]},"id":"566_00000000000000000000","properties":{"labeler":"taryn","marker_state":"completed","notes":"","point_id":1118,"queue_index":36,"source_asset":"point_1118_completed","source_labeler":"taryn","source_point_id":1118,"status":"completed","timestamp":"2026-04-07 22:13:13"}},{"type":"Feature","geometry":{"type":"Point","coordinates":[-75.91243161857332,38.946300697560226]},"id":"567_00000000000000000000","properties":{"labeler":"taryn","marker_state":"completed","notes":"","point_id":1137,"queue_index":67,"source_asset":"point_1137_completed","source_labeler":"taryn","source_point_id":1137,"status":"completed","timestamp":"2026-04-29 03:01:47"}},{"type":"Feature","geometry":{"type":"Point","coordinates":[-76.04004810225645,38.95379118560937]},"id":"568_00000000000000000000","properties":{"labeler":"taryn","marker_state":"completed","notes":"","point_id":1144,"queue_index":64,"source_asset":"point_1144_completed","source_labeler":"taryn","source_point_id":1144,"status":"completed","timestamp":"2026-04-29 02:34:36"}},{"type":"Feature","geometry":{"type":"Point","coordinates":[-75.89593272368731,38.96709796933717]},"id":"569_00000000000000000000","properties":{"labeler":"taryn","marker_state":"completed","notes":"","point_id":1155,"queue_index":91,"source_asset":"point_1155_completed","source_labeler":"taryn","source_point_id":1155,"status":"completed","timestamp":"2026-06-13 02:12:46"}},{"type":"Feature","geometry":{"type":"Point","coordinates":[-75.85769542648701,38.967842419130754]},"id":"570_00000000000000000000","properties":{"labeler":"taryn","marker_state":"completed","notes":"","point_id":1158,"queue_index":98,"source_asset":"point_1158_completed","source_labeler":"taryn","source_point_id":1158,"status":"completed","timestamp":"2026-06-13 02:21:02"}},{"type":"Feature","geometry":{"type":"Point","coordinates":[-75.86645828699321,38.97388658048697]},"id":"571_00000000000000000000","properties":{"labeler":"taryn","marker_state":"completed","notes":"","point_id":1170,"queue_index":3,"source_asset":"point_1170_completed","source_labeler":"taryn","source_point_id":1170,"status":"completed","timestamp":"2026-04-07 05:23:05"}},{"type":"Feature","geometry":{"type":"Point","coordinates":[-75.96386045009311,38.98312662273762]},"id":"572_00000000000000000000","properties":{"labeler":"taryn","marker_state":"completed","notes":"","point_id":1179,"queue_index":99,"source_asset":"point_1179_completed","source_labeler":"taryn","source_point_id":1179,"status":"completed","timestamp":"2026-06-13 02:22:30"}},{"type":"Feature","geometry":{"type":"Point","coordinates":[-75.85027386902468,38.98514907777507]},"id":"573_00000000000000000000","properties":{"labeler":"taryn","marker_state":"completed","notes":"","point_id":1185,"queue_index":53,"source_asset":"point_1185_completed","source_labeler":"taryn","source_point_id":1185,"status":"completed","timestamp":"2026-04-28 18:03:31"}},{"type":"Feature","geometry":{"type":"Point","coordinates":[-75.85973919826986,39.00008600781021]},"id":"574_00000000000000000000","properties":{"labeler":"taryn","marker_state":"completed","notes":"","point_id":1216,"queue_index":70,"source_asset":"point_1216_completed","source_labeler":"taryn","source_point_id":1216,"status":"completed","timestamp":"2026-04-29 03:07:17"}},{"type":"Feature","geometry":{"type":"Point","coordinates":[-75.88952018574578,39.0073917082914]},"id":"575_00000000000000000000","properties":{"labeler":"taryn","marker_state":"completed","notes":"","point_id":1229,"queue_index":68,"source_asset":"point_1229_completed","source_labeler":"taryn","source_point_id":1229,"status":"completed","timestamp":"2026-04-29 03:03:41"}},{"type":"Feature","geometry":{"type":"Point","coordinates":[-75.8388417443285,39.01670055765951]},"id":"576_00000000000000000000","properties":{"labeler":"taryn","marker_state":"completed","notes":"","point_id":1239,"queue_index":1,"source_asset":"point_1239_completed","source_labeler":"taryn","source_point_id":1239,"status":"completed","timestamp":"2026-04-07 05:20:04"}},{"type":"Feature","geometry":{"type":"Point","coordinates":[-76.01546096706642,39.0224985841188]},"id":"577_00000000000000000000","properties":{"labeler":"taryn","marker_state":"completed","notes":"","point_id":1248,"queue_index":95,"source_asset":"point_1248_completed","source_labeler":"taryn","source_point_id":1248,"status":"completed","timestamp":"2026-06-13 02:16:59"}},{"type":"Feature","geometry":{"type":"Point","coordinates":[-75.76758216409213,39.03512491954298]},"id":"578_00000000000000000000","properties":{"labeler":"taryn","marker_state":"completed","notes":"","point_id":1263,"queue_index":22,"source_asset":"point_1263_completed","source_labeler":"taryn","source_point_id":1263,"status":"completed","timestamp":"2026-04-07 14:51:11"}},{"type":"Feature","geometry":{"type":"Point","coordinates":[-75.88402316944234,39.03592539127457]},"id":"579_00000000000000000000","properties":{"labeler":"taryn","marker_state":"completed","notes":"","point_id":1265,"queue_index":52,"source_asset":"point_1265_completed","source_labeler":"taryn","source_point_id":1265,"status":"completed","timestamp":"2026-04-28 18:02:27"}},{"type":"Feature","geometry":{"type":"Point","coordinates":[-75.88974057006382,39.05389901433155]},"id":"580_00000000000000000000","properties":{"labeler":"taryn","marker_state":"completed","notes":"","point_id":1297,"queue_index":20,"source_asset":"point_1297_completed","source_labeler":"taryn","source_point_id":1297,"status":"completed","timestamp":"2026-04-07 14:01:43"}},{"type":"Feature","geometry":{"type":"Point","coordinates":[-75.92979960467576,39.08180686037965]},"id":"581_00000000000000000000","properties":{"labeler":"taryn","marker_state":"completed","notes":"","point_id":1315,"queue_index":92,"source_asset":"point_1315_completed","source_labeler":"taryn","source_point_id":1315,"status":"completed","timestamp":"2026-06-13 02:14:21"}},{"type":"Feature","geometry":{"type":"Point","coordinates":[-75.9630107543044,39.083001189172286]},"id":"582_00000000000000000000","properties":{"labeler":"taryn","marker_state":"completed","notes":"","point_id":1317,"queue_index":23,"source_asset":"point_1317_completed","source_labeler":"taryn","source_point_id":1317,"status":"completed","timestamp":"2026-04-07 14:56:02"}},{"type":"Feature","geometry":{"type":"Point","coordinates":[-75.91106470596495,39.093255241878346]},"id":"583_00000000000000000000","properties":{"labeler":"taryn","marker_state":"completed","notes":"","point_id":1324,"queue_index":51,"source_asset":"point_1324_completed","source_labeler":"taryn","source_point_id":1324,"status":"completed","timestamp":"2026-04-21 19:24:25"}},{"type":"Feature","geometry":{"type":"Point","coordinates":[-75.98940055488949,39.13107357593261]},"id":"584_00000000000000000000","properties":{"labeler":"taryn","marker_state":"completed","notes":"","point_id":1341,"queue_index":63,"source_asset":"point_1341_completed","source_labeler":"taryn","source_point_id":1341,"status":"completed","timestamp":"2026-04-29 02:33:32"}},{"type":"Feature","geometry":{"type":"Point","coordinates":[-76.05998799839176,39.16278277127035]},"id":"585_00000000000000000000","properties":{"labeler":"taryn","marker_state":"completed","notes":"","point_id":1362,"queue_index":90,"source_asset":"point_1362_completed","source_labeler":"taryn","source_point_id":1362,"status":"completed","timestamp":"2026-06-13 02:11:52"}},{"type":"Feature","geometry":{"type":"Point","coordinates":[-75.97622516743166,39.18144142158163]},"id":"586_00000000000000000000","properties":{"labeler":"taryn","marker_state":"completed","notes":"","point_id":1373,"queue_index":19,"source_asset":"point_1373_completed","source_labeler":"taryn","source_point_id":1373,"status":"completed","timestamp":"2026-04-07 05:54:20"}},{"type":"Feature","geometry":{"type":"Point","coordinates":[-75.8385862221813,39.18186123450357]},"id":"587_00000000000000000000","properties":{"labeler":"taryn","marker_state":"completed","notes":"","point_id":1374,"queue_index":100,"source_asset":"point_1374_completed","source_labeler":"taryn","source_point_id":1374,"status":"completed","timestamp":"2026-06-13 02:25:03"}},{"type":"Feature","geometry":{"type":"Point","coordinates":[-75.9580099657316,39.18289904956752]},"id":"588_00000000000000000000","properties":{"labeler":"taryn","marker_state":"completed","notes":"","point_id":1375,"queue_index":43,"source_asset":"point_1375_completed","source_labeler":"taryn","source_point_id":1375,"status":"completed","timestamp":"2026-04-09 05:36:26"}},{"type":"Feature","geometry":{"type":"Point","coordinates":[-75.95264776748125,39.20998457502588]},"id":"589_00000000000000000000","properties":{"labeler":"taryn","marker_state":"completed","notes":"","point_id":1401,"queue_index":17,"source_asset":"point_1401_completed","source_labeler":"taryn","source_point_id":1401,"status":"completed","timestamp":"2026-04-07 05:51:08"}},{"type":"Feature","geometry":{"type":"Point","coordinates":[-75.89104301451381,39.21000987808439]},"id":"590_00000000000000000000","properties":{"labeler":"taryn","marker_state":"completed","notes":"","point_id":1402,"queue_index":56,"source_asset":"point_1402_completed","source_labeler":"taryn","source_point_id":1402,"status":"completed","timestamp":"2026-04-28 18:05:06"}},{"type":"Feature","geometry":{"type":"Point","coordinates":[-75.76081906123783,39.21308559001813]},"id":"591_00000000000000000000","properties":{"labeler":"taryn","marker_state":"completed","notes":"","point_id":1408,"queue_index":88,"source_asset":"point_1408_completed","source_labeler":"taryn","source_point_id":1408,"status":"completed","timestamp":"2026-06-13 02:09:31"}},{"type":"Feature","geometry":{"type":"Point","coordinates":[-76.00903022504147,39.218689469738436]},"id":"592_00000000000000000000","properties":{"labeler":"taryn","marker_state":"completed","notes":"","point_id":1412,"queue_index":59,"source_asset":"point_1412_completed","source_labeler":"taryn","source_point_id":1412,"status":"completed","timestamp":"2026-04-29 02:30:04"}},{"type":"Feature","geometry":{"type":"Point","coordinates":[-75.840723788736,39.22117099633543]},"id":"593_00000000000000000000","properties":{"labeler":"taryn","marker_state":"completed","notes":"","point_id":1417,"queue_index":79,"source_asset":"point_1417_completed","source_labeler":"taryn","source_point_id":1417,"status":"completed","timestamp":"2026-06-13 01:58:39"}},{"type":"Feature","geometry":{"type":"Point","coordinates":[-75.91788038746027,39.22881157415894]},"id":"594_00000000000000000000","properties":{"labeler":"taryn","marker_state":"completed","notes":"","point_id":1428,"queue_index":85,"source_asset":"point_1428_completed","source_labeler":"taryn","source_point_id":1428,"status":"completed","timestamp":"2026-06-13 02:05:48"}},{"type":"Feature","geometry":{"type":"Point","coordinates":[-75.82777648731444,39.23028327730175]},"id":"595_00000000000000000000","properties":{"labeler":"taryn","marker_state":"completed","notes":"","point_id":1429,"queue_index":6,"source_asset":"point_1429_completed","source_labeler":"taryn","source_point_id":1429,"status":"completed","timestamp":"2026-04-07 05:25:47"}},{"type":"Feature","geometry":{"type":"Point","coordinates":[-75.34546633684437,38.4085651560381]},"id":"596_00000000000000000000","properties":{"labeler":"taryn","marker_state":"completed","notes":"","point_id":143,"queue_index":83,"source_asset":"point_143_completed","source_labeler":"taryn","source_point_id":143,"status":"completed","timestamp":"2026-06-13 02:03:45"}},{"type":"Feature","geometry":{"type":"Point","coordinates":[-75.91603825529447,39.29863915596384]},"id":"597_00000000000000000000","properties":{"labeler":"taryn","marker_state":"completed","notes":"","point_id":1489,"queue_index":31,"source_asset":"point_1489_completed","source_labeler":"taryn","source_point_id":1489,"status":"completed","timestamp":"2026-04-07 15:59:05"}},{"type":"Feature","geometry":{"type":"Point","coordinates":[-75.81708870163263,39.301880953440126]},"id":"598_00000000000000000000","properties":{"labeler":"taryn","marker_state":"completed","notes":"","point_id":1495,"queue_index":96,"source_asset":"point_1495_completed","source_labeler":"taryn","source_point_id":1495,"status":"completed","timestamp":"2026-06-13 02:18:02"}},{"type":"Feature","geometry":{"type":"Point","coordinates":[-75.80296814751343,39.31556993498607]},"id":"599_00000000000000000000","properties":{"labeler":"taryn","marker_state":"completed","notes":"no truss","point_id":1505,"queue_index":10,"source_asset":"point_1505_completed","source_labeler":"taryn","source_point_id":1505,"status":"completed","timestamp":"2026-04-07 05:43:28"}},{"type":"Feature","geometry":{"type":"Point","coordinates":[-75.908692431036,39.35558817500663]},"id":"600_00000000000000000000","properties":{"labeler":"taryn","marker_state":"completed","notes":"","point_id":1531,"queue_index":34,"source_asset":"point_1531_completed","source_labeler":"taryn","source_point_id":1531,"status":"completed","timestamp":"2026-04-07 16:17:44"}},{"type":"Feature","geometry":{"type":"Point","coordinates":[-75.86349294303481,39.50701187845127]},"id":"601_00000000000000000000","properties":{"labeler":"taryn","marker_state":"completed","notes":"","point_id":1536,"queue_index":12,"source_asset":"point_1536_completed","source_labeler":"taryn","source_point_id":1536,"status":"completed","timestamp":"2026-04-07 05:45:47"}},{"type":"Feature","geometry":{"type":"Point","coordinates":[-75.3506542333179,38.41289650227311]},"id":"602_00000000000000000000","properties":{"labeler":"taryn","marker_state":"completed","notes":"","point_id":153,"queue_index":75,"source_asset":"point_153_completed","source_labeler":"taryn","source_point_id":153,"status":"completed","timestamp":"2026-04-29 03:14:04"}},{"type":"Feature","geometry":{"type":"Point","coordinates":[-75.66349973774184,38.41500964341064]},"id":"603_00000000000000000000","properties":{"labeler":"taryn","marker_state":"completed","notes":"","point_id":157,"queue_index":55,"source_asset":"point_157_completed","source_labeler":"taryn","source_point_id":157,"status":"completed","timestamp":"2026-04-28 18:04:24"}},{"type":"Feature","geometry":{"type":"Point","coordinates":[-75.30625801321364,38.42148728201863]},"id":"604_00000000000000000000","properties":{"labeler":"taryn","marker_state":"completed","notes":"","point_id":170,"queue_index":33,"source_asset":"point_170_completed","source_labeler":"taryn","source_point_id":170,"status":"completed","timestamp":"2026-04-07 16:07:14"}},{"type":"Feature","geometry":{"type":"Point","coordinates":[-75.63717447217293,38.42490175488867]},"id":"605_00000000000000000000","properties":{"labeler":"taryn","marker_state":"completed","notes":"","point_id":176,"queue_index":0,"source_asset":"point_176_completed","source_labeler":"taryn","source_point_id":176,"status":"completed","timestamp":"2026-04-07 05:12:38"}},{"type":"Feature","geometry":{"type":"Point","coordinates":[-75.54795922219556,38.00278725018022]},"id":"606_00000000000000000000","properties":{"labeler":"taryn","marker_state":"completed","notes":"","point_id":1,"queue_index":24,"source_asset":"point_1_completed","source_labeler":"taryn","source_point_id":1,"status":"completed","timestamp":"2026-04-07 15:39:19"}},{"type":"Feature","geometry":{"type":"Point","coordinates":[-75.77161706311486,38.43864192462125]},"id":"607_00000000000000000000","properties":{"labeler":"taryn","marker_state":"completed","notes":"","point_id":206,"queue_index":25,"source_asset":"point_206_completed","source_labeler":"taryn","source_point_id":206,"status":"completed","timestamp":"2026-04-07 15:41:59"}},{"type":"Feature","geometry":{"type":"Point","coordinates":[-75.59049312543492,38.44378083645422]},"id":"608_00000000000000000000","properties":{"labeler":"taryn","marker_state":"completed","notes":"","point_id":226,"queue_index":16,"source_asset":"point_226_completed","source_labeler":"taryn","source_point_id":226,"status":"completed","timestamp":"2026-04-07 05:50:11"}},{"type":"Feature","geometry":{"type":"Point","coordinates":[-75.58698440221363,38.44732404532673]},"id":"609_00000000000000000000","properties":{"labeler":"taryn","marker_state":"completed","notes":"","point_id":241,"queue_index":18,"source_asset":"point_241_completed","source_labeler":"taryn","source_point_id":241,"status":"completed","timestamp":"2026-04-07 05:53:37"}},{"type":"Feature","geometry":{"type":"Point","coordinates":[-75.88183328583014,38.51644885376555]},"id":"610_00000000000000000000","properties":{"labeler":"taryn","marker_state":"completed","notes":"","point_id":309,"queue_index":93,"source_asset":"point_309_completed","source_labeler":"taryn","source_point_id":309,"status":"completed","timestamp":"2026-06-13 02:15:04"}},{"type":"Feature","geometry":{"type":"Point","coordinates":[-75.39977314620714,38.05639809200862]},"id":"611_00000000000000000000","properties":{"labeler":"taryn","marker_state":"completed","notes":"","point_id":30,"queue_index":87,"source_asset":"point_30_completed","source_labeler":"taryn","source_point_id":30,"status":"completed","timestamp":"2026-06-13 02:07:56"}},{"type":"Feature","geometry":{"type":"Point","coordinates":[-75.80092968443476,38.52043604879377]},"id":"612_00000000000000000000","properties":{"labeler":"taryn","marker_state":"completed","notes":"","point_id":316,"queue_index":13,"source_asset":"point_316_completed","source_labeler":"taryn","source_point_id":316,"status":"completed","timestamp":"2026-04-07 05:46:48"}},{"type":"Feature","geometry":{"type":"Point","coordinates":[-75.85646594954488,38.529003788091245]},"id":"613_00000000000000000000","properties":{"labeler":"taryn","marker_state":"completed","notes":"","point_id":342,"queue_index":82,"source_asset":"point_342_completed","source_labeler":"taryn","source_point_id":342,"status":"completed","timestamp":"2026-06-13 02:02:46"}},{"type":"Feature","geometry":{"type":"Point","coordinates":[-75.70741583086223,38.53567310060708]},"id":"614_00000000000000000000","properties":{"labeler":"taryn","marker_state":"completed","notes":"","point_id":357,"queue_index":42,"source_asset":"point_357_completed","source_labeler":"taryn","source_point_id":357,"status":"completed","timestamp":"2026-04-09 05:35:20"}},{"type":"Feature","geometry":{"type":"Point","coordinates":[-75.86135632217922,38.538869899325675]},"id":"615_00000000000000000000","properties":{"labeler":"taryn","marker_state":"completed","notes":"","point_id":360,"queue_index":39,"source_asset":"point_360_completed","source_labeler":"taryn","source_point_id":360,"status":"completed","timestamp":"2026-04-07 22:17:25"}},{"type":"Feature","geometry":{"type":"Point","coordinates":[-75.79063452577499,38.549819696872206]},"id":"616_00000000000000000000","properties":{"labeler":"taryn","marker_state":"completed","notes":"","point_id":368,"queue_index":101,"source_asset":"point_368_completed","source_labeler":"taryn","source_point_id":368,"status":"completed","timestamp":"2026-06-13 02:25:35"}},{"type":"Feature","geometry":{"type":"Point","coordinates":[-75.79466473912017,38.56122287254897]},"id":"617_00000000000000000000","properties":{"labeler":"taryn","marker_state":"completed","notes":"","point_id":379,"queue_index":27,"source_asset":"point_379_completed","source_labeler":"taryn","source_point_id":379,"status":"completed","timestamp":"2026-04-07 15:46:23"}},{"type":"Feature","geometry":{"type":"Point","coordinates":[-75.78654589215743,38.5646704954324]},"id":"618_00000000000000000000","properties":{"labeler":"taryn","marker_state":"completed","notes":"","point_id":385,"queue_index":49,"source_asset":"point_385_completed","source_labeler":"taryn","source_point_id":385,"status":"completed","timestamp":"2026-04-21 00:27:55"}},{"type":"Feature","geometry":{"type":"Point","coordinates":[-75.72150446712592,38.57174693188808]},"id":"619_00000000000000000000","properties":{"labeler":"taryn","marker_state":"completed","notes":"","point_id":403,"queue_index":81,"source_asset":"point_403_completed","source_labeler":"taryn","source_point_id":403,"status":"completed","timestamp":"2026-06-13 02:01:08"}},{"type":"Feature","geometry":{"type":"Point","coordinates":[-75.73618790300739,38.57829348980644]},"id":"620_00000000000000000000","properties":{"labeler":"taryn","marker_state":"completed","notes":"","point_id":428,"queue_index":72,"source_asset":"point_428_completed","source_labeler":"taryn","source_point_id":428,"status":"completed","timestamp":"2026-04-29 03:09:08"}},{"type":"Feature","geometry":{"type":"Point","coordinates":[-75.80595699957072,38.58075122717801]},"id":"621_00000000000000000000","properties":{"labeler":"taryn","marker_state":"completed","notes":"","point_id":436,"queue_index":97,"source_asset":"point_436_completed","source_labeler":"taryn","source_point_id":436,"status":"completed","timestamp":"2026-06-13 02:19:03"}},{"type":"Feature","geometry":{"type":"Point","coordinates":[-75.84897827397224,38.59202440170701]},"id":"622_00000000000000000000","properties":{"labeler":"taryn","marker_state":"completed","notes":"","point_id":480,"queue_index":94,"source_asset":"point_480_completed","source_labeler":"taryn","source_point_id":480,"status":"completed","timestamp":"2026-06-13 02:16:11"}},{"type":"Feature","geometry":{"type":"Point","coordinates":[-75.86950826114084,38.59862854060221]},"id":"623_00000000000000000000","properties":{"labeler":"taryn","marker_state":"completed","notes":"","point_id":504,"queue_index":76,"source_asset":"point_504_completed","source_labeler":"taryn","source_point_id":504,"status":"completed","timestamp":"2026-06-13 01:55:02"}},{"type":"Feature","geometry":{"type":"Point","coordinates":[-75.93787789775644,38.60144947052113]},"id":"624_00000000000000000000","properties":{"labeler":"taryn","marker_state":"completed","notes":"","point_id":512,"queue_index":45,"source_asset":"point_512_completed","source_labeler":"taryn","source_point_id":512,"status":"completed","timestamp":"2026-04-21 00:24:23"}},{"type":"Feature","geometry":{"type":"Point","coordinates":[-75.91609838598009,38.60547381767879]},"id":"625_00000000000000000000","properties":{"labeler":"taryn","marker_state":"completed","notes":"","point_id":521,"queue_index":48,"source_asset":"point_521_completed","source_labeler":"taryn","source_point_id":521,"status":"completed","timestamp":"2026-04-21 00:26:53"}},{"type":"Feature","geometry":{"type":"Point","coordinates":[-75.8300172960072,38.607586090567274]},"id":"626_00000000000000000000","properties":{"labeler":"taryn","marker_state":"completed","notes":"","point_id":528,"queue_index":28,"source_asset":"point_528_completed","source_labeler":"taryn","source_point_id":528,"status":"completed","timestamp":"2026-04-07 15:52:14"}},{"type":"Feature","geometry":{"type":"Point","coordinates":[-75.71563264823708,38.60815291678926]},"id":"627_00000000000000000000","properties":{"labeler":"taryn","marker_state":"completed","notes":"","point_id":532,"queue_index":50,"source_asset":"point_532_completed","source_labeler":"taryn","source_point_id":532,"status":"completed","timestamp":"2026-04-21 00:28:51"}},{"type":"Feature","geometry":{"type":"Point","coordinates":[-75.86366762394454,38.60889810182305]},"id":"628_00000000000000000000","properties":{"labeler":"taryn","marker_state":"completed","notes":"","point_id":534,"queue_index":30,"source_asset":"point_534_completed","source_labeler":"taryn","source_point_id":534,"status":"completed","timestamp":"2026-04-07 15:55:50"}},{"type":"Feature","geometry":{"type":"Point","coordinates":[-75.85513116102238,38.609839453345366]},"id":"629_00000000000000000000","properties":{"labeler":"taryn","marker_state":"completed","notes":"","point_id":540,"queue_index":84,"source_asset":"point_540_completed","source_labeler":"taryn","source_point_id":540,"status":"completed","timestamp":"2026-06-13 02:04:32"}},{"type":"Feature","geometry":{"type":"Point","coordinates":[-75.77821330712936,38.61462110898244]},"id":"630_00000000000000000000","properties":{"labeler":"taryn","marker_state":"completed","notes":"","point_id":555,"queue_index":89,"source_asset":"point_555_completed","source_labeler":"taryn","source_point_id":555,"status":"completed","timestamp":"2026-06-13 02:10:23"}},{"type":"Feature","geometry":{"type":"Point","coordinates":[-75.89284486260692,38.63945625713435]},"id":"631_00000000000000000000","properties":{"labeler":"taryn","marker_state":"completed","notes":"","point_id":616,"queue_index":60,"source_asset":"point_616_completed","source_labeler":"taryn","source_point_id":616,"status":"completed","timestamp":"2026-04-29 02:30:55"}},{"type":"Feature","geometry":{"type":"Point","coordinates":[-75.9138238290883,38.641253023182266]},"id":"632_00000000000000000000","properties":{"labeler":"taryn","marker_state":"completed","notes":"","point_id":625,"queue_index":40,"source_asset":"point_625_completed","source_labeler":"taryn","source_point_id":625,"status":"completed","timestamp":"2026-04-09 05:33:47"}},{"type":"Feature","geometry":{"type":"Point","coordinates":[-75.8582025341374,38.64152294310788]},"id":"633_00000000000000000000","properties":{"labeler":"taryn","marker_state":"completed","notes":"","point_id":626,"queue_index":26,"source_asset":"point_626_completed","source_labeler":"taryn","source_point_id":626,"status":"completed","timestamp":"2026-04-07 15:44:03"}},{"type":"Feature","geometry":{"type":"Point","coordinates":[-75.87040966279642,38.644281272765475]},"id":"634_00000000000000000000","properties":{"labeler":"taryn","marker_state":"completed","notes":"","point_id":637,"queue_index":11,"source_asset":"point_637_completed","source_labeler":"taryn","source_point_id":637,"status":"completed","timestamp":"2026-04-07 05:44:24"}},{"type":"Feature","geometry":{"type":"Point","coordinates":[-75.81554110217513,38.646638968831354]},"id":"635_00000000000000000000","properties":{"labeler":"taryn","marker_state":"completed","notes":"","point_id":643,"queue_index":47,"source_asset":"point_643_completed","source_labeler":"taryn","source_point_id":643,"status":"completed","timestamp":"2026-04-21 00:26:20"}},{"type":"Feature","geometry":{"type":"Point","coordinates":[-75.72629547507783,38.64713675337419]},"id":"636_00000000000000000000","properties":{"labeler":"taryn","marker_state":"completed","notes":"","point_id":646,"queue_index":78,"source_asset":"point_646_completed","source_labeler":"taryn","source_point_id":646,"status":"completed","timestamp":"2026-06-13 01:57:59"}},{"type":"Feature","geometry":{"type":"Point","coordinates":[-75.74930144362122,38.64991968095706]},"id":"637_00000000000000000000","properties":{"labeler":"taryn","marker_state":"completed","notes":"","point_id":653,"queue_index":80,"source_asset":"point_653_completed","source_labeler":"taryn","source_point_id":653,"status":"completed","timestamp":"2026-06-13 02:00:01"}},{"type":"Feature","geometry":{"type":"Point","coordinates":[-75.87355776086714,38.65014470337658]},"id":"638_00000000000000000000","properties":{"labeler":"taryn","marker_state":"completed","notes":"","point_id":656,"queue_index":86,"source_asset":"point_656_completed","source_labeler":"taryn","source_point_id":656,"status":"completed","timestamp":"2026-06-13 02:06:25"}},{"type":"Feature","geometry":{"type":"Point","coordinates":[-75.83270786829209,38.65111928038586]},"id":"639_00000000000000000000","properties":{"labeler":"taryn","marker_state":"completed","notes":"","point_id":660,"queue_index":4,"source_asset":"point_660_completed","source_labeler":"taryn","source_point_id":660,"status":"completed","timestamp":"2026-04-07 05:23:58"}},{"type":"Feature","geometry":{"type":"Point","coordinates":[-75.9142063999117,38.6511773117733]},"id":"640_00000000000000000000","properties":{"labeler":"taryn","marker_state":"completed","notes":"","point_id":661,"queue_index":73,"source_asset":"point_661_completed","source_labeler":"taryn","source_point_id":661,"status":"completed","timestamp":"2026-04-29 03:10:42"}},{"type":"Feature","geometry":{"type":"Point","coordinates":[-75.85577164389481,38.66230141083633]},"id":"641_00000000000000000000","properties":{"labeler":"taryn","marker_state":"completed","notes":"","point_id":690,"queue_index":74,"source_asset":"point_690_completed","source_labeler":"taryn","source_point_id":690,"status":"completed","timestamp":"2026-04-29 03:13:29"}},{"type":"Feature","geometry":{"type":"Point","coordinates":[-75.98654250675298,38.67784998589818]},"id":"642_00000000000000000000","properties":{"labeler":"taryn","marker_state":"skipped","notes":"no truss","point_id":720,"queue_index":2,"source_asset":"point_720_skipped","source_labeler":"taryn","source_point_id":720,"status":"skipped","timestamp":"2026-04-07 05:21:45"}},{"type":"Feature","geometry":{"type":"Point","coordinates":[-75.86534057494559,38.7120906880261]},"id":"643_00000000000000000000","properties":{"labeler":"taryn","marker_state":"completed","notes":"","point_id":784,"queue_index":37,"source_asset":"point_784_completed","source_labeler":"taryn","source_point_id":784,"status":"completed","timestamp":"2026-04-07 22:15:38"}},{"type":"Feature","geometry":{"type":"Point","coordinates":[-75.92265444734036,38.71452246581226]},"id":"644_00000000000000000000","properties":{"labeler":"taryn","marker_state":"completed","notes":"","point_id":788,"queue_index":5,"source_asset":"point_788_completed","source_labeler":"taryn","source_point_id":788,"status":"completed","timestamp":"2026-04-07 05:25:04"}},{"type":"Feature","geometry":{"type":"Point","coordinates":[-75.90349986430432,38.72303339843472]},"id":"645_00000000000000000000","properties":{"labeler":"taryn","marker_state":"completed","notes":"","point_id":805,"queue_index":9,"source_asset":"point_805_completed","source_labeler":"taryn","source_point_id":805,"status":"completed","timestamp":"2026-04-07 05:28:48"}},{"type":"Feature","geometry":{"type":"Point","coordinates":[-75.72429971923707,38.724144493230526]},"id":"646_00000000000000000000","properties":{"labeler":"taryn","marker_state":"completed","notes":"","point_id":808,"queue_index":66,"source_asset":"point_808_completed","source_labeler":"taryn","source_point_id":808,"status":"completed","timestamp":"2026-04-29 02:59:26"}},{"type":"Feature","geometry":{"type":"Point","coordinates":[-75.82972456432086,38.729469192204164]},"id":"647_00000000000000000000","properties":{"labeler":"taryn","marker_state":"completed","notes":"","point_id":818,"queue_index":21,"source_asset":"point_818_completed","source_labeler":"taryn","source_point_id":818,"status":"completed","timestamp":"2026-04-07 14:05:23"}},{"type":"Feature","geometry":{"type":"Point","coordinates":[-75.82525265017871,38.72986452709876]},"id":"648_00000000000000000000","properties":{"labeler":"taryn","marker_state":"completed","notes":"","point_id":819,"queue_index":35,"source_asset":"point_819_completed","source_labeler":"taryn","source_point_id":819,"status":"completed","timestamp":"2026-04-07 16:18:25"}},{"type":"Feature","geometry":{"type":"Point","coordinates":[-75.8553097674753,38.73046192973313]},"id":"649_00000000000000000000","properties":{"labeler":"taryn","marker_state":"completed","notes":"","point_id":820,"queue_index":14,"source_asset":"point_820_completed","source_labeler":"taryn","source_point_id":820,"status":"completed","timestamp":"2026-04-07 05:47:49"}},{"type":"Feature","geometry":{"type":"Point","coordinates":[-75.79759827729245,38.73852921738544]},"id":"650_00000000000000000000","properties":{"labeler":"taryn","marker_state":"completed","notes":"","point_id":844,"queue_index":38,"source_asset":"point_844_completed","source_labeler":"taryn","source_point_id":844,"status":"completed","timestamp":"2026-04-07 22:16:11"}},{"type":"Feature","geometry":{"type":"Point","coordinates":[-75.90581296628176,38.74460110151679]},"id":"651_00000000000000000000","properties":{"labeler":"taryn","marker_state":"completed","notes":"","point_id":862,"queue_index":46,"source_asset":"point_862_completed","source_labeler":"taryn","source_point_id":862,"status":"completed","timestamp":"2026-04-21 00:24:54"}},{"type":"Feature","geometry":{"type":"Point","coordinates":[-75.90198193159517,38.748052243836646]},"id":"652_00000000000000000000","properties":{"labeler":"taryn","marker_state":"completed","notes":"","point_id":874,"queue_index":8,"source_asset":"point_874_completed","source_labeler":"taryn","source_point_id":874,"status":"completed","timestamp":"2026-04-07 05:28:10"}},{"type":"Feature","geometry":{"type":"Point","coordinates":[-75.90508080040173,38.75223460445225]},"id":"653_00000000000000000000","properties":{"labeler":"taryn","marker_state":"completed","notes":"","point_id":885,"queue_index":7,"source_asset":"point_885_completed","source_labeler":"taryn","source_point_id":885,"status":"completed","timestamp":"2026-04-07 05:27:12"}},{"type":"Feature","geometry":{"type":"Point","coordinates":[-75.92576000812444,38.77249420833302]},"id":"654_00000000000000000000","properties":{"labeler":"taryn","marker_state":"completed","notes":"","point_id":915,"queue_index":71,"source_asset":"point_915_completed","source_labeler":"taryn","source_point_id":915,"status":"completed","timestamp":"2026-04-29 03:08:21"}},{"type":"Feature","geometry":{"type":"Point","coordinates":[-75.92845464122809,38.77481206006786]},"id":"655_00000000000000000000","properties":{"labeler":"taryn","marker_state":"completed","notes":"","point_id":923,"queue_index":57,"source_asset":"point_923_completed","source_labeler":"taryn","source_point_id":923,"status":"completed","timestamp":"2026-04-28 18:06:05"}},{"type":"Feature","geometry":{"type":"Point","coordinates":[-75.74316072501361,38.78515008834324]},"id":"656_00000000000000000000","properties":{"labeler":"taryn","marker_state":"completed","notes":"","point_id":943,"queue_index":44,"source_asset":"point_943_completed","source_labeler":"taryn","source_point_id":943,"status":"completed","timestamp":"2026-04-13 14:56:47"}},{"type":"Feature","geometry":{"type":"Point","coordinates":[-75.90699369698365,38.7971660705154]},"id":"657_00000000000000000000","properties":{"labeler":"taryn","marker_state":"completed","notes":"","point_id":967,"queue_index":32,"source_asset":"point_967_completed","source_labeler":"taryn","source_point_id":967,"status":"completed","timestamp":"2026-04-07 16:02:04"}},{"type":"Feature","geometry":{"type":"Point","coordinates":[-75.98570430795077,38.80099046541904]},"id":"658_00000000000000000000","properties":{"labeler":"taryn","marker_state":"skipped","notes":"No truss","point_id":970,"queue_index":54,"source_asset":"point_970_skipped","source_labeler":"taryn","source_point_id":970,"status":"skipped","timestamp":"2026-04-28 18:04:03"}},{"type":"Feature","geometry":{"type":"Point","coordinates":[-75.73553259380932,38.3690679862261]},"id":"659_00000000000000000000","properties":{"labeler":"taryn","marker_state":"completed","notes":"","point_id":97,"queue_index":69,"source_asset":"point_97_completed","source_labeler":"taryn","source_point_id":97,"status":"completed","timestamp":"2026-04-29 03:04:54"}},{"type":"Feature","geometry":{"type":"Point","coordinates":[-75.99217395438743,38.8846293506668]},"id":"660_00000000000000000000","properties":{"labeler":"tien","marker_state":"completed","notes":"","point_id":1045,"queue_index":84,"source_asset":"point_1045_completed","source_labeler":"tien","source_point_id":1045,"status":"completed","timestamp":"2026-04-03 19:04:59"}},{"type":"Feature","geometry":{"type":"Point","coordinates":[-76.03353296684712,38.90694421708775]},"id":"661_00000000000000000000","properties":{"labeler":"tien","marker_state":"completed","notes":"","point_id":1067,"queue_index":67,"source_asset":"point_1067_completed","source_labeler":"tien","source_point_id":1067,"status":"completed","timestamp":"2026-04-03 18:20:47"}},{"type":"Feature","geometry":{"type":"Point","coordinates":[-75.67865401797509,38.37398179056303]},"id":"662_00000000000000000000","properties":{"labeler":"tien","marker_state":"completed","notes":"","point_id":106,"queue_index":22,"source_asset":"point_106_completed","source_labeler":"tien","source_point_id":106,"status":"completed","timestamp":"2026-04-03 04:58:37"}},{"type":"Feature","geometry":{"type":"Point","coordinates":[-76.01497477524855,38.917147681550794]},"id":"663_00000000000000000000","properties":{"labeler":"tien","marker_state":"completed","notes":"","point_id":1086,"queue_index":82,"source_asset":"point_1086_completed","source_labeler":"tien","source_point_id":1086,"status":"completed","timestamp":"2026-04-03 18:44:57"}},{"type":"Feature","geometry":{"type":"Point","coordinates":[-75.78254151758159,38.921241112535576]},"id":"664_00000000000000000000","properties":{"labeler":"tien","marker_state":"completed","notes":"","point_id":1094,"queue_index":105,"source_asset":"point_1094_completed","source_labeler":"tien","source_point_id":1094,"status":"completed","timestamp":"2026-04-03 19:59:11"}},{"type":"Feature","geometry":{"type":"Point","coordinates":[-75.27627825975928,38.37700454333822]},"id":"665_00000000000000000000","properties":{"labeler":"tien","marker_state":"skipped","notes":"no truss","point_id":109,"queue_index":54,"source_asset":"point_109_skipped","source_labeler":"tien","source_point_id":109,"status":"skipped","timestamp":"2026-04-03 17:47:47"}},{"type":"Feature","geometry":{"type":"Point","coordinates":[-75.43068604518014,38.01675742074496]},"id":"666_00000000000000000000","properties":{"labeler":"tien","marker_state":"completed","notes":"","point_id":10,"queue_index":51,"source_asset":"point_10_completed","source_labeler":"tien","source_point_id":10,"status":"completed","timestamp":"2026-04-03 17:30:28"}},{"type":"Feature","geometry":{"type":"Point","coordinates":[-75.67999829535546,38.38209970365944]},"id":"667_00000000000000000000","properties":{"labeler":"tien","marker_state":"completed","notes":"","point_id":112,"queue_index":25,"source_asset":"point_112_completed","source_labeler":"tien","source_point_id":112,"status":"completed","timestamp":"2026-04-03 05:00:52"}},{"type":"Feature","geometry":{"type":"Point","coordinates":[-75.90719155893093,38.94192604198693]},"id":"668_00000000000000000000","properties":{"labeler":"tien","marker_state":"skipped","notes":"no truss","point_id":1134,"queue_index":108,"source_asset":"point_1134_skipped","source_labeler":"tien","source_point_id":1134,"status":"skipped","timestamp":"2026-04-03 20:00:38"}},{"type":"Feature","geometry":{"type":"Point","coordinates":[-75.87040435371408,38.950276302260164]},"id":"669_00000000000000000000","properties":{"labeler":"tien","marker_state":"completed","notes":"","point_id":1141,"queue_index":33,"source_asset":"point_1141_completed","source_labeler":"tien","source_point_id":1141,"status":"completed","timestamp":"2026-04-03 16:43:02"}},{"type":"Feature","geometry":{"type":"Point","coordinates":[-75.89616751486942,38.95622019205119]},"id":"670_00000000000000000000","properties":{"labeler":"tien","marker_state":"completed","notes":"","point_id":1148,"queue_index":64,"source_asset":"point_1148_completed","source_labeler":"tien","source_point_id":1148,"status":"completed","timestamp":"2026-04-03 18:19:18"}},{"type":"Feature","geometry":{"type":"Point","coordinates":[-75.77448299768093,38.965146316360496]},"id":"671_00000000000000000000","properties":{"labeler":"tien","marker_state":"completed","notes":"","point_id":1152,"queue_index":87,"source_asset":"point_1152_completed","source_labeler":"tien","source_point_id":1152,"status":"completed","timestamp":"2026-04-03 19:06:20"}},{"type":"Feature","geometry":{"type":"Point","coordinates":[-75.83673437661979,38.96878610908659]},"id":"672_00000000000000000000","properties":{"labeler":"tien","marker_state":"skipped","notes":"no truss","point_id":1159,"queue_index":43,"source_asset":"point_1159_skipped","source_labeler":"tien","source_point_id":1159,"status":"skipped","timestamp":"2026-04-03 17:23:03"}},{"type":"Feature","geometry":{"type":"Point","coordinates":[-75.89472020594911,38.98081628441351]},"id":"673_00000000000000000000","properties":{"labeler":"tien","marker_state":"completed","notes":"","point_id":1175,"queue_index":19,"source_asset":"point_1175_completed","source_labeler":"tien","source_point_id":1175,"status":"completed","timestamp":"2026-04-03 04:43:19"}},{"type":"Feature","geometry":{"type":"Point","coordinates":[-75.90166091422633,38.983242951053136]},"id":"674_00000000000000000000","properties":{"labeler":"tien","marker_state":"completed","notes":"","point_id":1180,"queue_index":50,"source_asset":"point_1180_completed","source_labeler":"tien","source_point_id":1180,"status":"completed","timestamp":"2026-04-03 17:29:32"}},{"type":"Feature","geometry":{"type":"Point","coordinates":[-75.8183763732194,38.98457756544236]},"id":"675_00000000000000000000","properties":{"labeler":"tien","marker_state":"skipped","notes":"no truss","point_id":1184,"queue_index":62,"source_asset":"point_1184_skipped","source_labeler":"tien","source_point_id":1184,"status":"skipped","timestamp":"2026-04-03 17:58:03"}},{"type":"Feature","geometry":{"type":"Point","coordinates":[-75.7787555775259,38.98594187404697]},"id":"676_00000000000000000000","properties":{"labeler":"tien","marker_state":"completed","notes":"","point_id":1190,"queue_index":4,"source_asset":"point_1190_completed","source_labeler":"tien","source_point_id":1190,"status":"completed","timestamp":"2026-04-03 04:12:01"}},{"type":"Feature","geometry":{"type":"Point","coordinates":[-75.83643195005216,38.99618392189335]},"id":"677_00000000000000000000","properties":{"labeler":"tien","marker_state":"skipped","notes":"No truss","point_id":1206,"queue_index":23,"source_asset":"point_1206_skipped","source_labeler":"tien","source_point_id":1206,"status":"skipped","timestamp":"2026-04-03 04:59:25"}},{"type":"Feature","geometry":{"type":"Point","coordinates":[-76.05592855929932,39.009178437319484]},"id":"678_00000000000000000000","properties":{"labeler":"tien","marker_state":"completed","notes":"","point_id":1233,"queue_index":60,"source_asset":"point_1233_completed","source_labeler":"tien","source_point_id":1233,"status":"completed","timestamp":"2026-04-03 17:56:40"}},{"type":"Feature","geometry":{"type":"Point","coordinates":[-76.0513078612681,39.01892801848756]},"id":"679_00000000000000000000","properties":{"labeler":"tien","marker_state":"completed","notes":"","point_id":1243,"queue_index":21,"source_asset":"point_1243_completed","source_labeler":"tien","source_point_id":1243,"status":"completed","timestamp":"2026-04-03 04:58:03"}},{"type":"Feature","geometry":{"type":"Point","coordinates":[-76.11875174620296,39.024848513881004]},"id":"680_00000000000000000000","properties":{"labeler":"tien","marker_state":"completed","notes":"","point_id":1250,"queue_index":26,"source_asset":"point_1250_completed","source_labeler":"tien","source_point_id":1250,"status":"completed","timestamp":"2026-04-03 05:01:31"}},{"type":"Feature","geometry":{"type":"Point","coordinates":[-75.74995169736823,39.024884455261486]},"id":"681_00000000000000000000","properties":{"labeler":"tien","marker_state":"skipped","notes":"no truss","point_id":1251,"queue_index":32,"source_asset":"point_1251_skipped","source_labeler":"tien","source_point_id":1251,"status":"skipped","timestamp":"2026-04-03 16:42:24"}},{"type":"Feature","geometry":{"type":"Point","coordinates":[-75.78107744926622,39.03047877336177]},"id":"682_00000000000000000000","properties":{"labeler":"tien","marker_state":"completed","notes":"","point_id":1258,"queue_index":63,"source_asset":"point_1258_completed","source_labeler":"tien","source_point_id":1258,"status":"completed","timestamp":"2026-04-03 18:18:53"}},{"type":"Feature","geometry":{"type":"Point","coordinates":[-75.80782944585613,39.03610225343946]},"id":"683_00000000000000000000","properties":{"labeler":"tien","marker_state":"skipped","notes":"no truss","point_id":1266,"queue_index":77,"source_asset":"point_1266_skipped","source_labeler":"tien","source_point_id":1266,"status":"skipped","timestamp":"2026-04-03 18:42:08"}},{"type":"Feature","geometry":{"type":"Point","coordinates":[-75.75951602804051,39.04160571258407]},"id":"684_00000000000000000000","properties":{"labeler":"tien","marker_state":"completed","notes":"","point_id":1281,"queue_index":58,"source_asset":"point_1281_completed","source_labeler":"tien","source_point_id":1281,"status":"completed","timestamp":"2026-04-03 17:53:19"}},{"type":"Feature","geometry":{"type":"Point","coordinates":[-75.99429899125387,39.05403012210427]},"id":"685_00000000000000000000","properties":{"labeler":"tien","marker_state":"completed","notes":"","point_id":1298,"queue_index":71,"source_asset":"point_1298_completed","source_labeler":"tien","source_point_id":1298,"status":"completed","timestamp":"2026-04-03 18:23:30"}},{"type":"Feature","geometry":{"type":"Point","coordinates":[-75.74546103297514,39.060997229574276]},"id":"686_00000000000000000000","properties":{"labeler":"tien","marker_state":"completed","notes":"","point_id":1302,"queue_index":15,"source_asset":"point_1302_completed","source_labeler":"tien","source_point_id":1302,"status":"completed","timestamp":"2026-04-03 04:36:23"}},{"type":"Feature","geometry":{"type":"Point","coordinates":[-75.87539015776417,39.06592929295436]},"id":"687_00000000000000000000","properties":{"labeler":"tien","marker_state":"completed","notes":"","point_id":1307,"queue_index":101,"source_asset":"point_1307_completed","source_labeler":"tien","source_point_id":1307,"status":"completed","timestamp":"2026-04-03 19:38:07"}},{"type":"Feature","geometry":{"type":"Point","coordinates":[-75.86218212313074,39.06943266124838]},"id":"688_00000000000000000000","properties":{"labeler":"tien","marker_state":"completed","notes":"","point_id":1308,"queue_index":76,"source_asset":"point_1308_completed","source_labeler":"tien","source_point_id":1308,"status":"completed","timestamp":"2026-04-03 18:41:42"}},{"type":"Feature","geometry":{"type":"Point","coordinates":[-75.94270392534116,39.078917238930906]},"id":"689_00000000000000000000","properties":{"labeler":"tien","marker_state":"completed","notes":"","point_id":1310,"queue_index":57,"source_asset":"point_1310_completed","source_labeler":"tien","source_point_id":1310,"status":"completed","timestamp":"2026-04-03 17:52:40"}},{"type":"Feature","geometry":{"type":"Point","coordinates":[-75.86275332221044,39.10582089749845]},"id":"690_00000000000000000000","properties":{"labeler":"tien","marker_state":"completed","notes":"","point_id":1330,"queue_index":92,"source_asset":"point_1330_completed","source_labeler":"tien","source_point_id":1330,"status":"completed","timestamp":"2026-04-03 19:08:52"}},{"type":"Feature","geometry":{"type":"Point","coordinates":[-75.54446816115556,38.39738400277061]},"id":"691_00000000000000000000","properties":{"labeler":"tien","marker_state":"skipped","notes":"no truss","point_id":133,"queue_index":72,"source_asset":"point_133_skipped","source_labeler":"tien","source_point_id":133,"status":"skipped","timestamp":"2026-04-03 18:24:02"}},{"type":"Feature","geometry":{"type":"Point","coordinates":[-75.9568185440975,39.13906311060825]},"id":"692_00000000000000000000","properties":{"labeler":"tien","marker_state":"completed","notes":"","point_id":1344,"queue_index":14,"source_asset":"point_1344_completed","source_labeler":"tien","source_point_id":1344,"status":"completed","timestamp":"2026-04-03 04:35:16"}},{"type":"Feature","geometry":{"type":"Point","coordinates":[-75.90008878030034,39.155415685809146]},"id":"693_00000000000000000000","properties":{"labeler":"tien","marker_state":"completed","notes":"","point_id":1353,"queue_index":75,"source_asset":"point_1353_completed","source_labeler":"tien","source_point_id":1353,"status":"completed","timestamp":"2026-04-03 18:41:11"}},{"type":"Feature","geometry":{"type":"Point","coordinates":[-76.05334412917682,39.16748171005222]},"id":"694_00000000000000000000","properties":{"labeler":"tien","marker_state":"completed","notes":"","point_id":1366,"queue_index":112,"source_asset":"point_1366_completed","source_labeler":"tien","source_point_id":1366,"status":"completed","timestamp":"2026-04-03 20:02:18"}},{"type":"Feature","geometry":{"type":"Point","coordinates":[-75.77200678864841,39.20421353880923]},"id":"695_00000000000000000000","properties":{"labeler":"tien","marker_state":"skipped","notes":"no truss","point_id":1393,"queue_index":106,"source_asset":"point_1393_skipped","source_labeler":"tien","source_point_id":1393,"status":"skipped","timestamp":"2026-04-03 19:59:52"}},{"type":"Feature","geometry":{"type":"Point","coordinates":[-75.90064196191169,39.20818436859108]},"id":"696_00000000000000000000","properties":{"labeler":"tien","marker_state":"completed","notes":"","point_id":1399,"queue_index":96,"source_asset":"point_1399_completed","source_labeler":"tien","source_point_id":1399,"status":"completed","timestamp":"2026-04-03 19:34:54"}},{"type":"Feature","geometry":{"type":"Point","coordinates":[-75.86094919930707,39.21254086836073]},"id":"697_00000000000000000000","properties":{"labeler":"tien","marker_state":"completed","notes":"","point_id":1406,"queue_index":45,"source_asset":"point_1406_completed","source_labeler":"tien","source_point_id":1406,"status":"completed","timestamp":"2026-04-03 17:24:47"}},{"type":"Feature","geometry":{"type":"Point","coordinates":[-75.82889349828237,39.22487300834151]},"id":"698_00000000000000000000","properties":{"labeler":"tien","marker_state":"skipped","notes":"no truss","point_id":1421,"queue_index":46,"source_asset":"point_1421_skipped","source_labeler":"tien","source_point_id":1421,"status":"skipped","timestamp":"2026-04-03 17:25:55"}},{"type":"Feature","geometry":{"type":"Point","coordinates":[-75.95494989134151,39.23209610934333]},"id":"699_00000000000000000000","properties":{"labeler":"tien","marker_state":"skipped","notes":"no truss","point_id":1432,"queue_index":11,"source_asset":"point_1432_skipped","source_labeler":"tien","source_point_id":1432,"status":"skipped","timestamp":"2026-04-03 04:32:32"}},{"type":"Feature","geometry":{"type":"Point","coordinates":[-75.82576592381457,39.23585781413848]},"id":"700_00000000000000000000","properties":{"labeler":"tien","marker_state":"completed","notes":"","point_id":1438,"queue_index":110,"source_asset":"point_1438_completed","source_labeler":"tien","source_point_id":1438,"status":"completed","timestamp":"2026-04-03 20:01:26"}},{"type":"Feature","geometry":{"type":"Point","coordinates":[-76.14377278093522,39.280426768975786]},"id":"701_00000000000000000000","properties":{"labeler":"tien","marker_state":"completed","notes":"","point_id":1469,"queue_index":49,"source_asset":"point_1469_completed","source_labeler":"tien","source_point_id":1469,"status":"completed","timestamp":"2026-04-03 17:28:49"}},{"type":"Feature","geometry":{"type":"Point","coordinates":[-75.81127672446951,39.310276769751404]},"id":"702_00000000000000000000","properties":{"labeler":"tien","marker_state":"completed","notes":"","point_id":1501,"queue_index":99,"source_asset":"point_1501_completed","source_labeler":"tien","source_point_id":1501,"status":"completed","timestamp":"2026-04-03 19:36:19"}},{"type":"Feature","geometry":{"type":"Point","coordinates":[-75.8010018080101,39.31822588476187]},"id":"703_00000000000000000000","properties":{"labeler":"tien","marker_state":"skipped","notes":"no truss","point_id":1508,"queue_index":39,"source_asset":"point_1508_skipped","source_labeler":"tien","source_point_id":1508,"status":"skipped","timestamp":"2026-04-03 16:47:41"}},{"type":"Feature","geometry":{"type":"Point","coordinates":[-75.8182453299996,39.32955315132326]},"id":"704_00000000000000000000","properties":{"labeler":"tien","marker_state":"completed","notes":"","point_id":1521,"queue_index":95,"source_asset":"point_1521_completed","source_labeler":"tien","source_point_id":1521,"status":"completed","timestamp":"2026-04-03 19:34:19"}},{"type":"Feature","geometry":{"type":"Point","coordinates":[-75.80593064049556,39.41850043196516]},"id":"705_00000000000000000000","properties":{"labeler":"tien","marker_state":"completed","notes":"","point_id":1535,"queue_index":104,"source_asset":"point_1535_completed","source_labeler":"tien","source_point_id":1535,"status":"completed","timestamp":"2026-04-03 19:58:51"}},{"type":"Feature","geometry":{"type":"Point","coordinates":[-75.57631443689898,38.416914695466794]},"id":"706_00000000000000000000","properties":{"labeler":"tien","marker_state":"completed","notes":"","point_id":161,"queue_index":55,"source_asset":"point_161_completed","source_labeler":"tien","source_point_id":161,"status":"completed","timestamp":"2026-04-03 17:48:22"}},{"type":"Feature","geometry":{"type":"Point","coordinates":[-75.67404642108299,38.4239356910179]},"id":"707_00000000000000000000","properties":{"labeler":"tien","marker_state":"completed","notes":"","point_id":175,"queue_index":89,"source_asset":"point_175_completed","source_labeler":"tien","source_point_id":175,"status":"completed","timestamp":"2026-04-03 19:07:13"}},{"type":"Feature","geometry":{"type":"Point","coordinates":[-75.43189922052578,38.42955923829862]},"id":"708_00000000000000000000","properties":{"labeler":"tien","marker_state":"completed","notes":"","point_id":184,"queue_index":61,"source_asset":"point_184_completed","source_labeler":"tien","source_point_id":184,"status":"completed","timestamp":"2026-04-03 17:57:26"}},{"type":"Feature","geometry":{"type":"Point","coordinates":[-75.53648132117496,38.43190488738101]},"id":"709_00000000000000000000","properties":{"labeler":"tien","marker_state":"skipped","notes":"no truss","point_id":188,"queue_index":86,"source_asset":"point_188_skipped","source_labeler":"tien","source_point_id":188,"status":"skipped","timestamp":"2026-04-03 19:05:38"}},{"type":"Feature","geometry":{"type":"Point","coordinates":[-75.66755478270936,38.440246703365624]},"id":"710_00000000000000000000","properties":{"labeler":"tien","marker_state":"skipped","notes":"no truss","point_id":209,"queue_index":29,"source_asset":"point_209_skipped","source_labeler":"tien","source_point_id":209,"status":"skipped","timestamp":"2026-04-03 05:04:23"}},{"type":"Feature","geometry":{"type":"Point","coordinates":[-75.62545281973215,38.44561395065759]},"id":"711_00000000000000000000","properties":{"labeler":"tien","marker_state":"completed","notes":"","point_id":234,"queue_index":113,"source_asset":"point_234_completed","source_labeler":"tien","source_point_id":234,"status":"completed","timestamp":"2026-04-03 20:21:36"}},{"type":"Feature","geometry":{"type":"Point","coordinates":[-75.67911574297952,38.44766251466909]},"id":"712_00000000000000000000","properties":{"labeler":"tien","marker_state":"skipped","notes":"not sure if its a truss","point_id":242,"queue_index":16,"source_asset":"point_242_skipped","source_labeler":"tien","source_point_id":242,"status":"skipped","timestamp":"2026-04-03 04:39:30"}},{"type":"Feature","geometry":{"type":"Point","coordinates":[-75.42543897866346,38.44966647669989]},"id":"713_00000000000000000000","properties":{"labeler":"tien","marker_state":"completed","notes":"","point_id":251,"queue_index":74,"source_asset":"point_251_completed","source_labeler":"tien","source_point_id":251,"status":"completed","timestamp":"2026-04-03 18:40:29"}},{"type":"Feature","geometry":{"type":"Point","coordinates":[-75.79379612601262,38.45353900719182]},"id":"714_00000000000000000000","properties":{"labeler":"tien","marker_state":"completed","notes":"","point_id":262,"queue_index":93,"source_asset":"point_262_completed","source_labeler":"tien","source_point_id":262,"status":"completed","timestamp":"2026-04-03 19:32:30"}},{"type":"Feature","geometry":{"type":"Point","coordinates":[-75.73522841022421,38.465925976901914]},"id":"715_00000000000000000000","properties":{"labeler":"tien","marker_state":"completed","notes":"","point_id":268,"queue_index":36,"source_asset":"point_268_completed","source_labeler":"tien","source_point_id":268,"status":"completed","timestamp":"2026-04-03 16:45:33"}},{"type":"Feature","geometry":{"type":"Point","coordinates":[-75.69955886038615,38.477002518868716]},"id":"716_00000000000000000000","properties":{"labeler":"tien","marker_state":"completed","notes":"","point_id":273,"queue_index":20,"source_asset":"point_273_completed","source_labeler":"tien","source_point_id":273,"status":"completed","timestamp":"2026-04-03 04:57:31"}},{"type":"Feature","geometry":{"type":"Point","coordinates":[-75.8229279506935,38.508293615188215]},"id":"717_00000000000000000000","properties":{"labeler":"tien","marker_state":"skipped","notes":"no truss","point_id":299,"queue_index":90,"source_asset":"point_299_skipped","source_labeler":"tien","source_point_id":299,"status":"skipped","timestamp":"2026-04-03 19:07:52"}},{"type":"Feature","geometry":{"type":"Point","coordinates":[-75.82748719263198,38.52161918598148]},"id":"718_00000000000000000000","properties":{"labeler":"tien","marker_state":"completed","notes":"","point_id":321,"queue_index":7,"source_asset":"point_321_completed","source_labeler":"tien","source_point_id":321,"status":"completed","timestamp":"2026-04-03 04:17:58"}},{"type":"Feature","geometry":{"type":"Point","coordinates":[-75.8335646874932,38.52316023288166]},"id":"719_00000000000000000000","properties":{"labeler":"tien","marker_state":"completed","notes":"","point_id":327,"queue_index":118,"source_asset":"point_327_completed","source_labeler":"tien","source_point_id":327,"status":"completed","timestamp":"2026-04-03 20:24:01"}},{"type":"Feature","geometry":{"type":"Point","coordinates":[-75.88212185548427,38.52650148921864]},"id":"720_00000000000000000000","properties":{"labeler":"tien","marker_state":"completed","notes":"","point_id":334,"queue_index":116,"source_asset":"point_334_completed","source_labeler":"tien","source_point_id":334,"status":"completed","timestamp":"2026-04-03 20:23:00"}},{"type":"Feature","geometry":{"type":"Point","coordinates":[-75.86624916833753,38.52719871073691]},"id":"721_00000000000000000000","properties":{"labeler":"tien","marker_state":"completed","notes":"","point_id":337,"queue_index":30,"source_asset":"point_337_completed","source_labeler":"tien","source_point_id":337,"status":"completed","timestamp":"2026-04-03 16:40:51"}},{"type":"Feature","geometry":{"type":"Point","coordinates":[-75.80905347045552,38.529945459241674]},"id":"722_00000000000000000000","properties":{"labeler":"tien","marker_state":"completed","notes":"","point_id":344,"queue_index":115,"source_asset":"point_344_completed","source_labeler":"tien","source_point_id":344,"status":"completed","timestamp":"2026-04-03 20:22:34"}},{"type":"Feature","geometry":{"type":"Point","coordinates":[-75.53631740320859,38.11441157370099]},"id":"723_00000000000000000000","properties":{"labeler":"tien","marker_state":"skipped","notes":"no truss","point_id":35,"queue_index":107,"source_asset":"point_35_skipped","source_labeler":"tien","source_point_id":35,"status":"skipped","timestamp":"2026-04-03 20:00:20"}},{"type":"Feature","geometry":{"type":"Point","coordinates":[-75.75058416208678,38.564483868037684]},"id":"724_00000000000000000000","properties":{"labeler":"tien","marker_state":"completed","notes":"","point_id":384,"queue_index":100,"source_asset":"point_384_completed","source_labeler":"tien","source_point_id":384,"status":"completed","timestamp":"2026-04-03 19:37:37"}},{"type":"Feature","geometry":{"type":"Point","coordinates":[-75.76463919910213,38.56493361109206]},"id":"725_00000000000000000000","properties":{"labeler":"tien","marker_state":"completed","notes":"","point_id":387,"queue_index":117,"source_asset":"point_387_completed","source_labeler":"tien","source_point_id":387,"status":"completed","timestamp":"2026-04-03 20:23:35"}},{"type":"Feature","geometry":{"type":"Point","coordinates":[-75.72320695701245,38.569319989340975]},"id":"726_00000000000000000000","properties":{"labeler":"tien","marker_state":"completed","notes":"","point_id":395,"queue_index":6,"source_asset":"point_395_completed","source_labeler":"tien","source_point_id":395,"status":"completed","timestamp":"2026-04-03 04:17:11"}},{"type":"Feature","geometry":{"type":"Point","coordinates":[-75.86023689967956,38.57212733704047]},"id":"727_00000000000000000000","properties":{"labeler":"tien","marker_state":"completed","notes":"","point_id":407,"queue_index":12,"source_asset":"point_407_completed","source_labeler":"tien","source_point_id":407,"status":"completed","timestamp":"2026-04-03 04:33:49"}},{"type":"Feature","geometry":{"type":"Point","coordinates":[-75.81565031720406,38.574299962771505]},"id":"728_00000000000000000000","properties":{"labeler":"tien","marker_state":"skipped","notes":"no truss","point_id":412,"queue_index":28,"source_asset":"point_412_skipped","source_labeler":"tien","source_point_id":412,"status":"skipped","timestamp":"2026-04-03 05:03:41"}},{"type":"Feature","geometry":{"type":"Point","coordinates":[-75.88514045641091,38.58316738994372]},"id":"729_00000000000000000000","properties":{"labeler":"tien","marker_state":"completed","notes":"","point_id":448,"queue_index":56,"source_asset":"point_448_completed","source_labeler":"tien","source_point_id":448,"status":"completed","timestamp":"2026-04-03 17:52:10"}},{"type":"Feature","geometry":{"type":"Point","coordinates":[-75.83540087816735,38.59504684906468]},"id":"730_00000000000000000000","properties":{"labeler":"tien","marker_state":"completed","notes":"","point_id":492,"queue_index":98,"source_asset":"point_492_completed","source_labeler":"tien","source_point_id":492,"status":"completed","timestamp":"2026-04-03 19:35:49"}},{"type":"Feature","geometry":{"type":"Point","coordinates":[-75.55513549522834,38.01218460591121]},"id":"731_00000000000000000000","properties":{"labeler":"tien","marker_state":"completed","notes":"","point_id":4,"queue_index":59,"source_asset":"point_4_completed","source_labeler":"tien","source_point_id":4,"status":"completed","timestamp":"2026-04-03 17:56:14"}},{"type":"Feature","geometry":{"type":"Point","coordinates":[-75.78879169398286,38.6006848309608]},"id":"732_00000000000000000000","properties":{"labeler":"tien","marker_state":"completed","notes":"","point_id":508,"queue_index":70,"source_asset":"point_508_completed","source_labeler":"tien","source_point_id":508,"status":"completed","timestamp":"2026-04-03 18:22:21"}},{"type":"Feature","geometry":{"type":"Point","coordinates":[-75.76506242986484,38.611496721873166]},"id":"733_00000000000000000000","properties":{"labeler":"tien","marker_state":"skipped","notes":"No truss","point_id":543,"queue_index":24,"source_asset":"point_543_skipped","source_labeler":"tien","source_point_id":543,"status":"skipped","timestamp":"2026-04-03 05:00:18"}},{"type":"Feature","geometry":{"type":"Point","coordinates":[-75.92272231058486,38.61186286089249]},"id":"734_00000000000000000000","properties":{"labeler":"tien","marker_state":"completed","notes":"","point_id":546,"queue_index":10,"source_asset":"point_546_completed","source_labeler":"tien","source_point_id":546,"status":"completed","timestamp":"2026-04-03 04:31:41"}},{"type":"Feature","geometry":{"type":"Point","coordinates":[-75.93027220784164,38.61460958332288]},"id":"735_00000000000000000000","properties":{"labeler":"tien","marker_state":"completed","notes":"","point_id":554,"queue_index":18,"source_asset":"point_554_completed","source_labeler":"tien","source_point_id":554,"status":"completed","timestamp":"2026-04-03 04:42:08"}},{"type":"Feature","geometry":{"type":"Point","coordinates":[-75.87609064353278,38.621188440620934]},"id":"736_00000000000000000000","properties":{"labeler":"tien","marker_state":"skipped","notes":"No truss","point_id":574,"queue_index":1,"source_asset":"point_574_skipped","source_labeler":"tien","source_point_id":574,"status":"skipped","timestamp":"2026-04-03 04:07:57"}},{"type":"Feature","geometry":{"type":"Point","coordinates":[-75.75920004122447,38.62873229605467]},"id":"737_00000000000000000000","properties":{"labeler":"tien","marker_state":"completed","notes":"","point_id":590,"queue_index":114,"source_asset":"point_590_completed","source_labeler":"tien","source_point_id":590,"status":"completed","timestamp":"2026-04-03 20:22:04"}},{"type":"Feature","geometry":{"type":"Point","coordinates":[-75.89258452328603,38.630739367539526]},"id":"738_00000000000000000000","properties":{"labeler":"tien","marker_state":"completed","notes":"","point_id":597,"queue_index":97,"source_asset":"point_597_completed","source_labeler":"tien","source_point_id":597,"status":"completed","timestamp":"2026-04-03 19:35:23"}},{"type":"Feature","geometry":{"type":"Point","coordinates":[-75.72178137196582,38.28826774393203]},"id":"739_00000000000000000000","properties":{"labeler":"tien","marker_state":"completed","notes":"","point_id":61,"queue_index":52,"source_asset":"point_61_completed","source_labeler":"tien","source_point_id":61,"status":"completed","timestamp":"2026-04-03 17:31:08"}},{"type":"Feature","geometry":{"type":"Point","coordinates":[-75.72960435034021,38.64292695430978]},"id":"740_00000000000000000000","properties":{"labeler":"tien","marker_state":"skipped","notes":"No truss","point_id":634,"queue_index":2,"source_asset":"point_634_skipped","source_labeler":"tien","source_point_id":634,"status":"skipped","timestamp":"2026-04-03 04:09:02"}},{"type":"Feature","geometry":{"type":"Point","coordinates":[-75.24754809757796,38.289372756417656]},"id":"741_00000000000000000000","properties":{"labeler":"tien","marker_state":"skipped","notes":"no truss","point_id":63,"queue_index":53,"source_asset":"point_63_skipped","source_labeler":"tien","source_point_id":63,"status":"skipped","timestamp":"2026-04-03 17:46:13"}},{"type":"Feature","geometry":{"type":"Point","coordinates":[-75.77912479013213,38.64999760446923]},"id":"742_00000000000000000000","properties":{"labeler":"tien","marker_state":"completed","notes":"","point_id":655,"queue_index":69,"source_asset":"point_655_completed","source_labeler":"tien","source_point_id":655,"status":"completed","timestamp":"2026-04-03 18:21:39"}},{"type":"Feature","geometry":{"type":"Point","coordinates":[-75.86884454668116,38.653723309640945]},"id":"743_00000000000000000000","properties":{"labeler":"tien","marker_state":"completed","notes":"","point_id":664,"queue_index":66,"source_asset":"point_664_completed","source_labeler":"tien","source_point_id":664,"status":"completed","timestamp":"2026-04-03 18:20:20"}},{"type":"Feature","geometry":{"type":"Point","coordinates":[-75.72145268578925,38.65719563701508]},"id":"744_00000000000000000000","properties":{"labeler":"tien","marker_state":"completed","notes":"","point_id":678,"queue_index":94,"source_asset":"point_678_completed","source_labeler":"tien","source_point_id":678,"status":"completed","timestamp":"2026-04-03 19:33:45"}},{"type":"Feature","geometry":{"type":"Point","coordinates":[-75.87971520382165,38.658003725070515]},"id":"745_00000000000000000000","properties":{"labeler":"tien","marker_state":"completed","notes":"","point_id":679,"queue_index":9,"source_asset":"point_679_completed","source_labeler":"tien","source_point_id":679,"status":"completed","timestamp":"2026-04-03 04:20:23"}},{"type":"Feature","geometry":{"type":"Point","coordinates":[-75.74900644724545,38.6598491065155]},"id":"746_00000000000000000000","properties":{"labeler":"tien","marker_state":"completed","notes":"","point_id":684,"queue_index":37,"source_asset":"point_684_completed","source_labeler":"tien","source_point_id":684,"status":"completed","timestamp":"2026-04-03 16:46:09"}},{"type":"Feature","geometry":{"type":"Point","coordinates":[-75.74569533251635,38.66282459066775]},"id":"747_00000000000000000000","properties":{"labeler":"tien","marker_state":"completed","notes":"","point_id":692,"queue_index":73,"source_asset":"point_692_completed","source_labeler":"tien","source_point_id":692,"status":"completed","timestamp":"2026-04-03 18:39:59"}},{"type":"Feature","geometry":{"type":"Point","coordinates":[-75.8284490688881,38.666191534595164]},"id":"748_00000000000000000000","properties":{"labeler":"tien","marker_state":"completed","notes":"","point_id":701,"queue_index":79,"source_asset":"point_701_completed","source_labeler":"tien","source_point_id":701,"status":"completed","timestamp":"2026-04-03 18:43:14"}},{"type":"Feature","geometry":{"type":"Point","coordinates":[-75.72171178426092,38.29409825695864]},"id":"749_00000000000000000000","properties":{"labeler":"tien","marker_state":"skipped","notes":"no truss","point_id":70,"queue_index":109,"source_asset":"point_70_skipped","source_labeler":"tien","source_point_id":70,"status":"skipped","timestamp":"2026-04-03 20:01:00"}},{"type":"Feature","geometry":{"type":"Point","coordinates":[-75.71879884815824,38.6830949813589]},"id":"750_00000000000000000000","properties":{"labeler":"tien","marker_state":"completed","notes":"","point_id":733,"queue_index":78,"source_asset":"point_733_completed","source_labeler":"tien","source_point_id":733,"status":"completed","timestamp":"2026-04-03 18:42:39"}},{"type":"Feature","geometry":{"type":"Point","coordinates":[-75.9083081061555,38.68388199375052]},"id":"751_00000000000000000000","properties":{"labeler":"tien","marker_state":"completed","notes":"","point_id":736,"queue_index":40,"source_asset":"point_736_completed","source_labeler":"tien","source_point_id":736,"status":"completed","timestamp":"2026-04-03 17:11:17"}},{"type":"Feature","geometry":{"type":"Point","coordinates":[-75.73712051543758,38.69010531204376]},"id":"752_00000000000000000000","properties":{"labeler":"tien","marker_state":"completed","notes":"","point_id":745,"queue_index":111,"source_asset":"point_745_completed","source_labeler":"tien","source_point_id":745,"status":"completed","timestamp":"2026-04-03 20:01:51"}},{"type":"Feature","geometry":{"type":"Point","coordinates":[-75.73233208412823,38.697209448768334]},"id":"753_00000000000000000000","properties":{"labeler":"tien","marker_state":"completed","notes":"","point_id":754,"queue_index":38,"source_asset":"point_754_completed","source_labeler":"tien","source_point_id":754,"status":"completed","timestamp":"2026-04-03 16:46:48"}},{"type":"Feature","geometry":{"type":"Point","coordinates":[-75.86952028506956,38.698242366820345]},"id":"754_00000000000000000000","properties":{"labeler":"tien","marker_state":"completed","notes":"","point_id":758,"queue_index":31,"source_asset":"point_758_completed","source_labeler":"tien","source_point_id":758,"status":"completed","timestamp":"2026-04-03 16:41:30"}},{"type":"Feature","geometry":{"type":"Point","coordinates":[-75.96736375032346,38.706568302628014]},"id":"755_00000000000000000000","properties":{"labeler":"tien","marker_state":"completed","notes":"","point_id":776,"queue_index":17,"source_asset":"point_776_completed","source_labeler":"tien","source_point_id":776,"status":"completed","timestamp":"2026-04-03 04:41:21"}},{"type":"Feature","geometry":{"type":"Point","coordinates":[-75.85479335949759,38.71041199306295]},"id":"756_00000000000000000000","properties":{"labeler":"tien","marker_state":"completed","notes":"","point_id":782,"queue_index":5,"source_asset":"point_782_completed","source_labeler":"tien","source_point_id":782,"status":"completed","timestamp":"2026-04-03 04:12:53"}},{"type":"Feature","geometry":{"type":"Point","coordinates":[-75.89524610198143,38.716824691341444]},"id":"757_00000000000000000000","properties":{"labeler":"tien","marker_state":"completed","notes":"","point_id":795,"queue_index":88,"source_asset":"point_795_completed","source_labeler":"tien","source_point_id":795,"status":"completed","timestamp":"2026-04-03 19:06:46"}},{"type":"Feature","geometry":{"type":"Point","coordinates":[-75.81721811923157,38.7264606267106]},"id":"758_00000000000000000000","properties":{"labeler":"tien","marker_state":"completed","notes":"","point_id":813,"queue_index":85,"source_asset":"point_813_completed","source_labeler":"tien","source_point_id":813,"status":"completed","timestamp":"2026-04-03 19:05:17"}},{"type":"Feature","geometry":{"type":"Point","coordinates":[-75.80705242929203,38.73652880369913]},"id":"759_00000000000000000000","properties":{"labeler":"tien","marker_state":"completed","notes":"","point_id":835,"queue_index":3,"source_asset":"point_835_completed","source_labeler":"tien","source_point_id":835,"status":"completed","timestamp":"2026-04-03 04:10:10"}},{"type":"Feature","geometry":{"type":"Point","coordinates":[-75.96574537216873,38.73668412972849]},"id":"760_00000000000000000000","properties":{"labeler":"tien","marker_state":"completed","notes":"","point_id":838,"queue_index":81,"source_asset":"point_838_completed","source_labeler":"tien","source_point_id":838,"status":"completed","timestamp":"2026-04-03 18:44:25"}},{"type":"Feature","geometry":{"type":"Point","coordinates":[-75.97819270364178,38.73818323520387]},"id":"761_00000000000000000000","properties":{"labeler":"tien","marker_state":"completed","notes":"","point_id":843,"queue_index":91,"source_asset":"point_843_completed","source_labeler":"tien","source_point_id":843,"status":"completed","timestamp":"2026-04-03 19:08:14"}},{"type":"Feature","geometry":{"type":"Point","coordinates":[-75.96061924312846,38.74031087688271]},"id":"762_00000000000000000000","properties":{"labeler":"tien","marker_state":"completed","notes":"","point_id":854,"queue_index":48,"source_asset":"point_854_completed","source_labeler":"tien","source_point_id":854,"status":"completed","timestamp":"2026-04-03 17:27:14"}},{"type":"Feature","geometry":{"type":"Point","coordinates":[-75.87121854937558,38.74449993138462]},"id":"763_00000000000000000000","properties":{"labeler":"tien","marker_state":"completed","notes":"","point_id":860,"queue_index":27,"source_asset":"point_860_completed","source_labeler":"tien","source_point_id":860,"status":"completed","timestamp":"2026-04-03 05:02:49"}},{"type":"Feature","geometry":{"type":"Point","coordinates":[-75.80608271739075,38.745181692293784]},"id":"764_00000000000000000000","properties":{"labeler":"tien","marker_state":"completed","notes":"","point_id":863,"queue_index":34,"source_asset":"point_863_completed","source_labeler":"tien","source_point_id":863,"status":"completed","timestamp":"2026-04-03 16:44:02"}},{"type":"Feature","geometry":{"type":"Point","coordinates":[-75.8142484090435,38.76845873293049]},"id":"765_00000000000000000000","properties":{"labeler":"tien","marker_state":"completed","notes":"","point_id":907,"queue_index":35,"source_asset":"point_907_completed","source_labeler":"tien","source_point_id":907,"status":"completed","timestamp":"2026-04-03 16:44:48"}},{"type":"Feature","geometry":{"type":"Point","coordinates":[-75.85120095377741,38.76909116492597]},"id":"766_00000000000000000000","properties":{"labeler":"tien","marker_state":"completed","notes":"","point_id":908,"queue_index":47,"source_asset":"point_908_completed","source_labeler":"tien","source_point_id":908,"status":"completed","timestamp":"2026-04-03 17:26:51"}},{"type":"Feature","geometry":{"type":"Point","coordinates":[-75.90415522506136,38.77201622666522]},"id":"767_00000000000000000000","properties":{"labeler":"tien","marker_state":"completed","notes":"","point_id":914,"queue_index":42,"source_asset":"point_914_completed","source_labeler":"tien","source_point_id":914,"status":"completed","timestamp":"2026-04-03 17:14:45"}},{"type":"Feature","geometry":{"type":"Point","coordinates":[-75.78399484323134,38.7781793463223]},"id":"768_00000000000000000000","properties":{"labeler":"tien","marker_state":"completed","notes":"","point_id":928,"queue_index":13,"source_asset":"point_928_completed","source_labeler":"tien","source_point_id":928,"status":"completed","timestamp":"2026-04-03 04:34:25"}},{"type":"Feature","geometry":{"type":"Point","coordinates":[-75.80574045644265,38.7813511734952]},"id":"769_00000000000000000000","properties":{"labeler":"tien","marker_state":"completed","notes":"","point_id":935,"queue_index":103,"source_asset":"point_935_completed","source_labeler":"tien","source_point_id":935,"status":"completed","timestamp":"2026-04-03 19:58:07"}},{"type":"Feature","geometry":{"type":"Point","coordinates":[-75.80089727515283,38.784158763595336]},"id":"770_00000000000000000000","properties":{"labeler":"tien","marker_state":"completed","notes":"","point_id":940,"queue_index":83,"source_asset":"point_940_completed","source_labeler":"tien","source_point_id":940,"status":"completed","timestamp":"2026-04-03 19:04:29"}},{"type":"Feature","geometry":{"type":"Point","coordinates":[-75.88879395563096,38.78428706020198]},"id":"771_00000000000000000000","properties":{"labeler":"tien","marker_state":"skipped","notes":"no truss","point_id":941,"queue_index":44,"source_asset":"point_941_skipped","source_labeler":"tien","source_point_id":941,"status":"skipped","timestamp":"2026-04-03 17:24:17"}},{"type":"Feature","geometry":{"type":"Point","coordinates":[-75.6869613079618,38.365835293585924]},"id":"772_00000000000000000000","properties":{"labeler":"tien","marker_state":"completed","notes":"","point_id":94,"queue_index":0,"source_asset":"point_94_completed","source_labeler":"tien","source_point_id":94,"status":"completed","timestamp":"2026-04-03 04:06:28"}},{"type":"Feature","geometry":{"type":"Point","coordinates":[-75.7436689269102,38.8085031335438]},"id":"773_00000000000000000000","properties":{"labeler":"tien","marker_state":"completed","notes":"","point_id":976,"queue_index":41,"source_asset":"point_976_completed","source_labeler":"tien","source_point_id":976,"status":"completed","timestamp":"2026-04-03 17:14:08"}},{"type":"Feature","geometry":{"type":"Point","coordinates":[-75.7809490463153,38.80962540741433]},"id":"774_00000000000000000000","properties":{"labeler":"tien","marker_state":"completed","notes":"","point_id":979,"queue_index":65,"source_asset":"point_979_completed","source_labeler":"tien","source_point_id":979,"status":"completed","timestamp":"2026-04-03 18:19:53"}},{"type":"Feature","geometry":{"type":"Point","coordinates":[-75.9828221603377,38.82000331901919]},"id":"775_00000000000000000000","properties":{"labeler":"tien","marker_state":"skipped","notes":"no truss","point_id":983,"queue_index":119,"source_asset":"point_983_skipped","source_labeler":"tien","source_point_id":983,"status":"skipped","timestamp":"2026-04-03 20:24:48"}},{"type":"Feature","geometry":{"type":"Point","coordinates":[-75.77564806921576,38.83969742481075]},"id":"776_00000000000000000000","properties":{"labeler":"tien","marker_state":"completed","notes":"","point_id":992,"queue_index":8,"source_asset":"point_992_completed","source_labeler":"tien","source_point_id":992,"status":"completed","timestamp":"2026-04-03 04:19:31"}},{"type":"Feature","geometry":{"type":"Point","coordinates":[-75.90587049592975,38.84172525989917]},"id":"777_00000000000000000000","properties":{"labeler":"tien","marker_state":"completed","notes":"","point_id":994,"queue_index":80,"source_asset":"point_994_completed","source_labeler":"tien","source_point_id":994,"status":"completed","timestamp":"2026-04-03 18:43:59"}},{"type":"Feature","geometry":{"type":"Point","coordinates":[-75.97342401574606,38.84834378838724]},"id":"778_00000000000000000000","properties":{"labeler":"tien","marker_state":"skipped","notes":"no truss","point_id":996,"queue_index":102,"source_asset":"point_996_skipped","source_labeler":"tien","source_point_id":996,"status":"skipped","timestamp":"2026-04-03 19:39:01"}},{"type":"Feature","geometry":{"type":"Point","coordinates":[-75.66196091893295,38.37186882558172]},"id":"779_00000000000000000000","properties":{"labeler":"tien","marker_state":"skipped","notes":"no truss","point_id":99,"queue_index":68,"source_asset":"point_99_skipped","source_labeler":"tien","source_point_id":99,"status":"skipped","timestamp":"2026-04-03 18:21:10"}}]}